DateID,ReportName,ReportPath,Source
1,PSP_Report_2023_04_01,C:\Users\arjun\Desktop\PSPreport\Output\NLDC_PSP_URLS\2023-24\APRIL\reports\01.04.23_NLDC_PSP.pdf,NLDC
2,PSP_Report_2023_04_02,C:\Users\arjun\Desktop\PSPreport\Output\NLDC_PSP_URLS\2023-24\APRIL\reports\02.04.23_NLDC_PSP.pdf,NLDC
3,PSP_Report_2023_04_03,C:\Users\arjun\Desktop\PSPreport\Output\NLDC_PSP_URLS\2023-24\APRIL\reports\03.04.23_NLDC_PSP.pdf,NLDC
4,PSP_Report_2023_04_04,C:\Users\arjun\Desktop\PSPreport\Output\NLDC_PSP_URLS\2023-24\APRIL\reports\04.04.23_NLDC_PSP.pdf,NLDC
5,PSP_Report_2023_04_05,C:\Users\arjun\Desktop\PSPreport\Output\NLDC_PSP_URLS\2023-24\APRIL\reports\05.04.23_NLDC_PSP.pdf,NLDC
6,PSP_Report_2023_04_06,C:\Users\arjun\Desktop\PSPreport\Output\NLDC_PSP_URLS\2023-24\APRIL\reports\06.04.23_NLDC_PSP.pdf,NLDC
7,PSP_Report_2023_04_07,C:\Users\arjun\Desktop\PSPreport\Output\NLDC_PSP_URLS\2023-24\APRIL\reports\07.04.23_NLDC_PSP.pdf,NLDC
8,PSP_Report_2023_04_08,C:\Users\arjun\Desktop\PSPreport\Output\NLDC_PSP_URLS\2023-24\APRIL\reports\08.04.23_NLDC_PSP.pdf,NLDC
9,PSP_Report_2023_04_09,C:\Users\arjun\Desktop\PSPreport\Output\NLDC_PSP_URLS\2023-24\APRIL\reports\09.04.23_NLDC_PSP.pdf,NLDC
10,PSP_Report_2023_04_10,C:\Users\arjun\Desktop\PSPreport\Output\NLDC_PSP_URLS\2023-24\APRIL\reports\10.04.23_NLDC_PSP.pdf,NLDC
11,PSP_Report_2023_04_11,C:\Users\arjun\Desktop\PSPreport\Output\NLDC_PSP_URLS\2023-24\APRIL\reports\11.04.23_NLDC_PSP.pdf,NLDC
12,PSP_Report_2023_04_12,C:\Users\arjun\Desktop\PSPreport\Output\NLDC_PSP_URLS\2023-24\APRIL\reports\12.04.23_NLDC_PSP.pdf,NLDC
13,PSP_Report_2023_04_13,C:\Users\arjun\Desktop\PSPreport\Output\NLDC_PSP_URLS\2023-24\APRIL\reports\13.04.23_NLDC_PSP.pdf,NLDC
14,PSP_Report_2023_04_14,C:\Users\arjun\Desktop\PSPreport\Output\NLDC_PSP_URLS\2023-24\APRIL\reports\14.04.23_NLDC_PSP.pdf,NLDC
15,PSP_Report_2023_04_15,C:\Users\arjun\Desktop\PSPreport\Output\NLDC_PSP_URLS\2023-24\APRIL\reports\15.04.23_NLDC_PSP.pdf,NLDC
16,PSP_Report_2023_04_16,C:\Users\arjun\Desktop\PSPreport\Output\NLDC_PSP_URLS\2023-24\APRIL\reports\16.04.23_NLDC_PSP.pdf,NLDC
17,PSP_Report_2023_04_17,C:\Users\arjun\Desktop\PSPreport\Output\NLDC_PSP_URLS\2023-24\APRIL\reports\17.04.23_NLDC_PSP.pdf,NLDC
18,PSP_Report_2023_04_18,C:\Users\arjun\Desktop\PSPreport\Output\NLDC_PSP_URLS\2023-24\APRIL\reports\18.04.23_NLDC_PSP.pdf,NLDC
19,PSP_Report_2023_04_19,C:\Users\arjun\Desktop\PSPreport\Output\NLDC_PSP_URLS\2023-24\APRIL\reports\19.04.23_NLDC_PSP.pdf,NLDC
20,PSP_Report_2023_04_20,C:\Users\arjun\Desktop\PSPreport\Output\NLDC_PSP_URLS\2023-24\APRIL\reports\20.04.23_NLDC_PSP.pdf,NLDC
21,PSP_Report_2023_04_21,C:\Users\arjun\Desktop\PSPreport\Output\NLDC_PSP_URLS\2023-24\APRIL\reports\21.04.23_NLDC_PSP.pdf,NLDC
22,PSP_Report_2023_04_22,C:\Users\arjun\Desktop\PSPreport\Output\NLDC_PSP_URLS\2023-24\APRIL\reports\22.04.23_NLDC_PSP.pdf,NLDC
23,PSP_Report_2023_04_23,C:\Users\arjun\Desktop\PSPreport\Output\NLDC_PSP_URLS\2023-24\APRIL\reports\23.04.23_NLDC_PSP.pdf,NLDC
24,PSP_Report_2023_04_24,C:\Users\arjun\Desktop\PSPreport\Output\NLDC_PSP_URLS\2023-24\APRIL\reports\24.04.23_NLDC_PSP.pdf,NLDC
25,PSP_Report_2023_04_25,C:\Users\arjun\Desktop\PSPreport\Output\NLDC_PSP_URLS\2023-24\APRIL\reports\25.04.23_NLDC_PSP.pdf,NLDC
26,PSP_Report_2023_04_26,C:\Users\arjun\Desktop\PSPreport\Output\NLDC_PSP_URLS\2023-24\APRIL\reports\26.04.23_NLDC_PSP.pdf,NLDC
27,PSP_Report_2023_04_27,C:\Users\arjun\Desktop\PSPreport\Output\NLDC_PSP_URLS\2023-24\APRIL\reports\27.04.23_NLDC_PSP.pdf,NLDC
28,PSP_Report_2023_04_28,C:\Users\arjun\Desktop\PSPreport\Output\NLDC_PSP_URLS\2023-24\APRIL\reports\28.04.23_NLDC_PSP.pdf,NLDC
29,PSP_Report_2023_04_29,C:\Users\arjun\Desktop\PSPreport\Output\NLDC_PSP_URLS\2023-24\APRIL\reports\29.04.23_NLDC_PSP.pdf,NLDC
31,PSP_Report_2023_05_01,C:\Users\arjun\Desktop\PSPreport\Output\NLDC_PSP_URLS\2023-24\MAY\reports\01.05.23_NLDC_PSP.pdf,NLDC
32,PSP_Report_2023_05_02,C:\Users\arjun\Desktop\PSPreport\Output\NLDC_PSP_URLS\2023-24\MAY\reports\02.05.23_NLDC_PSP.pdf,NLDC
33,PSP_Report_2023_05_03,C:\Users\arjun\Desktop\PSPreport\Output\NLDC_PSP_URLS\2023-24\MAY\reports\03.05.23_NLDC_PSP.pdf,NLDC
34,PSP_Report_2023_05_04,C:\Users\arjun\Desktop\PSPreport\Output\NLDC_PSP_URLS\2023-24\MAY\reports\04.05.23_NLDC_PSP.pdf,NLDC
35,PSP_Report_2023_05_05,C:\Users\arjun\Desktop\PSPreport\Output\NLDC_PSP_URLS\2023-24\MAY\reports\05.05.23_NLDC_PSP.pdf,NLDC
36,PSP_Report_2023_05_06,C:\Users\arjun\Desktop\PSPreport\Output\NLDC_PSP_URLS\2023-24\MAY\reports\06.05.23_NLDC_PSP.pdf,NLDC
37,PSP_Report_2023_05_07,C:\Users\arjun\Desktop\PSPreport\Output\NLDC_PSP_URLS\2023-24\MAY\reports\07.05.23_NLDC_PSP.pdf,NLDC
38,PSP_Report_2023_05_08,C:\Users\arjun\Desktop\PSPreport\Output\NLDC_PSP_URLS\2023-24\MAY\reports\08.05.23_NLDC_PSP.pdf,NLDC
39,PSP_Report_2023_05_09,C:\Users\arjun\Desktop\PSPreport\Output\NLDC_PSP_URLS\2023-24\MAY\reports\09.05.23_NLDC_PSP.pdf,NLDC
40,PSP_Report_2023_05_10,C:\Users\arjun\Desktop\PSPreport\Output\NLDC_PSP_URLS\2023-24\MAY\reports\10.05.23_NLDC_PSP.pdf,NLDC
41,PSP_Report_2023_05_11,C:\Users\arjun\Desktop\PSPreport\Output\NLDC_PSP_URLS\2023-24\MAY\reports\11.05.23_NLDC_PSP.pdf,NLDC
42,PSP_Report_2023_05_12,C:\Users\arjun\Desktop\PSPreport\Output\NLDC_PSP_URLS\2023-24\MAY\reports\12.05.23_NLDC_PSP.pdf,NLDC
43,PSP_Report_2023_05_13,C:\Users\arjun\Desktop\PSPreport\Output\NLDC_PSP_URLS\2023-24\MAY\reports\13.05.23_NLDC_PSP.pdf,NLDC
44,PSP_Report_2023_05_15,C:\Users\arjun\Desktop\PSPreport\Output\NLDC_PSP_URLS\2023-24\MAY\reports\15.05.23_NLDC_PSP.pdf,NLDC
45,PSP_Report_2023_05_16,C:\Users\arjun\Desktop\PSPreport\Output\NLDC_PSP_URLS\2023-24\MAY\reports\16.05.23_NLDC_PSP.pdf,NLDC
46,PSP_Report_2023_05_17,C:\Users\arjun\Desktop\PSPreport\Output\NLDC_PSP_URLS\2023-24\MAY\reports\17.05.23_NLDC_PSP.pdf,NLDC
47,PSP_Report_2023_05_18,C:\Users\arjun\Desktop\PSPreport\Output\NLDC_PSP_URLS\2023-24\MAY\reports\18.05.23_NLDC_PSP.pdf,NLDC
48,PSP_Report_2023_05_19,C:\Users\arjun\Desktop\PSPreport\Output\NLDC_PSP_URLS\2023-24\MAY\reports\19.05.23_NLDC_PSP.pdf,NLDC
49,PSP_Report_2023_05_20,C:\Users\arjun\Desktop\PSPreport\Output\NLDC_PSP_URLS\2023-24\MAY\reports\20.05.23_NLDC_PSP.pdf,NLDC
50,PSP_Report_2023_05_21,C:\Users\arjun\Desktop\PSPreport\Output\NLDC_PSP_URLS\2023-24\MAY\reports\21.05.23_NLDC_PSP.pdf,NLDC
51,PSP_Report_2023_05_22,C:\Users\arjun\Desktop\PSPreport\Output\NLDC_PSP_URLS\2023-24\MAY\reports\22.05.23_NLDC_PSP.pdf,NLDC
52,PSP_Report_2023_05_23,C:\Users\arjun\Desktop\PSPreport\Output\NLDC_PSP_URLS\2023-24\MAY\reports\23.05.23_NLDC_PSP.pdf,NLDC
53,PSP_Report_2023_05_24,C:\Users\arjun\Desktop\PSPreport\Output\NLDC_PSP_URLS\2023-24\MAY\reports\24.05.23_NLDC_PSP.pdf,NLDC
54,PSP_Report_2023_05_25,C:\Users\arjun\Desktop\PSPreport\Output\NLDC_PSP_URLS\2023-24\MAY\reports\25.05.23_NLDC_PSP.pdf,NLDC
55,PSP_Report_2023_05_26,C:\Users\arjun\Desktop\PSPreport\Output\NLDC_PSP_URLS\2023-24\MAY\reports\26.05.23_NLDC_PSP.pdf,NLDC
56,PSP_Report_2023_05_27,C:\Users\arjun\Desktop\PSPreport\Output\NLDC_PSP_URLS\2023-24\MAY\reports\27.05.23_NLDC_PSP.pdf,NLDC
57,PSP_Report_2023_05_28,C:\Users\arjun\Desktop\PSPreport\Output\NLDC_PSP_URLS\2023-24\MAY\reports\28.05.23_NLDC_PSP.pdf,NLDC
58,PSP_Report_2023_05_29,C:\Users\arjun\Desktop\PSPreport\Output\NLDC_PSP_URLS\2023-24\MAY\reports\29.05.23_NLDC_PSP.pdf,NLDC
59,PSP_Report_2023_05_30,C:\Users\arjun\Desktop\PSPreport\Output\NLDC_PSP_URLS\2023-24\MAY\reports\30.05.23_NLDC_PSP.pdf,NLDC
60,PSP_Report_2023_05_31,C:\Users\arjun\Desktop\PSPreport\Output\NLDC_PSP_URLS\2023-24\MAY\reports\31.05.23_NLDC_PSP.pdf,NLDC
61,PSP_Report_2023_06_01,C:\Users\arjun\Desktop\PSPreport\Output\NLDC_PSP_URLS\2023-24\JUNE\reports\01.06.23_NLDC_PSP.pdf,NLDC
62,PSP_Report_2023_06_02,C:\Users\arjun\Desktop\PSPreport\Output\NLDC_PSP_URLS\2023-24\JUNE\reports\02.06.23_NLDC_PSP.pdf,NLDC
63,PSP_Report_2023_06_03,C:\Users\arjun\Desktop\PSPreport\Output\NLDC_PSP_URLS\2023-24\JUNE\reports\03.06.23_NLDC_PSP.pdf,NLDC
64,PSP_Report_2023_06_04,C:\Users\arjun\Desktop\PSPreport\Output\NLDC_PSP_URLS\2023-24\JUNE\reports\04.06.23_NLDC_PSP.pdf,NLDC
65,PSP_Report_2023_06_05,C:\Users\arjun\Desktop\PSPreport\Output\NLDC_PSP_URLS\2023-24\JUNE\reports\05.06.23_NLDC_PSP.pdf,NLDC
66,PSP_Report_2023_06_06,C:\Users\arjun\Desktop\PSPreport\Output\NLDC_PSP_URLS\2023-24\JUNE\reports\06.06.23_NLDC_PSP.pdf,NLDC
67,PSP_Report_2023_06_07,C:\Users\arjun\Desktop\PSPreport\Output\NLDC_PSP_URLS\2023-24\JUNE\reports\07.06.23_NLDC_PSP.pdf,NLDC
68,PSP_Report_2023_06_08,C:\Users\arjun\Desktop\PSPreport\Output\NLDC_PSP_URLS\2023-24\JUNE\reports\08.06.23_NLDC_PSP.pdf,NLDC
69,PSP_Report_2023_06_09,C:\Users\arjun\Desktop\PSPreport\Output\NLDC_PSP_URLS\2023-24\JUNE\reports\09.06.23_NLDC_PSP.pdf,NLDC
70,PSP_Report_2023_06_10,C:\Users\arjun\Desktop\PSPreport\Output\NLDC_PSP_URLS\2023-24\JUNE\reports\10.06.23_NLDC_PSP.pdf,NLDC
71,PSP_Report_2023_06_11,C:\Users\arjun\Desktop\PSPreport\Output\NLDC_PSP_URLS\2023-24\JUNE\reports\11.06.23_NLDC_PSP.pdf,NLDC
72,PSP_Report_2023_06_12,C:\Users\arjun\Desktop\PSPreport\Output\NLDC_PSP_URLS\2023-24\JUNE\reports\12.06.23_NLDC_PSP.pdf,NLDC
73,PSP_Report_2023_06_13,C:\Users\arjun\Desktop\PSPreport\Output\NLDC_PSP_URLS\2023-24\JUNE\reports\13.06.23_NLDC_PSP.pdf,NLDC
74,PSP_Report_2023_06_14,C:\Users\arjun\Desktop\PSPreport\Output\NLDC_PSP_URLS\2023-24\JUNE\reports\14.06.23_NLDC_PSP.pdf,NLDC
75,PSP_Report_2023_06_15,C:\Users\arjun\Desktop\PSPreport\Output\NLDC_PSP_URLS\2023-24\JUNE\reports\15.06.23_NLDC_PSP.pdf,NLDC
76,PSP_Report_2023_06_16,C:\Users\arjun\Desktop\PSPreport\Output\NLDC_PSP_URLS\2023-24\JUNE\reports\16.06.23_NLDC_PSP.pdf,NLDC
77,PSP_Report_2023_06_17,C:\Users\arjun\Desktop\PSPreport\Output\NLDC_PSP_URLS\2023-24\JUNE\reports\17.06.23_NLDC_PSP.pdf,NLDC
78,PSP_Report_2023_06_18,C:\Users\arjun\Desktop\PSPreport\Output\NLDC_PSP_URLS\2023-24\JUNE\reports\18.06.23_NLDC_PSP.pdf,NLDC
79,PSP_Report_2023_06_19,C:\Users\arjun\Desktop\PSPreport\Output\NLDC_PSP_URLS\2023-24\JUNE\reports\19.06.23_NLDC_PSP.pdf,NLDC
80,PSP_Report_2023_06_20,C:\Users\arjun\Desktop\PSPreport\Output\NLDC_PSP_URLS\2023-24\JUNE\reports\20.06.23_NLDC_PSP.pdf,NLDC
81,PSP_Report_2023_06_21,C:\Users\arjun\Desktop\PSPreport\Output\NLDC_PSP_URLS\2023-24\JUNE\reports\21.06.23_NLDC_PSP.pdf,NLDC
82,PSP_Report_2023_06_22,C:\Users\arjun\Desktop\PSPreport\Output\NLDC_PSP_URLS\2023-24\JUNE\reports\22.06.23_NLDC_PSP.pdf,NLDC
83,PSP_Report_2023_06_23,C:\Users\arjun\Desktop\PSPreport\Output\NLDC_PSP_URLS\2023-24\JUNE\reports\23.06.23_NLDC_PSP.pdf,NLDC
84,PSP_Report_2023_06_24,C:\Users\arjun\Desktop\PSPreport\Output\NLDC_PSP_URLS\2023-24\JUNE\reports\24.06.23_NLDC_PSP.pdf,NLDC
85,PSP_Report_2023_06_25,C:\Users\arjun\Desktop\PSPreport\Output\NLDC_PSP_URLS\2023-24\JUNE\reports\25.06.23_NLDC_PSP.pdf,NLDC
86,PSP_Report_2023_06_26,C:\Users\arjun\Desktop\PSPreport\Output\NLDC_PSP_URLS\2023-24\JUNE\reports\26.06.23_NLDC_PSP.pdf,NLDC
87,PSP_Report_2023_06_27,C:\Users\arjun\Desktop\PSPreport\Output\NLDC_PSP_URLS\2023-24\JUNE\reports\27.06.23_NLDC_PSP.pdf,NLDC
88,PSP_Report_2023_06_28,C:\Users\arjun\Desktop\PSPreport\Output\NLDC_PSP_URLS\2023-24\JUNE\reports\28.06.23_NLDC_PSP.pdf,NLDC
89,PSP_Report_2023_06_29,C:\Users\arjun\Desktop\PSPreport\Output\NLDC_PSP_URLS\2023-24\JUNE\reports\29.06.23_NLDC_PSP.pdf,NLDC
90,PSP_Report_2023_06_30,C:\Users\arjun\Desktop\PSPreport\Output\NLDC_PSP_URLS\2023-24\JUNE\reports\30.06.23_NLDC_PSP.pdf,NLDC
91,PSP_Report_2023_07_01,C:\Users\arjun\Desktop\PSPreport\Output\NLDC_PSP_URLS\2023-24\JULY\reports\01.07.23_NLDC_PSP.pdf,NLDC
92,PSP_Report_2023_07_02,C:\Users\arjun\Desktop\PSPreport\Output\NLDC_PSP_URLS\2023-24\JULY\reports\02.07.23_NLDC_PSP.pdf,NLDC
93,PSP_Report_2023_07_03,C:\Users\arjun\Desktop\PSPreport\Output\NLDC_PSP_URLS\2023-24\JULY\reports\03.07.23_NLDC_PSP.pdf,NLDC
94,PSP_Report_2023_07_04,C:\Users\arjun\Desktop\PSPreport\Output\NLDC_PSP_URLS\2023-24\JULY\reports\04.07.23_NLDC_PSP.pdf,NLDC
95,PSP_Report_2023_07_05,C:\Users\arjun\Desktop\PSPreport\Output\NLDC_PSP_URLS\2023-24\JULY\reports\05.07.23_NLDC_PSP.pdf,NLDC
96,PSP_Report_2023_07_06,C:\Users\arjun\Desktop\PSPreport\Output\NLDC_PSP_URLS\2023-24\JULY\reports\06.07.23_NLDC_PSP.pdf,NLDC
97,PSP_Report_2023_07_07,C:\Users\arjun\Desktop\PSPreport\Output\NLDC_PSP_URLS\2023-24\JULY\reports\07.07.23_NLDC_PSP.pdf,NLDC
98,PSP_Report_2023_07_08,C:\Users\arjun\Desktop\PSPreport\Output\NLDC_PSP_URLS\2023-24\JULY\reports\08.07.23_NLDC_PSP.pdf,NLDC
99,PSP_Report_2023_07_09,C:\Users\arjun\Desktop\PSPreport\Output\NLDC_PSP_URLS\2023-24\JULY\reports\09.07.23_NLDC_PSP.pdf,NLDC
100,PSP_Report_2023_07_10,C:\Users\arjun\Desktop\PSPreport\Output\NLDC_PSP_URLS\2023-24\JULY\reports\10.07.23_NLDC_PSP.pdf,NLDC
101,PSP_Report_2023_07_11,C:\Users\arjun\Desktop\PSPreport\Output\NLDC_PSP_URLS\2023-24\JULY\reports\11.07.23_NLDC_PSP.pdf,NLDC
102,PSP_Report_2023_07_12,C:\Users\arjun\Desktop\PSPreport\Output\NLDC_PSP_URLS\2023-24\JULY\reports\12.07.23_NLDC_PSP.pdf,NLDC
103,PSP_Report_2023_07_13,C:\Users\arjun\Desktop\PSPreport\Output\NLDC_PSP_URLS\2023-24\JULY\reports\13.07.23_NLDC_PSP.pdf,NLDC
104,PSP_Report_2023_07_14,C:\Users\arjun\Desktop\PSPreport\Output\NLDC_PSP_URLS\2023-24\JULY\reports\14.07.23_NLDC_PSP.pdf,NLDC
105,PSP_Report_2023_07_15,C:\Users\arjun\Desktop\PSPreport\Output\NLDC_PSP_URLS\2023-24\JULY\reports\15.07.23_NLDC_PSP.pdf,NLDC
106,PSP_Report_2023_07_16,C:\Users\arjun\Desktop\PSPreport\Output\NLDC_PSP_URLS\2023-24\JULY\reports\16.07.23_NLDC_PSP.pdf,NLDC
107,PSP_Report_2023_07_17,C:\Users\arjun\Desktop\PSPreport\Output\NLDC_PSP_URLS\2023-24\JULY\reports\17.07.23_NLDC_PSP.pdf,NLDC
108,PSP_Report_2023_07_18,C:\Users\arjun\Desktop\PSPreport\Output\NLDC_PSP_URLS\2023-24\JULY\reports\18.07.23_NLDC_PSP.pdf,NLDC
109,PSP_Report_2023_07_19,C:\Users\arjun\Desktop\PSPreport\Output\NLDC_PSP_URLS\2023-24\JULY\reports\19.07.23_NLDC_PSP.pdf,NLDC
110,PSP_Report_2023_07_20,C:\Users\arjun\Desktop\PSPreport\Output\NLDC_PSP_URLS\2023-24\JULY\reports\20.07.23_NLDC_PSP.pdf,NLDC
111,PSP_Report_2023_07_21,C:\Users\arjun\Desktop\PSPreport\Output\NLDC_PSP_URLS\2023-24\JULY\reports\21.07.23_NLDC_PSP.pdf,NLDC
112,PSP_Report_2023_07_22,C:\Users\arjun\Desktop\PSPreport\Output\NLDC_PSP_URLS\2023-24\JULY\reports\22.07.23_NLDC_PSP.pdf,NLDC
113,PSP_Report_2023_07_23,C:\Users\arjun\Desktop\PSPreport\Output\NLDC_PSP_URLS\2023-24\JULY\reports\23.07.23_NLDC_PSP.pdf,NLDC
114,PSP_Report_2023_07_24,C:\Users\arjun\Desktop\PSPreport\Output\NLDC_PSP_URLS\2023-24\JULY\reports\24.07.23_NLDC_PSP.pdf,NLDC
115,PSP_Report_2023_07_25,C:\Users\arjun\Desktop\PSPreport\Output\NLDC_PSP_URLS\2023-24\JULY\reports\25.07.23_NLDC_PSP.pdf,NLDC
116,PSP_Report_2023_07_26,C:\Users\arjun\Desktop\PSPreport\Output\NLDC_PSP_URLS\2023-24\JULY\reports\26.07.23_NLDC_PSP.pdf,NLDC
117,PSP_Report_2023_07_27,C:\Users\arjun\Desktop\PSPreport\Output\NLDC_PSP_URLS\2023-24\JULY\reports\27.07.23_NLDC_PSP.pdf,NLDC
118,PSP_Report_2023_07_28,C:\Users\arjun\Desktop\PSPreport\Output\NLDC_PSP_URLS\2023-24\JULY\reports\28.07.23_NLDC_PSP.pdf,NLDC
119,PSP_Report_2023_07_29,C:\Users\arjun\Desktop\PSPreport\Output\NLDC_PSP_URLS\2023-24\JULY\reports\29.07.23_NLDC_PSP.pdf,NLDC
120,PSP_Report_2023_07_30,C:\Users\arjun\Desktop\PSPreport\Output\NLDC_PSP_URLS\2023-24\JULY\reports\30.07.23_NLDC_PSP.pdf,NLDC
121,PSP_Report_2023_07_31,C:\Users\arjun\Desktop\PSPreport\Output\NLDC_PSP_URLS\2023-24\JULY\reports\31.07.23_NLDC_PSP.pdf,NLDC
122,PSP_Report_2023_08_01,C:\Users\arjun\Desktop\PSPreport\Output\NLDC_PSP_URLS\2023-24\AUGUST\reports\01.08.23_NLDC_PSP.pdf,NLDC
123,PSP_Report_2023_08_02,C:\Users\arjun\Desktop\PSPreport\Output\NLDC_PSP_URLS\2023-24\AUGUST\reports\02.08.23_NLDC_PSP.pdf,NLDC
124,PSP_Report_2023_08_03,C:\Users\arjun\Desktop\PSPreport\Output\NLDC_PSP_URLS\2023-24\AUGUST\reports\03.08.23_NLDC_PSP.pdf,NLDC
125,PSP_Report_2023_08_04,C:\Users\arjun\Desktop\PSPreport\Output\NLDC_PSP_URLS\2023-24\AUGUST\reports\04.08.23_NLDC_PSP.pdf,NLDC
126,PSP_Report_2023_08_05,C:\Users\arjun\Desktop\PSPreport\Output\NLDC_PSP_URLS\2023-24\AUGUST\reports\05.08.23_NLDC_PSP.pdf,NLDC
127,PSP_Report_2023_08_06,C:\Users\arjun\Desktop\PSPreport\Output\NLDC_PSP_URLS\2023-24\AUGUST\reports\06.08.23_NLDC_PSP.pdf,NLDC
128,PSP_Report_2023_08_07,C:\Users\arjun\Desktop\PSPreport\Output\NLDC_PSP_URLS\2023-24\AUGUST\reports\07.08.23_NLDC_PSP.pdf,NLDC
129,PSP_Report_2023_08_08,C:\Users\arjun\Desktop\PSPreport\Output\NLDC_PSP_URLS\2023-24\AUGUST\reports\08.08.23_NLDC_PSP.pdf,NLDC
130,PSP_Report_2023_08_09,C:\Users\arjun\Desktop\PSPreport\Output\NLDC_PSP_URLS\2023-24\AUGUST\reports\09.08.23_NLDC_PSP.pdf,NLDC
131,PSP_Report_2023_08_10,C:\Users\arjun\Desktop\PSPreport\Output\NLDC_PSP_URLS\2023-24\AUGUST\reports\10.08.23_NLDC_PSP.pdf,NLDC
132,PSP_Report_2023_08_11,C:\Users\arjun\Desktop\PSPreport\Output\NLDC_PSP_URLS\2023-24\AUGUST\reports\11.08.23_NLDC_PSP.pdf,NLDC
133,PSP_Report_2023_08_12,C:\Users\arjun\Desktop\PSPreport\Output\NLDC_PSP_URLS\2023-24\AUGUST\reports\12.08.23_NLDC_PSP.pdf,NLDC
134,PSP_Report_2023_08_13,C:\Users\arjun\Desktop\PSPreport\Output\NLDC_PSP_URLS\2023-24\AUGUST\reports\13.08.23_NLDC_PSP.pdf,NLDC
135,PSP_Report_2023_08_14,C:\Users\arjun\Desktop\PSPreport\Output\NLDC_PSP_URLS\2023-24\AUGUST\reports\14.08.23_NLDC_PSP.pdf,NLDC
136,PSP_Report_2023_08_15,C:\Users\arjun\Desktop\PSPreport\Output\NLDC_PSP_URLS\2023-24\AUGUST\reports\15.08.23_NLDC_PSP.pdf,NLDC
137,PSP_Report_2023_08_16,C:\Users\arjun\Desktop\PSPreport\Output\NLDC_PSP_URLS\2023-24\AUGUST\reports\16.08.23_NLDC_PSP.pdf,NLDC
138,PSP_Report_2023_08_17,C:\Users\arjun\Desktop\PSPreport\Output\NLDC_PSP_URLS\2023-24\AUGUST\reports\17.08.23_NLDC_PSP.pdf,NLDC
139,PSP_Report_2023_08_18,C:\Users\arjun\Desktop\PSPreport\Output\NLDC_PSP_URLS\2023-24\AUGUST\reports\18.08.23_NLDC_PSP.pdf,NLDC
140,PSP_Report_2023_08_19,C:\Users\arjun\Desktop\PSPreport\Output\NLDC_PSP_URLS\2023-24\AUGUST\reports\19.08.23_NLDC_PSP.pdf,NLDC
141,PSP_Report_2023_08_20,C:\Users\arjun\Desktop\PSPreport\Output\NLDC_PSP_URLS\2023-24\AUGUST\reports\20.08.23_NLDC_PSP.pdf,NLDC
142,PSP_Report_2023_08_21,C:\Users\arjun\Desktop\PSPreport\Output\NLDC_PSP_URLS\2023-24\AUGUST\reports\21.08.23_NLDC_PSP.pdf,NLDC
143,PSP_Report_2023_08_22,C:\Users\arjun\Desktop\PSPreport\Output\NLDC_PSP_URLS\2023-24\AUGUST\reports\22.08.23_NLDC_PSP.pdf,NLDC
144,PSP_Report_2023_08_23,C:\Users\arjun\Desktop\PSPreport\Output\NLDC_PSP_URLS\2023-24\AUGUST\reports\23.08.23_NLDC_PSP.pdf,NLDC
145,PSP_Report_2023_08_24,C:\Users\arjun\Desktop\PSPreport\Output\NLDC_PSP_URLS\2023-24\AUGUST\reports\24.08.23_NLDC_PSP.pdf,NLDC
146,PSP_Report_2023_08_25,C:\Users\arjun\Desktop\PSPreport\Output\NLDC_PSP_URLS\2023-24\AUGUST\reports\25.08.23_NLDC_PSP.pdf,NLDC
147,PSP_Report_2023_08_26,C:\Users\arjun\Desktop\PSPreport\Output\NLDC_PSP_URLS\2023-24\AUGUST\reports\26.08.23_NLDC_PSP.pdf,NLDC
148,PSP_Report_2023_08_27,C:\Users\arjun\Desktop\PSPreport\Output\NLDC_PSP_URLS\2023-24\AUGUST\reports\27.08.23_NLDC_PSP.pdf,NLDC
149,PSP_Report_2023_08_28,C:\Users\arjun\Desktop\PSPreport\Output\NLDC_PSP_URLS\2023-24\AUGUST\reports\28.08.23_NLDC_PSP.pdf,NLDC
150,PSP_Report_2023_08_29,C:\Users\arjun\Desktop\PSPreport\Output\NLDC_PSP_URLS\2023-24\AUGUST\reports\29.08.23_NLDC_PSP.pdf,NLDC
151,PSP_Report_2023_08_30,C:\Users\arjun\Desktop\PSPreport\Output\NLDC_PSP_URLS\2023-24\AUGUST\reports\30.08.23_NLDC_PSP.pdf,NLDC
152,PSP_Report_2023_08_31,C:\Users\arjun\Desktop\PSPreport\Output\NLDC_PSP_URLS\2023-24\AUGUST\reports\31.08.23_NLDC_PSP.pdf,NLDC
153,PSP_Report_2023_09_01,C:\Users\arjun\Desktop\PSPreport\Output\NLDC_PSP_URLS\2023-24\SEPTEMBER\reports\01.09.23_NLDC_PSP.pdf,NLDC
154,PSP_Report_2023_09_02,C:\Users\arjun\Desktop\PSPreport\Output\NLDC_PSP_URLS\2023-24\SEPTEMBER\reports\02.09.23_NLDC_PSP.pdf,NLDC
155,PSP_Report_2023_09_03,C:\Users\arjun\Desktop\PSPreport\Output\NLDC_PSP_URLS\2023-24\SEPTEMBER\reports\03.09.23_NLDC_PSP.pdf,NLDC
156,PSP_Report_2023_09_04,C:\Users\arjun\Desktop\PSPreport\Output\NLDC_PSP_URLS\2023-24\SEPTEMBER\reports\04.09.23_NLDC_PSP.pdf,NLDC
157,PSP_Report_2023_09_05,C:\Users\arjun\Desktop\PSPreport\Output\NLDC_PSP_URLS\2023-24\SEPTEMBER\reports\05.09.23_NLDC_PSP.pdf,NLDC
158,PSP_Report_2023_09_06,C:\Users\arjun\Desktop\PSPreport\Output\NLDC_PSP_URLS\2023-24\SEPTEMBER\reports\06.09.23_NLDC_PSP.pdf,NLDC
159,PSP_Report_2023_09_07,C:\Users\arjun\Desktop\PSPreport\Output\NLDC_PSP_URLS\2023-24\SEPTEMBER\reports\07.09.23_NLDC_PSP.pdf,NLDC
160,PSP_Report_2023_09_08,C:\Users\arjun\Desktop\PSPreport\Output\NLDC_PSP_URLS\2023-24\SEPTEMBER\reports\08.09.23_NLDC_PSP.pdf,NLDC
161,PSP_Report_2023_09_09,C:\Users\arjun\Desktop\PSPreport\Output\NLDC_PSP_URLS\2023-24\SEPTEMBER\reports\09.09.23_NLDC_PSP.pdf,NLDC
162,PSP_Report_2023_09_10,C:\Users\arjun\Desktop\PSPreport\Output\NLDC_PSP_URLS\2023-24\SEPTEMBER\reports\10.09.23_NLDC_PSP.pdf,NLDC
163,PSP_Report_2023_09_11,C:\Users\arjun\Desktop\PSPreport\Output\NLDC_PSP_URLS\2023-24\SEPTEMBER\reports\11.09.23_NLDC_PSP.pdf,NLDC
164,PSP_Report_2023_09_12,C:\Users\arjun\Desktop\PSPreport\Output\NLDC_PSP_URLS\2023-24\SEPTEMBER\reports\12.09.23_NLDC_PSP.pdf,NLDC
165,PSP_Report_2023_09_13,C:\Users\arjun\Desktop\PSPreport\Output\NLDC_PSP_URLS\2023-24\SEPTEMBER\reports\13.09.23_NLDC_PSP.pdf,NLDC
166,PSP_Report_2023_09_14,C:\Users\arjun\Desktop\PSPreport\Output\NLDC_PSP_URLS\2023-24\SEPTEMBER\reports\14.09.23_NLDC_PSP.pdf,NLDC
167,PSP_Report_2023_09_15,C:\Users\arjun\Desktop\PSPreport\Output\NLDC_PSP_URLS\2023-24\SEPTEMBER\reports\15.09.23_NLDC_PSP.pdf,NLDC
168,PSP_Report_2023_09_16,C:\Users\arjun\Desktop\PSPreport\Output\NLDC_PSP_URLS\2023-24\SEPTEMBER\reports\16.09.23_NLDC_PSP.pdf,NLDC
169,PSP_Report_2023_09_17,C:\Users\arjun\Desktop\PSPreport\Output\NLDC_PSP_URLS\2023-24\SEPTEMBER\reports\17.09.23_NLDC_PSP.pdf,NLDC
170,PSP_Report_2023_09_18,C:\Users\arjun\Desktop\PSPreport\Output\NLDC_PSP_URLS\2023-24\SEPTEMBER\reports\18.09.23_NLDC_PSP.pdf,NLDC
171,PSP_Report_2023_09_19,C:\Users\arjun\Desktop\PSPreport\Output\NLDC_PSP_URLS\2023-24\SEPTEMBER\reports\19.09.23_NLDC_PSP.pdf,NLDC
172,PSP_Report_2023_09_20,C:\Users\arjun\Desktop\PSPreport\Output\NLDC_PSP_URLS\2023-24\SEPTEMBER\reports\20.09.23_NLDC_PSP.pdf,NLDC
173,PSP_Report_2023_09_21,C:\Users\arjun\Desktop\PSPreport\Output\NLDC_PSP_URLS\2023-24\SEPTEMBER\reports\21.09.23_NLDC_PSP.pdf,NLDC
174,PSP_Report_2023_09_22,C:\Users\arjun\Desktop\PSPreport\Output\NLDC_PSP_URLS\2023-24\SEPTEMBER\reports\22.09.23_NLDC_PSP.pdf,NLDC
175,PSP_Report_2023_09_23,C:\Users\arjun\Desktop\PSPreport\Output\NLDC_PSP_URLS\2023-24\SEPTEMBER\reports\23.09.23_NLDC_PSP.pdf,NLDC
176,PSP_Report_2023_09_24,C:\Users\arjun\Desktop\PSPreport\Output\NLDC_PSP_URLS\2023-24\SEPTEMBER\reports\24.09.23_NLDC_PSP.pdf,NLDC
177,PSP_Report_2023_09_25,C:\Users\arjun\Desktop\PSPreport\Output\NLDC_PSP_URLS\2023-24\SEPTEMBER\reports\25.09.23_NLDC_PSP.pdf,NLDC
178,PSP_Report_2023_09_26,C:\Users\arjun\Desktop\PSPreport\Output\NLDC_PSP_URLS\2023-24\SEPTEMBER\reports\26.09.23_NLDC_PSP.pdf,NLDC
179,PSP_Report_2023_09_27,C:\Users\arjun\Desktop\PSPreport\Output\NLDC_PSP_URLS\2023-24\SEPTEMBER\reports\27.09.23_NLDC_PSP.pdf,NLDC
180,PSP_Report_2023_09_28,C:\Users\arjun\Desktop\PSPreport\Output\NLDC_PSP_URLS\2023-24\SEPTEMBER\reports\28.09.23_NLDC_PSP.pdf,NLDC
181,PSP_Report_2023_09_29,C:\Users\arjun\Desktop\PSPreport\Output\NLDC_PSP_URLS\2023-24\SEPTEMBER\reports\29.09.23_NLDC_PSP.pdf,NLDC
182,PSP_Report_2023_09_30,C:\Users\arjun\Desktop\PSPreport\Output\NLDC_PSP_URLS\2023-24\SEPTEMBER\reports\30.09.23_NLDC_PSP.pdf,NLDC
183,PSP_Report_2023_10_01,C:\Users\arjun\Desktop\PSPreport\Output\NLDC_PSP_URLS\2023-24\OCTOBER\reports\01.10.23_NLDC_PSP.pdf,NLDC
184,PSP_Report_2023_10_02,C:\Users\arjun\Desktop\PSPreport\Output\NLDC_PSP_URLS\2023-24\OCTOBER\reports\02.10.23_NLDC_PSP.pdf,NLDC
185,PSP_Report_2023_10_03,C:\Users\arjun\Desktop\PSPreport\Output\NLDC_PSP_URLS\2023-24\OCTOBER\reports\03.10.23_NLDC_PSP.pdf,NLDC
186,PSP_Report_2023_10_04,C:\Users\arjun\Desktop\PSPreport\Output\NLDC_PSP_URLS\2023-24\OCTOBER\reports\04.10.23_NLDC_PSP.pdf,NLDC
187,PSP_Report_2023_10_05,C:\Users\arjun\Desktop\PSPreport\Output\NLDC_PSP_URLS\2023-24\OCTOBER\reports\05.10.23_NLDC_PSP.pdf,NLDC
188,PSP_Report_2023_10_06,C:\Users\arjun\Desktop\PSPreport\Output\NLDC_PSP_URLS\2023-24\OCTOBER\reports\06.10.23_NLDC_PSP.pdf,NLDC
189,PSP_Report_2023_10_07,C:\Users\arjun\Desktop\PSPreport\Output\NLDC_PSP_URLS\2023-24\OCTOBER\reports\07.10.23_NLDC_PSP.pdf,NLDC
190,PSP_Report_2023_10_08,C:\Users\arjun\Desktop\PSPreport\Output\NLDC_PSP_URLS\2023-24\OCTOBER\reports\08.10.23_NLDC_PSP.pdf,NLDC
191,PSP_Report_2023_10_09,C:\Users\arjun\Desktop\PSPreport\Output\NLDC_PSP_URLS\2023-24\OCTOBER\reports\09.10.23_NLDC_PSP.pdf,NLDC
192,PSP_Report_2023_10_10,C:\Users\arjun\Desktop\PSPreport\Output\NLDC_PSP_URLS\2023-24\OCTOBER\reports\10.10.23_NLDC_PSP.pdf,NLDC
193,PSP_Report_2023_10_11,C:\Users\arjun\Desktop\PSPreport\Output\NLDC_PSP_URLS\2023-24\OCTOBER\reports\11.10.23_NLDC_PSP.pdf,NLDC
194,PSP_Report_2023_10_12,C:\Users\arjun\Desktop\PSPreport\Output\NLDC_PSP_URLS\2023-24\OCTOBER\reports\12.10.23_NLDC_PSP.pdf,NLDC
195,PSP_Report_2023_10_13,C:\Users\arjun\Desktop\PSPreport\Output\NLDC_PSP_URLS\2023-24\OCTOBER\reports\13.10.23_NLDC_PSP.pdf,NLDC
196,PSP_Report_2023_10_14,C:\Users\arjun\Desktop\PSPreport\Output\NLDC_PSP_URLS\2023-24\OCTOBER\reports\14.10.23_NLDC_PSP.pdf,NLDC
197,PSP_Report_2023_10_15,C:\Users\arjun\Desktop\PSPreport\Output\NLDC_PSP_URLS\2023-24\OCTOBER\reports\15.10.23_NLDC_PSP.pdf,NLDC
198,PSP_Report_2023_10_16,C:\Users\arjun\Desktop\PSPreport\Output\NLDC_PSP_URLS\2023-24\OCTOBER\reports\16.10.23_NLDC_PSP.pdf,NLDC
199,PSP_Report_2023_10_17,C:\Users\arjun\Desktop\PSPreport\Output\NLDC_PSP_URLS\2023-24\OCTOBER\reports\17.10.23_NLDC_PSP.pdf,NLDC
200,PSP_Report_2023_10_18,C:\Users\arjun\Desktop\PSPreport\Output\NLDC_PSP_URLS\2023-24\OCTOBER\reports\18.10.23_NLDC_PSP.pdf,NLDC
201,PSP_Report_2023_10_19,C:\Users\arjun\Desktop\PSPreport\Output\NLDC_PSP_URLS\2023-24\OCTOBER\reports\19.10.23_NLDC_PSP.pdf,NLDC
202,PSP_Report_2023_10_20,C:\Users\arjun\Desktop\PSPreport\Output\NLDC_PSP_URLS\2023-24\OCTOBER\reports\20.10.23_NLDC_PSP.pdf,NLDC
203,PSP_Report_2023_10_21,C:\Users\arjun\Desktop\PSPreport\Output\NLDC_PSP_URLS\2023-24\OCTOBER\reports\21.10.23_NLDC_PSP.pdf,NLDC
204,PSP_Report_2023_10_22,C:\Users\arjun\Desktop\PSPreport\Output\NLDC_PSP_URLS\2023-24\OCTOBER\reports\22.10.23_NLDC_PSP.pdf,NLDC
205,PSP_Report_2023_10_23,C:\Users\arjun\Desktop\PSPreport\Output\NLDC_PSP_URLS\2023-24\OCTOBER\reports\23.10.23_NLDC_PSP.pdf,NLDC
206,PSP_Report_2023_10_24,C:\Users\arjun\Desktop\PSPreport\Output\NLDC_PSP_URLS\2023-24\OCTOBER\reports\24.10.23_NLDC_PSP.pdf,NLDC
207,PSP_Report_2023_10_25,C:\Users\arjun\Desktop\PSPreport\Output\NLDC_PSP_URLS\2023-24\OCTOBER\reports\25.10.23_NLDC_PSP.pdf,NLDC
208,PSP_Report_2023_10_26,C:\Users\arjun\Desktop\PSPreport\Output\NLDC_PSP_URLS\2023-24\OCTOBER\reports\26.10.23_NLDC_PSP.pdf,NLDC
209,PSP_Report_2023_10_27,C:\Users\arjun\Desktop\PSPreport\Output\NLDC_PSP_URLS\2023-24\OCTOBER\reports\27.10.23_NLDC_PSP.pdf,NLDC
210,PSP_Report_2023_10_28,C:\Users\arjun\Desktop\PSPreport\Output\NLDC_PSP_URLS\2023-24\OCTOBER\reports\28.10.23_NLDC_PSP.pdf,NLDC
211,PSP_Report_2023_10_29,C:\Users\arjun\Desktop\PSPreport\Output\NLDC_PSP_URLS\2023-24\OCTOBER\reports\29.10.23_NLDC_PSP.pdf,NLDC
212,PSP_Report_2023_10_30,C:\Users\arjun\Desktop\PSPreport\Output\NLDC_PSP_URLS\2023-24\OCTOBER\reports\30.10.23_NLDC_PSP.pdf,NLDC
213,PSP_Report_2023_10_31,C:\Users\arjun\Desktop\PSPreport\Output\NLDC_PSP_URLS\2023-24\OCTOBER\reports\31.10.23_NLDC_PSP.pdf,NLDC
214,PSP_Report_2023_11_01,C:\Users\arjun\Desktop\PSPreport\Output\NLDC_PSP_URLS\2023-24\NOVEMBER\reports\01.11.23_NLDC_PSP.pdf,NLDC
215,PSP_Report_2023_11_02,C:\Users\arjun\Desktop\PSPreport\Output\NLDC_PSP_URLS\2023-24\NOVEMBER\reports\02.11.23_NLDC_PSP.pdf,NLDC
216,PSP_Report_2023_11_03,C:\Users\arjun\Desktop\PSPreport\Output\NLDC_PSP_URLS\2023-24\NOVEMBER\reports\03.11.23_NLDC_PSP.pdf,NLDC
217,PSP_Report_2023_11_04,C:\Users\arjun\Desktop\PSPreport\Output\NLDC_PSP_URLS\2023-24\NOVEMBER\reports\04.11.23_NLDC_PSP.pdf,NLDC
218,PSP_Report_2023_11_05,C:\Users\arjun\Desktop\PSPreport\Output\NLDC_PSP_URLS\2023-24\NOVEMBER\reports\05.11.23_NLDC_PSP.pdf,NLDC
219,PSP_Report_2023_11_06,C:\Users\arjun\Desktop\PSPreport\Output\NLDC_PSP_URLS\2023-24\NOVEMBER\reports\06.11.23_NLDC_PSP.pdf,NLDC
220,PSP_Report_2023_11_07,C:\Users\arjun\Desktop\PSPreport\Output\NLDC_PSP_URLS\2023-24\NOVEMBER\reports\07.11.23_NLDC_PSP.pdf,NLDC
221,PSP_Report_2023_11_08,C:\Users\arjun\Desktop\PSPreport\Output\NLDC_PSP_URLS\2023-24\NOVEMBER\reports\08.11.23_NLDC_PSP.pdf,NLDC
222,PSP_Report_2023_11_09,C:\Users\arjun\Desktop\PSPreport\Output\NLDC_PSP_URLS\2023-24\NOVEMBER\reports\09.11.23_NLDC_PSP.pdf,NLDC
223,PSP_Report_2023_11_10,C:\Users\arjun\Desktop\PSPreport\Output\NLDC_PSP_URLS\2023-24\NOVEMBER\reports\10.11.23_NLDC_PSP.pdf,NLDC
224,PSP_Report_2023_11_11,C:\Users\arjun\Desktop\PSPreport\Output\NLDC_PSP_URLS\2023-24\NOVEMBER\reports\11.11.23_NLDC_PSP.pdf,NLDC
225,PSP_Report_2023_11_12,C:\Users\arjun\Desktop\PSPreport\Output\NLDC_PSP_URLS\2023-24\NOVEMBER\reports\12.11.23_NLDC_PSP.pdf,NLDC
226,PSP_Report_2023_11_13,C:\Users\arjun\Desktop\PSPreport\Output\NLDC_PSP_URLS\2023-24\NOVEMBER\reports\13.11.23_NLDC_PSP.pdf,NLDC
227,PSP_Report_2023_11_14,C:\Users\arjun\Desktop\PSPreport\Output\NLDC_PSP_URLS\2023-24\NOVEMBER\reports\14.11.23_NLDC_PSP.pdf,NLDC
228,PSP_Report_2023_11_15,C:\Users\arjun\Desktop\PSPreport\Output\NLDC_PSP_URLS\2023-24\NOVEMBER\reports\15.11.23_NLDC_PSP.pdf,NLDC
229,PSP_Report_2023_11_16,C:\Users\arjun\Desktop\PSPreport\Output\NLDC_PSP_URLS\2023-24\NOVEMBER\reports\16.11.23_NLDC_PSP.pdf,NLDC
230,PSP_Report_2023_11_17,C:\Users\arjun\Desktop\PSPreport\Output\NLDC_PSP_URLS\2023-24\NOVEMBER\reports\17.11.23_NLDC_PSP.pdf,NLDC
231,PSP_Report_2023_11_18,C:\Users\arjun\Desktop\PSPreport\Output\NLDC_PSP_URLS\2023-24\NOVEMBER\reports\18.11.23_NLDC_PSP.pdf,NLDC
232,PSP_Report_2023_11_19,C:\Users\arjun\Desktop\PSPreport\Output\NLDC_PSP_URLS\2023-24\NOVEMBER\reports\19.11.23_NLDC_PSP.pdf,NLDC
233,PSP_Report_2023_11_20,C:\Users\arjun\Desktop\PSPreport\Output\NLDC_PSP_URLS\2023-24\NOVEMBER\reports\20.11.23_NLDC_PSP.pdf,NLDC
234,PSP_Report_2023_11_21,C:\Users\arjun\Desktop\PSPreport\Output\NLDC_PSP_URLS\2023-24\NOVEMBER\reports\21.11.23_NLDC_PSP.pdf,NLDC
235,PSP_Report_2023_11_22,C:\Users\arjun\Desktop\PSPreport\Output\NLDC_PSP_URLS\2023-24\NOVEMBER\reports\22.11.23_NLDC_PSP.pdf,NLDC
236,PSP_Report_2023_11_23,C:\Users\arjun\Desktop\PSPreport\Output\NLDC_PSP_URLS\2023-24\NOVEMBER\reports\23.11.23_NLDC_PSP.pdf,NLDC
237,PSP_Report_2023_11_24,C:\Users\arjun\Desktop\PSPreport\Output\NLDC_PSP_URLS\2023-24\NOVEMBER\reports\24.11.23_NLDC_PSP.pdf,NLDC
238,PSP_Report_2023_11_25,C:\Users\arjun\Desktop\PSPreport\Output\NLDC_PSP_URLS\2023-24\NOVEMBER\reports\25.11.23_NLDC_PSP.pdf,NLDC
239,PSP_Report_2023_11_26,C:\Users\arjun\Desktop\PSPreport\Output\NLDC_PSP_URLS\2023-24\NOVEMBER\reports\26.11.23_NLDC_PSP.pdf,NLDC
240,PSP_Report_2023_11_27,C:\Users\arjun\Desktop\PSPreport\Output\NLDC_PSP_URLS\2023-24\NOVEMBER\reports\27.11.23_NLDC_PSP.pdf,NLDC
241,PSP_Report_2023_11_28,C:\Users\arjun\Desktop\PSPreport\Output\NLDC_PSP_URLS\2023-24\NOVEMBER\reports\28.11.23_NLDC_PSP.pdf,NLDC
242,PSP_Report_2023_11_29,C:\Users\arjun\Desktop\PSPreport\Output\NLDC_PSP_URLS\2023-24\NOVEMBER\reports\29.11.23_NLDC_PSP.pdf,NLDC
243,PSP_Report_2023_11_30,C:\Users\arjun\Desktop\PSPreport\Output\NLDC_PSP_URLS\2023-24\NOVEMBER\reports\30.11.23_NLDC_PSP.pdf,NLDC
244,PSP_Report_2023_12_01,C:\Users\arjun\Desktop\PSPreport\Output\NLDC_PSP_URLS\2023-24\DECEMBER\reports\01.12.23_NLDC_PSP.pdf,NLDC
245,PSP_Report_2023_12_02,C:\Users\arjun\Desktop\PSPreport\Output\NLDC_PSP_URLS\2023-24\DECEMBER\reports\02.12.23_NLDC_PSP.pdf,NLDC
246,PSP_Report_2023_12_03,C:\Users\arjun\Desktop\PSPreport\Output\NLDC_PSP_URLS\2023-24\DECEMBER\reports\03.12.23_NLDC_PSP.pdf,NLDC
248,PSP_Report_2023_12_05,C:\Users\arjun\Desktop\PSPreport\Output\NLDC_PSP_URLS\2023-24\DECEMBER\reports\05.12.23_NLDC_PSP.pdf,NLDC
249,PSP_Report_2023_12_06,C:\Users\arjun\Desktop\PSPreport\Output\NLDC_PSP_URLS\2023-24\DECEMBER\reports\06.12.23_NLDC_PSP.pdf,NLDC
250,PSP_Report_2023_12_07,C:\Users\arjun\Desktop\PSPreport\Output\NLDC_PSP_URLS\2023-24\DECEMBER\reports\07.12.23_NLDC_PSP.pdf,NLDC
251,PSP_Report_2023_12_08,C:\Users\arjun\Desktop\PSPreport\Output\NLDC_PSP_URLS\2023-24\DECEMBER\reports\08.12.23_NLDC_PSP.pdf,NLDC
252,PSP_Report_2023_12_09,C:\Users\arjun\Desktop\PSPreport\Output\NLDC_PSP_URLS\2023-24\DECEMBER\reports\09.12.23_NLDC_PSP.pdf,NLDC
253,PSP_Report_2023_12_10,C:\Users\arjun\Desktop\PSPreport\Output\NLDC_PSP_URLS\2023-24\DECEMBER\reports\10.12.23_NLDC_PSP.pdf,NLDC
254,PSP_Report_2023_12_11,C:\Users\arjun\Desktop\PSPreport\Output\NLDC_PSP_URLS\2023-24\DECEMBER\reports\11.12.23_NLDC_PSP.pdf,NLDC
255,PSP_Report_2023_12_12,C:\Users\arjun\Desktop\PSPreport\Output\NLDC_PSP_URLS\2023-24\DECEMBER\reports\12.12.23_NLDC_PSP.pdf,NLDC
256,PSP_Report_2023_12_13,C:\Users\arjun\Desktop\PSPreport\Output\NLDC_PSP_URLS\2023-24\DECEMBER\reports\13.12.23_NLDC_PSP.pdf,NLDC
257,PSP_Report_2023_12_14,C:\Users\arjun\Desktop\PSPreport\Output\NLDC_PSP_URLS\2023-24\DECEMBER\reports\14.12.23_NLDC_PSP.pdf,NLDC
258,PSP_Report_2023_12_15,C:\Users\arjun\Desktop\PSPreport\Output\NLDC_PSP_URLS\2023-24\DECEMBER\reports\15.12.23_NLDC_PSP.pdf,NLDC
259,PSP_Report_2023_12_16,C:\Users\arjun\Desktop\PSPreport\Output\NLDC_PSP_URLS\2023-24\DECEMBER\reports\16.12.23_NLDC_PSP.pdf,NLDC
260,PSP_Report_2023_12_17,C:\Users\arjun\Desktop\PSPreport\Output\NLDC_PSP_URLS\2023-24\DECEMBER\reports\17.12.23_NLDC_PSP.pdf,NLDC
261,PSP_Report_2023_12_18,C:\Users\arjun\Desktop\PSPreport\Output\NLDC_PSP_URLS\2023-24\DECEMBER\reports\18.12.23_NLDC_PSP.pdf,NLDC
262,PSP_Report_2023_12_19,C:\Users\arjun\Desktop\PSPreport\Output\NLDC_PSP_URLS\2023-24\DECEMBER\reports\19.12.23_NLDC_PSP.pdf,NLDC
263,PSP_Report_2023_12_20,C:\Users\arjun\Desktop\PSPreport\Output\NLDC_PSP_URLS\2023-24\DECEMBER\reports\20.12.23_NLDC_PSP.pdf,NLDC
264,PSP_Report_2023_12_21,C:\Users\arjun\Desktop\PSPreport\Output\NLDC_PSP_URLS\2023-24\DECEMBER\reports\21.12.23_NLDC_PSP.pdf,NLDC
265,PSP_Report_2023_12_22,C:\Users\arjun\Desktop\PSPreport\Output\NLDC_PSP_URLS\2023-24\DECEMBER\reports\22.12.23_NLDC_PSP.pdf,NLDC
266,PSP_Report_2023_12_23,C:\Users\arjun\Desktop\PSPreport\Output\NLDC_PSP_URLS\2023-24\DECEMBER\reports\23.12.23_NLDC_PSP.pdf,NLDC
267,PSP_Report_2023_12_24,C:\Users\arjun\Desktop\PSPreport\Output\NLDC_PSP_URLS\2023-24\DECEMBER\reports\24.12.23_NLDC_PSP.pdf,NLDC
268,PSP_Report_2023_12_25,C:\Users\arjun\Desktop\PSPreport\Output\NLDC_PSP_URLS\2023-24\DECEMBER\reports\25.12.23_NLDC_PSP.pdf,NLDC
269,PSP_Report_2023_12_26,C:\Users\arjun\Desktop\PSPreport\Output\NLDC_PSP_URLS\2023-24\DECEMBER\reports\26.12.23_NLDC_PSP.pdf,NLDC
270,PSP_Report_2023_12_27,C:\Users\arjun\Desktop\PSPreport\Output\NLDC_PSP_URLS\2023-24\DECEMBER\reports\27.12.23_NLDC_PSP.pdf,NLDC
271,PSP_Report_2023_12_28,C:\Users\arjun\Desktop\PSPreport\Output\NLDC_PSP_URLS\2023-24\DECEMBER\reports\28.12.23_NLDC_PSP.pdf,NLDC
272,PSP_Report_2023_12_29,C:\Users\arjun\Desktop\PSPreport\Output\NLDC_PSP_URLS\2023-24\DECEMBER\reports\29.12.23_NLDC_PSP.pdf,NLDC
273,PSP_Report_2023_12_30,C:\Users\arjun\Desktop\PSPreport\Output\NLDC_PSP_URLS\2023-24\DECEMBER\reports\30.12.23_NLDC_PSP.pdf,NLDC
274,PSP_Report_2023_12_31,C:\Users\arjun\Desktop\PSPreport\Output\NLDC_PSP_URLS\2023-24\DECEMBER\reports\31.12.23_NLDC_PSP.pdf,NLDC
275,PSP_Report_2024_01_01,C:\Users\arjun\Desktop\PSPreport\Output\NLDC_PSP_URLS\2023-24\JANUARY\reports\01.01.24_NLDC_PSP.pdf,NLDC
276,PSP_Report_2024_01_02,C:\Users\arjun\Desktop\PSPreport\Output\NLDC_PSP_URLS\2023-24\JANUARY\reports\02.01.24_NLDC_PSP.pdf,NLDC
277,PSP_Report_2024_01_03,C:\Users\arjun\Desktop\PSPreport\Output\NLDC_PSP_URLS\2023-24\JANUARY\reports\03.01.24_NLDC_PSP.pdf,NLDC
278,PSP_Report_2024_01_04,C:\Users\arjun\Desktop\PSPreport\Output\NLDC_PSP_URLS\2023-24\JANUARY\reports\04.01.24_NLDC_PSP.pdf,NLDC
279,PSP_Report_2024_01_05,C:\Users\arjun\Desktop\PSPreport\Output\NLDC_PSP_URLS\2023-24\JANUARY\reports\05.01.24_NLDC_PSP.pdf,NLDC
280,PSP_Report_2024_01_06,C:\Users\arjun\Desktop\PSPreport\Output\NLDC_PSP_URLS\2023-24\JANUARY\reports\06.01.24_NLDC_PSP.pdf,NLDC
281,PSP_Report_2024_01_07,C:\Users\arjun\Desktop\PSPreport\Output\NLDC_PSP_URLS\2023-24\JANUARY\reports\07.01.24_NLDC_PSP.pdf,NLDC
282,PSP_Report_2024_01_08,C:\Users\arjun\Desktop\PSPreport\Output\NLDC_PSP_URLS\2023-24\JANUARY\reports\08.01.24_NLDC_PSP.pdf,NLDC
283,PSP_Report_2024_01_09,C:\Users\arjun\Desktop\PSPreport\Output\NLDC_PSP_URLS\2023-24\JANUARY\reports\09.01.24_NLDC_PSP.pdf,NLDC
284,PSP_Report_2024_01_10,C:\Users\arjun\Desktop\PSPreport\Output\NLDC_PSP_URLS\2023-24\JANUARY\reports\10.01.24_NLDC_PSP.pdf,NLDC
285,PSP_Report_2024_01_11,C:\Users\arjun\Desktop\PSPreport\Output\NLDC_PSP_URLS\2023-24\JANUARY\reports\11.01.24_NLDC_PSP.pdf,NLDC
286,PSP_Report_2024_01_12,C:\Users\arjun\Desktop\PSPreport\Output\NLDC_PSP_URLS\2023-24\JANUARY\reports\12.01.24_NLDC_PSP.pdf,NLDC
287,PSP_Report_2024_01_13,C:\Users\arjun\Desktop\PSPreport\Output\NLDC_PSP_URLS\2023-24\JANUARY\reports\13.01.24_NLDC_PSP.pdf,NLDC
288,PSP_Report_2024_01_14,C:\Users\arjun\Desktop\PSPreport\Output\NLDC_PSP_URLS\2023-24\JANUARY\reports\14.01.24_NLDC_PSP.pdf,NLDC
289,PSP_Report_2024_01_15,C:\Users\arjun\Desktop\PSPreport\Output\NLDC_PSP_URLS\2023-24\JANUARY\reports\15.01.24_NLDC_PSP.pdf,NLDC
290,PSP_Report_2024_01_16,C:\Users\arjun\Desktop\PSPreport\Output\NLDC_PSP_URLS\2023-24\JANUARY\reports\16.01.24_NLDC_PSP.pdf,NLDC
291,PSP_Report_2024_01_17,C:\Users\arjun\Desktop\PSPreport\Output\NLDC_PSP_URLS\2023-24\JANUARY\reports\17.01.24_NLDC_PSP.pdf,NLDC
292,PSP_Report_2024_01_18,C:\Users\arjun\Desktop\PSPreport\Output\NLDC_PSP_URLS\2023-24\JANUARY\reports\18.01.24_NLDC_PSP.pdf,NLDC
293,PSP_Report_2024_01_19,C:\Users\arjun\Desktop\PSPreport\Output\NLDC_PSP_URLS\2023-24\JANUARY\reports\19.01.24_NLDC_PSP.pdf,NLDC
294,PSP_Report_2024_01_20,C:\Users\arjun\Desktop\PSPreport\Output\NLDC_PSP_URLS\2023-24\JANUARY\reports\20.01.24_NLDC_PSP.pdf,NLDC
295,PSP_Report_2024_01_21,C:\Users\arjun\Desktop\PSPreport\Output\NLDC_PSP_URLS\2023-24\JANUARY\reports\21.01.24_NLDC_PSP.pdf,NLDC
296,PSP_Report_2024_01_22,C:\Users\arjun\Desktop\PSPreport\Output\NLDC_PSP_URLS\2023-24\JANUARY\reports\22.01.24_NLDC_PSP.pdf,NLDC
297,PSP_Report_2024_01_23,C:\Users\arjun\Desktop\PSPreport\Output\NLDC_PSP_URLS\2023-24\JANUARY\reports\23.01.24_NLDC_PSP.pdf,NLDC
298,PSP_Report_2024_01_24,C:\Users\arjun\Desktop\PSPreport\Output\NLDC_PSP_URLS\2023-24\JANUARY\reports\24.01.24_NLDC_PSP.pdf,NLDC
299,PSP_Report_2024_01_25,C:\Users\arjun\Desktop\PSPreport\Output\NLDC_PSP_URLS\2023-24\JANUARY\reports\25.01.24_NLDC_PSP.pdf,NLDC
300,PSP_Report_2024_01_26,C:\Users\arjun\Desktop\PSPreport\Output\NLDC_PSP_URLS\2023-24\JANUARY\reports\26.01.24_NLDC_PSP.pdf,NLDC
301,PSP_Report_2024_01_27,C:\Users\arjun\Desktop\PSPreport\Output\NLDC_PSP_URLS\2023-24\JANUARY\reports\27.01.24_NLDC_PSP.pdf,NLDC
302,PSP_Report_2024_01_28,C:\Users\arjun\Desktop\PSPreport\Output\NLDC_PSP_URLS\2023-24\JANUARY\reports\28.01.24_NLDC_PSP.pdf,NLDC
303,PSP_Report_2024_01_29,C:\Users\arjun\Desktop\PSPreport\Output\NLDC_PSP_URLS\2023-24\JANUARY\reports\29.01.24_NLDC_PSP.pdf,NLDC
304,PSP_Report_2024_01_30,C:\Users\arjun\Desktop\PSPreport\Output\NLDC_PSP_URLS\2023-24\JANUARY\reports\30.01.24_NLDC_PSP.pdf,NLDC
305,PSP_Report_2024_01_31,C:\Users\arjun\Desktop\PSPreport\Output\NLDC_PSP_URLS\2023-24\JANUARY\reports\31.01.24_NLDC_PSP.pdf,NLDC
306,PSP_Report_2024_02_01,C:\Users\arjun\Desktop\PSPreport\Output\NLDC_PSP_URLS\2023-24\FEBRUARY\reports\01.02.24_NLDC_PSP.pdf,NLDC
307,PSP_Report_2024_02_02,C:\Users\arjun\Desktop\PSPreport\Output\NLDC_PSP_URLS\2023-24\FEBRUARY\reports\02.02.24_NLDC_PSP.pdf,NLDC
308,PSP_Report_2024_02_03,C:\Users\arjun\Desktop\PSPreport\Output\NLDC_PSP_URLS\2023-24\FEBRUARY\reports\03.02.24_NLDC_PSP.pdf,NLDC
309,PSP_Report_2024_02_04,C:\Users\arjun\Desktop\PSPreport\Output\NLDC_PSP_URLS\2023-24\FEBRUARY\reports\04.02.24_NLDC_PSP.pdf,NLDC
310,PSP_Report_2024_02_05,C:\Users\arjun\Desktop\PSPreport\Output\NLDC_PSP_URLS\2023-24\FEBRUARY\reports\05.02.24_NLDC_PSP.pdf,NLDC
311,PSP_Report_2024_02_06,C:\Users\arjun\Desktop\PSPreport\Output\NLDC_PSP_URLS\2023-24\FEBRUARY\reports\06.02.24_NLDC_PSP.pdf,NLDC
312,PSP_Report_2024_02_07,C:\Users\arjun\Desktop\PSPreport\Output\NLDC_PSP_URLS\2023-24\FEBRUARY\reports\07.02.24_NLDC_PSP.pdf,NLDC
313,PSP_Report_2024_02_08,C:\Users\arjun\Desktop\PSPreport\Output\NLDC_PSP_URLS\2023-24\FEBRUARY\reports\08.02.24_NLDC_PSP.pdf,NLDC
314,PSP_Report_2024_02_09,C:\Users\arjun\Desktop\PSPreport\Output\NLDC_PSP_URLS\2023-24\FEBRUARY\reports\09.02.24_NLDC_PSP.pdf,NLDC
315,PSP_Report_2024_02_10,C:\Users\arjun\Desktop\PSPreport\Output\NLDC_PSP_URLS\2023-24\FEBRUARY\reports\10.02.24_NLDC_PSP.pdf,NLDC
316,PSP_Report_2024_02_11,C:\Users\arjun\Desktop\PSPreport\Output\NLDC_PSP_URLS\2023-24\FEBRUARY\reports\11.02.24_NLDC_PSP.pdf,NLDC
317,PSP_Report_2024_02_12,C:\Users\arjun\Desktop\PSPreport\Output\NLDC_PSP_URLS\2023-24\FEBRUARY\reports\12.02.24_NLDC_PSP.pdf,NLDC
318,PSP_Report_2024_02_13,C:\Users\arjun\Desktop\PSPreport\Output\NLDC_PSP_URLS\2023-24\FEBRUARY\reports\13.02.24_NLDC_PSP.pdf,NLDC
319,PSP_Report_2024_02_14,C:\Users\arjun\Desktop\PSPreport\Output\NLDC_PSP_URLS\2023-24\FEBRUARY\reports\14.02.24_NLDC_PSP.pdf,NLDC
320,PSP_Report_2024_02_15,C:\Users\arjun\Desktop\PSPreport\Output\NLDC_PSP_URLS\2023-24\FEBRUARY\reports\15.02.24_NLDC_PSP.pdf,NLDC
321,PSP_Report_2024_02_16,C:\Users\arjun\Desktop\PSPreport\Output\NLDC_PSP_URLS\2023-24\FEBRUARY\reports\16.02.24_NLDC_PSP.pdf,NLDC
322,PSP_Report_2024_02_17,C:\Users\arjun\Desktop\PSPreport\Output\NLDC_PSP_URLS\2023-24\FEBRUARY\reports\17.02.24_NLDC_PSP.pdf,NLDC
323,PSP_Report_2024_02_18,C:\Users\arjun\Desktop\PSPreport\Output\NLDC_PSP_URLS\2023-24\FEBRUARY\reports\18.02.24_NLDC_PSP.pdf,NLDC
324,PSP_Report_2024_02_19,C:\Users\arjun\Desktop\PSPreport\Output\NLDC_PSP_URLS\2023-24\FEBRUARY\reports\19.02.24_NLDC_PSP.pdf,NLDC
325,PSP_Report_2024_02_20,C:\Users\arjun\Desktop\PSPreport\Output\NLDC_PSP_URLS\2023-24\FEBRUARY\reports\20.02.24_NLDC_PSP.pdf,NLDC
326,PSP_Report_2024_02_21,C:\Users\arjun\Desktop\PSPreport\Output\NLDC_PSP_URLS\2023-24\FEBRUARY\reports\21.02.24_NLDC_PSP.pdf,NLDC
327,PSP_Report_2024_02_22,C:\Users\arjun\Desktop\PSPreport\Output\NLDC_PSP_URLS\2023-24\FEBRUARY\reports\22.02.24_NLDC_PSP.pdf,NLDC
328,PSP_Report_2024_02_23,C:\Users\arjun\Desktop\PSPreport\Output\NLDC_PSP_URLS\2023-24\FEBRUARY\reports\23.02.24_NLDC_PSP.pdf,NLDC
329,PSP_Report_2024_02_24,C:\Users\arjun\Desktop\PSPreport\Output\NLDC_PSP_URLS\2023-24\FEBRUARY\reports\24.02.24_NLDC_PSP.pdf,NLDC
330,PSP_Report_2024_02_25,C:\Users\arjun\Desktop\PSPreport\Output\NLDC_PSP_URLS\2023-24\FEBRUARY\reports\25.02.24_NLDC_PSP.pdf,NLDC
331,PSP_Report_2024_02_26,C:\Users\arjun\Desktop\PSPreport\Output\NLDC_PSP_URLS\2023-24\FEBRUARY\reports\26.02.24_NLDC_PSP.pdf,NLDC
332,PSP_Report_2024_02_27,C:\Users\arjun\Desktop\PSPreport\Output\NLDC_PSP_URLS\2023-24\FEBRUARY\reports\27.02.24_NLDC_PSP.pdf,NLDC
333,PSP_Report_2024_02_28,C:\Users\arjun\Desktop\PSPreport\Output\NLDC_PSP_URLS\2023-24\FEBRUARY\reports\28.02.24_NLDC_PSP.pdf,NLDC
334,PSP_Report_2024_02_29,C:\Users\arjun\Desktop\PSPreport\Output\NLDC_PSP_URLS\2023-24\FEBRUARY\reports\29.02.24_NLDC_PSP.pdf,NLDC
335,PSP_Report_2024_03_01,C:\Users\arjun\Desktop\PSPreport\Output\NLDC_PSP_URLS\2023-24\MARCH\reports\01.03.24_NLDC_PSP.pdf,NLDC
336,PSP_Report_2024_03_02,C:\Users\arjun\Desktop\PSPreport\Output\NLDC_PSP_URLS\2023-24\MARCH\reports\02.03.24_NLDC_PSP.pdf,NLDC
337,PSP_Report_2024_03_03,C:\Users\arjun\Desktop\PSPreport\Output\NLDC_PSP_URLS\2023-24\MARCH\reports\03.03.24_NLDC_PSP.pdf,NLDC
338,PSP_Report_2024_03_04,C:\Users\arjun\Desktop\PSPreport\Output\NLDC_PSP_URLS\2023-24\MARCH\reports\04.03.24_NLDC_PSP.pdf,NLDC
339,PSP_Report_2024_03_05,C:\Users\arjun\Desktop\PSPreport\Output\NLDC_PSP_URLS\2023-24\MARCH\reports\05.03.24_NLDC_PSP.pdf,NLDC
340,PSP_Report_2024_03_06,C:\Users\arjun\Desktop\PSPreport\Output\NLDC_PSP_URLS\2023-24\MARCH\reports\06.03.24_NLDC_PSP.pdf,NLDC
341,PSP_Report_2024_03_07,C:\Users\arjun\Desktop\PSPreport\Output\NLDC_PSP_URLS\2023-24\MARCH\reports\07.03.24_NLDC_PSP.pdf,NLDC
342,PSP_Report_2024_03_08,C:\Users\arjun\Desktop\PSPreport\Output\NLDC_PSP_URLS\2023-24\MARCH\reports\08.03.24_NLDC_PSP.pdf,NLDC
343,PSP_Report_2024_03_09,C:\Users\arjun\Desktop\PSPreport\Output\NLDC_PSP_URLS\2023-24\MARCH\reports\09.03.24_NLDC_PSP.pdf,NLDC
344,PSP_Report_2024_03_10,C:\Users\arjun\Desktop\PSPreport\Output\NLDC_PSP_URLS\2023-24\MARCH\reports\10.03.24_NLDC_PSP.pdf,NLDC
345,PSP_Report_2024_03_11,C:\Users\arjun\Desktop\PSPreport\Output\NLDC_PSP_URLS\2023-24\MARCH\reports\11.03.24_NLDC_PSP.pdf,NLDC
346,PSP_Report_2024_03_12,C:\Users\arjun\Desktop\PSPreport\Output\NLDC_PSP_URLS\2023-24\MARCH\reports\12.03.24_NLDC_PSP.pdf,NLDC
347,PSP_Report_2024_03_13,C:\Users\arjun\Desktop\PSPreport\Output\NLDC_PSP_URLS\2023-24\MARCH\reports\13.03.24_NLDC_PSP.pdf,NLDC
348,PSP_Report_2024_03_14,C:\Users\arjun\Desktop\PSPreport\Output\NLDC_PSP_URLS\2023-24\MARCH\reports\14.03.24_NLDC_PSP.pdf,NLDC
349,PSP_Report_2024_03_15,C:\Users\arjun\Desktop\PSPreport\Output\NLDC_PSP_URLS\2023-24\MARCH\reports\15.03.24_NLDC_PSP.pdf,NLDC
350,PSP_Report_2024_03_16,C:\Users\arjun\Desktop\PSPreport\Output\NLDC_PSP_URLS\2023-24\MARCH\reports\16.03.24_NLDC_PSP.pdf,NLDC
351,PSP_Report_2024_03_17,C:\Users\arjun\Desktop\PSPreport\Output\NLDC_PSP_URLS\2023-24\MARCH\reports\17.03.24_NLDC_PSP.pdf,NLDC
352,PSP_Report_2024_03_18,C:\Users\arjun\Desktop\PSPreport\Output\NLDC_PSP_URLS\2023-24\MARCH\reports\18.03.24_NLDC_PSP.pdf,NLDC
353,PSP_Report_2024_03_19,C:\Users\arjun\Desktop\PSPreport\Output\NLDC_PSP_URLS\2023-24\MARCH\reports\19.03.24_NLDC_PSP.pdf,NLDC
354,PSP_Report_2024_03_20,C:\Users\arjun\Desktop\PSPreport\Output\NLDC_PSP_URLS\2023-24\MARCH\reports\20.03.24_NLDC_PSP.pdf,NLDC
355,PSP_Report_2024_03_21,C:\Users\arjun\Desktop\PSPreport\Output\NLDC_PSP_URLS\2023-24\MARCH\reports\21.03.24_NLDC_PSP.pdf,NLDC
356,PSP_Report_2024_03_22,C:\Users\arjun\Desktop\PSPreport\Output\NLDC_PSP_URLS\2023-24\MARCH\reports\22.03.24_NLDC_PSP.pdf,NLDC
357,PSP_Report_2024_03_23,C:\Users\arjun\Desktop\PSPreport\Output\NLDC_PSP_URLS\2023-24\MARCH\reports\23.03.24_NLDC_PSP.pdf,NLDC
358,PSP_Report_2024_03_24,C:\Users\arjun\Desktop\PSPreport\Output\NLDC_PSP_URLS\2023-24\MARCH\reports\24.03.24_NLDC_PSP.pdf,NLDC
359,PSP_Report_2024_03_25,C:\Users\arjun\Desktop\PSPreport\Output\NLDC_PSP_URLS\2023-24\MARCH\reports\25.03.24_NLDC_PSP.pdf,NLDC
360,PSP_Report_2024_03_26,C:\Users\arjun\Desktop\PSPreport\Output\NLDC_PSP_URLS\2023-24\MARCH\reports\26.03.24_NLDC_PSP.pdf,NLDC
361,PSP_Report_2024_03_27,C:\Users\arjun\Desktop\PSPreport\Output\NLDC_PSP_URLS\2023-24\MARCH\reports\27.03.24_NLDC_PSP.pdf,NLDC
362,PSP_Report_2024_03_28,C:\Users\arjun\Desktop\PSPreport\Output\NLDC_PSP_URLS\2023-24\MARCH\reports\28.03.24_NLDC_PSP.pdf,NLDC
363,PSP_Report_2024_03_29,C:\Users\arjun\Desktop\PSPreport\Output\NLDC_PSP_URLS\2023-24\MARCH\reports\29.03.24_NLDC_PSP.pdf,NLDC
364,PSP_Report_2024_03_30,C:\Users\arjun\Desktop\PSPreport\Output\NLDC_PSP_URLS\2023-24\MARCH\reports\30.03.24_NLDC_PSP.pdf,NLDC
365,PSP_Report_2024_03_31,C:\Users\arjun\Desktop\PSPreport\Output\NLDC_PSP_URLS\2023-24\MARCH\reports\31.03.24_NLDC_PSP.pdf,NLDC
366,PSP_Report_2024_04_01,C:\Users\arjun\Desktop\PSPreport\Output\NLDC_PSP_URLS\2024-25\APRIL\reports\01.04.24_NLDC_PSP.pdf,NLDC
367,PSP_Report_2024_04_02,C:\Users\arjun\Desktop\PSPreport\Output\NLDC_PSP_URLS\2024-25\APRIL\reports\02.04.24_NLDC_PSP.pdf,NLDC
368,PSP_Report_2024_04_03,C:\Users\arjun\Desktop\PSPreport\Output\NLDC_PSP_URLS\2024-25\APRIL\reports\03.04.24_NLDC_PSP.pdf,NLDC
369,PSP_Report_2024_04_04,C:\Users\arjun\Desktop\PSPreport\Output\NLDC_PSP_URLS\2024-25\APRIL\reports\04.04.24_NLDC_PSP.pdf,NLDC
370,PSP_Report_2024_04_05,C:\Users\arjun\Desktop\PSPreport\Output\NLDC_PSP_URLS\2024-25\APRIL\reports\05.04.24_NLDC_PSP.pdf,NLDC
371,PSP_Report_2024_04_06,C:\Users\arjun\Desktop\PSPreport\Output\NLDC_PSP_URLS\2024-25\APRIL\reports\06.04.24_NLDC_PSP.pdf,NLDC
372,PSP_Report_2024_04_07,C:\Users\arjun\Desktop\PSPreport\Output\NLDC_PSP_URLS\2024-25\APRIL\reports\07.04.24_NLDC_PSP.pdf,NLDC
373,PSP_Report_2024_04_08,C:\Users\arjun\Desktop\PSPreport\Output\NLDC_PSP_URLS\2024-25\APRIL\reports\08.04.24_NLDC_PSP.pdf,NLDC
374,PSP_Report_2024_04_09,C:\Users\arjun\Desktop\PSPreport\Output\NLDC_PSP_URLS\2024-25\APRIL\reports\09.04.24_NLDC_PSP.pdf,NLDC
375,PSP_Report_2024_04_10,C:\Users\arjun\Desktop\PSPreport\Output\NLDC_PSP_URLS\2024-25\APRIL\reports\10.04.24_NLDC_PSP.pdf,NLDC
376,PSP_Report_2024_04_11,C:\Users\arjun\Desktop\PSPreport\Output\NLDC_PSP_URLS\2024-25\APRIL\reports\11.04.24_NLDC_PSP.pdf,NLDC
377,PSP_Report_2024_04_12,C:\Users\arjun\Desktop\PSPreport\Output\NLDC_PSP_URLS\2024-25\APRIL\reports\12.04.24_NLDC_PSP.pdf,NLDC
378,PSP_Report_2024_04_13,C:\Users\arjun\Desktop\PSPreport\Output\NLDC_PSP_URLS\2024-25\APRIL\reports\13.04.24_NLDC_PSP.pdf,NLDC
379,PSP_Report_2024_04_14,C:\Users\arjun\Desktop\PSPreport\Output\NLDC_PSP_URLS\2024-25\APRIL\reports\14.04.24_NLDC_PSP.pdf,NLDC
380,PSP_Report_2024_04_15,C:\Users\arjun\Desktop\PSPreport\Output\NLDC_PSP_URLS\2024-25\APRIL\reports\15.04.24_NLDC_PSP.pdf,NLDC
381,PSP_Report_2024_04_16,C:\Users\arjun\Desktop\PSPreport\Output\NLDC_PSP_URLS\2024-25\APRIL\reports\16.04.24_NLDC_PSP.pdf,NLDC
382,PSP_Report_2024_04_17,C:\Users\arjun\Desktop\PSPreport\Output\NLDC_PSP_URLS\2024-25\APRIL\reports\17.04.24_NLDC_PSP.pdf,NLDC
383,PSP_Report_2024_04_18,C:\Users\arjun\Desktop\PSPreport\Output\NLDC_PSP_URLS\2024-25\APRIL\reports\18.04.24_NLDC_PSP.pdf,NLDC
384,PSP_Report_2024_04_19,C:\Users\arjun\Desktop\PSPreport\Output\NLDC_PSP_URLS\2024-25\APRIL\reports\19.04.24_NLDC_PSP.pdf,NLDC
385,PSP_Report_2024_04_20,C:\Users\arjun\Desktop\PSPreport\Output\NLDC_PSP_URLS\2024-25\APRIL\reports\20.04.24_NLDC_PSP.pdf,NLDC
386,PSP_Report_2024_04_21,C:\Users\arjun\Desktop\PSPreport\Output\NLDC_PSP_URLS\2024-25\APRIL\reports\21.04.24_NLDC_PSP.pdf,NLDC
387,PSP_Report_2024_04_22,C:\Users\arjun\Desktop\PSPreport\Output\NLDC_PSP_URLS\2024-25\APRIL\reports\22.04.24_NLDC_PSP.pdf,NLDC
388,PSP_Report_2024_04_23,C:\Users\arjun\Desktop\PSPreport\Output\NLDC_PSP_URLS\2024-25\APRIL\reports\23.04.24_NLDC_PSP.pdf,NLDC
389,PSP_Report_2024_04_24,C:\Users\arjun\Desktop\PSPreport\Output\NLDC_PSP_URLS\2024-25\APRIL\reports\24.04.24_NLDC_PSP.pdf,NLDC
390,PSP_Report_2024_04_25,C:\Users\arjun\Desktop\PSPreport\Output\NLDC_PSP_URLS\2024-25\APRIL\reports\25.04.24_NLDC_PSP.pdf,NLDC
391,PSP_Report_2024_04_26,C:\Users\arjun\Desktop\PSPreport\Output\NLDC_PSP_URLS\2024-25\APRIL\reports\26.04.24_NLDC_PSP.pdf,NLDC
392,PSP_Report_2024_04_27,C:\Users\arjun\Desktop\PSPreport\Output\NLDC_PSP_URLS\2024-25\APRIL\reports\27.04.24_NLDC_PSP.pdf,NLDC
393,PSP_Report_2024_04_28,C:\Users\arjun\Desktop\PSPreport\Output\NLDC_PSP_URLS\2024-25\APRIL\reports\28.04.24_NLDC_PSP.pdf,NLDC
394,PSP_Report_2024_04_29,C:\Users\arjun\Desktop\PSPreport\Output\NLDC_PSP_URLS\2024-25\APRIL\reports\29.04.24_NLDC_PSP.pdf,NLDC
395,PSP_Report_2024_04_30,C:\Users\arjun\Desktop\PSPreport\Output\NLDC_PSP_URLS\2024-25\APRIL\reports\30.04.24_NLDC_PSP.pdf,NLDC
396,PSP_Report_2024_05_01,C:\Users\arjun\Desktop\PSPreport\Output\NLDC_PSP_URLS\2024-25\MAY\reports\01.05.24_NLDC_PSP.pdf,NLDC
397,PSP_Report_2024_05_02,C:\Users\arjun\Desktop\PSPreport\Output\NLDC_PSP_URLS\2024-25\MAY\reports\02.05.24_NLDC_PSP.pdf,NLDC
398,PSP_Report_2024_05_03,C:\Users\arjun\Desktop\PSPreport\Output\NLDC_PSP_URLS\2024-25\MAY\reports\03.05.24_NLDC_PSP.pdf,NLDC
399,PSP_Report_2024_05_04,C:\Users\arjun\Desktop\PSPreport\Output\NLDC_PSP_URLS\2024-25\MAY\reports\04.05.24_NLDC_PSP.pdf,NLDC
400,PSP_Report_2024_05_05,C:\Users\arjun\Desktop\PSPreport\Output\NLDC_PSP_URLS\2024-25\MAY\reports\05.05.24_NLDC_PSP.pdf,NLDC
401,PSP_Report_2024_05_06,C:\Users\arjun\Desktop\PSPreport\Output\NLDC_PSP_URLS\2024-25\MAY\reports\06.05.24_NLDC_PSP.pdf,NLDC
402,PSP_Report_2024_05_07,C:\Users\arjun\Desktop\PSPreport\Output\NLDC_PSP_URLS\2024-25\MAY\reports\07.05.24_NLDC_PSP.pdf,NLDC
403,PSP_Report_2024_05_08,C:\Users\arjun\Desktop\PSPreport\Output\NLDC_PSP_URLS\2024-25\MAY\reports\08.05.24_NLDC_PSP.pdf,NLDC
404,PSP_Report_2024_05_09,C:\Users\arjun\Desktop\PSPreport\Output\NLDC_PSP_URLS\2024-25\MAY\reports\09.05.24_NLDC_PSP.pdf,NLDC
405,PSP_Report_2024_05_10,C:\Users\arjun\Desktop\PSPreport\Output\NLDC_PSP_URLS\2024-25\MAY\reports\10.05.24_NLDC_PSP.pdf,NLDC
406,PSP_Report_2024_05_11,C:\Users\arjun\Desktop\PSPreport\Output\NLDC_PSP_URLS\2024-25\MAY\reports\11.05.24_NLDC_PSP.pdf,NLDC
407,PSP_Report_2024_05_12,C:\Users\arjun\Desktop\PSPreport\Output\NLDC_PSP_URLS\2024-25\MAY\reports\12.05.24_NLDC_PSP.pdf,NLDC
408,PSP_Report_2024_05_13,C:\Users\arjun\Desktop\PSPreport\Output\NLDC_PSP_URLS\2024-25\MAY\reports\13.05.24_NLDC_PSP.pdf,NLDC
409,PSP_Report_2024_05_14,C:\Users\arjun\Desktop\PSPreport\Output\NLDC_PSP_URLS\2024-25\MAY\reports\14.05.24_NLDC_PSP.pdf,NLDC
410,PSP_Report_2024_05_15,C:\Users\arjun\Desktop\PSPreport\Output\NLDC_PSP_URLS\2024-25\MAY\reports\15.05.24_NLDC_PSP.pdf,NLDC
411,PSP_Report_2024_05_16,C:\Users\arjun\Desktop\PSPreport\Output\NLDC_PSP_URLS\2024-25\MAY\reports\16.05.24_NLDC_PSP.pdf,NLDC
412,PSP_Report_2024_05_17,C:\Users\arjun\Desktop\PSPreport\Output\NLDC_PSP_URLS\2024-25\MAY\reports\17.05.24_NLDC_PSP.pdf,NLDC
413,PSP_Report_2024_05_18,C:\Users\arjun\Desktop\PSPreport\Output\NLDC_PSP_URLS\2024-25\MAY\reports\18.05.24_NLDC_PSP.pdf,NLDC
414,PSP_Report_2024_05_19,C:\Users\arjun\Desktop\PSPreport\Output\NLDC_PSP_URLS\2024-25\MAY\reports\19.05.24_NLDC_PSP.pdf,NLDC
415,PSP_Report_2024_05_20,C:\Users\arjun\Desktop\PSPreport\Output\NLDC_PSP_URLS\2024-25\MAY\reports\20.05.24_NLDC_PSP.pdf,NLDC
416,PSP_Report_2024_05_21,C:\Users\arjun\Desktop\PSPreport\Output\NLDC_PSP_URLS\2024-25\MAY\reports\21.05.24_NLDC_PSP.pdf,NLDC
417,PSP_Report_2024_05_22,C:\Users\arjun\Desktop\PSPreport\Output\NLDC_PSP_URLS\2024-25\MAY\reports\22.05.24_NLDC_PSP.pdf,NLDC
418,PSP_Report_2024_05_23,C:\Users\arjun\Desktop\PSPreport\Output\NLDC_PSP_URLS\2024-25\MAY\reports\23.05.24_NLDC_PSP.pdf,NLDC
419,PSP_Report_2024_05_24,C:\Users\arjun\Desktop\PSPreport\Output\NLDC_PSP_URLS\2024-25\MAY\reports\24.05.24_NLDC_PSP.pdf,NLDC
420,PSP_Report_2024_05_25,C:\Users\arjun\Desktop\PSPreport\Output\NLDC_PSP_URLS\2024-25\MAY\reports\25.05.24_NLDC_PSP.pdf,NLDC
421,PSP_Report_2024_05_26,C:\Users\arjun\Desktop\PSPreport\Output\NLDC_PSP_URLS\2024-25\MAY\reports\26.05.24_NLDC_PSP.pdf,NLDC
422,PSP_Report_2024_05_27,C:\Users\arjun\Desktop\PSPreport\Output\NLDC_PSP_URLS\2024-25\MAY\reports\27.05.24_NLDC_PSP.pdf,NLDC
423,PSP_Report_2024_05_28,C:\Users\arjun\Desktop\PSPreport\Output\NLDC_PSP_URLS\2024-25\MAY\reports\28.05.24_NLDC_PSP.pdf,NLDC
424,PSP_Report_2024_05_29,C:\Users\arjun\Desktop\PSPreport\Output\NLDC_PSP_URLS\2024-25\MAY\reports\29.05.24_NLDC_PSP.pdf,NLDC
425,PSP_Report_2024_05_30,C:\Users\arjun\Desktop\PSPreport\Output\NLDC_PSP_URLS\2024-25\MAY\reports\30.05.24_NLDC_PSP.pdf,NLDC
426,PSP_Report_2024_05_31,C:\Users\arjun\Desktop\PSPreport\Output\NLDC_PSP_URLS\2024-25\MAY\reports\31.05.24_NLDC_PSP.pdf,NLDC
427,PSP_Report_2024_06_01,C:\Users\arjun\Desktop\PSPreport\Output\NLDC_PSP_URLS\2024-25\JUNE\reports\01.06.24_NLDC_PSP.pdf,NLDC
428,PSP_Report_2024_06_02,C:\Users\arjun\Desktop\PSPreport\Output\NLDC_PSP_URLS\2024-25\JUNE\reports\02.06.24_NLDC_PSP.pdf,NLDC
429,PSP_Report_2024_06_03,C:\Users\arjun\Desktop\PSPreport\Output\NLDC_PSP_URLS\2024-25\JUNE\reports\03.06.24_NLDC_PSP.pdf,NLDC
430,PSP_Report_2024_06_04,C:\Users\arjun\Desktop\PSPreport\Output\NLDC_PSP_URLS\2024-25\JUNE\reports\04.06.24_NLDC_PSP.pdf,NLDC
431,PSP_Report_2024_06_05,C:\Users\arjun\Desktop\PSPreport\Output\NLDC_PSP_URLS\2024-25\JUNE\reports\05.06.24_NLDC_PSP.pdf,NLDC
432,PSP_Report_2024_06_06,C:\Users\arjun\Desktop\PSPreport\Output\NLDC_PSP_URLS\2024-25\JUNE\reports\06.06.24_NLDC_PSP.pdf,NLDC
433,PSP_Report_2024_06_07,C:\Users\arjun\Desktop\PSPreport\Output\NLDC_PSP_URLS\2024-25\JUNE\reports\07.06.24_NLDC_PSP.pdf,NLDC
434,PSP_Report_2024_06_08,C:\Users\arjun\Desktop\PSPreport\Output\NLDC_PSP_URLS\2024-25\JUNE\reports\08.06.24_NLDC_PSP.pdf,NLDC
435,PSP_Report_2024_06_09,C:\Users\arjun\Desktop\PSPreport\Output\NLDC_PSP_URLS\2024-25\JUNE\reports\09.06.24_NLDC_PSP.pdf,NLDC
436,PSP_Report_2024_06_10,C:\Users\arjun\Desktop\PSPreport\Output\NLDC_PSP_URLS\2024-25\JUNE\reports\10.06.24_NLDC_PSP.pdf,NLDC
437,PSP_Report_2024_06_11,C:\Users\arjun\Desktop\PSPreport\Output\NLDC_PSP_URLS\2024-25\JUNE\reports\11.06.24_NLDC_PSP.pdf,NLDC
438,PSP_Report_2024_06_12,C:\Users\arjun\Desktop\PSPreport\Output\NLDC_PSP_URLS\2024-25\JUNE\reports\12.06.24_NLDC_PSP.pdf,NLDC
439,PSP_Report_2024_06_13,C:\Users\arjun\Desktop\PSPreport\Output\NLDC_PSP_URLS\2024-25\JUNE\reports\13.06.24_NLDC_PSP.pdf,NLDC
440,PSP_Report_2024_06_14,C:\Users\arjun\Desktop\PSPreport\Output\NLDC_PSP_URLS\2024-25\JUNE\reports\14.06.24_NLDC_PSP.pdf,NLDC
441,PSP_Report_2024_06_15,C:\Users\arjun\Desktop\PSPreport\Output\NLDC_PSP_URLS\2024-25\JUNE\reports\15.06.24_NLDC_PSP.pdf,NLDC
442,PSP_Report_2024_06_16,C:\Users\arjun\Desktop\PSPreport\Output\NLDC_PSP_URLS\2024-25\JUNE\reports\16.06.24_NLDC_PSP.pdf,NLDC
443,PSP_Report_2024_06_17,C:\Users\arjun\Desktop\PSPreport\Output\NLDC_PSP_URLS\2024-25\JUNE\reports\17.06.24_NLDC_PSP.pdf,NLDC
444,PSP_Report_2024_06_18,C:\Users\arjun\Desktop\PSPreport\Output\NLDC_PSP_URLS\2024-25\JUNE\reports\18.06.24_NLDC_PSP.pdf,NLDC
445,PSP_Report_2024_06_19,C:\Users\arjun\Desktop\PSPreport\Output\NLDC_PSP_URLS\2024-25\JUNE\reports\19.06.24_NLDC_PSP.pdf,NLDC
446,PSP_Report_2024_06_20,C:\Users\arjun\Desktop\PSPreport\Output\NLDC_PSP_URLS\2024-25\JUNE\reports\20.06.24_NLDC_PSP.pdf,NLDC
447,PSP_Report_2024_06_21,C:\Users\arjun\Desktop\PSPreport\Output\NLDC_PSP_URLS\2024-25\JUNE\reports\21.06.24_NLDC_PSP.pdf,NLDC
448,PSP_Report_2024_06_22,C:\Users\arjun\Desktop\PSPreport\Output\NLDC_PSP_URLS\2024-25\JUNE\reports\22.06.24_NLDC_PSP.pdf,NLDC
449,PSP_Report_2024_06_23,C:\Users\arjun\Desktop\PSPreport\Output\NLDC_PSP_URLS\2024-25\JUNE\reports\23.06.24_NLDC_PSP.pdf,NLDC
450,PSP_Report_2024_06_24,C:\Users\arjun\Desktop\PSPreport\Output\NLDC_PSP_URLS\2024-25\JUNE\reports\24.06.24_NLDC_PSP.pdf,NLDC
451,PSP_Report_2024_06_25,C:\Users\arjun\Desktop\PSPreport\Output\NLDC_PSP_URLS\2024-25\JUNE\reports\25.06.24_NLDC_PSP.pdf,NLDC
452,PSP_Report_2024_06_26,C:\Users\arjun\Desktop\PSPreport\Output\NLDC_PSP_URLS\2024-25\JUNE\reports\26.06.24_NLDC_PSP.pdf,NLDC
453,PSP_Report_2024_06_27,C:\Users\arjun\Desktop\PSPreport\Output\NLDC_PSP_URLS\2024-25\JUNE\reports\27.06.24_NLDC_PSP.pdf,NLDC
454,PSP_Report_2024_06_28,C:\Users\arjun\Desktop\PSPreport\Output\NLDC_PSP_URLS\2024-25\JUNE\reports\28.06.24_NLDC_PSP.pdf,NLDC
455,PSP_Report_2024_06_29,C:\Users\arjun\Desktop\PSPreport\Output\NLDC_PSP_URLS\2024-25\JUNE\reports\29.06.24_NLDC_PSP.pdf,NLDC
456,PSP_Report_2024_06_30,C:\Users\arjun\Desktop\PSPreport\Output\NLDC_PSP_URLS\2024-25\JUNE\reports\30.06.24_NLDC_PSP.pdf,NLDC
457,PSP_Report_2024_07_01,C:\Users\arjun\Desktop\PSPreport\Output\NLDC_PSP_URLS\2024-25\JULY\reports\01.07.24_NLDC_PSP.pdf,NLDC
458,PSP_Report_2024_07_02,C:\Users\arjun\Desktop\PSPreport\Output\NLDC_PSP_URLS\2024-25\JULY\reports\02.07.24_NLDC_PSP.pdf,NLDC
459,PSP_Report_2024_07_03,C:\Users\arjun\Desktop\PSPreport\Output\NLDC_PSP_URLS\2024-25\JULY\reports\03.07.24_NLDC_PSP.pdf,NLDC
460,PSP_Report_2024_07_04,C:\Users\arjun\Desktop\PSPreport\Output\NLDC_PSP_URLS\2024-25\JULY\reports\04.07.24_NLDC_PSP.pdf,NLDC
461,PSP_Report_2024_07_05,C:\Users\arjun\Desktop\PSPreport\Output\NLDC_PSP_URLS\2024-25\JULY\reports\05.07.24_NLDC_PSP.pdf,NLDC
462,PSP_Report_2024_07_06,C:\Users\arjun\Desktop\PSPreport\Output\NLDC_PSP_URLS\2024-25\JULY\reports\06.07.24_NLDC_PSP.pdf,NLDC
463,PSP_Report_2024_07_07,C:\Users\arjun\Desktop\PSPreport\Output\NLDC_PSP_URLS\2024-25\JULY\reports\07.07.24_NLDC_PSP.pdf,NLDC
464,PSP_Report_2024_07_08,C:\Users\arjun\Desktop\PSPreport\Output\NLDC_PSP_URLS\2024-25\JULY\reports\08.07.24_NLDC_PSP.pdf,NLDC
465,PSP_Report_2024_07_09,C:\Users\arjun\Desktop\PSPreport\Output\NLDC_PSP_URLS\2024-25\JULY\reports\09.07.24_NLDC_PSP.pdf,NLDC
466,PSP_Report_2024_07_10,C:\Users\arjun\Desktop\PSPreport\Output\NLDC_PSP_URLS\2024-25\JULY\reports\10.07.24_NLDC_PSP.pdf,NLDC
467,PSP_Report_2024_07_11,C:\Users\arjun\Desktop\PSPreport\Output\NLDC_PSP_URLS\2024-25\JULY\reports\11.07.24_NLDC_PSP.pdf,NLDC
468,PSP_Report_2024_07_12,C:\Users\arjun\Desktop\PSPreport\Output\NLDC_PSP_URLS\2024-25\JULY\reports\12.07.24_NLDC_PSP.pdf,NLDC
469,PSP_Report_2024_07_13,C:\Users\arjun\Desktop\PSPreport\Output\NLDC_PSP_URLS\2024-25\JULY\reports\13.07.24_NLDC_PSP.pdf,NLDC
470,PSP_Report_2024_07_14,C:\Users\arjun\Desktop\PSPreport\Output\NLDC_PSP_URLS\2024-25\JULY\reports\14.07.24_NLDC_PSP.pdf,NLDC
471,PSP_Report_2024_07_15,C:\Users\arjun\Desktop\PSPreport\Output\NLDC_PSP_URLS\2024-25\JULY\reports\15.07.24_NLDC_PSP.pdf,NLDC
472,PSP_Report_2024_07_16,C:\Users\arjun\Desktop\PSPreport\Output\NLDC_PSP_URLS\2024-25\JULY\reports\16.07.24_NLDC_PSP.pdf,NLDC
473,PSP_Report_2024_07_17,C:\Users\arjun\Desktop\PSPreport\Output\NLDC_PSP_URLS\2024-25\JULY\reports\17.07.24_NLDC_PSP.pdf,NLDC
474,PSP_Report_2024_07_18,C:\Users\arjun\Desktop\PSPreport\Output\NLDC_PSP_URLS\2024-25\JULY\reports\18.07.24_NLDC_PSP.pdf,NLDC
475,PSP_Report_2024_07_19,C:\Users\arjun\Desktop\PSPreport\Output\NLDC_PSP_URLS\2024-25\JULY\reports\19.07.24_NLDC_PSP.pdf,NLDC
476,PSP_Report_2024_07_20,C:\Users\arjun\Desktop\PSPreport\Output\NLDC_PSP_URLS\2024-25\JULY\reports\20.07.24_NLDC_PSP.pdf,NLDC
477,PSP_Report_2024_07_21,C:\Users\arjun\Desktop\PSPreport\Output\NLDC_PSP_URLS\2024-25\JULY\reports\21.07.24_NLDC_PSP.pdf,NLDC
478,PSP_Report_2024_07_22,C:\Users\arjun\Desktop\PSPreport\Output\NLDC_PSP_URLS\2024-25\JULY\reports\22.07.24_NLDC_PSP.pdf,NLDC
479,PSP_Report_2024_07_23,C:\Users\arjun\Desktop\PSPreport\Output\NLDC_PSP_URLS\2024-25\JULY\reports\23.07.24_NLDC_PSP.pdf,NLDC
480,PSP_Report_2024_07_24,C:\Users\arjun\Desktop\PSPreport\Output\NLDC_PSP_URLS\2024-25\JULY\reports\24.07.24_NLDC_PSP.pdf,NLDC
481,PSP_Report_2024_07_25,C:\Users\arjun\Desktop\PSPreport\Output\NLDC_PSP_URLS\2024-25\JULY\reports\25.07.24_NLDC_PSP.pdf,NLDC
482,PSP_Report_2024_07_26,C:\Users\arjun\Desktop\PSPreport\Output\NLDC_PSP_URLS\2024-25\JULY\reports\26.07.24_NLDC_PSP.pdf,NLDC
483,PSP_Report_2024_07_27,C:\Users\arjun\Desktop\PSPreport\Output\NLDC_PSP_URLS\2024-25\JULY\reports\27.07.24_NLDC_PSP.pdf,NLDC
484,PSP_Report_2024_07_28,C:\Users\arjun\Desktop\PSPreport\Output\NLDC_PSP_URLS\2024-25\JULY\reports\28.07.24_NLDC_PSP.pdf,NLDC
485,PSP_Report_2024_07_29,C:\Users\arjun\Desktop\PSPreport\Output\NLDC_PSP_URLS\2024-25\JULY\reports\29.07.24_NLDC_PSP.pdf,NLDC
486,PSP_Report_2024_07_30,C:\Users\arjun\Desktop\PSPreport\Output\NLDC_PSP_URLS\2024-25\JULY\reports\30.07.24_NLDC_PSP.pdf,NLDC
487,PSP_Report_2024_07_31,C:\Users\arjun\Desktop\PSPreport\Output\NLDC_PSP_URLS\2024-25\JULY\reports\31.07.24_NLDC_PSP.pdf,NLDC
488,PSP_Report_2024_08_01,C:\Users\arjun\Desktop\PSPreport\Output\NLDC_PSP_URLS\2024-25\AUGUST\reports\01.08.24_NLDC_PSP.pdf,NLDC
489,PSP_Report_2024_08_02,C:\Users\arjun\Desktop\PSPreport\Output\NLDC_PSP_URLS\2024-25\AUGUST\reports\02.08.24_NLDC_PSP.pdf,NLDC
490,PSP_Report_2024_08_03,C:\Users\arjun\Desktop\PSPreport\Output\NLDC_PSP_URLS\2024-25\AUGUST\reports\03.08.24_NLDC_PSP.pdf,NLDC
491,PSP_Report_2024_08_04,C:\Users\arjun\Desktop\PSPreport\Output\NLDC_PSP_URLS\2024-25\AUGUST\reports\04.08.24_NLDC_PSP.pdf,NLDC
492,PSP_Report_2024_08_05,C:\Users\arjun\Desktop\PSPreport\Output\NLDC_PSP_URLS\2024-25\AUGUST\reports\05.08.24_NLDC_PSP.pdf,NLDC
493,PSP_Report_2024_08_06,C:\Users\arjun\Desktop\PSPreport\Output\NLDC_PSP_URLS\2024-25\AUGUST\reports\06.08.24_NLDC_PSP.pdf,NLDC
494,PSP_Report_2024_08_07,C:\Users\arjun\Desktop\PSPreport\Output\NLDC_PSP_URLS\2024-25\AUGUST\reports\07.08.24_NLDC_PSP.pdf,NLDC
495,PSP_Report_2024_08_08,C:\Users\arjun\Desktop\PSPreport\Output\NLDC_PSP_URLS\2024-25\AUGUST\reports\08.08.24_NLDC_PSP.pdf,NLDC
496,PSP_Report_2024_08_09,C:\Users\arjun\Desktop\PSPreport\Output\NLDC_PSP_URLS\2024-25\AUGUST\reports\09.08.24_NLDC_PSP.pdf,NLDC
497,PSP_Report_2024_08_10,C:\Users\arjun\Desktop\PSPreport\Output\NLDC_PSP_URLS\2024-25\AUGUST\reports\10.08.24_NLDC_PSP.pdf,NLDC
498,PSP_Report_2024_08_11,C:\Users\arjun\Desktop\PSPreport\Output\NLDC_PSP_URLS\2024-25\AUGUST\reports\11.08.24_NLDC_PSP.pdf,NLDC
499,PSP_Report_2024_08_12,C:\Users\arjun\Desktop\PSPreport\Output\NLDC_PSP_URLS\2024-25\AUGUST\reports\12.08.24_NLDC_PSP.pdf,NLDC
500,PSP_Report_2024_08_13,C:\Users\arjun\Desktop\PSPreport\Output\NLDC_PSP_URLS\2024-25\AUGUST\reports\13.08.24_NLDC_PSP.pdf,NLDC
501,PSP_Report_2024_08_14,C:\Users\arjun\Desktop\PSPreport\Output\NLDC_PSP_URLS\2024-25\AUGUST\reports\14.08.24_NLDC_PSP.pdf,NLDC
502,PSP_Report_2024_08_15,C:\Users\arjun\Desktop\PSPreport\Output\NLDC_PSP_URLS\2024-25\AUGUST\reports\15.08.24_NLDC_PSP.pdf,NLDC
503,PSP_Report_2024_08_16,C:\Users\arjun\Desktop\PSPreport\Output\NLDC_PSP_URLS\2024-25\AUGUST\reports\16.08.24_NLDC_PSP.pdf,NLDC
504,PSP_Report_2024_08_17,C:\Users\arjun\Desktop\PSPreport\Output\NLDC_PSP_URLS\2024-25\AUGUST\reports\17.08.24_NLDC_PSP.pdf,NLDC
505,PSP_Report_2024_08_18,C:\Users\arjun\Desktop\PSPreport\Output\NLDC_PSP_URLS\2024-25\AUGUST\reports\18.08.24_NLDC_PSP.pdf,NLDC
506,PSP_Report_2024_08_19,C:\Users\arjun\Desktop\PSPreport\Output\NLDC_PSP_URLS\2024-25\AUGUST\reports\19.08.24_NLDC_PSP.pdf,NLDC
507,PSP_Report_2024_08_20,C:\Users\arjun\Desktop\PSPreport\Output\NLDC_PSP_URLS\2024-25\AUGUST\reports\20.08.24_NLDC_PSP.pdf,NLDC
508,PSP_Report_2024_08_21,C:\Users\arjun\Desktop\PSPreport\Output\NLDC_PSP_URLS\2024-25\AUGUST\reports\21.08.24_NLDC_PSP.pdf,NLDC
509,PSP_Report_2024_08_22,C:\Users\arjun\Desktop\PSPreport\Output\NLDC_PSP_URLS\2024-25\AUGUST\reports\22.08.24_NLDC_PSP.pdf,NLDC
510,PSP_Report_2024_08_23,C:\Users\arjun\Desktop\PSPreport\Output\NLDC_PSP_URLS\2024-25\AUGUST\reports\23.08.24_NLDC_PSP.pdf,NLDC
511,PSP_Report_2024_08_24,C:\Users\arjun\Desktop\PSPreport\Output\NLDC_PSP_URLS\2024-25\AUGUST\reports\24.08.24_NLDC_PSP.pdf,NLDC
512,PSP_Report_2024_08_25,C:\Users\arjun\Desktop\PSPreport\Output\NLDC_PSP_URLS\2024-25\AUGUST\reports\25.08.24_NLDC_PSP.pdf,NLDC
513,PSP_Report_2024_08_26,C:\Users\arjun\Desktop\PSPreport\Output\NLDC_PSP_URLS\2024-25\AUGUST\reports\26.08.24_NLDC_PSP.pdf,NLDC
514,PSP_Report_2024_08_27,C:\Users\arjun\Desktop\PSPreport\Output\NLDC_PSP_URLS\2024-25\AUGUST\reports\27.08.24_NLDC_PSP.pdf,NLDC
515,PSP_Report_2024_08_28,C:\Users\arjun\Desktop\PSPreport\Output\NLDC_PSP_URLS\2024-25\AUGUST\reports\28.08.24_NLDC_PSP.pdf,NLDC
516,PSP_Report_2024_08_29,C:\Users\arjun\Desktop\PSPreport\Output\NLDC_PSP_URLS\2024-25\AUGUST\reports\29.08.24_NLDC_PSP.pdf,NLDC
517,PSP_Report_2024_08_30,C:\Users\arjun\Desktop\PSPreport\Output\NLDC_PSP_URLS\2024-25\AUGUST\reports\30.08.24_NLDC_PSP.pdf,NLDC
518,PSP_Report_2024_08_31,C:\Users\arjun\Desktop\PSPreport\Output\NLDC_PSP_URLS\2024-25\AUGUST\reports\31.08.24_NLDC_PSP.pdf,NLDC
519,PSP_Report_2024_09_01,C:\Users\arjun\Desktop\PSPreport\Output\NLDC_PSP_URLS\2024-25\SEPTEMBER\reports\01.09.24_NLDC_PSP.pdf,NLDC
520,PSP_Report_2024_09_02,C:\Users\arjun\Desktop\PSPreport\Output\NLDC_PSP_URLS\2024-25\SEPTEMBER\reports\02.09.24_NLDC_PSP.pdf,NLDC
521,PSP_Report_2024_09_03,C:\Users\arjun\Desktop\PSPreport\Output\NLDC_PSP_URLS\2024-25\SEPTEMBER\reports\03.09.24_NLDC_PSP.pdf,NLDC
522,PSP_Report_2024_09_04,C:\Users\arjun\Desktop\PSPreport\Output\NLDC_PSP_URLS\2024-25\SEPTEMBER\reports\04.09.24_NLDC_PSP.pdf,NLDC
523,PSP_Report_2024_09_05,C:\Users\arjun\Desktop\PSPreport\Output\NLDC_PSP_URLS\2024-25\SEPTEMBER\reports\05.09.24_NLDC_PSP.pdf,NLDC
524,PSP_Report_2024_09_06,C:\Users\arjun\Desktop\PSPreport\Output\NLDC_PSP_URLS\2024-25\SEPTEMBER\reports\06.09.24_NLDC_PSP.pdf,NLDC
525,PSP_Report_2024_09_07,C:\Users\arjun\Desktop\PSPreport\Output\NLDC_PSP_URLS\2024-25\SEPTEMBER\reports\07.09.24_NLDC_PSP.pdf,NLDC
526,PSP_Report_2024_09_08,C:\Users\arjun\Desktop\PSPreport\Output\NLDC_PSP_URLS\2024-25\SEPTEMBER\reports\08.09.24_NLDC_PSP.pdf,NLDC
527,PSP_Report_2024_09_09,C:\Users\arjun\Desktop\PSPreport\Output\NLDC_PSP_URLS\2024-25\SEPTEMBER\reports\09.09.24_NLDC_PSP.pdf,NLDC
528,PSP_Report_2024_09_10,C:\Users\arjun\Desktop\PSPreport\Output\NLDC_PSP_URLS\2024-25\SEPTEMBER\reports\10.09.24_NLDC_PSP.pdf,NLDC
529,PSP_Report_2024_09_11,C:\Users\arjun\Desktop\PSPreport\Output\NLDC_PSP_URLS\2024-25\SEPTEMBER\reports\11.09.24_NLDC_PSP.pdf,NLDC
530,PSP_Report_2024_09_12,C:\Users\arjun\Desktop\PSPreport\Output\NLDC_PSP_URLS\2024-25\SEPTEMBER\reports\12.09.24_NLDC_PSP.pdf,NLDC
531,PSP_Report_2024_09_13,C:\Users\arjun\Desktop\PSPreport\Output\NLDC_PSP_URLS\2024-25\SEPTEMBER\reports\13.09.24_NLDC_PSP.pdf,NLDC
532,PSP_Report_2024_09_14,C:\Users\arjun\Desktop\PSPreport\Output\NLDC_PSP_URLS\2024-25\SEPTEMBER\reports\14.09.24_NLDC_PSP.pdf,NLDC
533,PSP_Report_2024_09_15,C:\Users\arjun\Desktop\PSPreport\Output\NLDC_PSP_URLS\2024-25\SEPTEMBER\reports\15.09.24_NLDC_PSP.pdf,NLDC
534,PSP_Report_2024_09_16,C:\Users\arjun\Desktop\PSPreport\Output\NLDC_PSP_URLS\2024-25\SEPTEMBER\reports\16.09.24_NLDC_PSP.pdf,NLDC
535,PSP_Report_2024_09_17,C:\Users\arjun\Desktop\PSPreport\Output\NLDC_PSP_URLS\2024-25\SEPTEMBER\reports\17.09.24_NLDC_PSP.pdf,NLDC
536,PSP_Report_2024_09_18,C:\Users\arjun\Desktop\PSPreport\Output\NLDC_PSP_URLS\2024-25\SEPTEMBER\reports\18.09.24_NLDC_PSP.pdf,NLDC
537,PSP_Report_2024_09_19,C:\Users\arjun\Desktop\PSPreport\Output\NLDC_PSP_URLS\2024-25\SEPTEMBER\reports\19.09.24_NLDC_PSP.pdf,NLDC
538,PSP_Report_2024_09_20,C:\Users\arjun\Desktop\PSPreport\Output\NLDC_PSP_URLS\2024-25\SEPTEMBER\reports\20.09.24_NLDC_PSP.pdf,NLDC
539,PSP_Report_2024_09_21,C:\Users\arjun\Desktop\PSPreport\Output\NLDC_PSP_URLS\2024-25\SEPTEMBER\reports\21.09.24_NLDC_PSP.pdf,NLDC
540,PSP_Report_2024_09_22,C:\Users\arjun\Desktop\PSPreport\Output\NLDC_PSP_URLS\2024-25\SEPTEMBER\reports\22.09.24_NLDC_PSP.pdf,NLDC
541,PSP_Report_2024_09_23,C:\Users\arjun\Desktop\PSPreport\Output\NLDC_PSP_URLS\2024-25\SEPTEMBER\reports\23.09.24_NLDC_PSP.pdf,NLDC
542,PSP_Report_2024_09_24,C:\Users\arjun\Desktop\PSPreport\Output\NLDC_PSP_URLS\2024-25\SEPTEMBER\reports\24.09.24_NLDC_PSP.pdf,NLDC
543,PSP_Report_2024_09_25,C:\Users\arjun\Desktop\PSPreport\Output\NLDC_PSP_URLS\2024-25\SEPTEMBER\reports\25.09.24_NLDC_PSP.pdf,NLDC
544,PSP_Report_2024_09_26,C:\Users\arjun\Desktop\PSPreport\Output\NLDC_PSP_URLS\2024-25\SEPTEMBER\reports\26.09.24_NLDC_PSP.pdf,NLDC
545,PSP_Report_2024_09_27,C:\Users\arjun\Desktop\PSPreport\Output\NLDC_PSP_URLS\2024-25\SEPTEMBER\reports\27.09.24_NLDC_PSP.pdf,NLDC
546,PSP_Report_2024_09_28,C:\Users\arjun\Desktop\PSPreport\Output\NLDC_PSP_URLS\2024-25\SEPTEMBER\reports\28.09.24_NLDC_PSP.pdf,NLDC
547,PSP_Report_2024_09_29,C:\Users\arjun\Desktop\PSPreport\Output\NLDC_PSP_URLS\2024-25\SEPTEMBER\reports\29.09.24_NLDC_PSP.pdf,NLDC
548,PSP_Report_2024_09_30,C:\Users\arjun\Desktop\PSPreport\Output\NLDC_PSP_URLS\2024-25\SEPTEMBER\reports\30.09.24_NLDC_PSP.pdf,NLDC
549,PSP_Report_2024_10_01,C:\Users\arjun\Desktop\PSPreport\Output\NLDC_PSP_URLS\2024-25\OCTOBER\reports\01.10.24_NLDC_PSP.pdf,NLDC
550,PSP_Report_2024_10_02,C:\Users\arjun\Desktop\PSPreport\Output\NLDC_PSP_URLS\2024-25\OCTOBER\reports\02.10.24_NLDC_PSP.pdf,NLDC
551,PSP_Report_2024_10_03,C:\Users\arjun\Desktop\PSPreport\Output\NLDC_PSP_URLS\2024-25\OCTOBER\reports\03.10.24_NLDC_PSP.pdf,NLDC
552,PSP_Report_2024_10_04,C:\Users\arjun\Desktop\PSPreport\Output\NLDC_PSP_URLS\2024-25\OCTOBER\reports\04.10.24_NLDC_PSP.pdf,NLDC
553,PSP_Report_2024_10_05,C:\Users\arjun\Desktop\PSPreport\Output\NLDC_PSP_URLS\2024-25\OCTOBER\reports\05.10.24_NLDC_PSP.pdf,NLDC
554,PSP_Report_2024_10_06,C:\Users\arjun\Desktop\PSPreport\Output\NLDC_PSP_URLS\2024-25\OCTOBER\reports\06.10.24_NLDC_PSP.pdf,NLDC
555,PSP_Report_2024_10_07,C:\Users\arjun\Desktop\PSPreport\Output\NLDC_PSP_URLS\2024-25\OCTOBER\reports\07.10.24_NLDC_PSP.pdf,NLDC
556,PSP_Report_2024_10_08,C:\Users\arjun\Desktop\PSPreport\Output\NLDC_PSP_URLS\2024-25\OCTOBER\reports\08.10.24_NLDC_PSP.pdf,NLDC
557,PSP_Report_2024_10_09,C:\Users\arjun\Desktop\PSPreport\Output\NLDC_PSP_URLS\2024-25\OCTOBER\reports\09.10.24_NLDC_PSP.pdf,NLDC
558,PSP_Report_2024_10_10,C:\Users\arjun\Desktop\PSPreport\Output\NLDC_PSP_URLS\2024-25\OCTOBER\reports\10.10.24_NLDC_PSP.pdf,NLDC
559,PSP_Report_2024_10_11,C:\Users\arjun\Desktop\PSPreport\Output\NLDC_PSP_URLS\2024-25\OCTOBER\reports\11.10.24_NLDC_PSP.pdf,NLDC
560,PSP_Report_2024_10_12,C:\Users\arjun\Desktop\PSPreport\Output\NLDC_PSP_URLS\2024-25\OCTOBER\reports\12.10.24_NLDC_PSP.pdf,NLDC
561,PSP_Report_2024_10_13,C:\Users\arjun\Desktop\PSPreport\Output\NLDC_PSP_URLS\2024-25\OCTOBER\reports\13.10.24_NLDC_PSP.pdf,NLDC
562,PSP_Report_2024_10_14,C:\Users\arjun\Desktop\PSPreport\Output\NLDC_PSP_URLS\2024-25\OCTOBER\reports\14.10.24_NLDC_PSP.pdf,NLDC
563,PSP_Report_2024_10_15,C:\Users\arjun\Desktop\PSPreport\Output\NLDC_PSP_URLS\2024-25\OCTOBER\reports\15.10.24_NLDC_PSP.pdf,NLDC
564,PSP_Report_2024_10_16,C:\Users\arjun\Desktop\PSPreport\Output\NLDC_PSP_URLS\2024-25\OCTOBER\reports\16.10.24_NLDC_PSP.pdf,NLDC
565,PSP_Report_2024_10_17,C:\Users\arjun\Desktop\PSPreport\Output\NLDC_PSP_URLS\2024-25\OCTOBER\reports\17.10.24_NLDC_PSP.pdf,NLDC
566,PSP_Report_2024_10_18,C:\Users\arjun\Desktop\PSPreport\Output\NLDC_PSP_URLS\2024-25\OCTOBER\reports\18.10.24_NLDC_PSP.pdf,NLDC
567,PSP_Report_2024_10_19,C:\Users\arjun\Desktop\PSPreport\Output\NLDC_PSP_URLS\2024-25\OCTOBER\reports\19.10.24_NLDC_PSP.pdf,NLDC
568,PSP_Report_2024_10_20,C:\Users\arjun\Desktop\PSPreport\Output\NLDC_PSP_URLS\2024-25\OCTOBER\reports\20.10.24_NLDC_PSP.pdf,NLDC
569,PSP_Report_2024_10_21,C:\Users\arjun\Desktop\PSPreport\Output\NLDC_PSP_URLS\2024-25\OCTOBER\reports\21.10.24_NLDC_PSP.pdf,NLDC
570,PSP_Report_2024_10_22,C:\Users\arjun\Desktop\PSPreport\Output\NLDC_PSP_URLS\2024-25\OCTOBER\reports\22.10.24_NLDC_PSP.pdf,NLDC
571,PSP_Report_2024_10_23,C:\Users\arjun\Desktop\PSPreport\Output\NLDC_PSP_URLS\2024-25\OCTOBER\reports\23.10.24_NLDC_PSP.pdf,NLDC
572,PSP_Report_2024_10_24,C:\Users\arjun\Desktop\PSPreport\Output\NLDC_PSP_URLS\2024-25\OCTOBER\reports\24.10.24_NLDC_PSP.pdf,NLDC
573,PSP_Report_2024_10_25,C:\Users\arjun\Desktop\PSPreport\Output\NLDC_PSP_URLS\2024-25\OCTOBER\reports\25.10.24_NLDC_PSP.pdf,NLDC
574,PSP_Report_2024_10_26,C:\Users\arjun\Desktop\PSPreport\Output\NLDC_PSP_URLS\2024-25\OCTOBER\reports\26.10.24_NLDC_PSP.pdf,NLDC
575,PSP_Report_2024_10_27,C:\Users\arjun\Desktop\PSPreport\Output\NLDC_PSP_URLS\2024-25\OCTOBER\reports\27.10.24_NLDC_PSP.pdf,NLDC
576,PSP_Report_2024_10_28,C:\Users\arjun\Desktop\PSPreport\Output\NLDC_PSP_URLS\2024-25\OCTOBER\reports\28.10.24_NLDC_PSP.pdf,NLDC
577,PSP_Report_2024_10_29,C:\Users\arjun\Desktop\PSPreport\Output\NLDC_PSP_URLS\2024-25\OCTOBER\reports\29.10.24_NLDC_PSP.pdf,NLDC
578,PSP_Report_2024_10_30,C:\Users\arjun\Desktop\PSPreport\Output\NLDC_PSP_URLS\2024-25\OCTOBER\reports\30.10.24_NLDC_PSP.pdf,NLDC
579,PSP_Report_2024_10_31,C:\Users\arjun\Desktop\PSPreport\Output\NLDC_PSP_URLS\2024-25\OCTOBER\reports\31.10.24_NLDC_PSP.pdf,NLDC
580,PSP_Report_2024_11_01,C:\Users\arjun\Desktop\PSPreport\Output\NLDC_PSP_URLS\2024-25\NOVEMBER\reports\01.11.24_NLDC_PSP.pdf,NLDC
581,PSP_Report_2024_11_02,C:\Users\arjun\Desktop\PSPreport\Output\NLDC_PSP_URLS\2024-25\NOVEMBER\reports\02.11.24_NLDC_PSP.pdf,NLDC
582,PSP_Report_2024_11_03,C:\Users\arjun\Desktop\PSPreport\Output\NLDC_PSP_URLS\2024-25\NOVEMBER\reports\03.11.24_NLDC_PSP.pdf,NLDC
583,PSP_Report_2024_11_04,C:\Users\arjun\Desktop\PSPreport\Output\NLDC_PSP_URLS\2024-25\NOVEMBER\reports\04.11.24_NLDC_PSP.pdf,NLDC
584,PSP_Report_2024_11_05,C:\Users\arjun\Desktop\PSPreport\Output\NLDC_PSP_URLS\2024-25\NOVEMBER\reports\05.11.24_NLDC_PSP.pdf,NLDC
585,PSP_Report_2024_11_06,C:\Users\arjun\Desktop\PSPreport\Output\NLDC_PSP_URLS\2024-25\NOVEMBER\reports\06.11.24_NLDC_PSP.pdf,NLDC
586,PSP_Report_2024_11_07,C:\Users\arjun\Desktop\PSPreport\Output\NLDC_PSP_URLS\2024-25\NOVEMBER\reports\07.11.24_NLDC_PSP.pdf,NLDC
587,PSP_Report_2024_11_08,C:\Users\arjun\Desktop\PSPreport\Output\NLDC_PSP_URLS\2024-25\NOVEMBER\reports\08.11.24_NLDC_PSP.pdf,NLDC
588,PSP_Report_2024_11_09,C:\Users\arjun\Desktop\PSPreport\Output\NLDC_PSP_URLS\2024-25\NOVEMBER\reports\09.11.24_NLDC_PSP.pdf,NLDC
589,PSP_Report_2024_11_10,C:\Users\arjun\Desktop\PSPreport\Output\NLDC_PSP_URLS\2024-25\NOVEMBER\reports\10.11.24_NLDC_PSP.pdf,NLDC
590,PSP_Report_2024_11_11,C:\Users\arjun\Desktop\PSPreport\Output\NLDC_PSP_URLS\2024-25\NOVEMBER\reports\11.11.24_NLDC_PSP.pdf,NLDC
591,PSP_Report_2024_11_12,C:\Users\arjun\Desktop\PSPreport\Output\NLDC_PSP_URLS\2024-25\NOVEMBER\reports\12.11.24_NLDC_PSP.pdf,NLDC
592,PSP_Report_2024_11_13,C:\Users\arjun\Desktop\PSPreport\Output\NLDC_PSP_URLS\2024-25\NOVEMBER\reports\13.11.24_NLDC_PSP.pdf,NLDC
593,PSP_Report_2024_11_14,C:\Users\arjun\Desktop\PSPreport\Output\NLDC_PSP_URLS\2024-25\NOVEMBER\reports\14.11.24_NLDC_PSP.pdf,NLDC
594,PSP_Report_2024_11_15,C:\Users\arjun\Desktop\PSPreport\Output\NLDC_PSP_URLS\2024-25\NOVEMBER\reports\15.11.24_NLDC_PSP.pdf,NLDC
595,PSP_Report_2024_11_16,C:\Users\arjun\Desktop\PSPreport\Output\NLDC_PSP_URLS\2024-25\NOVEMBER\reports\16.11.24_NLDC_PSP.pdf,NLDC
596,PSP_Report_2024_11_17,C:\Users\arjun\Desktop\PSPreport\Output\NLDC_PSP_URLS\2024-25\NOVEMBER\reports\17.11.24_NLDC_PSP.pdf,NLDC
597,PSP_Report_2024_11_18,C:\Users\arjun\Desktop\PSPreport\Output\NLDC_PSP_URLS\2024-25\NOVEMBER\reports\18.11.24_NLDC_PSP.pdf,NLDC
598,PSP_Report_2024_11_19,C:\Users\arjun\Desktop\PSPreport\Output\NLDC_PSP_URLS\2024-25\NOVEMBER\reports\19.11.24_NLDC_PSP.pdf,NLDC
599,PSP_Report_2024_11_20,C:\Users\arjun\Desktop\PSPreport\Output\NLDC_PSP_URLS\2024-25\NOVEMBER\reports\20.11.24_NLDC_PSP.pdf,NLDC
600,PSP_Report_2024_11_21,C:\Users\arjun\Desktop\PSPreport\Output\NLDC_PSP_URLS\2024-25\NOVEMBER\reports\21.11.24_NLDC_PSP.pdf,NLDC
601,PSP_Report_2024_11_22,C:\Users\arjun\Desktop\PSPreport\Output\NLDC_PSP_URLS\2024-25\NOVEMBER\reports\22.11.24_NLDC_PSP.pdf,NLDC
602,PSP_Report_2024_11_23,C:\Users\arjun\Desktop\PSPreport\Output\NLDC_PSP_URLS\2024-25\NOVEMBER\reports\23.11.24_NLDC_PSP.pdf,NLDC
603,PSP_Report_2024_11_24,C:\Users\arjun\Desktop\PSPreport\Output\NLDC_PSP_URLS\2024-25\NOVEMBER\reports\24.11.24_NLDC_PSP.pdf,NLDC
604,PSP_Report_2024_11_25,C:\Users\arjun\Desktop\PSPreport\Output\NLDC_PSP_URLS\2024-25\NOVEMBER\reports\25.11.24_NLDC_PSP.pdf,NLDC
605,PSP_Report_2024_11_26,C:\Users\arjun\Desktop\PSPreport\Output\NLDC_PSP_URLS\2024-25\NOVEMBER\reports\26.11.24_NLDC_PSP.pdf,NLDC
606,PSP_Report_2024_11_27,C:\Users\arjun\Desktop\PSPreport\Output\NLDC_PSP_URLS\2024-25\NOVEMBER\reports\27.11.24_NLDC_PSP.pdf,NLDC
607,PSP_Report_2024_11_28,C:\Users\arjun\Desktop\PSPreport\Output\NLDC_PSP_URLS\2024-25\NOVEMBER\reports\28.11.24_NLDC_PSP.pdf,NLDC
608,PSP_Report_2024_11_29,C:\Users\arjun\Desktop\PSPreport\Output\NLDC_PSP_URLS\2024-25\NOVEMBER\reports\29.11.24_NLDC_PSP.pdf,NLDC
609,PSP_Report_2024_11_30,C:\Users\arjun\Desktop\PSPreport\Output\NLDC_PSP_URLS\2024-25\NOVEMBER\reports\30.11.24_NLDC_PSP.pdf,NLDC
610,PSP_Report_2024_12_01,C:\Users\arjun\Desktop\PSPreport\Output\NLDC_PSP_URLS\2024-25\DECEMBER\reports\01.12.24_NLDC_PSP.pdf,NLDC
611,PSP_Report_2024_12_02,C:\Users\arjun\Desktop\PSPreport\Output\NLDC_PSP_URLS\2024-25\DECEMBER\reports\02.12.24_NLDC_PSP.pdf,NLDC
612,PSP_Report_2024_12_03,C:\Users\arjun\Desktop\PSPreport\Output\NLDC_PSP_URLS\2024-25\DECEMBER\reports\03.12.24_NLDC_PSP.pdf,NLDC
613,PSP_Report_2024_12_04,C:\Users\arjun\Desktop\PSPreport\Output\NLDC_PSP_URLS\2024-25\DECEMBER\reports\04.12.24_NLDC_PSP.pdf,NLDC
614,PSP_Report_2024_12_05,C:\Users\arjun\Desktop\PSPreport\Output\NLDC_PSP_URLS\2024-25\DECEMBER\reports\05.12.24_NLDC_PSP.pdf,NLDC
615,PSP_Report_2024_12_06,C:\Users\arjun\Desktop\PSPreport\Output\NLDC_PSP_URLS\2024-25\DECEMBER\reports\06.12.24_NLDC_PSP.pdf,NLDC
616,PSP_Report_2024_12_07,C:\Users\arjun\Desktop\PSPreport\Output\NLDC_PSP_URLS\2024-25\DECEMBER\reports\07.12.24_NLDC_PSP.pdf,NLDC
617,PSP_Report_2024_12_08,C:\Users\arjun\Desktop\PSPreport\Output\NLDC_PSP_URLS\2024-25\DECEMBER\reports\08.12.24_NLDC_PSP.pdf,NLDC
618,PSP_Report_2024_12_09,C:\Users\arjun\Desktop\PSPreport\Output\NLDC_PSP_URLS\2024-25\DECEMBER\reports\09.12.24_NLDC_PSP.pdf,NLDC
619,PSP_Report_2024_12_10,C:\Users\arjun\Desktop\PSPreport\Output\NLDC_PSP_URLS\2024-25\DECEMBER\reports\10.12.24_NLDC_PSP.pdf,NLDC
620,PSP_Report_2024_12_11,C:\Users\arjun\Desktop\PSPreport\Output\NLDC_PSP_URLS\2024-25\DECEMBER\reports\11.12.24_NLDC_PSP.pdf,NLDC
621,PSP_Report_2024_12_12,C:\Users\arjun\Desktop\PSPreport\Output\NLDC_PSP_URLS\2024-25\DECEMBER\reports\12.12.24_NLDC_PSP.pdf,NLDC
622,PSP_Report_2024_12_13,C:\Users\arjun\Desktop\PSPreport\Output\NLDC_PSP_URLS\2024-25\DECEMBER\reports\13.12.24_NLDC_PSP.pdf,NLDC
623,PSP_Report_2024_12_14,C:\Users\arjun\Desktop\PSPreport\Output\NLDC_PSP_URLS\2024-25\DECEMBER\reports\14.12.24_NLDC_PSP.pdf,NLDC
624,PSP_Report_2024_12_15,C:\Users\arjun\Desktop\PSPreport\Output\NLDC_PSP_URLS\2024-25\DECEMBER\reports\15.12.24_NLDC_PSP.pdf,NLDC
625,PSP_Report_2024_12_16,C:\Users\arjun\Desktop\PSPreport\Output\NLDC_PSP_URLS\2024-25\DECEMBER\reports\16.12.24_NLDC_PSP.pdf,NLDC
626,PSP_Report_2024_12_17,C:\Users\arjun\Desktop\PSPreport\Output\NLDC_PSP_URLS\2024-25\DECEMBER\reports\17.12.24_NLDC_PSP.pdf,NLDC
627,PSP_Report_2024_12_18,C:\Users\arjun\Desktop\PSPreport\Output\NLDC_PSP_URLS\2024-25\DECEMBER\reports\18.12.24_NLDC_PSP.pdf,NLDC
628,PSP_Report_2024_12_19,C:\Users\arjun\Desktop\PSPreport\Output\NLDC_PSP_URLS\2024-25\DECEMBER\reports\19.12.24_NLDC_PSP.pdf,NLDC
629,PSP_Report_2024_12_20,C:\Users\arjun\Desktop\PSPreport\Output\NLDC_PSP_URLS\2024-25\DECEMBER\reports\20.12.24_NLDC_PSP.pdf,NLDC
630,PSP_Report_2024_12_21,C:\Users\arjun\Desktop\PSPreport\Output\NLDC_PSP_URLS\2024-25\DECEMBER\reports\21.12.24_NLDC_PSP.pdf,NLDC
631,PSP_Report_2024_12_22,C:\Users\arjun\Desktop\PSPreport\Output\NLDC_PSP_URLS\2024-25\DECEMBER\reports\22.12.24_NLDC_PSP.pdf,NLDC
632,PSP_Report_2024_12_23,C:\Users\arjun\Desktop\PSPreport\Output\NLDC_PSP_URLS\2024-25\DECEMBER\reports\23.12.24_NLDC_PSP.pdf,NLDC
633,PSP_Report_2024_12_24,C:\Users\arjun\Desktop\PSPreport\Output\NLDC_PSP_URLS\2024-25\DECEMBER\reports\24.12.24_NLDC_PSP.pdf,NLDC
634,PSP_Report_2024_12_25,C:\Users\arjun\Desktop\PSPreport\Output\NLDC_PSP_URLS\2024-25\DECEMBER\reports\25.12.24_NLDC_PSP.pdf,NLDC
635,PSP_Report_2024_12_26,C:\Users\arjun\Desktop\PSPreport\Output\NLDC_PSP_URLS\2024-25\DECEMBER\reports\26.12.24_NLDC_PSP.pdf,NLDC
636,PSP_Report_2024_12_27,C:\Users\arjun\Desktop\PSPreport\Output\NLDC_PSP_URLS\2024-25\DECEMBER\reports\27.12.24_NLDC_PSP.pdf,NLDC
637,PSP_Report_2024_12_28,C:\Users\arjun\Desktop\PSPreport\Output\NLDC_PSP_URLS\2024-25\DECEMBER\reports\28.12.24_NLDC_PSP.pdf,NLDC
638,PSP_Report_2024_12_29,C:\Users\arjun\Desktop\PSPreport\Output\NLDC_PSP_URLS\2024-25\DECEMBER\reports\29.12.24_NLDC_PSP.pdf,NLDC
639,PSP_Report_2025_01_01,C:\Users\arjun\Desktop\PSPreport\Output\NLDC_PSP_URLS\2024-25\JANUARY\reports\01.01.25_NLDC_PSP.pdf,NLDC
640,PSP_Report_2025_01_02,C:\Users\arjun\Desktop\PSPreport\Output\NLDC_PSP_URLS\2024-25\JANUARY\reports\02.01.25_NLDC_PSP.pdf,NLDC
641,PSP_Report_2025_01_03,C:\Users\arjun\Desktop\PSPreport\Output\NLDC_PSP_URLS\2024-25\JANUARY\reports\03.01.25_NLDC_PSP.pdf,NLDC
642,PSP_Report_2025_01_04,C:\Users\arjun\Desktop\PSPreport\Output\NLDC_PSP_URLS\2024-25\JANUARY\reports\04.01.25_NLDC_PSP.pdf,NLDC
643,PSP_Report_2025_01_05,C:\Users\arjun\Desktop\PSPreport\Output\NLDC_PSP_URLS\2024-25\JANUARY\reports\05.01.25_NLDC_PSP.pdf,NLDC
644,PSP_Report_2025_01_06,C:\Users\arjun\Desktop\PSPreport\Output\NLDC_PSP_URLS\2024-25\JANUARY\reports\06.01.25_NLDC_PSP.pdf,NLDC
645,PSP_Report_2025_01_07,C:\Users\arjun\Desktop\PSPreport\Output\NLDC_PSP_URLS\2024-25\JANUARY\reports\07.01.25_NLDC_PSP.pdf,NLDC
646,PSP_Report_2025_01_08,C:\Users\arjun\Desktop\PSPreport\Output\NLDC_PSP_URLS\2024-25\JANUARY\reports\08.01.25_NLDC_PSP.pdf,NLDC
647,PSP_Report_2025_01_09,C:\Users\arjun\Desktop\PSPreport\Output\NLDC_PSP_URLS\2024-25\JANUARY\reports\09.01.25_NLDC_PSP.pdf,NLDC
648,PSP_Report_2025_01_10,C:\Users\arjun\Desktop\PSPreport\Output\NLDC_PSP_URLS\2024-25\JANUARY\reports\10.01.25_NLDC_PSP.pdf,NLDC
649,PSP_Report_2025_01_11,C:\Users\arjun\Desktop\PSPreport\Output\NLDC_PSP_URLS\2024-25\JANUARY\reports\11.01.25_NLDC_PSP.pdf,NLDC
650,PSP_Report_2025_01_12,C:\Users\arjun\Desktop\PSPreport\Output\NLDC_PSP_URLS\2024-25\JANUARY\reports\12.01.25_NLDC_PSP.pdf,NLDC
651,PSP_Report_2025_01_13,C:\Users\arjun\Desktop\PSPreport\Output\NLDC_PSP_URLS\2024-25\JANUARY\reports\13.01.25_NLDC_PSP.pdf,NLDC
652,PSP_Report_2025_01_14,C:\Users\arjun\Desktop\PSPreport\Output\NLDC_PSP_URLS\2024-25\JANUARY\reports\14.01.25_NLDC_PSP.pdf,NLDC
653,PSP_Report_2025_01_15,C:\Users\arjun\Desktop\PSPreport\Output\NLDC_PSP_URLS\2024-25\JANUARY\reports\15.01.25_NLDC_PSP.pdf,NLDC
654,PSP_Report_2025_01_16,C:\Users\arjun\Desktop\PSPreport\Output\NLDC_PSP_URLS\2024-25\JANUARY\reports\16.01.25_NLDC_PSP.pdf,NLDC
655,PSP_Report_2025_01_17,C:\Users\arjun\Desktop\PSPreport\Output\NLDC_PSP_URLS\2024-25\JANUARY\reports\17.01.25_NLDC_PSP.pdf,NLDC
656,PSP_Report_2025_01_18,C:\Users\arjun\Desktop\PSPreport\Output\NLDC_PSP_URLS\2024-25\JANUARY\reports\18.01.25_NLDC_PSP.pdf,NLDC
657,PSP_Report_2025_01_19,C:\Users\arjun\Desktop\PSPreport\Output\NLDC_PSP_URLS\2024-25\JANUARY\reports\19.01.25_NLDC_PSP.pdf,NLDC
658,PSP_Report_2025_01_20,C:\Users\arjun\Desktop\PSPreport\Output\NLDC_PSP_URLS\2024-25\JANUARY\reports\20.01.25_NLDC_PSP.pdf,NLDC
659,PSP_Report_2025_01_21,C:\Users\arjun\Desktop\PSPreport\Output\NLDC_PSP_URLS\2024-25\JANUARY\reports\21.01.25_NLDC_PSP.pdf,NLDC
660,PSP_Report_2025_01_22,C:\Users\arjun\Desktop\PSPreport\Output\NLDC_PSP_URLS\2024-25\JANUARY\reports\22.01.25_NLDC_PSP.pdf,NLDC
661,PSP_Report_2025_01_23,C:\Users\arjun\Desktop\PSPreport\Output\NLDC_PSP_URLS\2024-25\JANUARY\reports\23.01.25_NLDC_PSP.pdf,NLDC
662,PSP_Report_2025_01_24,C:\Users\arjun\Desktop\PSPreport\Output\NLDC_PSP_URLS\2024-25\JANUARY\reports\24.01.25_NLDC_PSP.pdf,NLDC
663,PSP_Report_2025_01_25,C:\Users\arjun\Desktop\PSPreport\Output\NLDC_PSP_URLS\2024-25\JANUARY\reports\25.01.25_NLDC_PSP.pdf,NLDC
664,PSP_Report_2025_01_26,C:\Users\arjun\Desktop\PSPreport\Output\NLDC_PSP_URLS\2024-25\JANUARY\reports\26.01.25_NLDC_PSP.pdf,NLDC
665,PSP_Report_2025_01_27,C:\Users\arjun\Desktop\PSPreport\Output\NLDC_PSP_URLS\2024-25\JANUARY\reports\27.01.25_NLDC_PSP.pdf,NLDC
666,PSP_Report_2025_01_28,C:\Users\arjun\Desktop\PSPreport\Output\NLDC_PSP_URLS\2024-25\JANUARY\reports\28.01.25_NLDC_PSP.pdf,NLDC
667,PSP_Report_2025_01_29,C:\Users\arjun\Desktop\PSPreport\Output\NLDC_PSP_URLS\2024-25\JANUARY\reports\29.01.25_NLDC_PSP.pdf,NLDC
668,PSP_Report_2025_01_30,C:\Users\arjun\Desktop\PSPreport\Output\NLDC_PSP_URLS\2024-25\JANUARY\reports\30.01.25_NLDC_PSP.pdf,NLDC
669,PSP_Report_2025_01_31,C:\Users\arjun\Desktop\PSPreport\Output\NLDC_PSP_URLS\2024-25\JANUARY\reports\31.01.25_NLDC_PSP.pdf,NLDC
670,PSP_Report_2025_02_01,C:\Users\arjun\Desktop\PSPreport\Output\NLDC_PSP_URLS\2024-25\FEBRUARY\reports\01.02.25_NLDC_PSP.pdf,NLDC
671,PSP_Report_2025_02_02,C:\Users\arjun\Desktop\PSPreport\Output\NLDC_PSP_URLS\2024-25\FEBRUARY\reports\02.02.25_NLDC_PSP.pdf,NLDC
672,PSP_Report_2025_02_03,C:\Users\arjun\Desktop\PSPreport\Output\NLDC_PSP_URLS\2024-25\FEBRUARY\reports\03.02.25_NLDC_PSP.pdf,NLDC
673,PSP_Report_2025_02_04,C:\Users\arjun\Desktop\PSPreport\Output\NLDC_PSP_URLS\2024-25\FEBRUARY\reports\04.02.25_NLDC_PSP.pdf,NLDC
674,PSP_Report_2025_02_05,C:\Users\arjun\Desktop\PSPreport\Output\NLDC_PSP_URLS\2024-25\FEBRUARY\reports\05.02.25_NLDC_PSP.pdf,NLDC
675,PSP_Report_2025_02_06,C:\Users\arjun\Desktop\PSPreport\Output\NLDC_PSP_URLS\2024-25\FEBRUARY\reports\06.02.25_NLDC_PSP.pdf,NLDC
676,PSP_Report_2025_02_07,C:\Users\arjun\Desktop\PSPreport\Output\NLDC_PSP_URLS\2024-25\FEBRUARY\reports\07.02.25_NLDC_PSP.pdf,NLDC
677,PSP_Report_2025_02_08,C:\Users\arjun\Desktop\PSPreport\Output\NLDC_PSP_URLS\2024-25\FEBRUARY\reports\08.02.25_NLDC_PSP.pdf,NLDC
678,PSP_Report_2025_02_09,C:\Users\arjun\Desktop\PSPreport\Output\NLDC_PSP_URLS\2024-25\FEBRUARY\reports\09.02.25_NLDC_PSP.pdf,NLDC
679,PSP_Report_2025_02_10,C:\Users\arjun\Desktop\PSPreport\Output\NLDC_PSP_URLS\2024-25\FEBRUARY\reports\10.02.25_NLDC_PSP.pdf,NLDC
680,PSP_Report_2025_02_11,C:\Users\arjun\Desktop\PSPreport\Output\NLDC_PSP_URLS\2024-25\FEBRUARY\reports\11.02.25_NLDC_PSP.pdf,NLDC
681,PSP_Report_2025_02_12,C:\Users\arjun\Desktop\PSPreport\Output\NLDC_PSP_URLS\2024-25\FEBRUARY\reports\12.02.25_NLDC_PSP.pdf,NLDC
682,PSP_Report_2025_02_13,C:\Users\arjun\Desktop\PSPreport\Output\NLDC_PSP_URLS\2024-25\FEBRUARY\reports\13.02.25_NLDC_PSP.pdf,NLDC
683,PSP_Report_2025_02_14,C:\Users\arjun\Desktop\PSPreport\Output\NLDC_PSP_URLS\2024-25\FEBRUARY\reports\14.02.25_NLDC_PSP.pdf,NLDC
684,PSP_Report_2025_02_15,C:\Users\arjun\Desktop\PSPreport\Output\NLDC_PSP_URLS\2024-25\FEBRUARY\reports\15.02.25_NLDC_PSP.pdf,NLDC
685,PSP_Report_2025_02_16,C:\Users\arjun\Desktop\PSPreport\Output\NLDC_PSP_URLS\2024-25\FEBRUARY\reports\16.02.25_NLDC_PSP.pdf,NLDC
686,PSP_Report_2025_02_17,C:\Users\arjun\Desktop\PSPreport\Output\NLDC_PSP_URLS\2024-25\FEBRUARY\reports\17.02.25_NLDC_PSP.pdf,NLDC
687,PSP_Report_2025_02_18,C:\Users\arjun\Desktop\PSPreport\Output\NLDC_PSP_URLS\2024-25\FEBRUARY\reports\18.02.25_NLDC_PSP.pdf,NLDC
688,PSP_Report_2025_02_19,C:\Users\arjun\Desktop\PSPreport\Output\NLDC_PSP_URLS\2024-25\FEBRUARY\reports\19.02.25_NLDC_PSP.pdf,NLDC
689,PSP_Report_2025_02_20,C:\Users\arjun\Desktop\PSPreport\Output\NLDC_PSP_URLS\2024-25\FEBRUARY\reports\20.02.25_NLDC_PSP.pdf,NLDC
690,PSP_Report_2025_02_21,C:\Users\arjun\Desktop\PSPreport\Output\NLDC_PSP_URLS\2024-25\FEBRUARY\reports\21.02.25_NLDC_PSP.pdf,NLDC
691,PSP_Report_2025_02_22,C:\Users\arjun\Desktop\PSPreport\Output\NLDC_PSP_URLS\2024-25\FEBRUARY\reports\22.02.25_NLDC_PSP.pdf,NLDC
692,PSP_Report_2025_02_23,C:\Users\arjun\Desktop\PSPreport\Output\NLDC_PSP_URLS\2024-25\FEBRUARY\reports\23.02.25_NLDC_PSP.pdf,NLDC
693,PSP_Report_2025_02_24,C:\Users\arjun\Desktop\PSPreport\Output\NLDC_PSP_URLS\2024-25\FEBRUARY\reports\24.02.25_NLDC_PSP.pdf,NLDC
694,PSP_Report_2025_02_25,C:\Users\arjun\Desktop\PSPreport\Output\NLDC_PSP_URLS\2024-25\FEBRUARY\reports\25.02.25_NLDC_PSP.pdf,NLDC
695,PSP_Report_2025_02_26,C:\Users\arjun\Desktop\PSPreport\Output\NLDC_PSP_URLS\2024-25\FEBRUARY\reports\26.02.25_NLDC_PSP.pdf,NLDC
696,PSP_Report_2025_02_27,C:\Users\arjun\Desktop\PSPreport\Output\NLDC_PSP_URLS\2024-25\FEBRUARY\reports\27.02.25_NLDC_PSP.pdf,NLDC
697,PSP_Report_2025_02_28,C:\Users\arjun\Desktop\PSPreport\Output\NLDC_PSP_URLS\2024-25\FEBRUARY\reports\28.02.25_NLDC_PSP.pdf,NLDC
698,PSP_Report_2025_03_01,C:\Users\arjun\Desktop\PSPreport\Output\NLDC_PSP_URLS\2024-25\MARCH\reports\01.03.25_NLDC_PSP.pdf,NLDC
699,PSP_Report_2025_03_02,C:\Users\arjun\Desktop\PSPreport\Output\NLDC_PSP_URLS\2024-25\MARCH\reports\02.03.25_NLDC_PSP.pdf,NLDC
700,PSP_Report_2025_03_03,C:\Users\arjun\Desktop\PSPreport\Output\NLDC_PSP_URLS\2024-25\MARCH\reports\03.03.25_NLDC_PSP.pdf,NLDC
701,PSP_Report_2025_03_04,C:\Users\arjun\Desktop\PSPreport\Output\NLDC_PSP_URLS\2024-25\MARCH\reports\04.03.25_NLDC_PSP.pdf,NLDC
702,PSP_Report_2025_03_05,C:\Users\arjun\Desktop\PSPreport\Output\NLDC_PSP_URLS\2024-25\MARCH\reports\05.03.25_NLDC_PSP.pdf,NLDC
704,PSP_Report_2025_03_07,C:\Users\arjun\Desktop\PSPreport\Output\NLDC_PSP_URLS\2024-25\MARCH\reports\07.03.25_NLDC_PSP.pdf,NLDC
705,PSP_Report_2025_03_08,C:\Users\arjun\Desktop\PSPreport\Output\NLDC_PSP_URLS\2024-25\MARCH\reports\08.03.25_NLDC_PSP.pdf,NLDC
706,PSP_Report_2025_03_09,C:\Users\arjun\Desktop\PSPreport\Output\NLDC_PSP_URLS\2024-25\MARCH\reports\09.03.25_NLDC_PSP.pdf,NLDC
707,PSP_Report_2025_03_10,C:\Users\arjun\Desktop\PSPreport\Output\NLDC_PSP_URLS\2024-25\MARCH\reports\10.03.25_NLDC_PSP.pdf,NLDC
708,PSP_Report_2025_03_11,C:\Users\arjun\Desktop\PSPreport\Output\NLDC_PSP_URLS\2024-25\MARCH\reports\11.03.25_NLDC_PSP.pdf,NLDC
709,PSP_Report_2025_03_12,C:\Users\arjun\Desktop\PSPreport\Output\NLDC_PSP_URLS\2024-25\MARCH\reports\12.03.25_NLDC_PSP.pdf,NLDC
710,PSP_Report_2025_03_13,C:\Users\arjun\Desktop\PSPreport\Output\NLDC_PSP_URLS\2024-25\MARCH\reports\13.03.25_NLDC_PSP.pdf,NLDC
711,PSP_Report_2025_03_14,C:\Users\arjun\Desktop\PSPreport\Output\NLDC_PSP_URLS\2024-25\MARCH\reports\14.03.25_NLDC_PSP.pdf,NLDC
712,PSP_Report_2025_03_15,C:\Users\arjun\Desktop\PSPreport\Output\NLDC_PSP_URLS\2024-25\MARCH\reports\15.03.25_NLDC_PSP.pdf,NLDC
713,PSP_Report_2025_03_16,C:\Users\arjun\Desktop\PSPreport\Output\NLDC_PSP_URLS\2024-25\MARCH\reports\16.03.25_NLDC_PSP.pdf,NLDC
714,PSP_Report_2025_03_17,C:\Users\arjun\Desktop\PSPreport\Output\NLDC_PSP_URLS\2024-25\MARCH\reports\17.03.25_NLDC_PSP.pdf,NLDC
715,PSP_Report_2025_03_18,C:\Users\arjun\Desktop\PSPreport\Output\NLDC_PSP_URLS\2024-25\MARCH\reports\18.03.25_NLDC_PSP.pdf,NLDC
716,PSP_Report_2025_03_19,C:\Users\arjun\Desktop\PSPreport\Output\NLDC_PSP_URLS\2024-25\MARCH\reports\19.03.25_NLDC_PSP.pdf,NLDC
717,PSP_Report_2025_03_20,C:\Users\arjun\Desktop\PSPreport\Output\NLDC_PSP_URLS\2024-25\MARCH\reports\20.03.25_NLDC_PSP.pdf,NLDC
718,PSP_Report_2025_03_21,C:\Users\arjun\Desktop\PSPreport\Output\NLDC_PSP_URLS\2024-25\MARCH\reports\21.03.25_NLDC_PSP.pdf,NLDC
719,PSP_Report_2025_03_22,C:\Users\arjun\Desktop\PSPreport\Output\NLDC_PSP_URLS\2024-25\MARCH\reports\22.03.25_NLDC_PSP.pdf,NLDC
720,PSP_Report_2025_03_23,C:\Users\arjun\Desktop\PSPreport\Output\NLDC_PSP_URLS\2024-25\MARCH\reports\23.03.25_NLDC_PSP.pdf,NLDC
721,PSP_Report_2025_03_24,C:\Users\arjun\Desktop\PSPreport\Output\NLDC_PSP_URLS\2024-25\MARCH\reports\24.03.25_NLDC_PSP.pdf,NLDC
722,PSP_Report_2025_03_25,C:\Users\arjun\Desktop\PSPreport\Output\NLDC_PSP_URLS\2024-25\MARCH\reports\25.03.25_NLDC_PSP.pdf,NLDC
723,PSP_Report_2025_03_26,C:\Users\arjun\Desktop\PSPreport\Output\NLDC_PSP_URLS\2024-25\MARCH\reports\26.03.25_NLDC_PSP.pdf,NLDC
724,PSP_Report_2025_03_27,C:\Users\arjun\Desktop\PSPreport\Output\NLDC_PSP_URLS\2024-25\MARCH\reports\27.03.25_NLDC_PSP.pdf,NLDC
725,PSP_Report_2025_03_28,C:\Users\arjun\Desktop\PSPreport\Output\NLDC_PSP_URLS\2024-25\MARCH\reports\28.03.25_NLDC_PSP.pdf,NLDC
726,PSP_Report_2025_03_29,C:\Users\arjun\Desktop\PSPreport\Output\NLDC_PSP_URLS\2024-25\MARCH\reports\29.03.25_NLDC_PSP.pdf,NLDC
727,PSP_Report_2025_03_30,C:\Users\arjun\Desktop\PSPreport\Output\NLDC_PSP_URLS\2024-25\MARCH\reports\30.03.25_NLDC_PSP.pdf,NLDC
728,PSP_Report_2025_03_31,C:\Users\arjun\Desktop\PSPreport\Output\NLDC_PSP_URLS\2024-25\MARCH\reports\31.03.25_NLDC_PSP.pdf,NLDC
729,PSP_Report_2025_04_01,C:\Users\arjun\Desktop\PSPreport\Output\NLDC_PSP_URLS\2025-26\APRIL\reports\01.04.25_NLDC_PSP.pdf,NLDC
730,PSP_Report_2025_04_02,C:\Users\arjun\Desktop\PSPreport\Output\NLDC_PSP_URLS\2025-26\APRIL\reports\02.04.25_NLDC_PSP.pdf,NLDC
731,PSP_Report_2025_04_03,C:\Users\arjun\Desktop\PSPreport\Output\NLDC_PSP_URLS\2025-26\APRIL\reports\03.04.25_NLDC_PSP.pdf,NLDC
732,PSP_Report_2025_04_04,C:\Users\arjun\Desktop\PSPreport\Output\NLDC_PSP_URLS\2025-26\APRIL\reports\04.04.25_NLDC_PSP.pdf,NLDC
733,PSP_Report_2025_04_05,C:\Users\arjun\Desktop\PSPreport\Output\NLDC_PSP_URLS\2025-26\APRIL\reports\05.04.25_NLDC_PSP.pdf,NLDC
734,PSP_Report_2025_04_06,C:\Users\arjun\Desktop\PSPreport\Output\NLDC_PSP_URLS\2025-26\APRIL\reports\06.04.25_NLDC_PSP.pdf,NLDC
735,PSP_Report_2025_04_07,C:\Users\arjun\Desktop\PSPreport\Output\NLDC_PSP_URLS\2025-26\APRIL\reports\07.04.25_NLDC_PSP.pdf,NLDC
736,PSP_Report_2025_04_08,C:\Users\arjun\Desktop\PSPreport\Output\NLDC_PSP_URLS\2025-26\APRIL\reports\08.04.25_NLDC_PSP.pdf,NLDC
737,PSP_Report_2025_04_09,C:\Users\arjun\Desktop\PSPreport\Output\NLDC_PSP_URLS\2025-26\APRIL\reports\09.04.25_NLDC_PSP.pdf,NLDC
738,PSP_Report_2025_04_10,C:\Users\arjun\Desktop\PSPreport\Output\NLDC_PSP_URLS\2025-26\APRIL\reports\10.04.25_NLDC_PSP.pdf,NLDC
739,PSP_Report_2025_04_11,C:\Users\arjun\Desktop\PSPreport\Output\NLDC_PSP_URLS\2025-26\APRIL\reports\11.04.25_NLDC_PSP.pdf,NLDC
740,PSP_Report_2025_04_12,C:\Users\arjun\Desktop\PSPreport\Output\NLDC_PSP_URLS\2025-26\APRIL\reports\12.04.25_NLDC_PSP.pdf,NLDC
741,PSP_Report_2025_04_13,C:\Users\arjun\Desktop\PSPreport\Output\NLDC_PSP_URLS\2025-26\APRIL\reports\13.04.25_NLDC_PSP.pdf,NLDC
742,PSP_Report_2025_04_14,C:\Users\arjun\Desktop\PSPreport\Output\NLDC_PSP_URLS\2025-26\APRIL\reports\14.04.25_NLDC_PSP.pdf,NLDC
743,PSP_Report_2025_04_15,C:\Users\arjun\Desktop\PSPreport\Output\NLDC_PSP_URLS\2025-26\APRIL\reports\15.04.25_NLDC_PSP.pdf,NLDC
744,PSP_Report_2025_04_16,C:\Users\arjun\Desktop\PSPreport\Output\NLDC_PSP_URLS\2025-26\APRIL\reports\16.04.25_NLDC_PSP.pdf,NLDC
745,PSP_Report_2025_04_17,C:\Users\arjun\Desktop\PSPreport\Output\NLDC_PSP_URLS\2025-26\APRIL\reports\17.04.25_NLDC_PSP.pdf,NLDC
746,PSP_Report_2025_04_18,C:\Users\arjun\Desktop\PSPreport\Output\NLDC_PSP_URLS\2025-26\APRIL\reports\18.04.25_NLDC_PSP.pdf,NLDC
747,PSP_Report_2025_04_19,C:\Users\arjun\Desktop\PSPreport\Output\NLDC_PSP_URLS\2025-26\APRIL\reports\19.04.25_NLDC_PSP.pdf,NLDC
748,PSP_Report_2025_04_20,C:\Users\arjun\Desktop\PSPreport\Output\NLDC_PSP_URLS\2025-26\APRIL\reports\20.04.25_NLDC_PSP.pdf,NLDC
749,PSP_Report_2025_04_21,C:\Users\arjun\Desktop\PSPreport\Output\NLDC_PSP_URLS\2025-26\APRIL\reports\21.04.25_NLDC_PSP.pdf,NLDC
750,PSP_Report_2025_04_22,C:\Users\arjun\Desktop\PSPreport\Output\NLDC_PSP_URLS\2025-26\APRIL\reports\22.04.25_NLDC_PSP.pdf,NLDC
751,PSP_Report_2025_04_23,C:\Users\arjun\Desktop\PSPreport\Output\NLDC_PSP_URLS\2025-26\APRIL\reports\23.04.25_NLDC_PSP.pdf,NLDC
752,PSP_Report_2025_04_24,C:\Users\arjun\Desktop\PSPreport\Output\NLDC_PSP_URLS\2025-26\APRIL\reports\24.04.25_NLDC_PSP_397.pdf,NLDC
753,PSP_Report_2025_04_25,C:\Users\arjun\Desktop\PSPreport\Output\NLDC_PSP_URLS\2025-26\APRIL\reports\25.04.25_NLDC_PSP_435.pdf,NLDC
754,PSP_Report_2025_04_26,C:\Users\arjun\Desktop\PSPreport\Output\NLDC_PSP_URLS\2025-26\APRIL\reports\26.04.25_NLDC_PSP_296.pdf,NLDC
755,PSP_Report_2025_04_27,C:\Users\arjun\Desktop\PSPreport\Output\NLDC_PSP_URLS\2025-26\APRIL\reports\27.04.25_NLDC_PSP_839.pdf,NLDC
756,PSP_Report_2025_04_28,C:\Users\arjun\Desktop\PSPreport\Output\NLDC_PSP_URLS\2025-26\APRIL\reports\28.04.25_NLDC_PSP_361.pdf,NLDC
757,PSP_Report_2025_04_29,C:\Users\arjun\Desktop\PSPreport\Output\NLDC_PSP_URLS\2025-26\APRIL\reports\29.04.25_NLDC_PSP_878.pdf,NLDC
758,PSP_Report_2025_04_30,C:\Users\arjun\Desktop\PSPreport\Output\NLDC_PSP_URLS\2025-26\APRIL\reports\30.04.25_NLDC_PSP_618.pdf,NLDC
759,PSP_Report_2025_05_01,C:\Users\arjun\Desktop\PSPreport\Output\NLDC_PSP_URLS\2025-26\MAY\reports\01.05.25_NLDC_PSP_852.pdf,NLDC
760,PSP_Report_2025_05_02,C:\Users\arjun\Desktop\PSPreport\Output\NLDC_PSP_URLS\2025-26\MAY\reports\02.05.25_NLDC_PSP_402.pdf,NLDC
761,PSP_Report_2025_05_03,C:\Users\arjun\Desktop\PSPreport\Output\NLDC_PSP_URLS\2025-26\MAY\reports\03.05.25_NLDC_PSP_178.pdf,NLDC
762,PSP_Report_2025_05_04,C:\Users\arjun\Desktop\PSPreport\Output\NLDC_PSP_URLS\2025-26\MAY\reports\04.05.25_NLDC_PSP_376.pdf,NLDC
763,PSP_Report_2025_05_05,C:\Users\arjun\Desktop\PSPreport\Output\NLDC_PSP_URLS\2025-26\MAY\reports\05.05.25_NLDC_PSP_630.pdf,NLDC
764,PSP_Report_2025_05_06,C:\Users\arjun\Desktop\PSPreport\Output\NLDC_PSP_URLS\2025-26\MAY\reports\06.05.25_NLDC_PSP_911.pdf,NLDC
765,PSP_Report_2025_05_07,C:\Users\arjun\Desktop\PSPreport\Output\NLDC_PSP_URLS\2025-26\MAY\reports\07.05.25_NLDC_PSP_612.pdf,NLDC
766,PSP_Report_2025_05_08,C:\Users\arjun\Desktop\PSPreport\Output\NLDC_PSP_URLS\2025-26\MAY\reports\08.05.25_NLDC_PSP_473.pdf,NLDC
767,PSP_Report_2025_05_09,C:\Users\arjun\Desktop\PSPreport\Output\NLDC_PSP_URLS\2025-26\MAY\reports\09.05.25_NLDC_PSP_836.pdf,NLDC
768,PSP_Report_2025_05_10,C:\Users\arjun\Desktop\PSPreport\Output\NLDC_PSP_URLS\2025-26\MAY\reports\10.05.25_NLDC_PSP_953.pdf,NLDC
769,PSP_Report_2025_05_11,C:\Users\arjun\Desktop\PSPreport\Output\NLDC_PSP_URLS\2025-26\MAY\reports\11.05.25_NLDC_PSP_931.pdf,NLDC
770,PSP_Report_2025_05_12,C:\Users\arjun\Desktop\PSPreport\Output\NLDC_PSP_URLS\2025-26\MAY\reports\12.05.25_NLDC_PSP_300.pdf,NLDC
771,PSP_Report_2025_05_13,C:\Users\arjun\Desktop\PSPreport\Output\NLDC_PSP_URLS\2025-26\MAY\reports\13.05.25_NLDC_PSP_118.pdf,NLDC
772,PSP_Report_2025_05_14,C:\Users\arjun\Desktop\PSPreport\Output\NLDC_PSP_URLS\2025-26\MAY\reports\14.05.25_NLDC_PSP_132.pdf,NLDC
773,PSP_Report_2025_05_15,C:\Users\arjun\Desktop\PSPreport\Output\NLDC_PSP_URLS\2025-26\MAY\reports\15.05.25_NLDC_PSP_775.pdf,NLDC
774,PSP_Report_2025_05_16,C:\Users\arjun\Desktop\PSPreport\Output\NLDC_PSP_URLS\2025-26\MAY\reports\16.05.25_NLDC_PSP_250.pdf,NLDC
775,PSP_Report_2025_05_17,C:\Users\arjun\Desktop\PSPreport\Output\NLDC_PSP_URLS\2025-26\MAY\reports\17.05.25_NLDC_PSP_569.pdf,NLDC
776,PSP_Report_2025_05_18,C:\Users\arjun\Desktop\PSPreport\Output\NLDC_PSP_URLS\2025-26\MAY\reports\18.05.25_NLDC_PSP_808.pdf,NLDC
777,PSP_Report_2025_05_19,C:\Users\arjun\Desktop\PSPreport\Output\NLDC_PSP_URLS\2025-26\MAY\reports\19.05.25_NLDC_PSP_589.pdf,NLDC
778,PSP_Report_2025_05_20,C:\Users\arjun\Desktop\PSPreport\Output\NLDC_PSP_URLS\2025-26\MAY\reports\20.05.25_NLDC_PSP_241.pdf,NLDC
779,PSP_Report_2025_05_21,C:\Users\arjun\Desktop\PSPreport\Output\NLDC_PSP_URLS\2025-26\MAY\reports\21.05.25_NLDC_PSP_867.pdf,NLDC
780,PSP_Report_2025_05_22,C:\Users\arjun\Desktop\PSPreport\Output\NLDC_PSP_URLS\2025-26\MAY\reports\22.05.25_NLDC_PSP_152.pdf,NLDC
781,PSP_Report_2025_05_23,C:\Users\arjun\Desktop\PSPreport\Output\NLDC_PSP_URLS\2025-26\MAY\reports\23.05.25_NLDC_PSP_875.pdf,NLDC
782,PSP_Report_2025_05_24,C:\Users\arjun\Desktop\PSPreport\Output\NLDC_PSP_URLS\2025-26\MAY\reports\24.05.25_NLDC_PSP_192.pdf,NLDC
783,PSP_Report_2025_05_25,C:\Users\arjun\Desktop\PSPreport\Output\NLDC_PSP_URLS\2025-26\MAY\reports\25.05.25_NLDC_PSP_632.pdf,NLDC
784,PSP_Report_2025_05_26,C:\Users\arjun\Desktop\PSPreport\Output\NLDC_PSP_URLS\2025-26\MAY\reports\26.05.25_NLDC_PSP_101.pdf,NLDC
785,PSP_Report_2025_05_27,C:\Users\arjun\Desktop\PSPreport\Output\NLDC_PSP_URLS\2025-26\MAY\reports\27.05.25_NLDC_PSP_276.pdf,NLDC
786,PSP_Report_2025_05_28,C:\Users\arjun\Desktop\PSPreport\Output\NLDC_PSP_URLS\2025-26\MAY\reports\28.05.25_NLDC_PSP_339.pdf,NLDC
787,PSP_Report_2025_05_29,C:\Users\arjun\Desktop\PSPreport\Output\NLDC_PSP_URLS\2025-26\MAY\reports\29.05.25_NLDC_PSP_892.pdf,NLDC
788,PSP_Report_2025_05_30,C:\Users\arjun\Desktop\PSPreport\Output\NLDC_PSP_URLS\2025-26\MAY\reports\30.05.25_NLDC_PSP_667.pdf,NLDC
789,PSP_Report_2025_05_31,C:\Users\arjun\Desktop\PSPreport\Output\NLDC_PSP_URLS\2025-26\MAY\reports\31.05.25_NLDC_PSP_336.pdf,NLDC
790,PSP_Report_2025_06_01,C:\Users\arjun\Desktop\PSPreport\Output\NLDC_PSP_URLS\2025-26\JUNE\reports\01.06.25_NLDC_PSP_189.pdf,NLDC
791,PSP_Report_2025_06_02,C:\Users\arjun\Desktop\PSPreport\Output\NLDC_PSP_URLS\2025-26\JUNE\reports\02.06.25_NLDC_PSP_855.pdf,NLDC
792,PSP_Report_2025_06_03,C:\Users\arjun\Desktop\PSPreport\Output\NLDC_PSP_URLS\2025-26\JUNE\reports\03.06.25_NLDC_PSP_690.pdf,NLDC
793,PSP_Report_2025_06_04,C:\Users\arjun\Desktop\PSPreport\Output\NLDC_PSP_URLS\2025-26\JUNE\reports\04.06.25_NLDC_PSP_280.pdf,NLDC
794,PSP_Report_2025_06_05,C:\Users\arjun\Desktop\PSPreport\Output\NLDC_PSP_URLS\2025-26\JUNE\reports\05.06.25_NLDC_PSP_553.pdf,NLDC
795,PSP_Report_2025_06_06,C:\Users\arjun\Desktop\PSPreport\Output\NLDC_PSP_URLS\2025-26\JUNE\reports\06.06.25_NLDC_PSP_642.pdf,NLDC
796,PSP_Report_2025_06_07,C:\Users\arjun\Desktop\PSPreport\Output\NLDC_PSP_URLS\2025-26\JUNE\reports\07.06.25_NLDC_PSP_643.pdf,NLDC
797,PSP_Report_2025_06_08,C:\Users\arjun\Desktop\PSPreport\Output\NLDC_PSP_URLS\2025-26\JUNE\reports\08.06.25_NLDC_PSP_408.pdf,NLDC
798,PSP_Report_2025_06_09,C:\Users\arjun\Desktop\PSPreport\Output\NLDC_PSP_URLS\2025-26\JUNE\reports\09.06.25_NLDC_PSP_647.pdf,NLDC
799,PSP_Report_2025_06_10,C:\Users\arjun\Desktop\PSPreport\Output\NLDC_PSP_URLS\2025-26\JUNE\reports\10.06.25_NLDC_PSP_921.pdf,NLDC
800,PSP_Report_2025_06_11,C:\Users\arjun\Desktop\PSPreport\Output\NLDC_PSP_URLS\2025-26\JUNE\reports\11.06.25_NLDC_PSP_827.pdf,NLDC
801,PSP_Report_2025_06_12,C:\Users\arjun\Desktop\PSPreport\Output\NLDC_PSP_URLS\2025-26\JUNE\reports\12.06.25_NLDC_PSP_745.pdf,NLDC
802,PSP_Report_2025_06_13,C:\Users\arjun\Desktop\PSPreport\Output\NLDC_PSP_URLS\2025-26\JUNE\reports\13.06.25_NLDC_PSP_889.pdf,NLDC
803,PSP_Report_2025_06_14,C:\Users\arjun\Desktop\PSPreport\Output\NLDC_PSP_URLS\2025-26\JUNE\reports\14.06.25_NLDC_PSP_792.pdf,NLDC
804,PSP_Report_2025_06_15,C:\Users\arjun\Desktop\PSPreport\Output\NLDC_PSP_URLS\2025-26\JUNE\reports\15.06.25_NLDC_PSP_327.pdf,NLDC
805,PSP_Report_2025_06_16,C:\Users\arjun\Desktop\PSPreport\Output\NLDC_PSP_URLS\2025-26\JUNE\reports\16.06.25_NLDC_PSP_135.pdf,NLDC
806,PSP_Report_2025_06_17,C:\Users\arjun\Desktop\PSPreport\Output\NLDC_PSP_URLS\2025-26\JUNE\reports\17.06.25_NLDC_PSP_188.pdf,NLDC
807,PSP_Report_2025_06_18,C:\Users\arjun\Desktop\PSPreport\Output\NLDC_PSP_URLS\2025-26\JUNE\reports\18.06.25_NLDC_PSP_195.pdf,NLDC
808,PSP_Report_2025_06_19,C:\Users\arjun\Desktop\PSPreport\Output\NLDC_PSP_URLS\2025-26\JUNE\reports\19.06.25_NLDC_PSP_270.pdf,NLDC
809,PSP_Report_2025_06_20,C:\Users\arjun\Desktop\PSPreport\Output\NLDC_PSP_URLS\2025-26\JUNE\reports\20.06.25_NLDC_PSP_756.pdf,NLDC
810,PSP_Report_2025_06_21,C:\Users\arjun\Desktop\PSPreport\Output\NLDC_PSP_URLS\2025-26\JUNE\reports\21.06.25_NLDC_PSP_982.pdf,NLDC
811,PSP_Report_2025_06_22,C:\Users\arjun\Desktop\PSPreport\Output\NLDC_PSP_URLS\2025-26\JUNE\reports\22.06.25_NLDC_PSP_772.pdf,NLDC
812,PSP_Report_2025_06_23,C:\Users\arjun\Desktop\PSPreport\Output\NLDC_PSP_URLS\2025-26\JUNE\reports\23.06.25_NLDC_PSP_646.pdf,NLDC
813,PSP_Report_2025_06_24,C:\Users\arjun\Desktop\PSPreport\Output\NLDC_PSP_URLS\2025-26\JUNE\reports\24.06.25_NLDC_PSP_156.pdf,NLDC
814,PSP_Report_2025_06_25,C:\Users\arjun\Desktop\PSPreport\Output\NLDC_PSP_URLS\2025-26\JUNE\reports\25.06.25_NLDC_PSP_308.pdf,NLDC
815,PSP_Report_2025_06_26,C:\Users\arjun\Desktop\PSPreport\Output\NLDC_PSP_URLS\2025-26\JUNE\reports\26.06.25_NLDC_PSP_969.pdf,NLDC
816,PSP_Report_2025_06_27,C:\Users\arjun\Desktop\PSPreport\Output\NLDC_PSP_URLS\2025-26\JUNE\reports\27.06.25_NLDC_PSP_856.pdf,NLDC
817,PSP_Report_2025_06_28,C:\Users\arjun\Desktop\PSPreport\Output\NLDC_PSP_URLS\2025-26\JUNE\reports\28.06.25_NLDC_PSP_792.pdf,NLDC
818,PSP_Report_2025_06_29,C:\Users\arjun\Desktop\PSPreport\Output\NLDC_PSP_URLS\2025-26\JUNE\reports\29.06.25_NLDC_PSP_418.pdf,NLDC
819,PSP_Report_2025_06_30,C:\Users\arjun\Desktop\PSPreport\Output\NLDC_PSP_URLS\2025-26\JUNE\reports\30.06.25_NLDC_PSP_824.pdf,NLDC
820,PSP_Report_2025_07_01,C:\Users\arjun\Desktop\PSPreport\Output\NLDC_PSP_URLS\2025-26\JULY\reports\01.07.25_NLDC_PSP_602.pdf,NLDC
821,PSP_Report_2025_07_02,C:\Users\arjun\Desktop\PSPreport\Output\NLDC_PSP_URLS\2025-26\JULY\reports\02.07.25_NLDC_PSP_483.pdf,NLDC
822,PSP_Report_2025_07_03,C:\Users\arjun\Desktop\PSPreport\Output\NLDC_PSP_URLS\2025-26\JULY\reports\03.07.25_NLDC_PSP_234.pdf,NLDC
823,PSP_Report_2025_07_04,C:\Users\arjun\Desktop\PSPreport\Output\NLDC_PSP_URLS\2025-26\JULY\reports\04.07.25_NLDC_PSP_899.pdf,NLDC
824,PSP_Report_2025_07_05,C:\Users\arjun\Desktop\PSPreport\Output\NLDC_PSP_URLS\2025-26\JULY\reports\05.07.25_NLDC_PSP_155.pdf,NLDC
825,PSP_Report_2025_07_06,C:\Users\arjun\Desktop\PSPreport\Output\NLDC_PSP_URLS\2025-26\JULY\reports\06.07.25_NLDC_PSP_381.pdf,NLDC
826,PSP_Report_2025_07_07,C:\Users\arjun\Desktop\PSPreport\Output\NLDC_PSP_URLS\2025-26\JULY\reports\07.07.25_NLDC_PSP_597.pdf,NLDC
827,PSP_Report_2025_07_08,C:\Users\arjun\Desktop\PSPreport\Output\NLDC_PSP_URLS\2025-26\JULY\reports\08.07.25_NLDC_PSP_372.pdf,NLDC
828,PSP_Report_2025_07_09,C:\Users\arjun\Desktop\PSPreport\Output\NLDC_PSP_URLS\2025-26\JULY\reports\09.07.25_NLDC_PSP_612.pdf,NLDC
829,PSP_Report_2025_07_10,C:\Users\arjun\Desktop\PSPreport\Output\NLDC_PSP_URLS\2025-26\JULY\reports\10.07.25_NLDC_PSP_364.pdf,NLDC
30,PSP_Report_2023_04_30,Output/NLDC_PSP_URLS/2023-24/APRIL/reports/30.04.23_NLDC_PSP.pdf,NLDC
247,PSP_Report_2023_12_04,Output/NLDC_PSP_URLS/2023-24/DECEMBER/reports/04.12.23_NLDC_PSP.pdf,NLDC
703,PSP_Report_2025_03_06,Output/NLDC_PSP_URLS/2024-25/MARCH/reports/06.03.25_NLDC_PSP.pdf,NLDC
