DateID,LineID,CountryID,StateID,RegionID,MaxLoading,MinLoading,AvgLoading,EnergyExchanged
1,66,1.0,,4.0,-158.0,95.0,-44.0,-1.05
1,67,1.0,,4.0,206.0,-108.0,37.0,0.89
1,68,1.0,,4.0,-204.0,-83.0,-136.0,-3.27
1,69,1.0,,5.0,15.0,0.0,6.0,0.14
1,70,1.0,,5.0,0.0,0.0,0.0,0.0
1,71,2.0,,1.0,-43.0,0.0,-22.0,-0.54
1,72,2.0,,4.0,-136.0,-45.0,-108.0,-2.59
1,73,2.0,,4.0,-59.0,0.0,-52.0,-1.24
1,74,3.0,,4.0,-934.0,-299.0,-768.0,-18.43
1,75,3.0,,4.0,-774.0,-704.0,-719.0,-17.25
1,76,3.0,,5.0,-124.0,0.0,-107.0,-2.56
2,66,1.0,,4.0,-81.0,25.0,-29.0,-0.7
2,67,1.0,,4.0,185.0,-93.0,79.0,1.9
2,68,1.0,,4.0,-170.0,-73.0,-123.0,-2.94
2,69,1.0,,5.0,-23.0,-4.0,-21.0,-0.5
2,70,1.0,,5.0,0.0,0.0,0.0,0.0
2,71,2.0,,1.0,-67.0,0.0,-48.0,-1.16
2,72,2.0,,4.0,-113.0,-43.0,-72.0,-1.72
2,73,2.0,,4.0,-329.0,-203.0,-276.0,-6.62
2,74,3.0,,4.0,-924.0,-868.0,-903.0,-21.67
2,75,3.0,,4.0,-775.0,-548.0,-747.0,-17.94
2,76,3.0,,5.0,-145.0,0.0,-123.0,-2.96
3,66,1.0,,4.0,-147.0,46.0,-35.0,-0.83
3,67,1.0,,4.0,241.0,-38.0,132.0,3.18
3,68,1.0,,4.0,-162.0,-68.0,-113.0,-2.72
3,69,1.0,,5.0,17.0,4.0,10.0,0.23
3,70,1.0,,5.0,0.0,0.0,0.0,0.0
3,71,2.0,,1.0,-64.0,0.0,-53.0,-1.27
3,72,2.0,,4.0,-92.0,-51.0,-79.0,-1.89
3,73,2.0,,4.0,-318.0,-215.0,-275.0,-6.61
3,74,3.0,,4.0,-910.0,-798.0,-886.0,-21.27
3,75,3.0,,4.0,-697.0,-540.0,-600.0,-14.41
3,76,3.0,,5.0,-153.0,0.0,-133.0,-3.18
4,66,1.0,,4.0,-146.0,43.0,-26.0,-0.62
4,67,1.0,,4.0,183.0,-26.0,119.0,2.85
4,68,1.0,,4.0,-149.0,-61.0,-98.0,-2.35
4,69,1.0,,5.0,17.0,0.0,8.0,0.18
4,70,1.0,,5.0,0.0,0.0,0.0,0.0
4,71,2.0,,1.0,-60.0,0.0,-48.0,-1.15
4,72,2.0,,4.0,-96.0,-79.0,-87.0,-2.08
4,73,2.0,,4.0,-310.0,-173.0,-306.0,-7.34
4,74,3.0,,4.0,-913.0,-770.0,-889.0,-21.34
4,75,3.0,,4.0,-720.0,-475.0,-663.0,-15.92
4,76,3.0,,5.0,-162.0,0.0,-143.0,-3.44
5,66,1.0,,4.0,-73.0,71.0,-34.0,-0.81
5,67,1.0,,4.0,240.0,124.0,171.0,4.09
5,68,1.0,,4.0,-131.0,-34.0,-82.0,-1.97
5,69,1.0,,5.0,-15.0,-1.0,-7.0,-0.18
5,70,1.0,,5.0,0.0,0.0,0.0,0.0
5,71,2.0,,1.0,-67.0,0.0,-51.0,-1.22
5,72,2.0,,4.0,-97.0,-80.0,-89.0,-2.14
5,73,2.0,,4.0,-297.0,-241.0,-286.0,-6.86
5,74,3.0,,4.0,-912.0,-809.0,-880.0,-21.11
5,75,3.0,,4.0,-818.0,0.0,-691.0,-16.59
5,76,3.0,,5.0,-163.0,0.0,-138.0,-3.32
6,66,1.0,,4.0,-93.0,35.0,-28.0,-0.68
6,67,1.0,,4.0,192.0,120.0,150.0,3.61
6,68,1.0,,4.0,-135.0,-43.0,-87.0,-2.09
6,69,1.0,,5.0,-15.0,-1.0,-7.0,-0.16
6,70,1.0,,5.0,0.0,0.0,0.0,0.0
6,71,2.0,,1.0,-66.0,0.0,-53.0,-1.28
6,72,2.0,,4.0,-101.0,-76.0,-87.0,-2.08
6,73,2.0,,4.0,-341.0,-254.0,-330.0,-7.92
6,74,3.0,,4.0,-911.0,-799.0,-880.0,-21.13
6,75,3.0,,4.0,-781.0,0.0,-691.0,-16.58
6,76,3.0,,5.0,-171.0,0.0,-135.0,-3.24
7,66,1.0,,4.0,-152.0,37.0,-28.0,-0.68
7,67,1.0,,4.0,169.0,-91.0,89.0,2.14
7,68,1.0,,4.0,-137.0,-67.0,-104.0,-2.5
7,69,1.0,,5.0,-14.0,0.0,-8.0,-0.18
7,70,1.0,,5.0,0.0,0.0,0.0,0.0
7,71,2.0,,1.0,-75.0,0.0,-58.0,-1.39
7,72,2.0,,4.0,-96.0,-50.0,-76.0,-1.82
7,73,2.0,,4.0,-358.0,-242.0,-320.0,-7.68
7,74,3.0,,4.0,-918.0,0.0,-771.0,-18.51
7,75,3.0,,4.0,-764.0,0.0,-680.0,-16.32
7,76,3.0,,5.0,-106.0,0.0,-91.0,-2.19
8,66,1.0,,4.0,-172.0,61.0,-39.0,-1.18
8,67,1.0,,4.0,204.0,-100.0,66.0,1.16
8,68,1.0,,4.0,-150.0,-81.0,-107.0,-2.57
8,69,1.0,,5.0,-18.0,-3.0,-10.0,-0.25
8,70,1.0,,5.0,0.0,0.0,0.0,0.0
8,71,2.0,,1.0,-71.0,0.0,-54.0,-1.3
8,72,2.0,,4.0,-87.0,-65.0,-77.0,-1.84
8,73,2.0,,4.0,-421.0,-176.0,-326.0,-7.83
8,74,3.0,,4.0,-919.0,-816.0,-894.0,-21.46
8,75,3.0,,4.0,-755.0,82.0,-429.0,-10.3
8,76,3.0,,5.0,-125.0,0.0,-98.0,-2.36
9,66,1.0,,4.0,-166.0,49.0,-36.0,-0.87
9,67,1.0,,4.0,189.0,-87.0,103.0,2.47
9,68,1.0,,4.0,-158.0,-61.0,-104.0,-2.49
9,69,1.0,,5.0,22.0,7.0,14.0,0.33
9,70,1.0,,5.0,0.0,0.0,0.0,0.0
9,71,2.0,,1.0,-73.0,0.0,-59.0,-1.42
9,72,2.0,,4.0,-98.0,-75.0,-85.0,-2.04
9,73,2.0,,4.0,-386.0,-231.0,-358.0,-8.6
9,74,3.0,,4.0,-926.0,-822.0,-897.0,-21.52
9,75,3.0,,4.0,-770.0,39.0,-567.0,-13.61
9,76,3.0,,5.0,-128.0,0.0,-109.0,-2.62
10,66,1.0,,4.0,-168.0,112.0,-19.0,-0.57
10,67,1.0,,4.0,199.0,-61.0,109.0,2.55
10,68,1.0,,4.0,-142.0,-56.0,-86.0,-2.06
10,69,1.0,,5.0,23.0,-2.0,11.0,0.26
10,70,1.0,,5.0,0.0,0.0,0.0,0.0
10,71,2.0,,1.0,-76.0,0.0,-66.0,-1.59
10,72,2.0,,4.0,-137.0,-86.0,-99.0,-2.37
10,73,2.0,,4.0,-507.0,-143.0,-388.0,-9.32
10,74,3.0,,4.0,-937.0,-832.0,-900.0,-21.61
10,75,3.0,,4.0,-790.0,-743.0,-747.0,-17.93
10,76,3.0,,5.0,-128.0,0.0,-105.0,-2.53
11,66,1.0,,4.0,-159.0,32.0,-34.0,-0.81
11,67,1.0,,4.0,192.0,-12.0,135.0,3.25
11,68,1.0,,4.0,-111.0,-61.0,-89.0,-2.15
11,69,1.0,,5.0,17.0,2.0,9.0,0.21
11,70,1.0,,5.0,0.0,0.0,0.0,0.0
11,71,2.0,,1.0,-78.0,0.0,-63.0,-1.52
11,72,2.0,,4.0,-138.0,-78.0,-104.0,-2.5
11,73,2.0,,4.0,-468.0,-201.0,-222.0,-5.32
11,74,3.0,,4.0,-941.0,-841.0,-911.0,-21.87
11,75,3.0,,4.0,-744.0,-741.0,-744.0,-17.85
11,76,3.0,,5.0,-138.0,0.0,-122.0,-2.92
12,66,1.0,,4.0,-78.0,38.0,-29.0,-0.7
12,67,1.0,,4.0,195.0,-80.0,112.0,2.69
12,68,1.0,,4.0,-126.0,-41.0,-86.0,-2.07
12,69,1.0,,5.0,17.0,1.0,8.0,0.19
12,70,1.0,,5.0,0.0,0.0,0.0,0.0
12,71,2.0,,1.0,0.0,0.0,0.0,-1.52
12,72,2.0,,4.0,-154.0,-60.0,-86.0,-2.06
12,73,2.0,,4.0,-443.0,-150.0,-383.0,-9.19
12,74,3.0,,4.0,-942.0,-845.0,-912.0,-21.89
12,75,3.0,,4.0,-789.0,-710.0,-745.0,-17.88
12,76,3.0,,5.0,-146.0,0.0,-125.0,-2.99
13,66,1.0,,4.0,-137.0,78.0,-5.0,-0.11
13,67,1.0,,4.0,130.0,-115.0,53.0,1.28
13,68,1.0,,4.0,-144.0,-42.0,-96.0,-2.32
13,69,1.0,,5.0,-12.0,-5.0,-6.0,-0.14
13,70,1.0,,5.0,0.0,0.0,0.0,0.0
13,71,2.0,,1.0,-78.0,0.0,-66.0,-1.58
13,72,2.0,,4.0,-160.0,-69.0,-110.0,-2.64
13,73,2.0,,4.0,-498.0,0.0,-242.0,-5.81
13,74,3.0,,4.0,-939.0,-869.0,-911.0,-21.87
13,75,3.0,,4.0,-823.0,-735.0,-753.0,-18.08
13,76,3.0,,5.0,-142.0,0.0,-125.0,-3.0
14,66,1.0,,4.0,80.0,-41.0,10.0,0.24
14,67,1.0,,4.0,176.0,97.0,134.0,3.21
14,68,1.0,,4.0,-112.0,-46.0,-77.0,-1.86
14,69,1.0,,5.0,-17.0,-1.0,-6.0,-0.15
14,70,1.0,,5.0,35.0,0.0,9.0,0.23
14,71,2.0,,1.0,0.0,0.0,0.0,-1.47
14,72,2.0,,4.0,-106.0,-54.0,-82.0,-1.96
14,73,2.0,,4.0,-427.0,-255.0,-381.0,-9.15
14,74,3.0,,4.0,-942.0,-848.0,-913.0,-21.91
14,75,3.0,,4.0,-821.0,-745.0,-749.0,-17.99
14,76,3.0,,5.0,-136.0,0.0,-120.0,-2.88
15,66,1.0,,4.0,126.0,-67.0,35.0,0.84
15,67,1.0,,4.0,202.0,104.0,145.0,3.47
15,68,1.0,,4.0,-129.0,-23.0,-75.0,-1.8
15,69,1.0,,5.0,-13.0,0.0,-6.0,-0.15
15,70,1.0,,5.0,44.0,26.0,33.0,0.78
15,71,2.0,,1.0,-76.0,0.0,-59.0,-1.42
15,72,2.0,,4.0,-93.0,-64.0,-78.0,-1.87
15,73,2.0,,4.0,-532.0,-216.0,-362.0,-8.69
15,74,3.0,,4.0,-878.0,-512.0,-707.0,-16.96
15,75,3.0,,4.0,-772.0,-712.0,-746.0,-17.9
15,76,3.0,,5.0,-135.0,0.0,-122.0,-2.92
16,66,1.0,,4.0,125.0,-75.0,-23.0,-0.55
16,67,1.0,,4.0,235.0,83.0,148.0,3.56
16,68,1.0,,4.0,-103.0,-46.0,-72.0,-1.72
16,69,1.0,,5.0,-14.0,0.0,-6.0,-0.15
16,70,1.0,,5.0,41.0,22.0,31.0,0.74
16,71,2.0,,1.0,-75.0,0.0,-65.0,-1.55
16,72,2.0,,4.0,-190.0,-79.0,-116.0,-2.79
16,73,2.0,,4.0,-551.0,-153.0,-388.0,-9.32
16,74,3.0,,4.0,-776.0,-652.0,-745.0,-17.89
16,75,3.0,,4.0,-783.0,-714.0,-748.0,-17.94
16,76,3.0,,5.0,-165.0,0.0,-138.0,-3.3
17,66,1.0,,4.0,158.0,-27.0,60.0,1.43
17,67,1.0,,4.0,222.0,74.0,130.0,3.11
17,68,1.0,,4.0,-109.0,-33.0,-73.0,-1.75
17,69,1.0,,5.0,-8.0,6.0,1.0,0.03
17,70,1.0,,5.0,-41.0,7.0,-28.0,-0.68
17,71,2.0,,1.0,-78.0,0.0,-65.0,-1.55
17,72,2.0,,4.0,-139.0,-14.0,-77.0,-1.84
17,73,2.0,,4.0,-536.0,-235.0,-414.0,-9.94
17,74,3.0,,4.0,-949.0,-652.0,-904.0,-21.7
17,75,3.0,,4.0,-794.0,-702.0,-762.0,-18.28
17,76,3.0,,5.0,-153.0,0.0,-135.0,-3.24
18,66,1.0,,4.0,-146.0,129.0,2.0,0.06
18,67,1.0,,4.0,183.0,43.0,131.0,3.15
18,68,1.0,,4.0,-147.0,-35.0,-73.0,-1.75
18,69,1.0,,5.0,12.0,-8.0,4.0,0.09
18,70,1.0,,5.0,-41.0,-11.0,-27.0,-0.65
18,71,2.0,,1.0,-77.0,0.0,-66.0,-1.59
18,72,2.0,,4.0,-199.0,-46.0,-150.0,-3.59
18,73,2.0,,4.0,-436.0,-138.0,-391.0,-9.38
18,74,3.0,,4.0,-954.0,-652.0,-918.0,-22.02
18,75,3.0,,4.0,-787.0,-432.0,-702.0,-16.85
18,76,3.0,,5.0,-150.0,0.0,-135.0,-3.24
19,66,1.0,,4.0,206.0,-43.0,67.0,1.62
19,67,1.0,,4.0,409.0,34.0,174.0,4.17
19,68,1.0,,4.0,-165.0,98.0,-46.0,-1.1
19,69,1.0,,5.0,16.0,2.0,3.0,0.06
19,70,1.0,,5.0,-53.0,-6.0,-28.0,-0.68
19,71,2.0,,1.0,0.0,0.0,0.0,0.0
19,72,2.0,,4.0,-166.0,-16.0,-118.0,-2.83
19,73,2.0,,4.0,-441.0,-266.0,-353.0,-8.47
19,74,3.0,,4.0,-951.0,-843.0,-927.0,-22.25
19,75,3.0,,4.0,-775.0,-711.0,-745.0,-17.88
19,76,3.0,,5.0,-150.0,0.0,-135.0,-3.24
20,66,1.0,,4.0,220.0,-70.0,27.0,0.65
20,67,1.0,,4.0,494.0,133.0,274.0,6.58
20,68,1.0,,4.0,-173.0,60.0,-77.0,-1.85
20,69,1.0,,5.0,-24.0,-4.0,-11.0,-0.25
20,70,1.0,,5.0,34.0,3.0,12.0,0.29
20,71,2.0,,1.0,-77.0,0.0,-68.0,-1.63
20,72,2.0,,4.0,-300.0,-16.0,-70.0,-1.67
20,73,2.0,,4.0,-447.0,-382.0,-388.0,-9.31
20,74,3.0,,4.0,-945.0,-822.0,-910.0,-21.83
20,75,3.0,,4.0,-800.0,-702.0,-750.0,-18.0
20,76,3.0,,5.0,-145.0,0.0,-124.0,-2.98
21,66,1.0,,4.0,192.0,-118.0,70.0,1.68
21,67,1.0,,4.0,411.0,133.0,233.0,5.58
21,68,1.0,,4.0,-98.0,23.0,-68.0,-1.62
21,69,1.0,,5.0,-24.0,-2.0,-11.0,-0.26
21,70,1.0,,5.0,25.0,-12.0,5.0,0.11
21,71,2.0,,1.0,-79.0,0.0,-61.0,-1.46
21,72,2.0,,4.0,-166.0,-15.0,-88.0,-2.1
21,73,2.0,,4.0,-515.0,-181.0,-400.0,-9.59
21,74,3.0,,4.0,-947.0,-822.0,-910.0,-21.85
21,75,3.0,,4.0,-759.0,-611.0,-661.0,-15.86
21,76,3.0,,5.0,-137.0,0.0,-97.0,-2.32
22,66,1.0,,4.0,176.0,-97.0,69.0,1.66
22,67,1.0,,4.0,294.0,116.0,200.0,4.8
22,68,1.0,,4.0,-82.0,-7.0,-39.0,-0.94
22,69,1.0,,5.0,-23.0,-3.0,-12.0,-0.3
22,70,1.0,,5.0,19.0,-12.0,4.0,0.09
22,71,2.0,,1.0,-76.0,0.0,-62.0,-1.49
22,72,2.0,,4.0,-131.0,-57.0,-77.0,-1.84
22,73,2.0,,4.0,-506.0,-213.0,-389.0,-9.34
22,74,3.0,,4.0,-941.0,-832.0,-911.0,-21.86
22,75,3.0,,4.0,-672.0,-401.0,-499.0,-11.98
22,76,3.0,,5.0,-162.0,0.0,-121.0,-2.9
23,66,1.0,,4.0,105.0,-41.0,33.0,0.78
23,67,1.0,,4.0,321.0,176.0,260.0,6.24
23,68,1.0,,4.0,-179.0,-41.0,-127.0,-3.04
23,69,1.0,,5.0,-27.0,-5.0,-17.0,-0.41
23,70,1.0,,5.0,16.0,0.0,4.0,0.09
23,71,2.0,,1.0,-78.0,0.0,-68.0,-1.63
23,72,2.0,,4.0,-106.0,-62.0,-84.0,-2.02
23,73,2.0,,4.0,-535.0,-257.0,-426.0,-10.23
23,74,3.0,,4.0,-937.0,-829.0,-912.0,-21.9
23,75,3.0,,4.0,-568.0,-370.0,-469.0,-11.25
23,76,3.0,,5.0,-156.0,0.0,-131.0,-3.14
24,66,1.0,,4.0,-86.0,6.0,-44.0,-1.05
24,67,1.0,,4.0,325.0,212.0,264.0,6.34
24,68,1.0,,4.0,-214.0,-127.0,-184.0,-4.42
24,69,1.0,,5.0,-23.0,-6.0,-17.0,-0.41
24,70,1.0,,5.0,7.0,0.0,5.0,0.11
24,71,2.0,,1.0,-75.0,0.0,-61.0,-1.46
24,72,2.0,,4.0,-95.0,-72.0,-82.0,-1.96
24,73,2.0,,4.0,-471.0,-222.0,-376.0,-9.02
24,74,3.0,,4.0,-942.0,-699.0,-847.0,-20.32
24,75,3.0,,4.0,-560.0,-344.0,-469.0,-11.25
24,76,3.0,,5.0,-150.0,0.0,-126.0,-3.02
25,66,1.0,,4.0,-160.0,6.0,-82.0,-1.96
25,67,1.0,,4.0,334.0,112.0,221.0,5.3
25,68,1.0,,4.0,-239.0,-170.0,-211.0,-5.06
25,69,1.0,,5.0,-22.0,-5.0,-14.0,-0.34
25,70,1.0,,5.0,25.0,-21.0,7.0,0.16
25,71,2.0,,1.0,-75.0,0.0,-60.0,-1.44
25,72,2.0,,4.0,-98.0,-60.0,-84.0,-2.01
25,73,2.0,,4.0,-454.0,-229.0,-369.0,-8.85
25,74,3.0,,4.0,-941.0,-846.0,-920.0,-22.07
25,75,3.0,,4.0,-536.0,-385.0,-463.0,-11.11
25,76,3.0,,5.0,-148.0,0.0,-128.0,-3.08
26,66,1.0,,4.0,-214.0,7.0,-93.0,-2.23
26,67,1.0,,4.0,294.0,34.0,193.0,4.63
26,68,1.0,,4.0,-285.0,-76.0,-224.0,-5.38
26,69,1.0,,5.0,-24.0,-8.0,-16.0,-0.38
26,70,1.0,,5.0,33.0,-4.0,9.0,0.21
26,71,2.0,,1.0,-77.0,0.0,-68.0,-1.63
26,72,2.0,,4.0,-117.0,-16.0,-85.0,-2.04
26,73,2.0,,4.0,-451.0,-299.0,-418.0,-10.04
26,74,3.0,,4.0,-932.0,-823.0,-905.0,-21.71
26,75,3.0,,4.0,-526.0,101.0,-307.0,-7.37
26,76,3.0,,5.0,-149.0,0.0,-128.0,-3.08
27,66,1.0,,4.0,-126.0,17.0,-76.0,-1.81
27,67,1.0,,4.0,319.0,65.0,160.0,3.85
27,68,1.0,,4.0,-303.0,-173.0,-243.0,-5.83
27,69,1.0,,5.0,21.0,1.0,12.0,0.28
27,70,1.0,,5.0,37.0,2.0,4.0,0.09
27,71,2.0,,1.0,-79.0,0.0,-68.0,-1.64
27,72,2.0,,4.0,-145.0,-41.0,-102.0,-2.46
27,73,2.0,,4.0,-484.0,-338.0,-479.0,-11.49
27,74,3.0,,4.0,-921.0,-312.0,-559.0,-13.42
27,75,3.0,,4.0,-546.0,0.0,-304.0,-7.3
27,76,3.0,,5.0,-140.0,0.0,-107.0,-2.56
28,66,1.0,,4.0,113.0,-99.0,-52.0,-1.26
28,67,1.0,,4.0,317.0,57.0,62.0,1.48
28,68,1.0,,4.0,-269.0,-11.0,25.0,0.6
28,69,1.0,,5.0,16.0,0.0,9.0,0.23
28,70,1.0,,5.0,-31.0,0.0,-9.0,-0.21
28,71,2.0,,1.0,-65.0,0.0,-67.0,-1.61
28,72,2.0,,4.0,-130.0,-64.0,-106.0,-2.54
28,73,2.0,,4.0,-445.0,-305.0,-406.0,-9.75
28,74,3.0,,4.0,-510.0,-504.0,-508.0,-12.19
28,75,3.0,,4.0,-559.0,-475.0,-510.0,-12.24
28,76,3.0,,5.0,-151.0,0.0,-100.0,-2.4
29,66,1.0,,4.0,187.0,-61.0,14.0,0.34
29,67,1.0,,4.0,310.0,35.0,191.0,4.59
29,68,1.0,,4.0,-229.0,76.0,-150.0,-3.6
29,69,1.0,,5.0,-19.0,13.0,-6.0,-0.15
29,70,1.0,,5.0,34.0,-17.0,0.0,0.01
29,71,2.0,,1.0,-69.0,0.0,-63.0,-1.52
29,72,2.0,,4.0,-100.0,-35.0,-79.0,-1.9
29,73,2.0,,4.0,-407.0,-290.0,-392.0,-9.4
29,74,3.0,,4.0,-507.0,-166.0,-466.0,-11.18
29,75,3.0,,4.0,-589.0,0.0,-361.0,-8.67
29,76,3.0,,5.0,-154.0,0.0,-133.0,-3.18
31,66,1.0,,4.0,187.0,-56.0,106.0,2.55
31,67,1.0,,4.0,545.0,245.0,298.0,7.15
31,68,1.0,,4.0,-244.0,-127.0,-181.0,-4.34
31,69,1.0,,5.0,-18.0,0.0,-5.0,-0.13
31,70,1.0,,5.0,38.0,0.0,21.0,0.5
31,71,2.0,,1.0,-69.0,0.0,-55.0,-1.33
31,72,2.0,,4.0,-91.0,-7.0,-49.0,-1.18
31,73,2.0,,4.0,-247.0,-45.0,-170.0,-4.07
31,74,3.0,,4.0,-944.0,-923.0,-931.0,-22.35
31,75,3.0,,4.0,-432.0,-372.0,-402.0,-9.65
31,76,3.0,,5.0,-167.0,0.0,-133.0,-3.18
32,66,1.0,,4.0,192.0,33.0,138.0,3.31
32,67,1.0,,4.0,591.0,315.0,396.0,9.51
32,68,1.0,,4.0,-227.0,-112.0,-170.0,-4.09
32,69,1.0,,5.0,-17.0,0.0,-5.0,-0.11
32,70,1.0,,5.0,40.0,16.0,30.0,0.73
32,71,2.0,,1.0,-72.0,0.0,-51.0,-1.23
32,72,2.0,,4.0,-97.0,-22.0,-54.0,-1.29
32,73,2.0,,4.0,-457.0,-42.0,-369.0,-8.85
32,74,3.0,,4.0,-929.0,-914.0,-921.0,-22.1
32,75,3.0,,4.0,-433.0,-353.0,-395.0,-9.48
32,76,3.0,,5.0,-177.0,0.0,-159.0,-3.82
33,66,1.0,,4.0,70.0,-38.0,7.0,0.18
33,67,1.0,,4.0,321.0,78.0,174.0,4.17
33,68,1.0,,4.0,-234.0,-75.0,-137.0,-3.28
33,69,1.0,,5.0,-18.0,-3.0,-12.0,-0.29
33,70,1.0,,5.0,30.0,11.0,21.0,0.5
33,71,2.0,,1.0,-72.0,0.0,-52.0,-1.26
33,72,2.0,,4.0,-93.0,-14.0,-74.0,-1.77
33,73,2.0,,4.0,-476.0,-296.0,-392.0,-9.41
33,74,3.0,,4.0,-924.0,-849.0,-913.0,-21.92
33,75,3.0,,4.0,-439.0,-331.0,-391.0,-9.39
33,76,3.0,,5.0,-180.0,0.0,-155.0,-3.72
34,66,1.0,,4.0,85.0,-65.0,-23.0,-0.56
34,67,1.0,,4.0,263.0,78.0,143.0,3.43
34,68,1.0,,4.0,-182.0,-62.0,-110.0,-2.65
34,69,1.0,,5.0,-18.0,-1.0,-9.0,-0.22
34,70,1.0,,5.0,34.0,3.0,20.0,0.47
34,71,2.0,,1.0,-71.0,0.0,-46.0,-1.1
34,72,2.0,,4.0,87.0,0.0,-13.0,-0.3
34,73,2.0,,4.0,-362.0,-165.0,-348.0,-8.35
34,74,3.0,,4.0,-924.0,-921.0,-922.0,-22.13
34,75,3.0,,4.0,-439.0,-331.0,-391.0,-9.39
34,76,3.0,,5.0,-165.0,0.0,-145.0,-3.48
35,66,1.0,,4.0,118.0,-45.0,33.0,0.79
35,67,1.0,,4.0,267.0,84.0,149.0,3.59
35,68,1.0,,4.0,-119.0,-67.0,-100.0,-2.41
35,69,1.0,,5.0,18.0,0.0,5.0,0.12
35,70,1.0,,5.0,-37.0,-5.0,-18.0,-0.43
35,71,2.0,,1.0,-74.0,0.0,-59.0,-1.41
35,72,2.0,,4.0,-16.0,0.0,-8.0,-0.19
35,73,2.0,,4.0,-378.0,-227.0,-338.0,-8.11
35,74,3.0,,4.0,-970.0,-921.0,-924.0,-22.17
35,75,3.0,,4.0,-229.0,0.0,-197.0,-4.72
35,76,3.0,,5.0,-158.0,0.0,-146.0,-3.5
36,66,1.0,,4.0,-114.0,62.0,-17.0,-0.42
36,67,1.0,,4.0,171.0,91.0,129.0,3.09
36,68,1.0,,4.0,-132.0,-81.0,-105.0,-2.52
36,69,1.0,,5.0,15.0,1.0,9.0,0.21
36,70,1.0,,5.0,-35.0,-14.0,-18.0,-0.43
36,71,2.0,,1.0,-71.0,0.0,-58.0,-1.4
36,72,2.0,,4.0,-82.0,-23.0,-61.0,-1.46
36,73,2.0,,4.0,-355.0,-235.0,-342.0,-8.2
36,74,3.0,,4.0,-927.0,-817.0,-910.0,-21.84
36,75,3.0,,4.0,-234.0,0.0,-111.0,-2.68
36,76,3.0,,5.0,-179.0,0.0,-151.0,-3.62
37,66,1.0,,4.0,185.0,43.0,-90.0,-2.15
37,67,1.0,,4.0,406.0,158.0,278.0,6.67
37,68,1.0,,4.0,-99.0,-16.0,-69.0,-1.66
37,69,1.0,,5.0,-8.0,4.0,-3.0,-0.06
37,70,1.0,,5.0,41.0,0.0,29.0,0.69
37,71,2.0,,1.0,-74.0,0.0,-60.0,-1.43
37,72,2.0,,4.0,-150.0,-61.0,-97.0,-2.32
37,73,2.0,,4.0,-456.0,-263.0,-381.0,-9.15
37,74,3.0,,4.0,-927.0,-865.0,-917.0,-22.01
37,75,3.0,,4.0,-788.0,-691.0,-752.0,-18.05
37,76,3.0,,5.0,-174.0,0.0,-155.0,-3.72
38,66,1.0,,4.0,239.0,-63.0,-28.0,-0.67
38,67,1.0,,4.0,460.0,118.0,232.0,5.56
38,68,1.0,,4.0,-114.0,3.0,-70.0,-1.69
38,69,1.0,,5.0,-18.0,-3.0,-9.0,-0.21
38,70,1.0,,5.0,23.0,9.0,21.0,0.5
38,71,2.0,,1.0,-75.0,0.0,-62.0,-1.5
38,72,2.0,,4.0,-101.0,-26.0,-91.0,-2.19
38,73,2.0,,4.0,-431.0,-257.0,-390.0,-9.36
38,74,3.0,,4.0,-928.0,-833.0,-911.0,-21.87
38,75,3.0,,4.0,-781.0,-689.0,-749.0,-17.97
38,76,3.0,,5.0,-182.0,0.0,-160.0,-3.84
39,66,1.0,,4.0,240.0,-34.0,62.0,1.48
39,67,1.0,,4.0,217.0,145.0,181.0,4.34
39,68,1.0,,4.0,-127.0,-7.0,-82.0,-1.97
39,69,1.0,,5.0,-14.0,0.0,-6.0,-0.14
39,70,1.0,,5.0,35.0,16.0,27.0,0.65
39,71,2.0,,1.0,-73.0,0.0,-67.0,-1.6
39,72,2.0,,4.0,-156.0,-44.0,-103.0,-2.47
39,73,2.0,,4.0,-431.0,-257.0,-390.0,-9.36
39,74,3.0,,4.0,-931.0,-827.0,-906.0,-21.75
39,75,3.0,,4.0,-763.0,506.0,-678.0,-16.27
39,76,3.0,,5.0,-178.0,0.0,-159.0,-3.82
40,66,1.0,,4.0,135.0,-15.0,64.0,1.55
40,67,1.0,,4.0,405.0,166.0,261.0,6.27
40,68,1.0,,4.0,-92.0,-12.0,-49.0,-1.17
40,69,1.0,,5.0,-31.0,0.0,-2.0,-0.04
40,70,1.0,,5.0,34.0,13.0,24.0,0.57
40,71,2.0,,1.0,-74.0,0.0,-65.0,-1.55
40,72,2.0,,4.0,-120.0,-30.0,-91.0,-2.19
40,73,2.0,,4.0,-494.0,-203.0,-397.0,-9.53
40,74,3.0,,4.0,-953.0,-827.0,-904.0,-21.7
40,75,3.0,,4.0,-817.0,-587.0,-710.0,-17.05
40,76,3.0,,5.0,-182.0,0.0,-162.0,-3.88
41,66,1.0,,4.0,132.0,-62.0,24.0,0.57
41,67,1.0,,4.0,277.0,42.0,156.0,3.74
41,68,1.0,,4.0,-109.0,-11.0,-76.0,-1.82
41,69,1.0,,5.0,-13.0,5.0,-5.0,-0.13
41,70,1.0,,5.0,41.0,-1.0,26.0,0.63
41,71,2.0,,1.0,-76.0,0.0,-66.0,-1.59
41,72,2.0,,4.0,-141.0,-29.0,-90.0,-2.16
41,73,2.0,,4.0,-517.0,-203.0,-410.0,-9.83
41,74,3.0,,4.0,-939.0,-816.0,-907.0,-21.77
41,75,3.0,,4.0,-1013.0,-546.0,-739.0,-17.74
41,76,3.0,,5.0,-189.0,0.0,-157.0,-3.76
42,66,1.0,,4.0,-69.0,63.0,-2.0,-0.05
42,67,1.0,,4.0,168.0,99.0,128.0,3.08
42,68,1.0,,4.0,-114.0,-64.0,-90.0,-2.15
42,69,1.0,,5.0,-12.0,0.0,-8.0,-0.19
42,70,1.0,,5.0,34.0,23.0,28.0,0.67
42,71,2.0,,1.0,-77.0,0.0,-65.0,-1.55
42,72,2.0,,4.0,-200.0,-73.0,-164.0,-3.93
42,73,2.0,,4.0,-443.0,-278.0,-433.0,-10.4
42,74,3.0,,4.0,-937.0,-685.0,-868.0,-20.84
42,75,3.0,,4.0,-967.0,-351.0,-820.0,-19.67
42,76,3.0,,5.0,-162.0,0.0,-142.0,-3.4
43,66,1.0,,4.0,-118.0,1.0,-35.0,-0.85
43,67,1.0,,4.0,129.0,55.0,100.0,2.4
43,68,1.0,,4.0,-137.0,-82.0,-109.0,-2.62
43,69,1.0,,5.0,11.0,0.0,5.0,0.13
43,70,1.0,,5.0,-42.0,-12.0,-30.0,-0.72
43,71,2.0,,1.0,-76.0,0.0,-64.0,-1.54
43,72,2.0,,4.0,-143.0,-76.0,-103.0,-2.47
43,73,2.0,,4.0,-440.0,-369.0,-436.0,-10.46
43,74,3.0,,4.0,-939.0,-836.0,-912.0,-21.9
43,75,3.0,,4.0,-536.0,0.0,-432.0,-10.38
43,76,3.0,,5.0,-150.0,0.0,-130.0,-3.12
44,66,1.0,,4.0,120.0,-73.0,39.0,0.93
44,67,1.0,,4.0,250.0,104.0,142.0,3.41
44,68,1.0,,4.0,-153.0,-77.0,-115.0,-2.77
44,69,1.0,,5.0,14.0,3.0,8.0,0.2
44,70,1.0,,5.0,-39.0,-20.0,-31.0,-0.73
44,71,2.0,,1.0,-71.0,0.0,-60.0,-1.43
44,72,2.0,,4.0,-61.0,-13.0,-33.0,-0.78
44,73,2.0,,4.0,-452.0,-37.0,-245.0,-5.87
44,74,3.0,,4.0,-937.0,-837.0,-908.0,-21.8
44,75,3.0,,4.0,-445.0,-287.0,-374.0,-8.97
44,76,3.0,,5.0,-233.0,0.0,-142.0,-3.41
45,66,1.0,,4.0,156.0,31.0,39.0,0.93
45,67,1.0,,4.0,189.0,99.0,145.0,3.48
45,68,1.0,,4.0,-156.0,-33.0,-119.0,-2.85
45,69,1.0,,5.0,-18.0,0.0,-8.0,-0.19
45,70,1.0,,5.0,43.0,7.0,31.0,0.75
45,71,2.0,,1.0,-76.0,0.0,-60.0,-1.45
45,72,2.0,,4.0,-131.0,-8.0,-79.0,-1.89
45,73,2.0,,4.0,-380.0,-84.0,-335.0,-8.03
45,74,3.0,,4.0,-930.0,-642.0,-725.0,-17.41
45,75,3.0,,4.0,-539.0,-327.0,-433.0,-10.39
45,76,3.0,,5.0,-176.0,0.0,-151.0,-3.62
46,66,1.0,,4.0,94.0,-23.0,40.0,0.96
46,67,1.0,,4.0,260.0,124.0,156.0,3.76
46,68,1.0,,4.0,-170.0,-4.0,-96.0,-2.3
46,69,1.0,,5.0,-21.0,-6.0,-16.0,-0.39
46,70,1.0,,5.0,28.0,5.0,18.0,0.42
46,71,2.0,,1.0,-74.0,0.0,-61.0,-1.46
46,72,2.0,,4.0,-102.0,-6.0,-36.0,-0.88
46,73,2.0,,4.0,-369.0,-104.0,-245.0,-5.87
46,74,3.0,,4.0,-927.0,-817.0,-900.0,-21.6
46,75,3.0,,4.0,-459.0,-342.0,-404.0,-9.7
46,76,3.0,,5.0,-147.0,0.0,-123.0,-2.94
47,66,1.0,,4.0,98.0,-11.0,20.0,0.49
47,67,1.0,,4.0,215.0,133.0,174.0,4.17
47,68,1.0,,4.0,-141.0,-93.0,-113.0,-2.72
47,69,1.0,,5.0,-18.0,-6.0,-13.0,-0.31
47,70,1.0,,5.0,35.0,10.0,24.0,0.58
47,71,2.0,,1.0,-77.0,0.0,-60.0,-1.45
47,72,2.0,,4.0,-67.0,-3.0,-19.0,-0.47
47,73,2.0,,4.0,-352.0,-46.0,-225.0,-5.4
47,74,3.0,,4.0,-930.0,-153.0,-843.0,-20.24
47,75,3.0,,4.0,-430.0,82.0,-131.0,-3.15
47,76,3.0,,5.0,-144.0,0.0,-118.0,-2.82
48,66,1.0,,4.0,274.0,-16.0,48.0,1.14
48,67,1.0,,4.0,200.0,141.0,170.0,4.08
48,68,1.0,,4.0,-147.0,-30.0,-116.0,-2.79
48,69,1.0,,5.0,-18.0,-5.0,-12.0,-0.28
48,70,1.0,,5.0,50.0,20.0,34.0,0.81
48,71,2.0,,1.0,-75.0,0.0,-60.0,-1.45
48,72,2.0,,4.0,-88.0,-12.0,-31.0,-0.74
48,73,2.0,,4.0,-218.0,0.0,-171.0,-4.11
48,74,3.0,,4.0,-929.0,-782.0,-905.0,-21.71
48,75,3.0,,4.0,-477.0,-362.0,-395.0,-9.48
48,76,3.0,,5.0,-152.0,0.0,-126.0,-3.02
49,66,1.0,,4.0,234.0,35.0,130.0,3.13
49,67,1.0,,4.0,194.0,129.0,163.0,3.92
49,68,1.0,,4.0,-140.0,-58.0,-104.0,-2.49
49,69,1.0,,5.0,-15.0,2.0,-5.0,-0.11
49,70,1.0,,5.0,48.0,21.0,36.0,0.86
49,71,2.0,,1.0,-72.0,0.0,-50.0,-1.2
49,72,2.0,,4.0,94.0,0.0,41.0,0.97
49,73,2.0,,4.0,-184.0,-39.0,-162.0,-3.89
49,74,3.0,,4.0,-933.0,-740.0,-880.0,-21.13
49,75,3.0,,4.0,-614.0,-332.0,-433.0,-10.4
49,76,3.0,,5.0,-170.0,0.0,-149.0,-3.58
50,66,1.0,,4.0,255.0,54.0,120.0,2.88
50,67,1.0,,4.0,177.0,135.0,160.0,3.84
50,68,1.0,,4.0,-154.0,-92.0,-126.0,-3.01
50,69,1.0,,5.0,-19.0,-4.0,-9.0,-0.22
50,70,1.0,,5.0,-37.0,-11.0,-22.0,-0.53
50,71,2.0,,1.0,-75.0,0.0,-60.0,-1.45
50,72,2.0,,4.0,-97.0,0.0,-32.0,-0.76
50,73,2.0,,4.0,-224.0,-5.0,-152.0,-3.64
50,74,3.0,,4.0,-936.0,-703.0,-898.0,-21.56
50,75,3.0,,4.0,-657.0,-481.0,-579.0,-13.89
50,76,3.0,,5.0,-178.0,0.0,-150.0,-3.61
51,66,1.0,,4.0,118.0,-27.0,43.0,1.02
51,67,1.0,,4.0,177.0,68.0,130.0,3.13
51,68,1.0,,4.0,-169.0,-93.0,-136.0,-3.27
51,69,1.0,,5.0,20.0,5.0,12.0,0.29
51,70,1.0,,5.0,-38.0,-7.0,-23.0,-0.56
51,71,2.0,,1.0,-76.0,0.0,-58.0,-1.4
51,72,2.0,,4.0,-106.0,-15.0,-67.0,-1.6
51,73,2.0,,4.0,-333.0,-25.0,-177.0,-4.25
51,74,3.0,,4.0,-937.0,-784.0,-905.0,-21.71
51,75,3.0,,4.0,-673.0,-533.0,-608.0,-14.6
51,76,3.0,,5.0,-168.0,0.0,-136.0,-3.26
52,66,1.0,,4.0,141.0,-10.0,65.0,1.56
52,67,1.0,,4.0,275.0,78.0,198.0,4.75
52,68,1.0,,4.0,-307.0,-85.0,-196.0,-4.71
52,69,1.0,,5.0,-16.0,-2.0,-7.0,-0.18
52,70,1.0,,5.0,38.0,18.0,30.0,0.72
52,71,2.0,,1.0,-72.0,0.0,-53.0,-1.28
52,72,2.0,,4.0,-54.0,0.0,-29.0,-0.7
52,73,2.0,,4.0,-280.0,-15.0,-195.0,-4.67
52,74,3.0,,4.0,-934.0,-263.0,-843.0,-20.22
52,75,3.0,,4.0,-762.0,-370.0,-560.0,-13.43
52,76,3.0,,5.0,-164.0,0.0,-129.0,-3.1
53,66,1.0,,4.0,163.0,-51.0,61.0,1.46
53,67,1.0,,4.0,288.0,157.0,253.0,6.07
53,68,1.0,,4.0,-269.0,-43.0,-222.0,-5.33
53,69,1.0,,5.0,-17.0,-5.0,-6.0,-0.15
53,70,1.0,,5.0,37.0,13.0,27.0,0.65
53,71,2.0,,1.0,-75.0,0.0,-42.0,-1.02
53,72,2.0,,4.0,-56.0,0.0,-10.0,-0.24
53,73,2.0,,4.0,-280.0,14.0,-153.0,-3.68
53,74,3.0,,4.0,-924.0,-819.0,-899.0,-21.57
53,75,3.0,,4.0,-693.0,-381.0,-520.0,-12.47
53,76,3.0,,5.0,-145.0,0.0,-121.0,-2.9
54,66,1.0,,4.0,223.0,25.0,108.0,2.6
54,67,1.0,,4.0,330.0,160.0,242.0,5.81
54,68,1.0,,4.0,-161.0,-69.0,-128.0,-3.07
54,69,1.0,,5.0,11.0,0.0,0.0,0.01
54,70,1.0,,5.0,42.0,25.0,34.0,0.82
54,71,2.0,,1.0,-69.0,0.0,-36.0,-0.87
54,72,2.0,,4.0,0.0,0.0,0.0,0.0
54,73,2.0,,4.0,-294.0,0.0,-177.0,-4.25
54,74,3.0,,4.0,-946.0,-858.0,-929.0,-22.3
54,75,3.0,,4.0,-795.0,-358.0,-642.0,-15.4
54,76,3.0,,5.0,-152.0,0.0,-132.0,-3.17
55,66,1.0,,4.0,401.0,115.0,215.0,5.16
55,67,1.0,,4.0,614.0,321.0,410.0,9.84
55,68,1.0,,4.0,-140.0,52.0,-80.0,-1.91
55,69,1.0,,5.0,23.0,0.0,1.0,0.02
55,70,1.0,,5.0,55.0,13.0,36.0,0.86
55,71,2.0,,1.0,-61.0,0.0,-31.0,-0.74
55,72,2.0,,4.0,0.0,0.0,0.0,0.0
55,73,2.0,,4.0,-257.0,31.0,-108.0,-2.59
55,74,3.0,,4.0,-932.0,-921.0,-923.0,-22.16
55,75,3.0,,4.0,-786.0,-383.0,-525.0,-12.61
55,76,3.0,,5.0,-157.0,0.0,-114.0,-2.74
56,66,1.0,,4.0,265.0,154.0,206.0,4.95
56,67,1.0,,4.0,438.0,296.0,366.0,8.79
56,68,1.0,,4.0,-92.0,38.0,-59.0,-1.42
56,69,1.0,,5.0,12.0,-8.0,3.0,0.07
56,70,1.0,,5.0,51.0,16.0,34.0,0.81
56,71,2.0,,1.0,-52.0,0.0,-2.0,-0.05
56,72,2.0,,4.0,0.0,0.0,0.0,0.0
56,73,2.0,,4.0,-110.0,161.0,17.0,0.4
56,74,3.0,,4.0,-924.0,-848.0,-912.0,-21.89
56,75,3.0,,4.0,-784.0,-611.0,-719.0,-17.24
56,76,3.0,,5.0,-178.0,0.0,-141.0,-3.38
57,66,1.0,,4.0,204.0,10.0,145.0,3.48
57,67,1.0,,4.0,350.0,177.0,252.0,6.05
57,68,1.0,,4.0,-126.0,-22.0,-92.0,-2.21
57,69,1.0,,5.0,-12.0,4.0,-4.0,-0.09
57,70,1.0,,5.0,47.0,25.0,37.0,0.88
57,71,2.0,,1.0,-67.0,0.0,-35.0,-0.84
57,72,2.0,,4.0,-50.0,0.0,-14.0,-0.33
57,73,2.0,,4.0,-183.0,0.0,-56.0,-1.34
57,74,3.0,,4.0,-930.0,-850.0,-929.0,-22.28
57,75,3.0,,4.0,-789.0,-626.0,-733.0,-17.59
57,76,3.0,,5.0,-179.0,0.0,-149.0,-3.58
58,66,1.0,,4.0,154.0,-30.0,116.0,2.79
58,67,1.0,,4.0,249.0,161.0,199.0,4.78
58,68,1.0,,4.0,-122.0,-2.0,-94.0,-2.26
58,69,1.0,,5.0,12.0,0.0,4.0,0.1
58,70,1.0,,5.0,-46.0,-25.0,-35.0,-0.85
58,71,2.0,,1.0,-74.0,0.0,-59.0,-1.41
58,72,2.0,,4.0,-98.0,-26.0,-45.0,-1.08
58,73,2.0,,4.0,-255.0,-8.0,-182.0,-4.37
58,74,3.0,,4.0,-932.0,-829.0,-913.0,-21.9
58,75,3.0,,4.0,-1003.0,0.0,-795.0,-19.07
58,76,3.0,,5.0,-171.0,0.0,-156.0,-3.74
59,66,1.0,,4.0,186.0,9.0,97.0,2.33
59,67,1.0,,4.0,187.0,123.0,158.0,3.79
59,68,1.0,,4.0,-115.0,7.0,-77.0,-1.85
59,69,1.0,,5.0,-27.0,-12.0,-17.0,-0.4
59,70,1.0,,5.0,-58.0,-27.0,-38.0,-0.92
59,71,2.0,,1.0,-69.0,0.0,-52.0,-1.24
59,72,2.0,,4.0,-61.0,-11.0,-28.0,-0.68
59,73,2.0,,4.0,-296.0,-6.0,-177.0,-4.25
59,74,3.0,,4.0,-928.0,-792.0,-908.0,-21.79
59,75,3.0,,4.0,-1002.0,-695.0,-884.0,-21.22
59,76,3.0,,5.0,-141.0,0.0,-138.0,-3.32
60,66,1.0,,4.0,287.0,35.0,163.0,3.92
60,67,1.0,,4.0,181.0,115.0,151.0,3.61
60,68,1.0,,4.0,-100.0,23.0,-235.0,-5.64
60,69,1.0,,5.0,16.0,5.0,8.0,0.2
60,70,1.0,,5.0,57.0,37.0,47.0,1.12
60,71,2.0,,1.0,-71.0,0.0,-55.0,-1.32
60,72,2.0,,4.0,-86.0,-19.0,-45.0,-1.07
60,73,2.0,,4.0,-304.0,-14.0,-182.0,-4.36
60,74,3.0,,4.0,-928.0,-777.0,-892.0,-21.4
60,75,3.0,,4.0,-1002.0,-695.0,-884.0,-21.22
60,76,3.0,,5.0,-175.0,0.0,-149.0,-3.58
61,66,1.0,,4.0,431.0,94.0,240.0,5.77
61,67,1.0,,4.0,325.0,134.0,206.0,4.93
61,68,1.0,,4.0,170.0,-80.0,-20.0,-0.48
61,69,1.0,,5.0,17.0,0.0,8.0,0.19
61,70,1.0,,5.0,53.0,29.0,46.0,1.11
61,71,2.0,,1.0,-74.0,0.0,-56.0,-1.34
61,72,2.0,,4.0,-100.0,-26.0,-55.0,-1.32
61,73,2.0,,4.0,-299.0,0.0,-184.0,-4.41
61,74,3.0,,4.0,-918.0,-777.0,-889.0,-21.35
61,75,3.0,,4.0,-1086.0,-857.0,-953.0,-22.87
61,76,3.0,,5.0,-170.0,0.0,-153.0,-3.66
62,66,1.0,,4.0,453.0,123.0,256.0,6.15
62,67,1.0,,4.0,241.0,154.0,193.0,4.63
62,68,1.0,,4.0,-91.0,76.0,-57.0,-1.37
62,69,1.0,,5.0,14.0,0.0,4.0,0.09
62,70,1.0,,5.0,55.0,34.0,43.0,1.03
62,71,2.0,,1.0,-76.0,0.0,-56.0,-1.34
62,72,2.0,,4.0,-74.0,-24.0,-43.0,-1.04
62,73,2.0,,4.0,-408.0,-8.0,-196.0,-4.71
62,74,3.0,,4.0,-925.0,-823.0,-897.0,-21.54
62,75,3.0,,4.0,-1129.0,-993.0,-1063.0,-25.5
62,76,3.0,,5.0,-170.0,0.0,-152.0,-3.65
63,66,1.0,,4.0,292.0,97.0,224.0,5.38
63,67,1.0,,4.0,327.0,131.0,161.0,3.85
63,68,1.0,,4.0,-96.0,22.0,-65.0,-1.57
63,69,1.0,,5.0,22.0,0.0,6.0,0.14
63,70,1.0,,5.0,56.0,35.0,45.0,1.07
63,71,2.0,,1.0,-72.0,0.0,-58.0,-1.39
63,72,2.0,,4.0,-98.0,-11.0,-37.0,-0.89
63,73,2.0,,4.0,-313.0,0.0,-185.0,-4.43
63,74,3.0,,4.0,-922.0,-798.0,-896.0,-21.51
63,75,3.0,,4.0,-1150.0,-509.0,-797.0,-19.13
63,76,3.0,,5.0,-166.0,0.0,-153.0,-3.68
64,66,1.0,,4.0,246.0,77.0,171.0,4.1
64,67,1.0,,4.0,172.0,104.0,138.0,3.31
64,68,1.0,,4.0,-118.0,-58.0,-81.0,-1.96
64,69,1.0,,5.0,13.0,2.0,6.0,0.14
64,70,1.0,,5.0,46.0,22.0,45.0,1.07
64,71,2.0,,1.0,-73.0,0.0,-60.0,-1.44
64,72,2.0,,4.0,-195.0,-26.0,-49.0,-1.16
64,73,2.0,,4.0,-445.0,7.0,-209.0,-5.01
64,74,3.0,,4.0,-915.0,-788.0,-897.0,-21.54
64,75,3.0,,4.0,-815.0,-692.0,-747.0,-17.93
64,76,3.0,,5.0,-180.0,0.0,-155.0,-3.72
65,66,1.0,,4.0,258.0,77.0,169.0,4.06
65,67,1.0,,4.0,149.0,73.0,114.0,2.73
65,68,1.0,,4.0,-130.0,-59.0,-87.0,-2.09
65,69,1.0,,5.0,15.0,0.0,5.0,0.13
65,70,1.0,,5.0,55.0,29.0,42.0,1.01
65,71,2.0,,1.0,-70.0,0.0,-55.0,-1.31
65,72,2.0,,4.0,-157.0,-17.0,-41.0,-0.97
65,73,2.0,,4.0,-328.0,0.0,-201.0,-4.82
65,74,3.0,,4.0,-928.0,-816.0,-901.0,-21.63
65,75,3.0,,4.0,-821.0,-667.0,-746.0,-17.9
65,76,3.0,,5.0,-165.0,0.0,-153.0,-3.66
66,66,1.0,,4.0,279.0,77.0,182.0,4.37
66,67,1.0,,4.0,219.0,87.0,128.0,3.06
66,68,1.0,,4.0,-153.0,28.0,-85.0,-2.05
66,69,1.0,,5.0,-22.0,-1.0,-13.0,-0.3
66,70,1.0,,5.0,-55.0,-35.0,-46.0,-1.11
66,71,2.0,,1.0,-74.0,0.0,-61.0,-1.46
66,72,2.0,,4.0,-227.0,-11.0,-63.0,-1.5
66,73,2.0,,4.0,-330.0,-59.0,-183.0,-4.4
66,74,3.0,,4.0,-930.0,-802.0,-903.0,-21.68
66,75,3.0,,4.0,-650.0,-450.0,-650.0,-17.93
66,76,3.0,,5.0,-174.0,0.0,-149.0,-3.58
67,66,1.0,,4.0,176.0,55.0,112.0,2.68
67,67,1.0,,4.0,257.0,89.0,125.0,2.99
67,68,1.0,,4.0,-109.0,18.0,-41.0,-0.98
67,69,1.0,,5.0,-11.0,-2.0,-7.0,-0.18
67,70,1.0,,5.0,-53.0,-4.0,-44.0,-1.05
67,71,2.0,,1.0,-77.0,0.0,-66.0,-1.58
67,72,2.0,,4.0,-143.0,-53.0,-94.0,-2.25
67,73,2.0,,4.0,-197.0,-78.0,-195.0,-4.67
67,74,3.0,,4.0,-927.0,-807.0,-904.0,-21.7
67,75,3.0,,4.0,-819.0,0.0,-451.0,-10.83
67,76,3.0,,5.0,-170.0,0.0,-157.0,-3.76
68,66,1.0,,4.0,204.0,0.0,120.0,2.87
68,67,1.0,,4.0,200.0,27.0,99.0,2.37
68,68,1.0,,4.0,-112.0,3.0,-45.0,-1.08
68,69,1.0,,5.0,-13.0,-4.0,-5.0,-0.11
68,70,1.0,,5.0,-55.0,-26.0,-45.0,-1.08
68,71,2.0,,1.0,-76.0,0.0,-65.0,-1.56
68,72,2.0,,4.0,-186.0,-39.0,-117.0,-2.82
68,73,2.0,,4.0,-388.0,0.0,-187.0,-4.49
68,74,3.0,,4.0,-926.0,-813.0,-903.0,-21.67
68,75,3.0,,4.0,-1172.0,0.0,-629.0,-15.09
68,76,3.0,,5.0,-148.0,0.0,-154.0,-3.7
69,66,1.0,,4.0,147.0,-10.0,112.0,2.68
69,67,1.0,,4.0,166.0,38.0,122.0,2.93
69,68,1.0,,4.0,-116.0,-19.0,-57.0,-1.36
69,69,1.0,,5.0,9.0,-2.0,2.0,0.05
69,70,1.0,,5.0,56.0,29.0,44.0,1.05
69,71,2.0,,1.0,-75.0,0.0,-63.0,-1.52
69,72,2.0,,4.0,-157.0,-26.0,-75.0,-1.79
69,73,2.0,,4.0,-351.0,0.0,-190.0,-4.57
69,74,3.0,,4.0,-933.0,-813.0,-898.0,-21.56
69,75,3.0,,4.0,-1228.0,-670.0,-1008.0,-24.19
69,76,3.0,,5.0,-161.0,0.0,-130.0,-3.12
70,66,1.0,,4.0,243.0,75.0,126.0,3.02
70,67,1.0,,4.0,189.0,99.0,125.0,3.0
70,68,1.0,,4.0,-121.0,-36.0,-68.0,-1.64
70,69,1.0,,5.0,50.0,25.0,36.0,0.86
70,70,1.0,,5.0,-7.0,0.0,-2.0,-0.04
70,71,2.0,,1.0,-74.0,0.0,-62.0,-1.48
70,72,2.0,,4.0,-58.0,-9.0,-24.0,-0.58
70,73,2.0,,4.0,-239.0,0.0,-110.0,-2.65
70,74,3.0,,4.0,-929.0,-794.0,-900.0,-21.6
70,75,3.0,,4.0,-1123.0,-997.0,-1062.0,-25.48
70,76,3.0,,5.0,-151.0,0.0,-132.0,-3.16
71,66,1.0,,4.0,361.0,119.0,147.0,3.53
71,67,1.0,,4.0,181.0,87.0,119.0,2.85
71,68,1.0,,4.0,-121.0,31.0,-95.0,-2.28
71,69,1.0,,5.0,-20.0,7.0,1.0,0.02
71,70,1.0,,5.0,-49.0,-19.0,-36.0,-0.87
71,71,2.0,,1.0,-74.0,0.0,-55.0,-1.33
71,72,2.0,,4.0,-72.0,-15.0,-34.0,-0.81
71,73,2.0,,4.0,-171.0,-20.0,-40.0,-0.96
71,74,3.0,,4.0,-928.0,-801.0,-926.0,-22.23
71,75,3.0,,4.0,-1116.0,-997.0,-1063.0,-25.5
71,76,3.0,,5.0,-162.0,0.0,-143.0,-3.44
72,66,1.0,,4.0,335.0,198.0,248.0,5.95
72,67,1.0,,4.0,180.0,111.0,132.0,3.18
72,68,1.0,,4.0,-137.0,-68.0,-100.0,-2.4
72,69,1.0,,5.0,8.0,-4.0,1.0,0.03
72,70,1.0,,5.0,52.0,29.0,41.0,0.99
72,71,2.0,,1.0,-76.0,0.0,-52.0,-1.25
72,72,2.0,,4.0,-53.0,-3.0,-17.0,-0.41
72,73,2.0,,4.0,-294.0,0.0,-98.0,-2.34
72,74,3.0,,4.0,-922.0,-782.0,-897.0,-21.52
72,75,3.0,,4.0,-1172.0,-969.0,-1061.0,-25.46
72,76,3.0,,5.0,-166.0,0.0,-139.0,-3.34
73,66,1.0,,4.0,271.0,141.0,204.0,4.9
73,67,1.0,,4.0,169.0,99.0,131.0,3.15
73,68,1.0,,4.0,-132.0,-54.0,-88.0,-2.11
73,69,1.0,,5.0,-5.0,5.0,0.0,-0.01
73,70,1.0,,5.0,54.0,21.0,39.0,0.93
73,71,2.0,,1.0,-78.0,0.0,-54.0,-1.29
73,72,2.0,,4.0,-52.0,-13.0,-22.0,-0.52
73,73,2.0,,4.0,349.0,91.0,243.0,5.83
73,74,3.0,,4.0,-927.0,-728.0,-891.0,-21.38
73,75,3.0,,4.0,-1087.0,0.0,-645.0,-15.48
73,76,3.0,,5.0,-180.0,0.0,-153.0,-3.67
74,66,1.0,,4.0,470.0,127.0,291.0,6.98
74,67,1.0,,4.0,211.0,116.0,153.0,3.66
74,68,1.0,,4.0,-116.0,-55.0,-80.0,-1.93
74,69,1.0,,5.0,12.0,1.0,1.0,0.03
74,70,1.0,,5.0,-52.0,-1.0,-37.0,-0.9
74,71,2.0,,1.0,-69.0,0.0,-49.0,-1.17
74,72,2.0,,4.0,-22.0,-9.0,-15.0,-0.37
74,73,2.0,,4.0,370.0,157.0,327.0,7.85
74,74,3.0,,4.0,-929.0,-728.0,-904.0,-21.7
74,75,3.0,,4.0,-790.0,0.0,-412.0,-9.88
74,76,3.0,,5.0,-184.0,0.0,-166.0,-3.98
75,66,1.0,,4.0,579.0,154.0,355.0,8.52
75,67,1.0,,4.0,1046.0,203.0,488.0,11.7
75,68,1.0,,4.0,123.0,-114.0,-23.0,-0.55
75,69,1.0,,5.0,-15.0,0.0,-2.0,-0.05
75,70,1.0,,5.0,-31.0,-4.0,-17.0,-0.41
75,71,2.0,,1.0,-72.0,0.0,-51.0,-1.23
75,72,2.0,,4.0,-21.0,0.0,-12.0,-0.29
75,73,2.0,,4.0,333.0,-33.0,279.0,6.69
75,74,3.0,,4.0,-928.0,-749.0,-896.0,-21.5
75,75,3.0,,4.0,-779.0,-687.0,-744.0,-17.85
75,76,3.0,,5.0,162.0,0.0,-163.0,-3.92
76,66,1.0,,4.0,645.0,474.0,575.0,13.8
76,67,1.0,,4.0,1084.0,1019.0,1024.0,24.57
76,68,1.0,,4.0,151.0,109.0,125.0,3.0
76,69,1.0,,5.0,23.0,13.0,18.0,0.42
76,70,1.0,,5.0,27.0,11.0,15.0,0.37
76,71,2.0,,1.0,-75.0,0.0,-55.0,-1.31
76,72,2.0,,4.0,-91.0,0.0,-50.0,-1.2
76,73,2.0,,4.0,178.0,120.0,166.0,3.99
76,74,3.0,,4.0,-931.0,-740.0,-901.0,-21.62
76,75,3.0,,4.0,-895.0,-482.0,-772.0,-18.53
76,76,3.0,,5.0,-167.0,0.0,-149.0,-3.58
77,66,1.0,,4.0,653.0,477.0,579.0,13.91
77,67,1.0,,4.0,1129.0,1028.0,1051.0,25.23
77,68,1.0,,4.0,226.0,114.0,167.0,4.02
77,69,1.0,,5.0,17.0,7.0,13.0,0.31
77,70,1.0,,5.0,34.0,5.0,18.0,0.43
77,71,2.0,,1.0,-74.0,0.0,-60.0,-1.43
77,72,2.0,,4.0,-44.0,-7.0,-29.0,-0.69
77,73,2.0,,4.0,305.0,56.0,228.0,5.48
77,74,3.0,,4.0,-930.0,-761.0,-892.0,-21.41
77,75,3.0,,4.0,-816.0,-581.0,-785.0,-18.83
77,76,3.0,,5.0,-175.0,0.0,-152.0,-3.64
78,66,1.0,,4.0,659.0,516.0,583.0,13.98
78,67,1.0,,4.0,1133.0,970.0,1041.0,24.99
78,68,1.0,,4.0,208.0,127.0,171.0,4.09
78,69,1.0,,5.0,23.0,6.0,16.0,0.38
78,70,1.0,,5.0,35.0,7.0,18.0,0.43
78,71,2.0,,1.0,-72.0,0.0,-56.0,-1.35
78,72,2.0,,4.0,-86.0,-8.0,-41.0,-0.99
78,73,2.0,,4.0,256.0,56.0,188.0,4.5
78,74,3.0,,4.0,-931.0,-756.0,-900.0,-21.6
78,75,3.0,,4.0,-1313.0,-574.0,-882.0,-21.16
78,76,3.0,,5.0,-159.0,0.0,-131.0,-3.14
79,66,1.0,,4.0,653.0,344.0,502.0,12.04
79,67,1.0,,4.0,1142.0,1041.0,1063.0,25.51
79,68,1.0,,4.0,214.0,91.0,151.0,3.63
79,69,1.0,,5.0,30.0,7.0,16.0,0.38
79,70,1.0,,5.0,39.0,6.0,23.0,0.54
79,71,2.0,,1.0,-72.0,0.0,-50.0,-1.2
79,72,2.0,,4.0,-78.0,-31.0,-46.0,-1.1
79,73,2.0,,4.0,87.0,0.0,87.0,5.22
79,74,3.0,,4.0,-931.0,-756.0,-901.0,-21.62
79,75,3.0,,4.0,-1121.0,-823.0,-1012.0,-24.29
79,76,3.0,,5.0,-166.0,0.0,-146.0,-3.5
80,66,1.0,,4.0,685.0,492.0,631.0,15.14
80,67,1.0,,4.0,1100.0,0.0,1043.0,25.03
80,68,1.0,,4.0,212.0,140.0,168.0,4.04
80,69,1.0,,5.0,-33.0,-13.0,-24.0,-0.57
80,70,1.0,,5.0,-20.0,-11.0,-15.0,-0.37
80,71,2.0,,1.0,-75.0,0.0,-42.0,-1.0
80,72,2.0,,4.0,-61.0,-5.0,-28.0,-0.68
80,73,2.0,,4.0,142.0,0.0,142.0,6.91
80,74,3.0,,4.0,-930.0,-779.0,-897.0,-21.53
80,75,3.0,,4.0,-1124.0,-686.0,-979.0,-23.49
80,76,3.0,,5.0,-170.0,0.0,-149.0,-3.57
81,66,1.0,,4.0,679.0,574.0,632.0,15.17
81,67,1.0,,4.0,1083.0,1005.0,1018.0,24.43
81,68,1.0,,4.0,146.0,107.0,123.0,2.95
81,69,1.0,,5.0,-18.0,-1.0,-10.0,-0.24
81,70,1.0,,5.0,-42.0,0.0,-26.0,-0.63
81,71,2.0,,1.0,-68.0,0.0,-45.0,-1.08
81,72,2.0,,4.0,61.0,0.0,27.0,0.66
81,73,2.0,,4.0,138.0,0.0,138.0,6.79
81,74,3.0,,4.0,-928.0,-798.0,-899.0,-21.57
81,75,3.0,,4.0,-878.0,-604.0,-745.0,-17.88
81,76,3.0,,5.0,-177.0,0.0,-159.0,-3.82
82,66,1.0,,4.0,639.0,465.0,583.0,13.98
82,67,1.0,,4.0,1058.0,748.0,871.0,20.9
82,68,1.0,,4.0,145.0,65.0,105.0,2.52
82,69,1.0,,5.0,-16.0,-3.0,-9.0,-0.23
82,70,1.0,,5.0,-54.0,-15.0,-32.0,-0.76
82,71,2.0,,1.0,-74.0,0.0,-52.0,-1.25
82,72,2.0,,4.0,-46.0,0.0,-29.0,-0.7
82,73,2.0,,4.0,358.0,136.0,268.0,6.43
82,74,3.0,,4.0,-926.0,-796.0,-898.0,-21.55
82,75,3.0,,4.0,-806.0,-677.0,-746.0,-17.89
82,76,3.0,,5.0,-183.0,0.0,-164.0,-3.94
83,66,1.0,,4.0,573.0,325.0,444.0,10.65
83,67,1.0,,4.0,752.0,475.0,628.0,15.06
83,68,1.0,,4.0,80.0,26.0,48.0,1.16
83,69,1.0,,5.0,-20.0,0.0,-9.0,-0.22
83,70,1.0,,5.0,-48.0,-16.0,-33.0,-0.78
83,71,2.0,,1.0,0.0,0.0,0.0,-1.15
83,72,2.0,,4.0,-49.0,0.0,-11.0,-0.27
83,73,2.0,,4.0,399.0,188.0,263.0,6.32
83,74,3.0,,4.0,-931.0,-794.0,-906.0,-21.74
83,75,3.0,,4.0,-804.0,-687.0,-748.0,-17.95
83,76,3.0,,5.0,172.0,0.0,-158.0,-3.8
84,66,1.0,,4.0,524.0,309.0,416.0,9.99
84,67,1.0,,4.0,574.0,407.0,495.0,11.87
84,68,1.0,,4.0,66.0,19.0,40.0,0.96
84,69,1.0,,5.0,-31.0,-9.0,-20.0,-0.49
84,70,1.0,,5.0,-32.0,-11.0,-22.0,-0.54
84,71,2.0,,1.0,0.0,0.0,0.0,-1.02
84,72,2.0,,4.0,-44.0,-5.0,-13.0,-0.32
84,73,2.0,,4.0,508.0,111.0,292.0,7.01
84,74,3.0,,4.0,-931.0,-794.0,-902.0,-21.64
84,75,3.0,,4.0,-817.0,-674.0,-749.0,-17.98
84,76,3.0,,5.0,-180.0,0.0,-159.0,-3.82
85,66,1.0,,4.0,465.0,0.0,242.0,5.82
85,67,1.0,,4.0,706.0,367.0,467.0,11.22
85,68,1.0,,4.0,113.0,-12.0,21.0,0.51
85,69,1.0,,5.0,42.0,14.0,28.0,0.68
85,70,1.0,,5.0,30.0,0.0,10.0,0.25
85,71,2.0,,1.0,-74.0,0.0,-35.0,-0.83
85,72,2.0,,4.0,-59.0,0.0,-21.0,-0.5
85,73,2.0,,4.0,393.0,211.0,274.0,6.58
85,74,3.0,,4.0,-940.0,-818.0,-937.0,-22.48
85,75,3.0,,4.0,-809.0,-687.0,-763.0,-18.31
85,76,3.0,,5.0,-181.0,0.0,0.0,0.0
86,66,1.0,,4.0,0.0,0.0,0.0,8.42
86,67,1.0,,4.0,0.0,0.0,0.0,14.07
86,68,1.0,,4.0,0.0,0.0,0.0,1.9
86,69,1.0,,5.0,32.0,7.0,16.0,0.38
86,70,1.0,,5.0,30.0,7.0,21.0,0.5
86,71,2.0,,1.0,-55.0,0.0,-31.0,-0.74
86,72,2.0,,4.0,-59.0,-6.0,-11.0,-0.26
86,73,2.0,,4.0,317.0,163.0,257.0,6.16
86,74,3.0,,4.0,-949.0,-788.0,-911.0,-21.86
86,75,3.0,,4.0,-1221.0,-693.0,-904.0,-21.7
86,76,3.0,,5.0,-171.0,0.0,-150.0,-3.6
87,66,1.0,,4.0,0.0,0.0,0.0,9.02
87,67,1.0,,4.0,0.0,0.0,0.0,10.35
87,68,1.0,,4.0,0.0,0.0,0.0,0.73
87,69,1.0,,5.0,27.0,7.0,16.0,0.38
87,70,1.0,,5.0,29.0,14.0,20.0,0.49
87,71,2.0,,1.0,-72.0,0.0,-32.0,-0.77
87,72,2.0,,4.0,-52.0,-14.0,-28.0,-0.67
87,73,2.0,,4.0,353.0,114.0,236.0,5.66
87,74,3.0,,4.0,-937.0,-788.0,-925.0,-22.2
87,75,3.0,,4.0,-1105.0,-376.0,-828.0,-19.87
87,76,3.0,,5.0,-163.0,0.0,-137.0,-3.28
88,66,1.0,,4.0,582.0,386.0,439.0,10.52
88,67,1.0,,4.0,691.0,417.0,529.0,12.7
88,68,1.0,,4.0,105.0,20.0,55.0,1.33
88,69,1.0,,5.0,30.0,19.0,25.0,0.59
88,70,1.0,,5.0,31.0,12.0,22.0,0.53
88,71,2.0,,1.0,-68.0,0.0,-32.0,-0.78
88,72,2.0,,4.0,-54.0,-11.0,-22.0,-0.53
88,73,2.0,,4.0,362.0,207.0,289.0,6.93
88,74,3.0,,4.0,-936.0,-860.0,-933.0,-22.39
88,75,3.0,,4.0,-570.0,-384.0,-496.0,-11.91
88,76,3.0,,5.0,-146.0,0.0,-120.0,-2.88
89,66,1.0,,4.0,622.0,439.0,541.0,12.99
89,67,1.0,,4.0,1023.0,572.0,938.0,22.5
89,68,1.0,,4.0,147.0,104.0,120.0,2.87
89,69,1.0,,5.0,33.0,6.0,21.0,0.51
89,70,1.0,,5.0,81.0,5.0,30.0,0.73
89,71,2.0,,1.0,-72.0,0.0,-38.0,-0.92
89,72,2.0,,4.0,-32.0,0.0,-8.0,-0.19
89,73,2.0,,4.0,393.0,250.0,332.0,7.96
89,74,3.0,,4.0,-937.0,-598.0,-720.0,-17.28
89,75,3.0,,4.0,-562.0,-343.0,-469.0,-11.25
89,76,3.0,,5.0,-155.0,0.0,-119.0,-2.86
90,66,1.0,,4.0,673.0,539.0,645.0,15.48
90,67,1.0,,4.0,1027.0,989.0,1027.0,28.85
90,68,1.0,,4.0,152.0,93.0,126.0,3.02
90,69,1.0,,5.0,-29.0,-4.0,-23.0,-0.56
90,70,1.0,,5.0,-62.0,-8.0,-40.0,-0.95
90,71,2.0,,1.0,-67.0,0.0,-25.0,-0.61
90,72,2.0,,4.0,0.0,0.0,0.0,0.0
90,73,2.0,,4.0,378.0,225.0,333.0,7.99
90,74,3.0,,4.0,-928.0,-582.0,-700.0,-16.81
90,75,3.0,,4.0,-582.0,-455.0,-511.0,-12.27
90,76,3.0,,5.0,-146.0,0.0,-127.0,-3.04
91,66,1.0,,4.0,647.0,488.0,547.0,13.12
91,67,1.0,,4.0,1037.0,965.0,977.0,23.45
91,68,1.0,,4.0,156.0,19.0,104.0,2.51
91,69,1.0,,5.0,31.0,18.0,23.0,0.56
91,70,1.0,,5.0,59.0,35.0,47.0,1.12
91,71,2.0,,1.0,-53.0,0.0,-9.0,-0.22
91,72,2.0,,4.0,0.0,0.0,0.0,0.0
91,73,2.0,,4.0,323.0,0.0,185.0,4.45
91,74,3.0,,4.0,-928.0,-824.0,-922.0,-22.13
91,75,3.0,,4.0,-607.0,-390.0,-487.0,-11.69
91,76,3.0,,5.0,-153.0,0.0,-128.0,-3.06
92,66,1.0,,4.0,716.0,531.0,626.0,15.03
92,67,1.0,,4.0,1043.0,981.0,985.0,23.65
92,68,1.0,,4.0,158.0,111.0,133.0,3.19
92,69,1.0,,5.0,-33.0,-21.0,-28.0,-0.67
92,70,1.0,,5.0,-58.0,-19.0,-40.0,-0.95
92,71,2.0,,1.0,-61.0,0.0,-14.0,-0.33
92,72,2.0,,4.0,-5.0,0.0,0.0,-0.01
92,73,2.0,,4.0,382.0,285.0,335.0,8.03
92,74,3.0,,4.0,-939.0,-866.0,-925.0,-22.19
92,75,3.0,,4.0,-628.0,-445.0,-563.0,-13.5
92,76,3.0,,5.0,-160.0,0.0,-140.0,-3.36
93,66,1.0,,4.0,718.0,610.0,633.0,15.19
93,67,1.0,,4.0,1076.0,981.0,995.0,23.89
93,68,1.0,,4.0,288.0,113.0,144.0,3.46
93,69,1.0,,5.0,35.0,25.0,28.0,0.68
93,70,1.0,,5.0,58.0,0.0,39.0,0.94
93,71,2.0,,1.0,0.0,0.0,0.0,-0.5
93,72,2.0,,4.0,-30.0,-4.0,-30.0,-1.25
93,73,2.0,,4.0,447.0,268.0,345.0,8.27
93,74,3.0,,4.0,-936.0,-860.0,-910.0,-21.85
93,75,3.0,,4.0,-708.0,-513.0,-614.0,-14.73
93,76,3.0,,5.0,-160.0,0.0,-135.0,-3.24
94,66,1.0,,4.0,0.0,0.0,0.0,14.62
94,67,1.0,,4.0,0.0,0.0,0.0,23.73
94,68,1.0,,4.0,0.0,0.0,0.0,3.34
94,69,1.0,,5.0,31.0,6.0,22.0,0.52
94,70,1.0,,5.0,58.0,8.0,41.0,0.98
94,71,2.0,,1.0,-47.0,0.0,-12.0,-0.29
94,72,2.0,,4.0,-27.0,0.0,-3.0,-0.08
94,73,2.0,,4.0,455.0,239.0,381.0,9.14
94,74,3.0,,4.0,-937.0,-863.0,-896.0,-21.5
94,75,3.0,,4.0,-670.0,-555.0,-610.0,-14.65
94,76,3.0,,5.0,-163.0,0.0,-145.0,-3.48
95,66,1.0,,4.0,688.0,572.0,613.0,14.7
95,67,1.0,,4.0,1058.0,978.0,984.0,23.62
95,68,1.0,,4.0,305.0,122.0,150.0,3.6
95,69,1.0,,5.0,35.0,7.0,28.0,0.67
95,70,1.0,,5.0,58.0,25.0,40.0,0.95
95,71,2.0,,1.0,-56.0,0.0,-4.0,-0.09
95,72,2.0,,4.0,0.0,0.0,0.0,0.0
95,73,2.0,,4.0,429.0,214.0,358.0,8.58
95,74,3.0,,4.0,-932.0,-853.0,-880.0,-21.12
95,75,3.0,,4.0,-816.0,-544.0,-673.0,-16.14
95,76,3.0,,5.0,-163.0,0.0,-143.0,-3.44
96,66,1.0,,4.0,659.0,570.0,599.0,14.37
96,67,1.0,,4.0,1028.0,963.0,981.0,23.53
96,68,1.0,,4.0,197.0,119.0,153.0,3.67
96,69,1.0,,5.0,-38.0,-1.0,-27.0,-0.64
96,70,1.0,,5.0,-60.0,-24.0,-40.0,-0.95
96,71,2.0,,1.0,-62.0,0.0,-26.0,-0.63
96,72,2.0,,4.0,-21.0,-17.0,-20.0,-0.49
96,73,2.0,,4.0,167.0,0.0,167.0,8.02
96,74,3.0,,4.0,-923.0,-919.0,-922.0,-22.13
96,75,3.0,,4.0,-796.0,-504.0,-671.0,-16.1
96,76,3.0,,5.0,-158.0,0.0,-135.0,-3.24
97,66,1.0,,4.0,0.0,0.0,0.0,14.63
97,67,1.0,,4.0,0.0,0.0,0.0,23.53
97,68,1.0,,4.0,0.0,0.0,0.0,3.93
97,69,1.0,,5.0,-39.0,0.0,-32.0,-0.76
97,70,1.0,,5.0,-54.0,18.0,-29.0,-0.69
97,71,2.0,,1.0,-64.0,0.0,-31.0,-0.75
97,72,2.0,,4.0,-32.0,0.0,-7.0,-0.17
97,73,2.0,,4.0,407.0,242.0,356.0,8.54
97,74,3.0,,4.0,-934.0,-919.0,-928.0,-22.26
97,75,3.0,,4.0,-808.0,-444.0,-586.0,-14.07
97,76,3.0,,5.0,-148.0,0.0,-125.0,-3.0
98,66,1.0,,4.0,671.0,440.0,647.0,15.52
98,67,1.0,,4.0,1047.0,877.0,975.0,23.4
98,68,1.0,,4.0,191.0,129.0,151.0,3.63
98,69,1.0,,5.0,-47.0,-25.0,-33.0,-0.8
98,70,1.0,,5.0,-52.0,-14.0,-34.0,-0.81
98,71,2.0,,1.0,-59.0,0.0,-22.0,-0.52
98,72,2.0,,4.0,-32.0,0.0,-76.0,-1.82
98,73,2.0,,4.0,435.0,285.0,368.0,8.82
98,74,3.0,,4.0,-932.0,0.0,-932.0,-22.37
98,75,3.0,,4.0,-631.0,-262.0,-610.0,-14.65
98,76,3.0,,5.0,-166.0,0.0,-152.0,-3.64
99,66,1.0,,4.0,642.0,586.0,642.0,15.6
99,67,1.0,,4.0,1042.0,0.0,991.0,23.79
99,68,1.0,,4.0,177.0,124.0,177.0,5.46
99,69,1.0,,5.0,-44.0,-24.0,-34.0,-0.81
99,70,1.0,,5.0,-50.0,-21.0,-30.0,-0.72
99,71,2.0,,1.0,-71.0,0.0,-39.0,-0.93
99,72,2.0,,4.0,-30.0,0.0,-17.0,-0.4
99,73,2.0,,4.0,387.0,176.0,238.0,5.72
99,74,3.0,,4.0,-932.0,-922.0,-924.0,-22.17
99,75,3.0,,4.0,-633.0,-588.0,-612.0,-14.7
99,76,3.0,,5.0,-173.0,0.0,-158.0,-3.78
100,66,1.0,,4.0,655.0,450.0,572.0,13.74
100,67,1.0,,4.0,1030.0,808.0,961.0,23.05
100,68,1.0,,4.0,173.0,118.0,143.0,3.44
100,69,1.0,,5.0,65.0,11.0,23.0,0.56
100,70,1.0,,5.0,52.0,0.0,22.0,0.53
100,71,2.0,,1.0,-73.0,0.0,-45.0,-1.09
100,72,2.0,,4.0,-23.0,0.0,-5.0,-0.12
100,73,2.0,,4.0,452.0,218.0,319.0,7.65
100,74,3.0,,4.0,-926.0,-808.0,-904.0,-21.69
100,75,3.0,,4.0,-899.0,0.0,-390.0,-9.37
100,76,3.0,,5.0,-172.0,0.0,-158.0,-3.78
101,66,1.0,,4.0,685.0,470.0,636.0,15.27
101,67,1.0,,4.0,1026.0,660.0,893.0,21.44
101,68,1.0,,4.0,166.0,112.0,133.0,3.19
101,69,1.0,,5.0,39.0,0.0,25.0,0.61
101,70,1.0,,5.0,56.0,8.0,26.0,0.63
101,71,2.0,,1.0,0.0,0.0,0.0,-0.64
101,72,2.0,,4.0,0.0,0.0,0.0,0.0
101,73,2.0,,4.0,400.0,297.0,338.0,8.1
101,74,3.0,,4.0,-930.0,-813.0,-904.0,-21.69
101,75,3.0,,4.0,-909.0,0.0,-614.0,-14.73
101,76,3.0,,5.0,-166.0,0.0,-143.0,-3.44
102,66,1.0,,4.0,636.0,0.0,584.0,14.03
102,67,1.0,,4.0,1030.0,532.0,864.0,20.74
102,68,1.0,,4.0,191.0,96.0,120.0,2.88
102,69,1.0,,5.0,27.0,21.0,24.0,0.57
102,70,1.0,,5.0,53.0,29.0,39.0,0.94
102,71,2.0,,1.0,-69.0,0.0,-29.0,-0.7
102,72,2.0,,4.0,-13.0,0.0,-2.0,-0.06
102,73,2.0,,4.0,453.0,280.0,376.0,9.03
102,74,3.0,,4.0,-929.0,-795.0,-905.0,-21.73
102,75,3.0,,4.0,-1539.0,-602.0,-1089.0,-26.13
102,76,3.0,,5.0,-170.0,0.0,-150.0,-3.6
103,66,1.0,,4.0,697.0,611.0,643.0,15.44
103,67,1.0,,4.0,1041.0,916.0,991.0,23.79
103,68,1.0,,4.0,181.0,122.0,148.0,3.55
103,69,1.0,,5.0,24.0,0.0,4.0,0.1
103,70,1.0,,5.0,59.0,33.0,45.0,1.07
103,71,2.0,,1.0,0.0,0.0,0.0,-0.38
103,72,2.0,,4.0,0.0,0.0,0.0,0.0
103,73,2.0,,4.0,574.0,0.0,376.0,9.03
103,74,3.0,,4.0,-913.0,-794.0,-888.0,-21.31
103,75,3.0,,4.0,-1520.0,-572.0,-768.0,-18.42
103,76,3.0,,5.0,-182.0,0.0,-160.0,-3.85
104,66,1.0,,4.0,0.0,0.0,0.0,14.18
104,67,1.0,,4.0,0.0,0.0,0.0,24.03
104,68,1.0,,4.0,0.0,0.0,0.0,4.05
104,69,1.0,,5.0,0.0,0.0,0.0,0.0
104,70,1.0,,5.0,-65.0,14.0,-25.0,-0.6
104,71,2.0,,1.0,0.0,0.0,0.0,-0.58
104,72,2.0,,4.0,0.0,0.0,0.0,0.0
104,73,2.0,,4.0,481.0,353.0,476.0,11.43
104,74,3.0,,4.0,-917.0,-780.0,-885.0,-21.25
104,75,3.0,,4.0,-649.0,-566.0,-614.0,-14.74
104,76,3.0,,5.0,-172.0,0.0,-143.0,-3.42
105,66,1.0,,4.0,658.0,626.0,643.0,15.42
105,67,1.0,,4.0,1054.0,0.0,1000.0,24.0
105,68,1.0,,4.0,249.0,123.0,151.0,3.62
105,69,1.0,,5.0,0.0,0.0,0.0,0.0
105,70,1.0,,5.0,-65.0,-28.0,-57.0,-1.37
105,71,2.0,,1.0,-51.0,0.0,-10.0,-0.24
105,72,2.0,,4.0,0.0,0.0,0.0,0.0
105,73,2.0,,4.0,493.0,276.0,425.0,10.2
105,74,3.0,,4.0,-931.0,-784.0,-898.0,-21.55
105,75,3.0,,4.0,-638.0,-519.0,-611.0,-14.66
105,76,3.0,,5.0,-169.0,0.0,-150.0,-3.6
106,66,1.0,,4.0,629.0,629.0,629.0,15.63
106,67,1.0,,4.0,1054.0,0.0,1004.0,24.09
106,68,1.0,,4.0,156.0,113.0,136.0,3.28
106,69,1.0,,5.0,0.0,0.0,0.0,0.0
106,70,1.0,,5.0,-62.0,-32.0,-44.0,-1.05
106,71,2.0,,1.0,-42.0,0.0,-14.0,-0.34
106,72,2.0,,4.0,0.0,0.0,0.0,0.0
106,73,2.0,,4.0,436.0,275.0,408.0,9.79
106,74,3.0,,4.0,-938.0,-791.0,-930.0,-22.33
106,75,3.0,,4.0,-664.0,-450.0,-611.0,-14.66
106,76,3.0,,5.0,166.0,0.0,-133.0,-3.19
107,66,1.0,,4.0,645.0,616.0,633.0,15.18
107,67,1.0,,4.0,1058.0,0.0,1008.0,24.19
107,68,1.0,,4.0,170.0,110.0,136.0,3.27
107,69,1.0,,5.0,0.0,0.0,0.0,0.0
107,70,1.0,,5.0,-55.0,-12.0,-36.0,-0.87
107,71,2.0,,1.0,-41.0,0.0,-3.0,-0.07
107,72,2.0,,4.0,0.0,0.0,0.0,0.0
107,73,2.0,,4.0,451.0,316.0,368.0,8.82
107,74,3.0,,4.0,-936.0,-790.0,-906.0,-21.75
107,75,3.0,,4.0,-670.0,-560.0,-614.0,-14.74
107,76,3.0,,5.0,-171.0,0.0,-150.0,-3.61
108,66,1.0,,4.0,687.0,583.0,627.0,15.05
108,67,1.0,,4.0,1115.0,935.0,976.0,23.43
108,68,1.0,,4.0,196.0,39.0,165.0,3.97
108,69,1.0,,5.0,26.0,0.0,7.0,0.18
108,70,1.0,,5.0,65.0,35.0,50.0,1.2
108,71,2.0,,1.0,-66.0,0.0,-22.0,-0.53
108,72,2.0,,4.0,0.0,0.0,0.0,0.0
108,73,2.0,,4.0,372.0,239.0,318.0,7.63
108,74,3.0,,4.0,-930.0,-786.0,-899.0,-21.58
108,75,3.0,,4.0,-659.0,-574.0,-613.0,-14.71
108,76,3.0,,5.0,-176.0,0.0,-157.0,-3.76
109,66,1.0,,4.0,663.0,566.0,593.0,14.24
109,67,1.0,,4.0,1118.0,720.0,1031.0,24.75
109,68,1.0,,4.0,193.0,26.0,112.0,2.68
109,69,1.0,,5.0,30.0,27.0,28.0,0.66
109,70,1.0,,5.0,70.0,8.0,51.0,1.23
109,71,2.0,,1.0,-72.0,0.0,-48.0,-1.16
109,72,2.0,,4.0,0.0,0.0,0.0,0.0
109,73,2.0,,4.0,366.0,211.0,294.0,7.06
109,74,3.0,,4.0,-927.0,-780.0,-896.0,-21.51
109,75,3.0,,4.0,-741.0,-655.0,-710.0,-17.05
109,76,3.0,,5.0,-169.0,0.0,-146.0,-3.5
110,66,1.0,,4.0,712.0,557.0,576.0,13.82
110,67,1.0,,4.0,1030.0,0.0,981.0,23.53
110,68,1.0,,4.0,187.0,71.0,150.0,3.59
110,69,1.0,,5.0,26.0,19.0,21.0,0.51
110,70,1.0,,5.0,69.0,25.0,55.0,1.32
110,71,2.0,,1.0,-75.0,0.0,-34.0,-0.82
110,72,2.0,,4.0,0.0,0.0,0.0,0.0
110,73,2.0,,4.0,321.0,120.0,272.0,6.52
110,74,3.0,,4.0,-921.0,-798.0,-906.0,-21.73
110,75,3.0,,4.0,-744.0,-681.0,-711.0,-17.07
110,76,3.0,,5.0,-142.0,0.0,-132.0,-3.17
111,66,1.0,,4.0,633.0,566.0,597.0,14.32
111,67,1.0,,4.0,1080.0,920.0,989.0,23.74
111,68,1.0,,4.0,183.0,113.0,142.0,3.42
111,69,1.0,,5.0,24.0,19.0,21.0,0.5
111,70,1.0,,5.0,61.0,22.0,41.0,0.99
111,71,2.0,,1.0,-66.0,0.0,-31.0,-0.75
111,72,2.0,,4.0,0.0,0.0,0.0,0.0
111,73,2.0,,4.0,417.0,175.0,287.0,6.89
111,74,3.0,,4.0,-937.0,-874.0,-922.0,-22.12
111,75,3.0,,4.0,-770.0,-701.0,-741.0,-17.78
111,76,3.0,,5.0,-145.0,0.0,-131.0,-3.14
112,66,1.0,,4.0,624.0,0.0,569.0,13.67
112,67,1.0,,4.0,1049.0,0.0,997.0,23.93
112,68,1.0,,4.0,206.0,114.0,161.0,3.86
112,69,1.0,,5.0,-33.0,-21.0,-24.0,-0.57
112,70,1.0,,5.0,-58.0,-27.0,-48.0,-1.15
112,71,2.0,,1.0,-54.0,0.0,-25.0,-0.59
112,72,2.0,,4.0,0.0,0.0,0.0,0.0
112,73,2.0,,4.0,498.0,197.0,312.0,7.48
112,74,3.0,,4.0,-936.0,-866.0,-918.0,-22.03
112,75,3.0,,4.0,-771.0,-654.0,-742.0,-17.81
112,76,3.0,,5.0,-148.0,0.0,-130.0,-3.12
113,66,1.0,,4.0,646.0,569.0,593.0,14.23
113,67,1.0,,4.0,1045.0,0.0,997.0,23.93
113,68,1.0,,4.0,190.0,106.0,138.0,3.32
113,69,1.0,,5.0,-29.0,-17.0,-24.0,-0.57
113,70,1.0,,5.0,-59.0,-21.0,-47.0,-1.12
113,71,2.0,,1.0,-75.0,0.0,-47.0,-1.14
113,72,2.0,,4.0,0.0,0.0,0.0,0.0
113,73,2.0,,4.0,388.0,178.0,304.0,7.3
113,74,3.0,,4.0,-934.0,-839.0,-918.0,-22.03
113,75,3.0,,4.0,-769.0,-704.0,-746.0,-17.91
113,76,3.0,,5.0,-154.0,0.0,-135.0,-3.25
114,66,1.0,,4.0,598.0,390.0,518.0,12.43
114,67,1.0,,4.0,1046.0,976.0,980.0,23.53
114,68,1.0,,4.0,192.0,108.0,151.0,3.62
114,69,1.0,,5.0,27.0,13.0,19.0,0.45
114,70,1.0,,5.0,51.0,34.0,49.0,1.17
114,71,2.0,,1.0,-70.0,0.0,-43.0,-1.03
114,72,2.0,,4.0,0.0,0.0,0.0,0.0
114,73,2.0,,4.0,351.0,224.0,268.0,6.43
114,74,3.0,,4.0,-932.0,-818.0,-911.0,-21.87
114,75,3.0,,4.0,-785.0,-710.0,-746.0,-17.91
114,76,3.0,,5.0,-160.0,0.0,-142.0,-3.4
115,66,1.0,,4.0,653.0,409.0,492.0,11.8
115,67,1.0,,4.0,1015.0,0.0,970.0,23.29
115,68,1.0,,4.0,184.0,111.0,151.0,3.62
115,69,1.0,,5.0,25.0,8.0,17.0,0.42
115,70,1.0,,5.0,64.0,29.0,52.0,1.26
115,71,2.0,,1.0,-55.0,0.0,-26.0,-0.63
115,72,2.0,,4.0,0.0,0.0,0.0,0.0
115,73,2.0,,4.0,385.0,66.0,276.0,6.62
115,74,3.0,,4.0,-935.0,-782.0,-906.0,-21.75
115,75,3.0,,4.0,-775.0,-705.0,-744.0,-17.86
115,76,3.0,,5.0,-149.0,0.0,-129.0,-3.1
116,66,1.0,,4.0,598.0,566.0,572.0,13.72
116,67,1.0,,4.0,1016.0,984.0,1002.0,24.05
116,68,1.0,,4.0,204.0,115.0,158.0,3.78
116,69,1.0,,5.0,-27.0,-19.0,-24.0,-0.56
116,70,1.0,,5.0,-62.0,-38.0,-51.0,-1.22
116,71,2.0,,1.0,0.0,0.0,0.0,-0.18
116,72,2.0,,4.0,0.0,0.0,0.0,0.0
116,73,2.0,,4.0,396.0,166.0,288.0,6.92
116,74,3.0,,4.0,-921.0,-777.0,-897.0,-21.53
116,75,3.0,,4.0,-791.0,-705.0,-750.0,-17.99
116,76,3.0,,5.0,-137.0,0.0,-123.0,-2.96
117,66,1.0,,4.0,635.0,0.0,563.0,13.51
117,67,1.0,,4.0,1015.0,978.0,1000.0,23.99
117,68,1.0,,4.0,201.0,143.0,170.0,4.08
117,69,1.0,,5.0,26.0,5.0,23.0,0.55
117,70,1.0,,5.0,65.0,23.0,52.0,1.26
117,71,2.0,,1.0,-45.0,0.0,-8.0,-0.19
117,72,2.0,,4.0,0.0,0.0,0.0,0.0
117,73,2.0,,4.0,331.0,207.0,299.0,7.17
117,74,3.0,,4.0,-916.0,-803.0,-913.0,-21.9
117,75,3.0,,4.0,-783.0,-725.0,-754.0,-18.09
117,76,3.0,,5.0,-135.0,0.0,-122.0,-2.92
118,66,1.0,,4.0,600.0,569.0,594.0,14.25
118,67,1.0,,4.0,1045.0,991.0,1001.0,24.02
118,68,1.0,,4.0,199.0,108.0,150.0,3.59
118,69,1.0,,5.0,30.0,20.0,24.0,0.58
118,70,1.0,,5.0,66.0,39.0,54.0,1.3
118,71,2.0,,1.0,-74.0,0.0,-4.0,-0.1
118,72,2.0,,4.0,0.0,0.0,0.0,0.0
118,73,2.0,,4.0,305.0,205.0,301.0,7.22
118,74,3.0,,4.0,-930.0,-923.0,-930.0,-22.32
118,75,3.0,,4.0,-778.0,-723.0,-754.0,-18.09
118,76,3.0,,5.0,-145.0,0.0,-128.0,-3.06
119,66,1.0,,4.0,609.0,567.0,603.0,14.48
119,67,1.0,,4.0,1060.0,993.0,1010.0,24.23
119,68,1.0,,4.0,192.0,125.0,163.0,3.92
119,69,1.0,,5.0,26.0,18.0,23.0,0.55
119,70,1.0,,5.0,66.0,40.0,55.0,1.31
119,71,2.0,,1.0,-44.0,0.0,4.0,0.1
119,72,2.0,,4.0,0.0,0.0,0.0,0.0
119,73,2.0,,4.0,437.0,197.0,352.0,8.45
119,74,3.0,,4.0,-934.0,-932.0,-933.0,-22.38
119,75,3.0,,4.0,-790.0,-708.0,-754.0,-18.09
119,76,3.0,,5.0,-142.0,0.0,-119.0,-2.86
120,66,1.0,,4.0,619.0,568.0,570.0,13.69
120,67,1.0,,4.0,1068.0,1005.0,1017.0,24.41
120,68,1.0,,4.0,204.0,134.0,163.0,3.91
120,69,1.0,,5.0,-28.0,-19.0,-23.0,-0.56
120,70,1.0,,5.0,-64.0,-33.0,-50.0,-1.21
120,71,2.0,,1.0,-63.0,0.0,-20.0,-0.47
120,72,2.0,,4.0,0.0,0.0,0.0,0.0
120,73,2.0,,4.0,480.0,193.0,332.0,7.96
120,74,3.0,,4.0,-934.0,-862.0,-923.0,-22.16
120,75,3.0,,4.0,-781.0,-688.0,-755.0,-18.12
120,76,3.0,,5.0,-157.0,0.0,-118.0,-2.82
121,66,1.0,,4.0,602.0,-15.0,390.0,9.35
121,67,1.0,,4.0,1065.0,981.0,1012.0,24.3
121,68,1.0,,4.0,223.0,141.0,181.0,4.34
121,69,1.0,,5.0,-29.0,-7.0,-15.0,-0.37
121,70,1.0,,5.0,-66.0,-35.0,-50.0,-1.21
121,71,2.0,,1.0,-51.0,0.0,-11.0,-0.26
121,72,2.0,,4.0,0.0,0.0,0.0,0.0
121,73,2.0,,4.0,387.0,187.0,302.0,7.25
121,74,3.0,,4.0,-931.0,-794.0,-907.0,-21.77
121,75,3.0,,4.0,-791.0,-726.0,-784.0,-18.81
121,76,3.0,,5.0,-167.0,0.0,-137.0,-3.28
122,66,1.0,,4.0,622.0,565.0,611.0,14.66
122,67,1.0,,4.0,1041.0,0.0,997.0,23.93
122,68,1.0,,4.0,181.0,106.0,150.0,3.6
122,69,1.0,,5.0,29.0,15.0,23.0,0.56
122,70,1.0,,5.0,64.0,31.0,50.0,1.2
122,71,2.0,,1.0,0.0,0.0,0.0,-0.53
122,72,2.0,,4.0,0.0,0.0,0.0,0.0
122,73,2.0,,4.0,315.0,114.0,236.0,5.66
122,74,3.0,,4.0,-930.0,-794.0,-908.0,-21.8
122,75,3.0,,4.0,-1204.0,-703.0,-858.0,-20.6
122,76,3.0,,5.0,-145.0,0.0,-127.0,-3.04
123,66,1.0,,4.0,685.0,379.0,534.0,12.81
123,67,1.0,,4.0,1077.0,0.0,999.0,23.97
123,68,1.0,,4.0,271.0,71.0,135.0,3.25
123,69,1.0,,5.0,29.0,14.0,23.0,0.56
123,70,1.0,,5.0,60.0,35.0,48.0,1.15
123,71,2.0,,1.0,-36.0,0.0,-12.0,-0.29
123,72,2.0,,4.0,-5.0,0.0,-1.0,-0.02
123,73,2.0,,4.0,396.0,152.0,288.0,6.92
123,74,3.0,,4.0,-924.0,-801.0,-915.0,-21.96
123,75,3.0,,4.0,-1245.0,-1122.0,-1178.0,-28.27
123,76,3.0,,5.0,-157.0,0.0,-134.0,-3.21
124,66,1.0,,4.0,618.0,572.0,606.0,14.55
124,67,1.0,,4.0,1046.0,981.0,995.0,23.88
124,68,1.0,,4.0,196.0,43.0,112.0,2.69
124,69,1.0,,5.0,28.0,16.0,23.0,0.56
124,70,1.0,,5.0,54.0,24.0,44.0,1.06
124,71,2.0,,1.0,-47.0,0.0,2.0,0.04
124,72,2.0,,4.0,0.0,0.0,0.0,0.0
124,73,2.0,,4.0,413.0,160.0,309.0,7.42
124,74,3.0,,4.0,-912.0,-910.0,-911.0,-21.85
124,75,3.0,,4.0,-1247.0,-1172.0,-1214.0,-29.13
124,76,3.0,,5.0,-164.0,0.0,-129.0,-3.1
125,66,1.0,,4.0,617.0,573.0,588.0,14.12
125,67,1.0,,4.0,1050.0,0.0,996.0,23.9
125,68,1.0,,4.0,197.0,47.0,113.0,2.7
125,69,1.0,,5.0,23.0,17.0,22.0,0.54
125,70,1.0,,5.0,59.0,33.0,43.0,1.03
125,71,2.0,,1.0,-65.0,0.0,5.0,0.12
125,72,2.0,,4.0,0.0,0.0,0.0,0.0
125,73,2.0,,4.0,403.0,245.0,323.0,7.76
125,74,3.0,,4.0,-923.0,-813.0,-907.0,-21.78
125,75,3.0,,4.0,-1237.0,-1135.0,-1195.0,-28.69
125,76,3.0,,5.0,-161.0,0.0,-132.0,-3.16
127,66,1.0,,4.0,605.0,556.0,605.0,14.74
127,67,1.0,,4.0,1046.0,0.0,1004.0,24.1
127,68,1.0,,4.0,147.0,99.0,119.0,2.84
127,69,1.0,,5.0,25.0,15.0,20.0,0.49
127,70,1.0,,5.0,63.0,19.0,48.0,1.14
127,71,2.0,,1.0,-15.0,0.0,11.0,0.27
127,72,2.0,,4.0,0.0,0.0,0.0,0.0
127,73,2.0,,4.0,445.0,222.0,325.0,7.8
127,74,3.0,,4.0,-916.0,-908.0,-912.0,-21.88
127,75,3.0,,4.0,-1261.0,-1159.0,-1214.0,-29.13
127,76,3.0,,5.0,-162.0,0.0,-149.0,-3.58
128,66,1.0,,4.0,619.0,0.0,563.0,13.5
128,67,1.0,,4.0,1055.0,846.0,960.0,23.05
128,68,1.0,,4.0,170.0,79.0,123.0,2.96
128,69,1.0,,5.0,-35.0,-20.0,-24.0,-0.58
128,70,1.0,,5.0,-67.0,-14.0,-45.0,-1.08
128,71,2.0,,1.0,-70.0,0.0,18.0,0.42
128,72,2.0,,4.0,0.0,0.0,0.0,0.0
128,73,2.0,,4.0,537.0,239.0,345.0,8.28
128,74,3.0,,4.0,-914.0,-824.0,-866.0,-20.78
128,75,3.0,,4.0,-1233.0,-987.0,-1150.0,-27.6
128,76,3.0,,5.0,-153.0,0.0,-130.0,-3.12
129,66,1.0,,4.0,634.0,568.0,599.0,14.39
129,67,1.0,,4.0,1049.0,832.0,958.0,23.0
129,68,1.0,,4.0,149.0,69.0,107.0,2.56
129,69,1.0,,5.0,-25.0,-9.0,-20.0,-0.47
129,70,1.0,,5.0,-62.0,-28.0,-51.0,-1.23
129,71,2.0,,1.0,-37.0,0.0,25.0,0.6
129,72,2.0,,4.0,0.0,0.0,0.0,0.0
129,73,2.0,,4.0,471.0,351.0,434.0,10.42
129,74,3.0,,4.0,-927.0,-797.0,-898.0,-21.55
129,75,3.0,,4.0,-1290.0,-1081.0,-1196.0,-28.7
129,76,3.0,,5.0,-157.0,0.0,-134.0,-3.22
130,66,1.0,,4.0,745.0,562.0,605.0,14.53
130,67,1.0,,4.0,1053.0,827.0,951.0,22.82
130,68,1.0,,4.0,159.0,30.0,120.0,2.89
130,69,1.0,,5.0,26.0,5.0,17.0,0.4
130,70,1.0,,5.0,64.0,23.0,46.0,1.09
130,71,2.0,,1.0,-29.0,0.0,13.0,0.31
130,72,2.0,,4.0,0.0,0.0,0.0,0.0
130,73,2.0,,4.0,506.0,338.0,424.0,10.17
130,74,3.0,,4.0,-933.0,-797.0,-900.0,-21.59
130,75,3.0,,4.0,-1380.0,-985.0,-1221.0,-29.29
130,76,3.0,,5.0,-167.0,0.0,-148.0,-3.54
131,66,1.0,,4.0,630.0,566.0,590.0,14.17
131,67,1.0,,4.0,1032.0,824.0,935.0,22.45
131,68,1.0,,4.0,154.0,59.0,99.0,2.37
131,69,1.0,,5.0,87.0,15.0,25.0,0.6
131,70,1.0,,5.0,67.0,0.0,43.0,1.02
131,71,2.0,,1.0,-49.0,0.0,6.0,0.14
131,72,2.0,,4.0,0.0,0.0,0.0,0.0
131,73,2.0,,4.0,524.0,138.0,396.0,9.5
131,74,3.0,,4.0,-915.0,-816.0,-886.0,-21.26
131,75,3.0,,4.0,-1368.0,-1092.0,-1217.0,-29.2
131,76,3.0,,5.0,164.0,0.0,-149.0,-3.57
132,66,1.0,,4.0,593.0,-152.0,198.0,4.75
132,67,1.0,,4.0,1041.0,820.0,933.0,22.39
132,68,1.0,,4.0,153.0,85.0,112.0,2.69
132,69,1.0,,5.0,26.0,-22.0,1.0,0.02
132,70,1.0,,5.0,-68.0,-20.0,-43.0,-1.02
132,71,2.0,,1.0,-49.0,0.0,4.0,0.1
132,72,2.0,,4.0,0.0,0.0,0.0,0.0
132,73,2.0,,4.0,480.0,241.0,367.0,8.8
132,74,3.0,,4.0,-934.0,-815.0,-889.0,-21.33
132,75,3.0,,4.0,-1328.0,-1039.0,-1183.0,-28.4
132,76,3.0,,5.0,-153.0,0.0,-135.0,-3.24
133,66,1.0,,4.0,430.0,387.0,397.0,9.52
133,67,1.0,,4.0,1037.0,0.0,989.0,23.73
133,68,1.0,,4.0,162.0,89.0,126.0,3.03
133,69,1.0,,5.0,18.0,14.0,18.0,0.43
133,70,1.0,,5.0,62.0,38.0,56.0,1.34
133,71,2.0,,1.0,-15.0,0.0,15.0,0.37
133,72,2.0,,4.0,0.0,0.0,0.0,0.0
133,73,2.0,,4.0,480.0,319.0,429.0,10.29
133,74,3.0,,4.0,-939.0,-821.0,-904.0,-21.69
133,75,3.0,,4.0,-1357.0,-957.0,-1198.0,-28.74
133,76,3.0,,5.0,-156.0,0.0,-139.0,-3.34
134,66,1.0,,4.0,592.0,399.0,458.0,10.99
134,67,1.0,,4.0,1056.0,970.0,989.0,23.73
134,68,1.0,,4.0,212.0,2.0,104.0,2.51
134,69,1.0,,5.0,22.0,9.0,16.0,0.38
134,70,1.0,,5.0,66.0,31.0,48.0,1.14
134,71,2.0,,1.0,-66.0,0.0,12.0,0.28
134,72,2.0,,4.0,0.0,0.0,0.0,0.0
134,73,2.0,,4.0,465.0,220.0,370.0,8.89
134,74,3.0,,4.0,-941.0,-815.0,-906.0,-21.75
134,75,3.0,,4.0,-1379.0,-1182.0,-1255.0,-30.13
134,76,3.0,,5.0,-152.0,0.0,-134.0,-3.22
135,66,1.0,,4.0,607.0,-165.0,521.0,12.5
135,67,1.0,,4.0,1045.0,848.0,965.0,23.16
135,68,1.0,,4.0,169.0,4.0,118.0,2.84
135,69,1.0,,5.0,34.0,8.0,17.0,0.41
135,70,1.0,,5.0,71.0,2.0,34.0,0.82
135,71,2.0,,1.0,-24.0,0.0,7.0,0.16
135,72,2.0,,4.0,0.0,0.0,0.0,0.0
135,73,2.0,,4.0,428.0,239.0,406.0,9.75
135,74,3.0,,4.0,-920.0,-798.0,-891.0,-21.38
135,75,3.0,,4.0,-1375.0,-1095.0,-1253.0,-30.06
135,76,3.0,,5.0,-156.0,0.0,-141.0,-3.39
136,66,1.0,,4.0,717.0,-2.0,577.0,13.84
136,67,1.0,,4.0,1041.0,977.0,992.0,23.81
136,68,1.0,,4.0,142.0,-61.0,89.0,2.13
136,69,1.0,,5.0,45.0,-26.0,-20.0,-0.48
136,70,1.0,,5.0,-70.0,-19.0,-55.0,-1.32
136,71,2.0,,1.0,-59.0,0.0,0.0,-0.01
136,72,2.0,,4.0,0.0,0.0,0.0,0.0
136,73,2.0,,4.0,438.0,152.0,313.0,7.51
136,74,3.0,,4.0,-925.0,-818.0,-907.0,-21.77
136,75,3.0,,4.0,-1374.0,-1101.0,-1204.0,-28.9
136,76,3.0,,5.0,-162.0,0.0,-140.0,-3.36
137,66,1.0,,4.0,713.0,417.0,585.0,14.04
137,67,1.0,,4.0,1045.0,974.0,996.0,23.91
137,68,1.0,,4.0,147.0,68.0,116.0,2.79
137,69,1.0,,5.0,-28.0,8.0,-22.0,-0.53
137,70,1.0,,5.0,-64.0,-42.0,-53.0,-1.28
137,71,2.0,,1.0,-55.0,0.0,-4.0,-0.09
137,72,2.0,,4.0,0.0,0.0,0.0,0.0
137,73,2.0,,4.0,426.0,142.0,286.0,6.87
137,74,3.0,,4.0,-928.0,-811.0,-899.0,-21.58
137,75,3.0,,4.0,-1373.0,-1204.0,-1288.0,-30.91
137,76,3.0,,5.0,-170.0,0.0,-141.0,-3.39
138,66,1.0,,4.0,723.0,420.0,562.0,13.49
138,67,1.0,,4.0,1022.0,963.0,979.0,23.51
138,68,1.0,,4.0,134.0,21.0,100.0,2.39
138,69,1.0,,5.0,30.0,4.0,20.0,0.49
138,70,1.0,,5.0,74.0,46.0,60.0,1.43
138,71,2.0,,1.0,0.0,0.0,0.0,0.04
138,72,2.0,,4.0,0.0,0.0,0.0,0.0
138,73,2.0,,4.0,466.0,85.0,284.0,6.81
138,74,3.0,,4.0,-931.0,-785.0,-897.0,-21.52
138,75,3.0,,4.0,-1375.0,-1188.0,-1284.0,-30.82
138,76,3.0,,5.0,170.0,0.0,-141.0,-3.39
139,66,1.0,,4.0,620.0,574.0,599.0,14.37
139,67,1.0,,4.0,1020.0,976.0,979.0,23.51
139,68,1.0,,4.0,130.0,68.0,101.0,2.43
139,69,1.0,,5.0,38.0,18.0,27.0,0.64
139,70,1.0,,5.0,73.0,23.0,54.0,1.29
139,71,2.0,,1.0,-20.0,0.0,8.0,0.2
139,72,2.0,,4.0,0.0,0.0,0.0,0.0
139,73,2.0,,4.0,431.0,176.0,293.0,7.02
139,74,3.0,,4.0,-927.0,-447.0,-826.0,-19.83
139,75,3.0,,4.0,-1371.0,-1191.0,-1277.0,-30.64
139,76,3.0,,5.0,-157.0,0.0,-133.0,-3.2
140,66,1.0,,4.0,615.0,575.0,603.0,14.47
140,67,1.0,,4.0,1015.0,0.0,980.0,23.51
140,68,1.0,,4.0,130.0,82.0,104.0,2.5
140,69,1.0,,5.0,32.0,22.0,27.0,0.64
140,70,1.0,,5.0,67.0,43.0,55.0,1.33
140,71,2.0,,1.0,-19.0,0.0,16.0,0.39
140,72,2.0,,4.0,0.0,0.0,0.0,0.0
140,73,2.0,,4.0,456.0,289.0,390.0,9.36
140,74,3.0,,4.0,-924.0,-794.0,-898.0,-21.55
140,75,3.0,,4.0,-1379.0,-949.0,-1269.0,-30.47
140,76,3.0,,5.0,-163.0,0.0,-146.0,-3.5
141,66,1.0,,4.0,624.0,574.0,593.0,14.23
141,67,1.0,,4.0,1020.0,982.0,983.0,23.6
141,68,1.0,,4.0,132.0,72.0,95.0,2.28
141,69,1.0,,5.0,29.0,21.0,25.0,0.6
141,70,1.0,,5.0,68.0,43.0,53.0,1.26
141,71,2.0,,1.0,-22.0,0.0,11.0,0.26
141,72,2.0,,4.0,0.0,0.0,0.0,0.0
141,73,2.0,,4.0,451.0,226.0,346.0,8.3
141,74,3.0,,4.0,-923.0,-812.0,-895.0,-21.49
141,75,3.0,,4.0,-1424.0,-1247.0,-1355.0,-32.53
141,76,3.0,,5.0,-151.0,0.0,-135.0,-3.24
142,66,1.0,,4.0,720.0,577.0,619.0,14.86
142,67,1.0,,4.0,1023.0,0.0,984.0,23.62
142,68,1.0,,4.0,112.0,37.0,82.0,1.96
142,69,1.0,,5.0,27.0,3.0,16.0,0.38
142,70,1.0,,5.0,54.0,35.0,50.0,1.2
142,71,2.0,,1.0,-49.0,0.0,12.0,0.29
142,72,2.0,,4.0,-28.0,-3.0,-9.0,-0.21
142,73,2.0,,4.0,448.0,241.0,362.0,8.69
142,74,3.0,,4.0,-926.0,-806.0,-902.0,-21.65
142,75,3.0,,4.0,-1433.0,-1298.0,-1378.0,-33.06
142,76,3.0,,5.0,-156.0,0.0,-140.0,-3.35
143,66,1.0,,4.0,993.0,606.0,772.0,18.53
143,67,1.0,,4.0,1022.0,968.0,979.0,23.48
143,68,1.0,,4.0,117.0,31.0,67.0,1.6
143,69,1.0,,5.0,27.0,2.0,6.0,0.15
143,70,1.0,,5.0,62.0,27.0,39.0,0.93
143,71,2.0,,1.0,-3.0,0.0,30.0,0.73
143,72,2.0,,4.0,0.0,0.0,0.0,0.0
143,73,2.0,,4.0,485.0,263.0,366.0,8.79
143,74,3.0,,4.0,-932.0,-815.0,-893.0,-21.44
143,75,3.0,,4.0,-1435.0,-1201.0,-1337.0,-32.09
143,76,3.0,,5.0,-152.0,0.0,-137.0,-3.28
144,66,1.0,,4.0,746.0,523.0,689.0,16.54
144,67,1.0,,4.0,1028.0,973.0,980.0,23.52
144,68,1.0,,4.0,113.0,16.0,78.0,1.86
144,69,1.0,,5.0,22.0,0.0,5.0,0.11
144,70,1.0,,5.0,62.0,24.0,43.0,1.02
144,71,2.0,,1.0,-53.0,0.0,20.0,0.48
144,72,2.0,,4.0,0.0,0.0,0.0,0.0
144,73,2.0,,4.0,486.0,362.0,404.0,9.7
144,74,3.0,,4.0,-937.0,-807.0,-897.0,-21.54
144,75,3.0,,4.0,-1429.0,-1247.0,-1319.0,-31.65
144,76,3.0,,5.0,-147.0,0.0,-129.0,-3.1
145,66,1.0,,4.0,671.0,603.0,651.0,15.63
145,67,1.0,,4.0,1022.0,0.0,937.0,22.48
145,68,1.0,,4.0,93.0,51.0,71.0,1.7
145,69,1.0,,5.0,19.0,9.0,15.0,0.35
145,70,1.0,,5.0,61.0,24.0,47.0,1.12
145,71,2.0,,1.0,-27.0,0.0,10.0,0.24
145,72,2.0,,4.0,0.0,0.0,0.0,0.0
145,73,2.0,,4.0,495.0,371.0,455.0,10.93
145,74,3.0,,4.0,-927.0,-804.0,-897.0,-21.53
145,75,3.0,,4.0,-1427.0,-1238.0,-1322.0,-31.72
145,76,3.0,,5.0,-142.0,0.0,-128.0,-3.07
146,66,1.0,,4.0,662.0,619.0,642.0,15.41
146,67,1.0,,4.0,1012.0,0.0,517.0,12.41
146,68,1.0,,4.0,107.0,-19.0,48.0,1.15
146,69,1.0,,5.0,16.0,7.0,13.0,0.32
146,70,1.0,,5.0,60.0,38.0,46.0,1.11
146,71,2.0,,1.0,-10.0,0.0,17.0,0.4
146,72,2.0,,4.0,0.0,0.0,0.0,0.0
146,73,2.0,,4.0,485.0,365.0,424.0,10.18
146,74,3.0,,4.0,-963.0,-808.0,-873.0,-20.96
146,75,3.0,,4.0,-1427.0,-802.0,-1069.0,-25.66
146,76,3.0,,5.0,182.0,0.0,-114.0,-2.74
147,66,1.0,,4.0,685.0,603.0,611.0,14.66
147,67,1.0,,4.0,1018.0,976.0,982.0,23.56
147,68,1.0,,4.0,99.0,51.0,59.0,1.43
147,69,1.0,,5.0,16.0,8.0,12.0,0.28
147,70,1.0,,5.0,62.0,33.0,50.0,1.19
147,71,2.0,,1.0,-41.0,0.0,13.0,0.32
147,72,2.0,,4.0,-16.0,0.0,-1.0,-0.03
147,73,2.0,,4.0,500.0,385.0,480.0,11.52
147,74,3.0,,4.0,-935.0,-806.0,-873.0,-20.96
147,75,3.0,,4.0,-1328.0,-1049.0,-1185.0,-28.45
147,76,3.0,,5.0,-152.0,0.0,-125.0,-3.0
148,66,1.0,,4.0,682.0,460.0,660.0,15.85
148,67,1.0,,4.0,1028.0,815.0,927.0,22.25
148,68,1.0,,4.0,77.0,12.0,55.0,1.31
148,69,1.0,,5.0,15.0,6.0,11.0,0.26
148,70,1.0,,5.0,54.0,6.0,42.0,1.01
148,71,2.0,,1.0,-55.0,0.0,-3.0,-0.08
148,72,2.0,,4.0,16.0,4.0,10.0,0.24
148,73,2.0,,4.0,504.0,319.0,428.0,10.27
148,74,3.0,,4.0,-932.0,-816.0,-899.0,-21.59
148,75,3.0,,4.0,-1380.0,-1148.0,-1256.0,-30.15
148,76,3.0,,5.0,-150.0,0.0,-125.0,-3.0
149,66,1.0,,4.0,746.0,605.0,649.0,15.58
149,67,1.0,,4.0,1038.0,608.0,965.0,23.15
149,68,1.0,,4.0,97.0,15.0,97.0,2.49
149,69,1.0,,5.0,20.0,-14.0,11.0,0.28
149,70,1.0,,5.0,60.0,11.0,43.0,1.03
149,71,2.0,,1.0,-42.0,0.0,12.0,0.3
149,72,2.0,,4.0,-17.0,-4.0,-6.0,-0.14
149,73,2.0,,4.0,454.0,293.0,385.0,9.24
149,74,3.0,,4.0,-946.0,-811.0,-908.0,-21.79
149,75,3.0,,4.0,-1375.0,-890.0,-1179.0,-28.29
149,76,3.0,,5.0,-171.0,0.0,-145.0,-3.48
150,66,1.0,,4.0,662.0,607.0,636.0,15.26
150,67,1.0,,4.0,1138.0,972.0,997.0,23.92
150,68,1.0,,4.0,92.0,-60.0,55.0,1.31
150,69,1.0,,5.0,18.0,0.0,13.0,0.32
150,70,1.0,,5.0,59.0,40.0,48.0,1.14
150,71,2.0,,1.0,-6.0,0.0,11.0,0.27
150,72,2.0,,4.0,0.0,0.0,0.0,0.0
150,73,2.0,,4.0,465.0,317.0,395.0,9.47
150,74,3.0,,4.0,-944.0,-814.0,-903.0,-21.67
150,75,3.0,,4.0,-1518.0,-1218.0,-1338.0,-32.12
150,76,3.0,,5.0,-172.0,0.0,-147.0,-3.52
151,66,1.0,,4.0,745.0,446.0,618.0,14.84
151,67,1.0,,4.0,1018.0,0.0,929.0,22.3
151,68,1.0,,4.0,99.0,32.0,74.0,1.78
151,69,1.0,,5.0,18.0,-10.0,13.0,0.3
151,70,1.0,,5.0,56.0,38.0,49.0,1.18
151,71,2.0,,1.0,-64.0,0.0,13.0,0.32
151,72,2.0,,4.0,0.0,0.0,0.0,0.0
151,73,2.0,,4.0,449.0,129.0,403.0,9.66
151,74,3.0,,4.0,-937.0,-805.0,-895.0,-21.47
151,75,3.0,,4.0,-1429.0,-891.0,-1263.0,-30.32
151,76,3.0,,5.0,-164.0,0.0,-141.0,-3.38
152,66,1.0,,4.0,642.0,432.0,548.0,13.16
152,67,1.0,,4.0,1011.0,0.0,630.0,15.11
152,68,1.0,,4.0,102.0,25.0,70.0,1.67
152,69,1.0,,5.0,16.0,0.0,11.0,0.27
152,70,1.0,,5.0,61.0,18.0,49.0,1.18
152,71,2.0,,1.0,-2.0,0.0,25.0,0.6
152,72,2.0,,4.0,0.0,0.0,0.0,0.0
152,73,2.0,,4.0,518.0,323.0,432.0,10.36
152,74,3.0,,4.0,-935.0,-810.0,-892.0,-21.41
152,75,3.0,,4.0,-1472.0,-1291.0,-1380.0,-33.12
152,76,3.0,,5.0,-173.0,0.0,-148.0,-3.56
153,66,1.0,,4.0,725.0,459.0,618.0,14.82
153,67,1.0,,4.0,1049.0,954.0,971.0,23.3
153,68,1.0,,4.0,150.0,-2.0,47.0,1.12
153,69,1.0,,5.0,34.0,9.0,23.0,0.55
153,70,1.0,,5.0,64.0,3.0,17.0,0.4
153,71,2.0,,1.0,-27.0,0.0,25.0,0.6
153,72,2.0,,4.0,0.0,0.0,0.0,0.0
153,73,2.0,,4.0,463.0,308.0,432.0,10.36
153,74,3.0,,4.0,-947.0,-826.0,-916.0,-21.99
153,75,3.0,,4.0,-1436.0,700.0,-1234.0,-29.61
153,76,3.0,,5.0,-164.0,0.0,-143.0,-3.44
154,66,1.0,,4.0,681.0,641.0,669.0,16.05
154,67,1.0,,4.0,1016.0,974.0,975.0,23.4
154,68,1.0,,4.0,109.0,24.0,68.0,1.64
154,69,1.0,,5.0,37.0,15.0,30.0,0.73
154,70,1.0,,5.0,0.0,0.0,0.0,0.0
154,71,2.0,,1.0,-19.0,0.0,23.0,0.55
154,72,2.0,,4.0,0.0,0.0,0.0,0.0
154,73,2.0,,4.0,502.0,314.0,381.0,9.15
154,74,3.0,,4.0,-941.0,0.0,-909.0,-21.83
154,75,3.0,,4.0,-1435.0,-699.0,-1234.0,-29.61
154,76,3.0,,5.0,-176.0,0.0,-154.0,-3.7
155,66,1.0,,4.0,725.0,444.0,651.0,15.63
155,67,1.0,,4.0,1016.0,935.0,983.0,23.6
155,68,1.0,,4.0,121.0,-41.0,65.0,1.55
155,69,1.0,,5.0,35.0,0.0,15.0,0.36
155,70,1.0,,5.0,0.0,0.0,0.0,0.0
155,71,2.0,,1.0,-44.0,0.0,-2.0,-0.04
155,72,2.0,,4.0,0.0,0.0,0.0,0.0
155,73,2.0,,4.0,507.0,86.0,374.0,8.98
155,74,3.0,,4.0,-946.0,-832.0,-917.0,-22.0
155,75,3.0,,4.0,-1486.0,-1188.0,-1335.0,-32.05
155,76,3.0,,5.0,-149.0,0.0,-146.0,-3.5
156,66,1.0,,4.0,713.0,476.0,618.0,14.83
156,67,1.0,,4.0,1108.0,871.0,959.0,23.01
156,68,1.0,,4.0,129.0,-22.0,83.0,1.99
156,69,1.0,,5.0,-8.0,-5.0,-7.0,-0.16
156,70,1.0,,5.0,0.0,0.0,0.0,0.0
156,71,2.0,,1.0,-55.0,0.0,-10.0,-0.25
156,72,2.0,,4.0,0.0,0.0,0.0,0.0
156,73,2.0,,4.0,477.0,299.0,381.0,9.15
156,74,3.0,,4.0,-947.0,-827.0,-912.0,-21.88
156,75,3.0,,4.0,-1474.0,-913.0,-1297.0,-31.12
156,76,3.0,,5.0,-138.0,0.0,-115.0,-2.76
157,66,1.0,,4.0,608.0,484.0,551.0,13.23
157,67,1.0,,4.0,995.0,782.0,880.0,21.13
157,68,1.0,,4.0,125.0,21.0,83.0,1.99
157,69,1.0,,5.0,-34.0,5.0,-3.0,-0.08
157,70,1.0,,5.0,0.0,0.0,0.0,0.0
157,71,2.0,,1.0,-19.0,0.0,5.0,0.12
157,72,2.0,,4.0,0.0,0.0,0.0,0.0
157,73,2.0,,4.0,476.0,299.0,392.0,9.4
157,74,3.0,,4.0,-942.0,-822.0,-912.0,-21.89
157,75,3.0,,4.0,-1482.0,-1291.0,-1398.0,-33.55
157,76,3.0,,5.0,-128.0,0.0,-116.0,-2.78
158,66,1.0,,4.0,562.0,448.0,507.0,12.16
158,67,1.0,,4.0,936.0,774.0,799.0,19.18
158,68,1.0,,4.0,-143.0,102.0,52.0,1.26
158,69,1.0,,5.0,35.0,7.0,10.0,0.24
158,70,1.0,,5.0,0.0,0.0,0.0,0.0
158,71,2.0,,1.0,-49.0,0.0,-1.0,-0.03
158,72,2.0,,4.0,0.0,0.0,0.0,0.0
158,73,2.0,,4.0,446.0,272.0,360.0,8.65
158,74,3.0,,4.0,-942.0,-838.0,-916.0,-21.99
158,75,3.0,,4.0,-1450.0,-941.0,-1215.0,-29.16
158,76,3.0,,5.0,-164.0,0.0,-138.0,-3.32
159,66,1.0,,4.0,527.0,408.0,467.0,11.22
159,67,1.0,,4.0,804.0,725.0,747.0,17.92
159,68,1.0,,4.0,88.0,26.0,62.0,1.49
159,69,1.0,,5.0,36.0,21.0,29.0,0.69
159,70,1.0,,5.0,0.0,0.0,0.0,0.0
159,71,2.0,,1.0,-52.0,0.0,0.0,0.01
159,72,2.0,,4.0,0.0,0.0,0.0,0.0
159,73,2.0,,4.0,466.0,240.0,378.0,9.08
159,74,3.0,,4.0,-946.0,-803.0,-912.0,-21.89
159,75,3.0,,4.0,-1443.0,-1292.0,-1355.0,-32.51
159,76,3.0,,5.0,-199.0,0.0,-141.0,-3.38
160,66,1.0,,4.0,679.0,461.0,548.0,13.15
160,67,1.0,,4.0,789.0,694.0,729.0,17.5
160,68,1.0,,4.0,114.0,29.0,73.0,1.74
160,69,1.0,,5.0,-34.0,-22.0,-29.0,-0.69
160,70,1.0,,5.0,0.0,0.0,0.0,0.0
160,71,2.0,,1.0,-32.0,0.0,25.0,0.59
160,72,2.0,,4.0,0.0,0.0,0.0,0.0
160,73,2.0,,4.0,423.0,288.0,366.0,8.78
160,74,3.0,,4.0,-944.0,-796.0,-915.0,-21.96
160,75,3.0,,4.0,-1416.0,-848.0,-1125.0,-27.01
160,76,3.0,,5.0,162.0,0.0,-137.0,-3.28
161,66,1.0,,4.0,563.0,380.0,482.0,11.56
161,67,1.0,,4.0,890.0,687.0,710.0,17.03
161,68,1.0,,4.0,81.0,32.0,57.0,1.37
161,69,1.0,,5.0,35.0,17.0,28.0,0.68
161,70,1.0,,5.0,0.0,0.0,0.0,0.0
161,71,2.0,,1.0,-48.0,0.0,23.0,0.55
161,72,2.0,,4.0,0.0,0.0,0.0,0.0
161,73,2.0,,4.0,483.0,274.0,436.0,10.46
161,74,3.0,,4.0,-940.0,-822.0,-921.0,-22.11
161,75,3.0,,4.0,-1416.0,-848.0,-1125.0,-27.0
161,76,3.0,,5.0,-169.0,0.0,-148.0,-3.54
162,66,1.0,,4.0,598.0,370.0,486.0,11.65
162,67,1.0,,4.0,896.0,655.0,763.0,18.3
162,68,1.0,,4.0,119.0,33.0,59.0,1.42
162,69,1.0,,5.0,47.0,9.0,34.0,0.82
162,70,1.0,,5.0,0.0,0.0,0.0,0.0
162,71,2.0,,1.0,-22.0,0.0,14.0,0.34
162,72,2.0,,4.0,0.0,0.0,0.0,0.0
162,73,2.0,,4.0,415.0,308.0,395.0,9.47
162,74,3.0,,4.0,-939.0,-862.0,-936.0,-22.48
162,75,3.0,,4.0,-1476.0,-1246.0,-1377.0,-33.06
162,76,3.0,,5.0,-158.0,0.0,-146.0,-3.5
163,66,1.0,,4.0,469.0,469.0,469.0,11.71
163,67,1.0,,4.0,798.0,654.0,721.0,17.31
163,68,1.0,,4.0,102.0,29.0,60.0,1.44
163,69,1.0,,5.0,44.0,4.0,27.0,0.66
163,70,1.0,,5.0,55.0,0.0,11.0,0.27
163,71,2.0,,1.0,-36.0,0.0,45.0,1.07
163,72,2.0,,4.0,0.0,0.0,0.0,0.0
163,73,2.0,,4.0,479.0,300.0,391.0,9.39
163,74,3.0,,4.0,-939.0,-826.0,-913.0,-21.92
163,75,3.0,,4.0,-1408.0,0.0,-1329.0,-31.89
163,76,3.0,,5.0,-160.0,0.0,-148.0,-3.54
164,66,1.0,,4.0,617.0,469.0,556.0,13.35
164,67,1.0,,4.0,865.0,693.0,754.0,18.09
164,68,1.0,,4.0,81.0,-5.0,49.0,1.17
164,69,1.0,,5.0,15.0,0.0,4.0,0.09
164,70,1.0,,5.0,7.0,0.0,48.0,1.14
164,71,2.0,,1.0,0.0,0.0,0.0,1.16
164,72,2.0,,4.0,0.0,0.0,0.0,0.0
164,73,2.0,,4.0,449.0,262.0,372.0,8.93
164,74,3.0,,4.0,-941.0,-826.0,-913.0,-21.91
164,75,3.0,,4.0,-1474.0,-1200.0,-1342.0,-32.22
164,76,3.0,,5.0,-164.0,0.0,-147.0,-3.52
165,66,1.0,,4.0,621.0,405.0,496.0,11.91
165,67,1.0,,4.0,781.0,681.0,724.0,17.37
165,68,1.0,,4.0,87.0,37.0,66.0,1.6
165,69,1.0,,5.0,12.0,0.0,7.0,0.17
165,70,1.0,,5.0,50.0,0.0,13.0,0.31
165,71,2.0,,1.0,-26.0,0.0,35.0,0.84
165,72,2.0,,4.0,0.0,0.0,0.0,0.0
165,73,2.0,,4.0,435.0,240.0,367.0,8.81
165,74,3.0,,4.0,-946.0,-820.0,-914.0,-21.94
165,75,3.0,,4.0,-1421.0,-1193.0,-1305.0,-31.33
165,76,3.0,,5.0,-176.0,0.0,-157.0,-3.76
166,66,1.0,,4.0,501.0,354.0,396.0,9.51
166,67,1.0,,4.0,710.0,413.0,638.0,15.31
166,68,1.0,,4.0,153.0,-8.0,45.0,1.08
166,69,1.0,,5.0,12.0,-3.0,4.0,0.11
166,70,1.0,,5.0,66.0,32.0,50.0,1.2
166,71,2.0,,1.0,-46.0,0.0,32.0,0.77
166,72,2.0,,4.0,-15.0,0.0,-3.0,-0.08
166,73,2.0,,4.0,454.0,-278.0,362.0,8.68
166,74,3.0,,4.0,-943.0,-820.0,-913.0,-21.9
166,75,3.0,,4.0,-1471.0,-1185.0,-1313.0,-31.5
166,76,3.0,,5.0,176.0,0.0,-158.0,-3.78
167,66,1.0,,4.0,499.0,345.0,410.0,9.85
167,67,1.0,,4.0,765.0,413.0,638.0,15.32
167,68,1.0,,4.0,334.0,-11.0,59.0,1.41
167,69,1.0,,5.0,10.0,0.0,4.0,0.1
167,70,1.0,,5.0,67.0,39.0,50.0,1.2
167,71,2.0,,1.0,-42.0,0.0,15.0,0.37
167,72,2.0,,4.0,0.0,0.0,0.0,0.0
167,73,2.0,,4.0,427.0,284.0,388.0,9.3
167,74,3.0,,4.0,-941.0,-818.0,-909.0,-21.83
167,75,3.0,,4.0,-1465.0,-1206.0,-1313.0,-31.52
167,76,3.0,,5.0,-166.0,0.0,-149.0,-3.58
168,66,1.0,,4.0,418.0,316.0,359.0,8.61
168,67,1.0,,4.0,627.0,445.0,514.0,12.35
168,68,1.0,,4.0,71.0,-25.0,25.0,0.61
168,69,1.0,,5.0,18.0,0.0,11.0,0.26
168,70,1.0,,5.0,68.0,1.0,50.0,1.2
168,71,2.0,,1.0,0.0,0.0,0.0,0.96
168,72,2.0,,4.0,0.0,0.0,0.0,0.0
168,73,2.0,,4.0,464.0,316.0,410.0,9.84
168,74,3.0,,4.0,-942.0,-836.0,-919.0,-22.07
168,75,3.0,,4.0,-1480.0,-1241.0,-1358.0,-32.6
168,76,3.0,,5.0,-165.0,0.0,-145.0,-3.48
169,66,1.0,,4.0,387.0,278.0,340.0,8.16
169,67,1.0,,4.0,651.0,475.0,546.0,13.11
169,68,1.0,,4.0,77.0,4.0,34.0,0.82
169,69,1.0,,5.0,-23.0,0.0,-15.0,-0.36
169,70,1.0,,5.0,-68.0,-2.0,-55.0,-1.31
169,71,2.0,,1.0,-3.0,0.0,35.0,0.84
169,72,2.0,,4.0,0.0,0.0,0.0,0.0
169,73,2.0,,4.0,442.0,303.0,366.0,8.78
169,74,3.0,,4.0,-949.0,-843.0,-946.0,-22.72
169,75,3.0,,4.0,-1483.0,-1294.0,-1399.0,-33.57
169,76,3.0,,5.0,-167.0,0.0,-152.0,-3.64
170,66,1.0,,4.0,509.0,0.0,249.0,5.98
170,67,1.0,,4.0,594.0,482.0,504.0,12.1
170,68,1.0,,4.0,64.0,-19.0,59.0,1.42
170,69,1.0,,5.0,19.0,5.0,6.0,0.15
170,70,1.0,,5.0,57.0,9.0,55.0,1.32
170,71,2.0,,1.0,0.0,0.0,0.0,1.34
170,72,2.0,,4.0,0.0,0.0,0.0,0.0
170,73,2.0,,4.0,358.0,32.0,167.0,4.01
170,74,3.0,,4.0,-946.0,-800.0,-913.0,-21.91
170,75,3.0,,4.0,-1472.0,-1238.0,-1341.0,-32.19
170,76,3.0,,5.0,-175.0,0.0,-150.0,-3.6
171,66,1.0,,4.0,311.0,238.0,285.0,6.85
171,67,1.0,,4.0,524.0,365.0,476.0,11.43
171,68,1.0,,4.0,123.0,-42.0,54.0,1.3
171,69,1.0,,5.0,19.0,0.0,6.0,0.14
171,70,1.0,,5.0,53.0,45.0,50.0,1.2
171,71,2.0,,1.0,0.0,0.0,0.0,1.22
171,72,2.0,,4.0,0.0,0.0,0.0,0.0
171,73,2.0,,4.0,467.0,304.0,406.0,9.74
171,74,3.0,,4.0,-927.0,-786.0,-899.0,-21.57
171,75,3.0,,4.0,-1456.0,-1131.0,-1294.0,-31.07
171,76,3.0,,5.0,-166.0,0.0,-145.0,-3.48
172,66,1.0,,4.0,406.0,224.0,280.0,6.73
172,67,1.0,,4.0,590.0,415.0,466.0,11.18
172,68,1.0,,4.0,44.0,-30.0,2.0,0.06
172,69,1.0,,5.0,20.0,-6.0,9.0,0.22
172,70,1.0,,5.0,52.0,0.0,51.0,1.22
172,71,2.0,,1.0,-61.0,0.0,3.0,0.08
172,72,2.0,,4.0,0.0,0.0,0.0,0.0
172,73,2.0,,4.0,466.0,318.0,455.0,10.92
172,74,3.0,,4.0,-926.0,-641.0,-819.0,-19.65
172,75,3.0,,4.0,-1376.0,-1140.0,-1236.0,-29.66
172,76,3.0,,5.0,-169.0,0.0,-157.0,-3.76
173,66,1.0,,4.0,563.0,386.0,448.0,10.74
173,67,1.0,,4.0,945.0,478.0,786.0,18.86
173,68,1.0,,4.0,84.0,0.0,21.0,0.49
173,69,1.0,,5.0,23.0,0.0,18.0,0.42
173,70,1.0,,5.0,64.0,37.0,50.0,1.19
173,71,2.0,,1.0,-43.0,0.0,-8.0,-0.19
173,72,2.0,,4.0,0.0,0.0,0.0,0.0
173,73,2.0,,4.0,507.0,385.0,438.0,10.52
173,74,3.0,,4.0,-924.0,-795.0,-894.0,-21.46
173,75,3.0,,4.0,-1347.0,-1073.0,-1194.0,-28.66
173,76,3.0,,5.0,-158.0,0.0,-142.0,-3.4
174,66,1.0,,4.0,545.0,356.0,424.0,10.18
174,67,1.0,,4.0,1011.0,820.0,899.0,21.57
174,68,1.0,,4.0,76.0,26.0,60.0,1.43
174,69,1.0,,5.0,29.0,1.0,18.0,0.44
174,70,1.0,,5.0,69.0,37.0,50.0,1.2
174,71,2.0,,1.0,0.0,0.0,0.0,0.62
174,72,2.0,,4.0,0.0,0.0,0.0,0.0
174,73,2.0,,4.0,590.0,480.0,496.0,11.9
174,74,3.0,,4.0,-927.0,-794.0,-899.0,-21.59
174,75,3.0,,4.0,-1647.0,-941.0,-1017.0,-24.4
174,76,3.0,,5.0,153.0,0.0,-131.0,-3.14
175,66,1.0,,4.0,543.0,412.0,459.0,11.01
175,67,1.0,,4.0,1019.0,0.0,966.0,23.18
175,68,1.0,,4.0,66.0,27.0,49.0,1.19
175,69,1.0,,5.0,27.0,1.0,21.0,0.51
175,70,1.0,,5.0,67.0,40.0,54.0,1.3
175,71,2.0,,1.0,-12.0,0.0,55.0,1.32
175,72,2.0,,4.0,0.0,0.0,0.0,0.0
175,73,2.0,,4.0,620.0,526.0,570.0,13.67
175,74,3.0,,4.0,-927.0,-791.0,-894.0,-21.45
175,75,3.0,,4.0,-1669.0,-505.0,-1029.0,-24.69
175,76,3.0,,5.0,-154.0,0.0,-135.0,-3.23
176,66,1.0,,4.0,614.0,379.0,506.0,12.13
176,67,1.0,,4.0,1024.0,0.0,972.0,23.33
176,68,1.0,,4.0,70.0,17.0,47.0,1.12
176,69,1.0,,5.0,-32.0,-12.0,-24.0,-0.58
176,70,1.0,,5.0,-62.0,-43.0,-55.0,-1.31
176,71,2.0,,1.0,0.0,0.0,0.0,1.26
176,72,2.0,,4.0,0.0,0.0,0.0,0.0
176,73,2.0,,4.0,608.0,473.0,568.0,13.63
176,74,3.0,,4.0,-946.0,-678.0,-887.0,-21.29
176,75,3.0,,4.0,-1331.0,-1012.0,-1143.0,-27.43
176,76,3.0,,5.0,-150.0,0.0,-132.0,-3.16
177,66,1.0,,4.0,620.0,379.0,508.0,12.18
177,67,1.0,,4.0,1030.0,969.0,973.0,23.34
177,68,1.0,,4.0,72.0,26.0,48.0,1.14
177,69,1.0,,5.0,-31.0,-11.0,-22.0,-0.53
177,70,1.0,,5.0,-63.0,-46.0,-55.0,-1.31
177,71,2.0,,1.0,-44.0,0.0,54.0,1.3
177,72,2.0,,4.0,0.0,0.0,0.0,0.0
177,73,2.0,,4.0,573.0,462.0,555.0,13.33
177,74,3.0,,4.0,-946.0,-811.0,-916.0,-21.98
177,75,3.0,,4.0,-1329.0,-1100.0,-1195.0,-28.69
177,76,3.0,,5.0,-158.0,0.0,-135.0,-3.24
178,66,1.0,,4.0,407.0,214.0,367.0,8.8
178,67,1.0,,4.0,1015.0,790.0,951.0,22.81
178,68,1.0,,4.0,75.0,17.0,45.0,1.07
178,69,1.0,,5.0,34.0,11.0,20.0,0.49
178,70,1.0,,5.0,61.0,17.0,55.0,1.31
178,71,2.0,,1.0,-4.0,0.0,51.0,1.22
178,72,2.0,,4.0,0.0,0.0,0.0,0.0
178,73,2.0,,4.0,746.0,355.0,494.0,11.85
178,74,3.0,,4.0,-927.0,-795.0,-894.0,-21.46
178,75,3.0,,4.0,-1377.0,-1102.0,-1208.0,-29.0
178,76,3.0,,5.0,-164.0,0.0,-148.0,-3.54
179,66,1.0,,4.0,419.0,285.0,338.0,8.11
179,67,1.0,,4.0,1088.0,705.0,753.0,18.07
179,68,1.0,,4.0,166.0,-4.0,37.0,0.9
179,69,1.0,,5.0,63.0,0.0,45.0,1.07
179,70,1.0,,5.0,36.0,0.0,18.0,0.42
179,71,2.0,,1.0,-31.0,0.0,38.0,0.92
179,72,2.0,,4.0,0.0,0.0,0.0,0.0
179,73,2.0,,4.0,515.0,410.0,454.0,10.9
179,74,3.0,,4.0,-919.0,-791.0,-886.0,-21.26
179,75,3.0,,4.0,-1428.0,-1145.0,-1278.0,-30.66
179,76,3.0,,5.0,-165.0,0.0,-146.0,-3.5
180,66,1.0,,4.0,401.0,242.0,310.0,7.43
180,67,1.0,,4.0,779.0,609.0,670.0,16.08
180,68,1.0,,4.0,66.0,-4.0,35.0,0.85
180,69,1.0,,5.0,22.0,0.0,15.0,0.35
180,70,1.0,,5.0,63.0,0.0,54.0,1.29
180,71,2.0,,1.0,-36.0,0.0,28.0,0.66
180,72,2.0,,4.0,0.0,0.0,0.0,0.0
180,73,2.0,,4.0,575.0,370.0,497.0,11.92
180,74,3.0,,4.0,-919.0,-750.0,-886.0,-21.26
180,75,3.0,,4.0,-1403.0,-1154.0,-1315.0,-31.57
180,76,3.0,,5.0,-162.0,0.0,-143.0,-3.44
181,66,1.0,,4.0,376.0,225.0,278.0,6.68
181,67,1.0,,4.0,690.0,0.0,624.0,14.98
181,68,1.0,,4.0,116.0,2.0,53.0,1.26
181,69,1.0,,5.0,24.0,0.0,14.0,0.34
181,70,1.0,,5.0,65.0,0.0,50.0,1.2
181,71,2.0,,1.0,-38.0,0.0,29.0,0.7
181,72,2.0,,4.0,0.0,0.0,0.0,0.0
181,73,2.0,,4.0,500.0,361.0,500.0,12.28
181,74,3.0,,4.0,-928.0,-804.0,-903.0,-21.66
181,75,3.0,,4.0,-1446.0,-1004.0,-1314.0,-31.52
181,76,3.0,,5.0,-157.0,0.0,-134.0,-3.22
182,66,1.0,,4.0,282.0,234.0,268.0,6.44
182,67,1.0,,4.0,689.0,604.0,615.0,14.77
182,68,1.0,,4.0,55.0,-3.0,28.0,0.68
182,69,1.0,,5.0,19.0,0.0,15.0,0.35
182,70,1.0,,5.0,61.0,0.0,43.0,1.03
182,71,2.0,,1.0,-64.0,0.0,26.0,0.62
182,72,2.0,,4.0,0.0,0.0,0.0,0.0
182,73,2.0,,4.0,628.0,448.0,511.0,12.27
182,74,3.0,,4.0,-928.0,-785.0,-894.0,-21.46
182,75,3.0,,4.0,-1428.0,-1004.0,-1207.0,-28.97
182,76,3.0,,5.0,-165.0,0.0,-140.0,-3.36
183,66,1.0,,4.0,276.0,201.0,237.0,5.69
183,67,1.0,,4.0,668.0,369.0,551.0,13.22
183,68,1.0,,4.0,-66.0,41.0,2.0,0.05
183,69,1.0,,5.0,17.0,0.0,10.0,0.25
183,70,1.0,,5.0,65.0,0.0,45.0,1.07
183,71,2.0,,1.0,-39.0,0.0,31.0,0.74
183,72,2.0,,4.0,0.0,0.0,0.0,0.0
183,73,2.0,,4.0,595.0,446.0,549.0,13.18
183,74,3.0,,4.0,-929.0,-823.0,-917.0,-22.0
183,75,3.0,,4.0,-1332.0,-1104.0,-1236.0,-29.67
183,76,3.0,,5.0,-159.0,0.0,-138.0,-3.32
184,66,1.0,,4.0,327.0,226.0,252.0,6.05
184,67,1.0,,4.0,900.0,583.0,712.0,17.09
184,68,1.0,,4.0,68.0,-38.0,34.0,0.81
184,69,1.0,,5.0,21.0,5.0,12.0,0.29
184,70,1.0,,5.0,64.0,35.0,49.0,1.18
184,71,2.0,,1.0,0.0,0.0,0.0,0.29
184,72,2.0,,4.0,0.0,0.0,0.0,0.0
184,73,2.0,,4.0,610.0,459.0,539.0,12.94
184,74,3.0,,4.0,-929.0,-828.0,-916.0,-21.99
184,75,3.0,,4.0,-1330.0,-559.0,-993.0,-23.84
184,76,3.0,,5.0,-160.0,0.0,-140.0,-3.36
185,66,1.0,,4.0,425.0,61.0,292.0,7.02
185,67,1.0,,4.0,970.0,704.0,802.0,19.25
185,68,1.0,,4.0,148.0,12.0,52.0,1.25
185,69,1.0,,5.0,-20.0,-1.0,-10.0,-0.25
185,70,1.0,,5.0,-64.0,0.0,-49.0,-1.18
185,71,2.0,,1.0,0.0,0.0,0.0,1.04
185,72,2.0,,4.0,0.0,0.0,0.0,0.0
185,73,2.0,,4.0,615.0,455.0,520.0,12.49
185,74,3.0,,4.0,-933.0,-783.0,-897.0,-21.52
185,75,3.0,,4.0,-1330.0,-559.0,-994.0,-23.86
185,76,3.0,,5.0,-148.0,0.0,-131.0,-3.14
186,66,1.0,,4.0,665.0,305.0,442.0,10.61
186,67,1.0,,4.0,1050.0,755.0,919.0,22.05
186,68,1.0,,4.0,178.0,3.0,65.0,1.56
186,69,1.0,,5.0,33.0,8.0,19.0,0.46
186,70,1.0,,5.0,69.0,36.0,55.0,1.32
186,71,2.0,,1.0,-103.0,0.0,-12.0,-0.29
186,72,2.0,,4.0,0.0,0.0,0.0,0.0
186,73,2.0,,4.0,614.0,511.0,614.0,16.11
186,74,3.0,,4.0,-920.0,-785.0,-890.0,-21.36
186,75,3.0,,4.0,-1370.0,-807.0,-1069.0,-25.66
186,76,3.0,,5.0,-132.0,0.0,-118.0,-2.82
187,66,1.0,,4.0,736.0,490.0,624.0,14.97
187,67,1.0,,4.0,1039.0,963.0,968.0,23.23
187,68,1.0,,4.0,163.0,-27.0,35.0,0.85
187,69,1.0,,5.0,45.0,15.0,26.0,0.63
187,70,1.0,,5.0,64.0,40.0,51.0,1.23
187,71,2.0,,1.0,0.0,0.0,0.0,1.16
187,72,2.0,,4.0,0.0,0.0,0.0,0.0
187,73,2.0,,4.0,600.0,481.0,570.0,13.69
187,74,3.0,,4.0,-925.0,-712.0,-869.0,-20.87
187,75,3.0,,4.0,-1276.0,-913.0,-1074.0,-25.78
187,76,3.0,,5.0,-152.0,0.0,-127.0,-3.04
188,66,1.0,,4.0,579.0,375.0,488.0,11.71
188,67,1.0,,4.0,1032.0,976.0,976.0,23.42
188,68,1.0,,4.0,67.0,16.0,67.0,2.15
188,69,1.0,,5.0,21.0,0.0,15.0,0.35
188,70,1.0,,5.0,57.0,0.0,43.0,1.04
188,71,2.0,,1.0,0.0,0.0,0.0,1.28
188,72,2.0,,4.0,0.0,0.0,0.0,0.0
188,73,2.0,,4.0,594.0,502.0,594.0,14.93
188,74,3.0,,4.0,-907.0,-709.0,-861.0,-20.66
188,75,3.0,,4.0,-1393.0,-198.0,-796.0,-19.1
188,76,3.0,,5.0,-155.0,0.0,-133.0,-3.2
189,66,1.0,,4.0,486.0,333.0,398.0,9.55
189,67,1.0,,4.0,1032.0,962.0,970.0,23.29
189,68,1.0,,4.0,63.0,25.0,63.0,1.99
189,69,1.0,,5.0,59.0,0.0,47.0,1.12
189,70,1.0,,5.0,20.0,0.0,15.0,0.35
189,71,2.0,,1.0,-50.0,0.0,55.0,1.31
189,72,2.0,,4.0,0.0,0.0,0.0,0.0
189,73,2.0,,4.0,672.0,536.0,619.0,14.86
189,74,3.0,,4.0,-906.0,-804.0,-875.0,-20.99
189,75,3.0,,4.0,-1744.0,0.0,-939.0,-22.53
189,76,3.0,,5.0,-158.0,0.0,-142.0,-3.4
190,66,1.0,,4.0,412.0,325.0,365.0,8.75
190,67,1.0,,4.0,1020.0,0.0,969.0,23.24
190,68,1.0,,4.0,60.0,18.0,40.0,0.95
190,69,1.0,,5.0,15.0,8.0,12.0,0.28
190,70,1.0,,5.0,59.0,35.0,47.0,1.12
190,71,2.0,,1.0,-43.0,0.0,51.0,1.22
190,72,2.0,,4.0,0.0,0.0,0.0,0.0
190,73,2.0,,4.0,611.0,467.0,608.0,14.58
190,74,3.0,,4.0,-903.0,-820.0,-878.0,-21.07
190,75,3.0,,4.0,-1236.0,-503.0,-759.0,-18.22
190,76,3.0,,5.0,-144.0,0.0,-122.0,-2.92
191,66,1.0,,4.0,473.0,263.0,349.0,8.39
191,67,1.0,,4.0,1024.0,765.0,848.0,20.35
191,68,1.0,,4.0,55.0,8.0,33.0,0.8
191,69,1.0,,5.0,13.0,1.0,9.0,0.22
191,70,1.0,,5.0,54.0,35.0,45.0,1.09
191,71,2.0,,1.0,-6.0,0.0,49.0,1.18
191,72,2.0,,4.0,0.0,0.0,0.0,0.0
191,73,2.0,,4.0,585.0,441.0,551.0,13.23
191,74,3.0,,4.0,-923.0,-746.0,-883.0,-21.19
191,75,3.0,,4.0,-525.0,-492.0,-514.0,-12.34
191,76,3.0,,5.0,-159.0,0.0,-135.0,-3.24
192,66,1.0,,4.0,465.0,160.0,290.0,6.95
192,67,1.0,,4.0,811.0,688.0,734.0,17.62
192,68,1.0,,4.0,79.0,-20.0,34.0,0.81
192,69,1.0,,5.0,15.0,0.0,8.0,0.2
192,70,1.0,,5.0,60.0,35.0,49.0,1.18
192,71,2.0,,1.0,-13.0,0.0,46.0,1.11
192,72,2.0,,4.0,0.0,0.0,0.0,0.0
192,73,2.0,,4.0,587.0,482.0,546.0,13.11
192,74,3.0,,4.0,-931.0,-787.0,-884.0,-21.22
192,75,3.0,,4.0,-532.0,-508.0,-521.0,-12.5
192,76,3.0,,5.0,-156.0,0.0,-142.0,-3.4
193,66,1.0,,4.0,487.0,269.0,346.0,8.29
193,67,1.0,,4.0,735.0,650.0,693.0,16.64
193,68,1.0,,4.0,55.0,7.0,38.0,0.91
193,69,1.0,,5.0,19.0,6.0,11.0,0.27
193,70,1.0,,5.0,62.0,38.0,49.0,1.18
193,71,2.0,,1.0,-72.0,0.0,-57.0,-1.38
193,72,2.0,,4.0,0.0,0.0,0.0,0.0
193,73,2.0,,4.0,534.0,13.0,476.0,11.42
193,74,3.0,,4.0,-930.0,-753.0,-879.0,-21.09
193,75,3.0,,4.0,-530.0,-483.0,-513.0,-12.3
193,76,3.0,,5.0,-152.0,0.0,-143.0,-3.42
194,66,1.0,,4.0,414.0,204.0,310.0,7.44
194,67,1.0,,4.0,753.0,604.0,658.0,15.78
194,68,1.0,,4.0,90.0,3.0,49.0,1.18
194,69,1.0,,5.0,19.0,8.0,11.0,0.26
194,70,1.0,,5.0,62.0,37.0,49.0,1.18
194,71,2.0,,1.0,0.0,0.0,0.0,1.44
194,72,2.0,,4.0,0.0,0.0,0.0,0.0
194,73,2.0,,4.0,593.0,470.0,570.0,13.69
194,74,3.0,,4.0,-926.0,-775.0,-888.0,-21.32
194,75,3.0,,4.0,-549.0,-451.0,-514.0,-12.33
194,76,3.0,,5.0,-156.0,0.0,-133.0,-3.18
195,66,1.0,,4.0,304.0,205.0,257.0,6.17
195,67,1.0,,4.0,699.0,536.0,618.0,14.82
195,68,1.0,,4.0,107.0,8.0,64.0,1.54
195,69,1.0,,5.0,23.0,5.0,12.0,0.29
195,70,1.0,,5.0,56.0,0.0,39.0,0.94
195,71,2.0,,1.0,-1.0,0.0,57.0,1.37
195,72,2.0,,4.0,0.0,0.0,0.0,0.0
195,73,2.0,,4.0,626.0,462.0,574.0,13.78
195,74,3.0,,4.0,-929.0,-765.0,-884.0,-21.22
195,75,3.0,,4.0,-549.0,-458.0,-511.0,-12.27
195,76,3.0,,5.0,-151.0,0.0,-128.0,-3.06
196,66,1.0,,4.0,287.0,170.0,233.0,5.6
196,67,1.0,,4.0,769.0,469.0,576.0,13.83
196,68,1.0,,4.0,53.0,0.0,26.0,0.62
196,69,1.0,,5.0,20.0,9.0,12.0,0.29
196,70,1.0,,5.0,62.0,21.0,37.0,0.89
196,71,2.0,,1.0,0.0,0.0,0.0,1.49
196,72,2.0,,4.0,0.0,0.0,0.0,0.0
196,73,2.0,,4.0,597.0,505.0,597.0,14.46
196,74,3.0,,4.0,-931.0,-770.0,-890.0,-21.37
196,75,3.0,,4.0,-550.0,-486.0,-518.0,-12.43
196,76,3.0,,5.0,-147.0,0.0,-129.0,-3.1
197,66,1.0,,4.0,314.0,213.0,235.0,5.65
197,67,1.0,,4.0,575.0,500.0,553.0,13.28
197,68,1.0,,4.0,-24.0,12.0,-6.0,-0.15
197,69,1.0,,5.0,15.0,0.0,7.0,0.17
197,70,1.0,,5.0,52.0,0.0,42.0,1.0
197,71,2.0,,1.0,-25.0,0.0,58.0,1.4
197,72,2.0,,4.0,0.0,0.0,0.0,0.0
197,73,2.0,,4.0,601.0,508.0,568.0,13.63
197,74,3.0,,4.0,-924.0,-752.0,-884.0,-21.22
197,75,3.0,,4.0,-547.0,-495.0,-526.0,-12.63
197,76,3.0,,5.0,-155.0,0.0,-138.0,-3.32
198,66,1.0,,4.0,318.0,166.0,216.0,5.18
198,67,1.0,,4.0,544.0,410.0,544.0,13.75
198,68,1.0,,4.0,-242.0,10.0,-99.0,-2.37
198,69,1.0,,5.0,12.0,0.0,5.0,0.13
198,70,1.0,,5.0,54.0,34.0,44.0,1.05
198,71,2.0,,1.0,-18.0,0.0,59.0,1.42
198,72,2.0,,4.0,0.0,0.0,0.0,0.0
198,73,2.0,,4.0,571.0,403.0,539.0,12.94
198,74,3.0,,4.0,-921.0,-748.0,-882.0,-21.16
198,75,3.0,,4.0,-526.0,-491.0,-518.0,-12.42
198,76,3.0,,5.0,-152.0,0.0,-136.0,-3.26
199,66,1.0,,4.0,195.0,111.0,158.0,3.79
199,67,1.0,,4.0,641.0,441.0,625.0,14.99
199,68,1.0,,4.0,-192.0,-58.0,-154.0,-3.69
199,69,1.0,,5.0,9.0,3.0,4.0,0.09
199,70,1.0,,5.0,46.0,27.0,40.0,0.95
199,71,2.0,,1.0,0.0,0.0,0.0,1.16
199,72,2.0,,4.0,0.0,0.0,0.0,0.0
199,73,2.0,,4.0,583.0,317.0,543.0,13.02
199,74,3.0,,4.0,-919.0,-770.0,-880.0,-21.13
199,75,3.0,,4.0,-536.0,-508.0,-521.0,-12.5
199,76,3.0,,5.0,-151.0,0.0,-119.0,-2.86
200,66,1.0,,4.0,190.0,95.0,146.0,3.51
200,67,1.0,,4.0,630.0,415.0,577.0,13.86
200,68,1.0,,4.0,-194.0,-43.0,-145.0,-3.47
200,69,1.0,,5.0,8.0,0.0,2.0,0.05
200,70,1.0,,5.0,49.0,22.0,38.0,0.91
200,71,2.0,,1.0,0.0,0.0,0.0,1.1
200,72,2.0,,4.0,0.0,0.0,0.0,0.0
200,73,2.0,,4.0,579.0,227.0,558.0,13.4
200,74,3.0,,4.0,-924.0,-750.0,-883.0,-21.19
200,75,3.0,,4.0,-546.0,-492.0,-518.0,-12.42
200,76,3.0,,5.0,-146.0,0.0,-113.0,-2.72
201,66,1.0,,4.0,0.0,0.0,0.0,3.19
201,67,1.0,,4.0,0.0,0.0,0.0,13.04
201,68,1.0,,4.0,0.0,0.0,0.0,-3.57
201,69,1.0,,5.0,6.0,0.0,0.0,0.0
201,70,1.0,,5.0,45.0,24.0,35.0,0.85
201,71,2.0,,1.0,0.0,0.0,0.0,1.1
201,72,2.0,,4.0,0.0,0.0,0.0,0.0
201,73,2.0,,4.0,610.0,420.0,597.0,14.32
201,74,3.0,,4.0,-918.0,-748.0,-884.0,-21.21
201,75,3.0,,4.0,-521.0,-503.0,-515.0,-12.36
201,76,3.0,,5.0,-140.0,0.0,-108.0,-2.6
202,66,1.0,,4.0,164.0,83.0,143.0,3.43
202,67,1.0,,4.0,462.0,229.0,456.0,10.94
202,68,1.0,,4.0,-233.0,-41.0,-116.0,-2.77
202,69,1.0,,5.0,7.0,0.0,1.0,0.03
202,70,1.0,,5.0,43.0,0.0,35.0,0.85
202,71,2.0,,1.0,0.0,0.0,0.0,1.37
202,72,2.0,,4.0,0.0,0.0,0.0,0.0
202,73,2.0,,4.0,594.0,508.0,568.0,13.62
202,74,3.0,,4.0,-924.0,-726.0,-831.0,-19.94
202,75,3.0,,4.0,-542.0,-474.0,-514.0,-12.34
202,76,3.0,,5.0,-113.0,0.0,-100.0,-2.4
203,66,1.0,,4.0,155.0,97.0,123.0,2.95
203,67,1.0,,4.0,407.0,256.0,373.0,8.94
203,68,1.0,,4.0,-101.0,-51.0,-82.0,-1.98
203,69,1.0,,5.0,9.0,0.0,2.0,0.04
203,70,1.0,,5.0,48.0,0.0,36.0,0.87
203,71,2.0,,1.0,0.0,0.0,0.0,1.52
203,72,2.0,,4.0,0.0,0.0,0.0,0.0
203,73,2.0,,4.0,635.0,558.0,630.0,15.12
203,74,3.0,,4.0,-917.0,-752.0,-893.0,-21.42
203,75,3.0,,4.0,-525.0,-495.0,-514.0,-12.35
203,76,3.0,,5.0,-129.0,0.0,-105.0,-2.52
204,66,1.0,,4.0,157.0,88.0,128.0,3.08
204,67,1.0,,4.0,362.0,258.0,362.0,9.59
204,68,1.0,,4.0,-114.0,-69.0,-95.0,-2.28
204,69,1.0,,5.0,-11.0,4.0,-2.0,-0.05
204,70,1.0,,5.0,34.0,0.0,28.0,0.66
204,71,2.0,,1.0,-12.0,0.0,65.0,1.57
204,72,2.0,,4.0,0.0,0.0,0.0,0.0
204,73,2.0,,4.0,666.0,546.0,642.0,15.4
204,74,3.0,,4.0,-917.0,-871.0,-914.0,-21.94
204,75,3.0,,4.0,-935.0,-500.0,-599.0,-14.37
204,76,3.0,,5.0,-124.0,0.0,-109.0,-2.62
205,66,1.0,,4.0,164.0,73.0,117.0,2.8
205,67,1.0,,4.0,305.0,266.0,305.0,8.11
205,68,1.0,,4.0,-122.0,-81.0,-96.0,-2.31
205,69,1.0,,5.0,4.0,-12.0,2.0,0.05
205,70,1.0,,5.0,35.0,0.0,25.0,0.61
205,71,2.0,,1.0,0.0,0.0,0.0,1.63
205,72,2.0,,4.0,0.0,0.0,0.0,0.0
205,73,2.0,,4.0,861.0,465.0,643.0,15.44
205,74,3.0,,4.0,-919.0,-917.0,-918.0,-22.04
205,75,3.0,,4.0,-1251.0,-910.0,-1048.0,-25.16
205,76,3.0,,5.0,-161.0,0.0,-124.0,-2.98
206,66,1.0,,4.0,128.0,79.0,103.0,2.47
206,67,1.0,,4.0,307.0,262.0,307.0,8.18
206,68,1.0,,4.0,-130.0,-80.0,-109.0,-2.61
206,69,1.0,,5.0,-16.0,3.0,-3.0,-0.07
206,70,1.0,,5.0,29.0,11.0,20.0,0.48
206,71,2.0,,1.0,0.0,0.0,0.0,1.63
206,72,2.0,,4.0,0.0,0.0,0.0,0.0
206,73,2.0,,4.0,861.0,512.0,712.0,17.09
206,74,3.0,,4.0,-921.0,-917.0,-921.0,-22.09
206,75,3.0,,4.0,-1124.0,-802.0,-958.0,-22.98
206,76,3.0,,5.0,-139.0,0.0,-113.0,-2.72
207,66,1.0,,4.0,141.0,88.0,113.0,2.71
207,67,1.0,,4.0,307.0,266.0,307.0,8.45
207,68,1.0,,4.0,-169.0,-90.0,-125.0,-2.99
207,69,1.0,,5.0,-25.0,2.0,-12.0,-0.28
207,70,1.0,,5.0,24.0,-2.0,10.0,0.24
207,71,2.0,,1.0,0.0,0.0,0.0,1.65
207,72,2.0,,4.0,0.0,0.0,0.0,0.0
207,73,2.0,,4.0,650.0,545.0,625.0,15.01
207,74,3.0,,4.0,-920.0,-631.0,-818.0,-19.63
207,75,3.0,,4.0,-1161.0,-802.0,-960.0,-23.05
207,76,3.0,,5.0,-154.0,0.0,-127.0,-3.04
208,66,1.0,,4.0,0.0,0.0,0.0,2.55
208,67,1.0,,4.0,0.0,0.0,0.0,7.24
208,68,1.0,,4.0,0.0,0.0,0.0,-2.67
208,69,1.0,,5.0,-26.0,-14.0,-19.0,-0.46
208,70,1.0,,5.0,26.0,0.0,9.0,0.22
208,71,2.0,,1.0,0.0,0.0,0.0,1.65
208,72,2.0,,4.0,0.0,0.0,0.0,0.0
208,73,2.0,,4.0,650.0,545.0,608.0,14.59
208,74,3.0,,4.0,-923.0,-919.0,-920.0,-22.09
208,75,3.0,,4.0,-1337.0,-906.0,-1117.0,-26.8
208,76,3.0,,5.0,-146.0,0.0,-125.0,-3.0
209,66,1.0,,4.0,0.0,0.0,0.0,2.27
209,67,1.0,,4.0,0.0,0.0,0.0,6.14
209,68,1.0,,4.0,0.0,0.0,0.0,-2.68
209,69,1.0,,5.0,7.0,0.0,12.0,0.28
209,70,1.0,,5.0,36.0,0.0,-8.0,-0.2
209,71,2.0,,1.0,75.0,0.0,68.0,1.63
209,72,2.0,,4.0,0.0,0.0,0.0,0.0
209,73,2.0,,4.0,565.0,518.0,565.0,14.3
209,74,3.0,,4.0,-921.0,-911.0,-916.0,-21.99
209,75,3.0,,4.0,-1337.0,-906.0,-1117.0,-26.8
209,76,3.0,,5.0,-140.0,0.0,-121.0,-2.9
210,66,1.0,,4.0,89.0,36.0,54.0,1.3
210,67,1.0,,4.0,262.0,217.0,252.0,6.04
210,68,1.0,,4.0,-147.0,-96.0,-115.0,-2.77
210,69,1.0,,5.0,9.0,-5.0,3.0,0.08
210,70,1.0,,5.0,37.0,0.0,29.0,0.69
210,71,2.0,,1.0,0.0,0.0,0.0,0.0
210,72,2.0,,4.0,0.0,0.0,0.0,0.0
210,73,2.0,,4.0,557.0,0.0,508.0,12.18
210,74,3.0,,4.0,-916.0,-820.0,-904.0,-21.7
210,75,3.0,,4.0,-1182.0,-797.0,-940.0,-22.57
210,76,3.0,,5.0,-156.0,0.0,-136.0,-3.26
211,66,1.0,,4.0,83.0,26.0,50.0,1.2
211,67,1.0,,4.0,254.0,95.0,254.0,6.1
211,68,1.0,,4.0,-146.0,-111.0,-130.0,-3.11
211,69,1.0,,5.0,8.0,-8.0,3.0,0.08
211,70,1.0,,5.0,34.0,0.0,28.0,0.68
211,71,2.0,,1.0,0.0,0.0,0.0,1.57
211,72,2.0,,4.0,0.0,0.0,0.0,0.0
211,73,2.0,,4.0,556.0,337.0,539.0,12.94
211,74,3.0,,4.0,-916.0,-912.0,-914.0,-21.95
211,75,3.0,,4.0,-1179.0,-809.0,-966.0,-23.19
211,76,3.0,,5.0,-154.0,0.0,-132.0,-3.16
212,66,1.0,,4.0,109.0,-84.0,47.0,1.12
212,67,1.0,,4.0,259.0,180.0,259.0,6.68
212,68,1.0,,4.0,-155.0,-53.0,-118.0,-2.83
212,69,1.0,,5.0,7.0,-6.0,-1.0,-0.02
212,70,1.0,,5.0,37.0,0.0,25.0,0.61
212,71,2.0,,1.0,0.0,0.0,0.0,1.51
212,72,2.0,,4.0,0.0,0.0,0.0,0.0
212,73,2.0,,4.0,462.0,358.0,418.0,10.02
212,74,3.0,,4.0,-921.0,-790.0,-907.0,-21.76
212,75,3.0,,4.0,-1220.0,-820.0,-1032.0,-24.78
212,76,3.0,,5.0,-149.0,0.0,-125.0,-3.0
213,66,1.0,,4.0,72.0,-9.0,23.0,0.55
213,67,1.0,,4.0,272.0,80.0,238.0,5.71
213,68,1.0,,4.0,-159.0,-101.0,-123.0,-2.95
213,69,1.0,,5.0,8.0,-3.0,-1.0,-0.02
213,70,1.0,,5.0,35.0,0.0,28.0,0.68
213,71,2.0,,1.0,0.0,0.0,0.0,1.59
213,72,2.0,,4.0,0.0,0.0,0.0,0.0
213,73,2.0,,4.0,434.0,269.0,418.0,10.02
213,74,3.0,,4.0,-920.0,-784.0,-904.0,-21.69
213,75,3.0,,4.0,-1292.0,-536.0,-938.0,-22.5
213,76,3.0,,5.0,-152.0,0.0,-123.0,-2.94
214,66,1.0,,4.0,58.0,-15.0,17.0,0.42
214,67,1.0,,4.0,231.0,110.0,231.0,5.96
214,68,1.0,,4.0,-155.0,-100.0,-132.0,-3.17
214,69,1.0,,5.0,6.0,-9.0,0.0,0.01
214,70,1.0,,5.0,45.0,20.0,31.0,0.75
214,71,2.0,,1.0,0.0,0.0,0.0,1.66
214,72,2.0,,4.0,0.0,0.0,0.0,0.0
214,73,2.0,,4.0,407.0,276.0,316.0,7.58
214,74,3.0,,4.0,-922.0,-803.0,-907.0,-21.77
214,75,3.0,,4.0,-1299.0,-808.0,-1055.0,-25.31
214,76,3.0,,5.0,-160.0,0.0,-130.0,-3.12
215,66,1.0,,4.0,57.0,-23.0,20.0,0.47
215,67,1.0,,4.0,214.0,155.0,214.0,5.57
215,68,1.0,,4.0,-158.0,-96.0,-134.0,-3.2
215,69,1.0,,5.0,-11.0,3.0,-1.0,-0.03
215,70,1.0,,5.0,34.0,8.0,28.0,0.66
215,71,2.0,,1.0,0.0,0.0,0.0,1.62
215,72,2.0,,4.0,0.0,0.0,0.0,0.0
215,73,2.0,,4.0,382.0,268.0,361.0,8.66
215,74,3.0,,4.0,-925.0,-785.0,-910.0,-21.85
215,75,3.0,,4.0,-1373.0,-802.0,-1097.0,-26.33
215,76,3.0,,5.0,-156.0,0.0,-122.0,-2.92
216,66,1.0,,4.0,97.0,-21.0,14.0,0.33
216,67,1.0,,4.0,194.0,148.0,194.0,5.41
216,68,1.0,,4.0,-172.0,-113.0,-139.0,-3.35
216,69,1.0,,5.0,8.0,0.0,2.0,0.04
216,70,1.0,,5.0,-33.0,-8.0,-27.0,-0.64
216,71,2.0,,1.0,0.0,0.0,0.0,1.63
216,72,2.0,,4.0,0.0,0.0,0.0,0.0
216,73,2.0,,4.0,374.0,169.0,288.0,6.9
216,74,3.0,,4.0,-923.0,-796.0,-909.0,-21.81
216,75,3.0,,4.0,-1275.0,-810.0,-967.0,-23.21
216,76,3.0,,5.0,-151.0,0.0,-115.0,-2.76
217,66,1.0,,4.0,46.0,-24.0,11.0,0.27
217,67,1.0,,4.0,212.0,117.0,212.0,5.39
217,68,1.0,,4.0,-158.0,-74.0,-140.0,-3.37
217,69,1.0,,5.0,0.0,-12.0,-2.0,-0.05
217,70,1.0,,5.0,30.0,16.0,23.0,0.56
217,71,2.0,,1.0,0.0,0.0,0.0,1.68
217,72,2.0,,4.0,0.0,0.0,0.0,0.0
217,73,2.0,,4.0,449.0,205.0,345.0,8.28
217,74,3.0,,4.0,-911.0,-586.0,-800.0,-19.2
217,75,3.0,,4.0,-1322.0,-844.0,-1097.0,-26.32
217,76,3.0,,5.0,-164.0,0.0,-131.0,-3.14
218,66,1.0,,4.0,46.0,-23.0,6.0,0.14
218,67,1.0,,4.0,181.0,109.0,181.0,4.74
218,68,1.0,,4.0,-179.0,-67.0,-149.0,-3.58
218,69,1.0,,5.0,0.0,0.0,0.0,0.0
218,70,1.0,,5.0,26.0,0.0,20.0,0.49
218,71,2.0,,1.0,0.0,0.0,0.0,1.69
218,72,2.0,,4.0,0.0,0.0,0.0,0.0
218,73,2.0,,4.0,413.0,271.0,358.0,8.58
218,74,3.0,,4.0,-782.0,-624.0,-778.0,-18.68
218,75,3.0,,4.0,-1322.0,-844.0,-1096.0,-26.3
218,76,3.0,,5.0,-158.0,0.0,-138.0,-3.32
219,66,1.0,,4.0,55.0,-7.0,22.0,0.53
219,67,1.0,,4.0,268.0,150.0,255.0,6.11
219,68,1.0,,4.0,-178.0,-111.0,-143.0,-3.43
219,69,1.0,,5.0,8.0,-15.0,0.0,0.0
219,70,1.0,,5.0,28.0,-12.0,11.0,0.26
219,71,2.0,,1.0,0.0,0.0,0.0,1.64
219,72,2.0,,4.0,0.0,0.0,0.0,0.0
219,73,2.0,,4.0,401.0,254.0,346.0,8.3
219,74,3.0,,4.0,-781.0,-780.0,-781.0,-18.74
219,75,3.0,,4.0,-1465.0,-1094.0,-1124.0,-26.98
219,76,3.0,,5.0,-154.0,0.0,-136.0,-3.26
220,66,1.0,,4.0,97.0,-4.0,18.0,0.44
220,67,1.0,,4.0,241.0,143.0,241.0,11.3
220,68,1.0,,4.0,-190.0,28.0,-111.0,-2.67
220,69,1.0,,5.0,12.0,-11.0,-2.0,-0.05
220,70,1.0,,5.0,31.0,-14.0,10.0,0.24
220,71,2.0,,1.0,0.0,0.0,0.0,1.57
220,72,2.0,,4.0,0.0,0.0,0.0,0.0
220,73,2.0,,4.0,383.0,194.0,328.0,7.88
220,74,3.0,,4.0,-781.0,-660.0,-773.0,-18.54
220,75,3.0,,4.0,-1365.0,-860.0,-1096.0,-26.3
220,76,3.0,,5.0,-140.0,0.0,-120.0,-2.88
221,66,1.0,,4.0,147.0,-98.0,21.0,0.51
221,67,1.0,,4.0,452.0,147.0,256.0,6.16
221,68,1.0,,4.0,-197.0,100.0,-117.0,-2.81
221,69,1.0,,5.0,21.0,-9.0,5.0,0.12
221,70,1.0,,5.0,34.0,-5.0,22.0,0.52
221,71,2.0,,1.0,0.0,0.0,0.0,1.6
221,72,2.0,,4.0,0.0,0.0,0.0,0.0
221,73,2.0,,4.0,251.0,230.0,251.0,6.83
221,74,3.0,,4.0,-927.0,-512.0,-785.0,-18.84
221,75,3.0,,4.0,-1368.0,-908.0,-1123.0,-26.96
221,76,3.0,,5.0,-134.0,0.0,-116.0,-2.78
222,66,1.0,,4.0,30.0,-22.0,115.0,2.77
222,67,1.0,,4.0,367.0,129.0,216.0,5.18
222,68,1.0,,4.0,-180.0,-112.0,-148.0,-3.54
222,69,1.0,,5.0,12.0,0.0,1.0,0.03
222,70,1.0,,5.0,32.0,18.0,24.0,0.58
222,71,2.0,,1.0,0.0,0.0,0.0,0.98
222,72,2.0,,4.0,0.0,0.0,0.0,0.0
222,73,2.0,,4.0,370.0,230.0,303.0,7.27
222,74,3.0,,4.0,-795.0,-671.0,-783.0,-18.79
222,75,3.0,,4.0,-1327.0,-810.0,-1018.0,-24.42
222,76,3.0,,5.0,-137.0,0.0,-119.0,-2.86
223,66,1.0,,4.0,38.0,-35.0,0.0,0.0
223,67,1.0,,4.0,221.0,127.0,207.0,4.97
223,68,1.0,,4.0,-188.0,-60.0,-148.0,-3.56
223,69,1.0,,5.0,11.0,0.0,1.0,0.02
223,70,1.0,,5.0,28.0,11.0,19.0,0.45
223,71,2.0,,1.0,0.0,0.0,0.0,1.56
223,72,2.0,,4.0,0.0,0.0,0.0,0.0
223,73,2.0,,4.0,365.0,255.0,308.0,7.4
223,74,3.0,,4.0,-931.0,-663.0,-790.0,-18.95
223,75,3.0,,4.0,-1045.0,-807.0,-890.0,-21.36
223,76,3.0,,5.0,-162.0,0.0,-98.0,-2.36
224,66,1.0,,4.0,-61.0,20.0,-28.0,-0.66
224,67,1.0,,4.0,173.0,117.0,173.0,4.95
224,68,1.0,,4.0,-200.0,-156.0,-180.0,-4.31
224,69,1.0,,5.0,7.0,-13.0,1.0,0.02
224,70,1.0,,5.0,24.0,0.0,19.0,0.45
224,71,2.0,,1.0,0.0,0.0,0.0,1.63
224,72,2.0,,4.0,0.0,0.0,0.0,0.0
224,73,2.0,,4.0,399.0,185.0,369.0,8.86
224,74,3.0,,4.0,-936.0,-546.0,-834.0,-20.01
224,75,3.0,,4.0,-1179.0,-803.0,-933.0,-22.4
224,76,3.0,,5.0,-138.0,0.0,-116.0,-2.79
225,66,1.0,,4.0,-73.0,7.0,-32.0,-0.77
225,67,1.0,,4.0,161.0,0.0,-12.0,-0.3
225,68,1.0,,4.0,-208.0,-164.0,-190.0,-4.57
225,69,1.0,,5.0,5.0,-12.0,0.0,0.01
225,70,1.0,,5.0,27.0,0.0,18.0,0.43
225,71,2.0,,1.0,0.0,0.0,0.0,1.66
225,72,2.0,,4.0,0.0,0.0,0.0,0.0
225,73,2.0,,4.0,436.0,360.0,430.0,10.31
225,74,3.0,,4.0,-938.0,-928.0,-931.0,-22.34
225,75,3.0,,4.0,-1229.0,-801.0,-1020.0,-24.49
225,76,3.0,,5.0,-144.0,0.0,-120.0,-2.88
226,66,1.0,,4.0,-60.0,15.0,-31.0,-0.74
226,67,1.0,,4.0,164.0,-15.0,87.0,2.09
226,68,1.0,,4.0,-224.0,-181.0,-224.0,-5.43
226,69,1.0,,5.0,0.0,0.0,0.0,0.0
226,70,1.0,,5.0,23.0,0.0,15.0,0.37
226,71,2.0,,1.0,0.0,0.0,0.0,1.68
226,72,2.0,,4.0,0.0,0.0,0.0,0.0
226,73,2.0,,4.0,468.0,395.0,433.0,10.38
226,74,3.0,,4.0,-938.0,-646.0,-880.0,-21.12
226,75,3.0,,4.0,-1170.0,-802.0,-955.0,-22.93
226,76,3.0,,5.0,-146.0,0.0,-119.0,-2.86
227,66,1.0,,4.0,-64.0,9.0,-30.0,-0.72
227,67,1.0,,4.0,196.0,76.0,181.0,4.33
227,68,1.0,,4.0,-245.0,-182.0,-215.0,-5.17
227,69,1.0,,5.0,28.0,-5.0,0.0,0.0
227,70,1.0,,5.0,0.0,-27.0,16.0,0.38
227,71,2.0,,1.0,0.0,0.0,0.0,1.7
227,72,2.0,,4.0,0.0,0.0,0.0,0.0
227,73,2.0,,4.0,420.0,392.0,420.0,10.91
227,74,3.0,,4.0,-938.0,-646.0,-880.0,-21.11
227,75,3.0,,4.0,-1172.0,-804.0,-926.0,-22.22
227,76,3.0,,5.0,-142.0,0.0,-123.0,-2.94
228,66,1.0,,4.0,-54.0,21.0,4.0,0.1
228,67,1.0,,4.0,167.0,82.0,167.0,5.36
228,68,1.0,,4.0,-257.0,-208.0,-235.0,-5.65
228,69,1.0,,5.0,-27.0,-8.0,-18.0,-0.43
228,70,1.0,,5.0,15.0,2.0,10.0,0.23
228,71,2.0,,1.0,0.0,0.0,0.0,1.73
228,72,2.0,,4.0,0.0,0.0,0.0,0.0
228,73,2.0,,4.0,509.0,402.0,443.0,10.63
228,74,3.0,,4.0,-931.0,-650.0,-876.0,-21.03
228,75,3.0,,4.0,-1139.0,-809.0,-903.0,-21.67
228,76,3.0,,5.0,-144.0,0.0,-124.0,-2.97
229,66,1.0,,4.0,84.0,-76.0,-11.0,-0.25
229,67,1.0,,4.0,149.0,21.0,149.0,4.86
229,68,1.0,,4.0,-261.0,-161.0,-221.0,-5.31
229,69,1.0,,5.0,-33.0,-10.0,-18.0,-0.43
229,70,1.0,,5.0,16.0,3.0,11.0,0.26
229,71,2.0,,1.0,0.0,0.0,0.0,1.69
229,72,2.0,,4.0,0.0,0.0,0.0,0.0
229,73,2.0,,4.0,458.0,347.0,452.0,10.85
229,74,3.0,,4.0,-938.0,-648.0,-882.0,-21.17
229,75,3.0,,4.0,-1233.0,-795.0,-957.0,-22.96
229,76,3.0,,5.0,-133.0,0.0,-121.0,-2.9
230,66,1.0,,4.0,-62.0,10.0,-30.0,-0.71
230,67,1.0,,4.0,144.0,73.0,144.0,4.53
230,68,1.0,,4.0,-260.0,-214.0,-239.0,-5.74
230,69,1.0,,5.0,-41.0,-21.0,-25.0,-0.6
230,70,1.0,,5.0,16.0,-3.0,8.0,0.18
230,71,2.0,,1.0,0.0,0.0,0.0,1.66
230,72,2.0,,4.0,0.0,0.0,0.0,0.0
230,73,2.0,,4.0,432.0,267.0,401.0,9.62
230,74,3.0,,4.0,-936.0,-167.0,-469.0,-11.26
230,75,3.0,,4.0,-1399.0,-399.0,-812.0,-19.48
230,76,3.0,,5.0,-121.0,0.0,-63.0,-1.5
231,66,1.0,,4.0,-72.0,22.0,-27.0,-0.65
231,67,1.0,,4.0,117.0,62.0,117.0,4.52
231,68,1.0,,4.0,-273.0,-207.0,-241.0,-5.78
231,69,1.0,,5.0,-38.0,-19.0,-27.0,-0.65
231,70,1.0,,5.0,11.0,-4.0,3.0,0.08
231,71,2.0,,1.0,0.0,0.0,0.0,1.67
231,72,2.0,,4.0,0.0,0.0,0.0,0.0
231,73,2.0,,4.0,418.0,254.0,392.0,9.4
231,74,3.0,,4.0,-933.0,-353.0,-633.0,-15.2
231,75,3.0,,4.0,-1462.0,-403.0,-830.0,-19.93
231,76,3.0,,5.0,-114.0,0.0,-78.0,-1.86
232,66,1.0,,4.0,-72.0,33.0,-25.0,-0.61
232,67,1.0,,4.0,119.0,37.0,119.0,4.49
232,68,1.0,,4.0,-265.0,-208.0,-236.0,-5.66
232,69,1.0,,5.0,0.0,-40.0,-4.0,-0.1
232,70,1.0,,5.0,20.0,-18.0,2.0,0.04
232,71,2.0,,1.0,0.0,0.0,0.0,1.66
232,72,2.0,,4.0,0.0,0.0,0.0,0.0
232,73,2.0,,4.0,450.0,323.0,442.0,10.6
232,74,3.0,,4.0,-936.0,-599.0,-815.0,-19.57
232,75,3.0,,4.0,-876.0,-807.0,-826.0,-19.82
232,76,3.0,,5.0,-140.0,0.0,-112.0,-2.68
233,66,1.0,,4.0,-70.0,31.0,-20.0,-0.47
233,67,1.0,,4.0,246.0,54.0,187.0,4.48
233,68,1.0,,4.0,-269.0,-98.0,-243.0,-5.83
233,69,1.0,,5.0,15.0,-41.0,4.0,0.1
233,70,1.0,,5.0,14.0,-17.0,2.0,0.04
233,71,2.0,,1.0,0.0,0.0,0.0,1.69
233,72,2.0,,4.0,0.0,0.0,0.0,0.0
233,73,2.0,,4.0,259.0,0.0,259.0,8.53
233,74,3.0,,4.0,-938.0,-647.0,-841.0,-20.19
233,75,3.0,,4.0,-833.0,-804.0,-818.0,-19.64
233,76,3.0,,5.0,-140.0,0.0,-116.0,-2.78
234,66,1.0,,4.0,-70.0,2.0,-35.0,-0.84
234,67,1.0,,4.0,210.0,181.0,210.0,-5.83
234,68,1.0,,4.0,-268.0,-200.0,-243.0,-5.83
234,69,1.0,,5.0,0.0,0.0,0.0,0.0
234,70,1.0,,5.0,20.0,0.0,10.0,0.24
234,71,2.0,,1.0,0.0,0.0,0.0,1.73
234,72,2.0,,4.0,0.0,0.0,0.0,0.0
234,73,2.0,,4.0,415.0,214.0,358.0,8.6
234,74,3.0,,4.0,-933.0,-642.0,-847.0,-20.32
234,75,3.0,,4.0,-842.0,-809.0,-825.0,-19.79
234,76,3.0,,5.0,-125.0,0.0,-108.0,-2.58
235,66,1.0,,4.0,-83.0,-12.0,-46.0,-1.1
235,67,1.0,,4.0,211.0,137.0,148.0,3.54
235,68,1.0,,4.0,-265.0,-207.0,-239.0,-5.74
235,69,1.0,,5.0,-38.0,-11.0,-23.0,-0.56
235,70,1.0,,5.0,16.0,0.0,10.0,0.23
235,71,2.0,,1.0,0.0,0.0,0.0,1.71
235,72,2.0,,4.0,0.0,0.0,0.0,0.0
235,73,2.0,,4.0,360.0,156.0,279.0,6.7
235,74,3.0,,4.0,-933.0,-648.0,-844.0,-20.26
235,75,3.0,,4.0,-925.0,-799.0,-835.0,-20.03
235,76,3.0,,5.0,-138.0,0.0,-114.0,-2.73
236,66,1.0,,4.0,-66.0,8.0,-31.0,-0.75
236,67,1.0,,4.0,199.0,139.0,146.0,3.5
236,68,1.0,,4.0,-277.0,-222.0,-249.0,-5.98
236,69,1.0,,5.0,-35.0,-13.0,-20.0,-0.48
236,70,1.0,,5.0,12.0,-1.0,7.0,0.17
236,71,2.0,,1.0,0.0,0.0,0.0,1.71
236,72,2.0,,4.0,0.0,0.0,0.0,0.0
236,73,2.0,,4.0,374.0,106.0,238.0,5.72
236,74,3.0,,4.0,-936.0,-699.0,-856.0,-20.53
236,75,3.0,,4.0,-972.0,-805.0,-838.0,-20.11
236,76,3.0,,5.0,-123.0,0.0,-108.0,-2.58
237,66,1.0,,4.0,-78.0,-6.0,-46.0,-1.1
237,67,1.0,,4.0,245.0,153.0,158.0,3.8
237,68,1.0,,4.0,-282.0,-202.0,-254.0,-6.11
237,69,1.0,,5.0,-36.0,-18.0,-23.0,-0.56
237,70,1.0,,5.0,9.0,-1.0,3.0,0.08
237,71,2.0,,1.0,0.0,0.0,0.0,1.68
237,72,2.0,,4.0,0.0,0.0,0.0,0.0
237,73,2.0,,4.0,318.0,129.0,241.0,5.79
237,74,3.0,,4.0,-936.0,-216.0,-493.0,-11.84
237,75,3.0,,4.0,-846.0,-799.0,-828.0,-19.87
237,76,3.0,,5.0,-107.0,0.0,-93.0,-2.24
238,66,1.0,,4.0,-62.0,0.0,-35.0,-0.84
238,67,1.0,,4.0,254.0,83.0,151.0,3.62
238,68,1.0,,4.0,-294.0,-230.0,-262.0,-6.29
238,69,1.0,,5.0,-36.0,-14.0,-22.0,-0.53
238,70,1.0,,5.0,15.0,1.0,7.0,0.16
238,71,2.0,,1.0,0.0,0.0,0.0,1.52
238,72,2.0,,4.0,0.0,0.0,0.0,0.0
238,73,2.0,,4.0,318.0,94.0,226.0,5.43
238,74,3.0,,4.0,-457.0,-214.0,-426.0,-10.24
238,75,3.0,,4.0,-843.0,-806.0,-823.0,-19.76
238,76,3.0,,5.0,-123.0,0.0,-99.0,-2.37
239,66,1.0,,4.0,-65.0,14.0,-22.0,-0.52
239,67,1.0,,4.0,176.0,145.0,153.0,3.68
239,68,1.0,,4.0,-277.0,-251.0,-266.0,-6.38
239,69,1.0,,5.0,-31.0,-14.0,-18.0,-0.44
239,70,1.0,,5.0,13.0,4.0,8.0,0.18
239,71,2.0,,1.0,0.0,0.0,0.0,1.27
239,72,2.0,,4.0,0.0,0.0,0.0,0.0
239,73,2.0,,4.0,372.0,192.0,200.0,4.8
239,74,3.0,,4.0,-455.0,-451.0,-452.0,-10.86
239,75,3.0,,4.0,-884.0,-805.0,-834.0,-20.01
239,76,3.0,,5.0,-124.0,0.0,-104.0,-2.5
240,66,1.0,,4.0,-102.0,36.0,-13.0,-0.31
240,67,1.0,,4.0,183.0,145.0,157.0,3.76
240,68,1.0,,4.0,-277.0,-217.0,-256.0,-6.15
240,69,1.0,,5.0,-32.0,-9.0,-18.0,-0.43
240,70,1.0,,5.0,12.0,2.0,8.0,0.18
240,71,2.0,,1.0,56.0,0.0,44.0,1.06
240,72,2.0,,4.0,0.0,0.0,0.0,0.0
240,73,2.0,,4.0,238.0,1.0,151.0,3.63
240,74,3.0,,4.0,-451.0,-208.0,-431.0,-10.33
240,75,3.0,,4.0,-976.0,-802.0,-854.0,-20.5
240,76,3.0,,5.0,-132.0,0.0,-110.0,-2.64
241,66,1.0,,4.0,-98.0,9.0,-56.0,-1.33
241,67,1.0,,4.0,169.0,123.0,139.0,3.33
241,68,1.0,,4.0,-273.0,-237.0,-259.0,-6.21
241,69,1.0,,5.0,-28.0,-9.0,-18.0,-0.44
241,70,1.0,,5.0,17.0,4.0,11.0,0.26
241,71,2.0,,1.0,0.0,0.0,0.0,0.99
241,72,2.0,,4.0,0.0,0.0,0.0,0.0
241,73,2.0,,4.0,246.0,12.0,137.0,3.29
241,74,3.0,,4.0,-925.0,-446.0,-576.0,-13.81
241,75,3.0,,4.0,-893.0,-800.0,-833.0,-20.0
241,76,3.0,,5.0,-127.0,0.0,-106.0,-2.54
242,66,1.0,,4.0,-110.0,15.0,-47.0,-1.12
242,67,1.0,,4.0,211.0,123.0,162.0,3.89
242,68,1.0,,4.0,-294.0,-236.0,-258.0,-6.2
242,69,1.0,,5.0,-32.0,-1.0,-22.0,-0.52
242,70,1.0,,5.0,7.0,0.0,2.0,0.06
242,71,2.0,,1.0,53.0,0.0,40.0,0.95
242,72,2.0,,4.0,0.0,0.0,0.0,0.0
242,73,2.0,,4.0,199.0,0.0,93.0,2.24
242,74,3.0,,4.0,-930.0,-646.0,-857.0,-20.57
242,75,3.0,,4.0,-873.0,-374.0,-784.0,-18.81
242,76,3.0,,5.0,131.0,0.0,-103.0,-2.48
243,66,1.0,,4.0,-134.0,14.0,-40.0,-0.95
243,67,1.0,,4.0,314.0,61.0,168.0,4.04
243,68,1.0,,4.0,-402.0,-187.0,-284.0,-6.81
243,69,1.0,,5.0,32.0,0.0,21.0,0.51
243,70,1.0,,5.0,-18.0,0.0,-3.0,-0.06
243,71,2.0,,1.0,49.0,0.0,23.0,0.55
243,72,2.0,,4.0,0.0,0.0,0.0,0.0
243,73,2.0,,4.0,197.0,12.0,90.0,2.17
243,74,3.0,,4.0,-934.0,-441.0,-772.0,-18.53
243,75,3.0,,4.0,0.0,0.0,0.0,0.0
243,76,3.0,,5.0,-127.0,0.0,-107.0,-2.56
244,66,1.0,,4.0,-181.0,14.0,-41.0,-0.99
244,67,1.0,,4.0,298.0,70.0,132.0,3.16
244,68,1.0,,4.0,-276.0,-199.0,-252.0,-6.06
244,69,1.0,,5.0,-32.0,-16.0,-23.0,-0.56
244,70,1.0,,5.0,9.0,0.0,2.0,0.05
244,71,2.0,,1.0,41.0,0.0,4.0,0.1
244,72,2.0,,4.0,0.0,0.0,0.0,0.0
244,73,2.0,,4.0,154.0,0.0,54.0,1.3
244,74,3.0,,4.0,-938.0,-640.0,-835.0,-20.04
244,75,3.0,,4.0,-834.0,-49.0,-187.0,-4.48
244,76,3.0,,5.0,-115.0,0.0,-98.0,-2.36
245,66,1.0,,4.0,-141.0,48.0,-61.0,-1.46
245,67,1.0,,4.0,281.0,57.0,139.0,3.32
245,68,1.0,,4.0,-277.0,0.0,-49.0,-1.17
245,69,1.0,,5.0,-33.0,-11.0,-23.0,-0.56
245,70,1.0,,5.0,4.0,0.0,3.0,0.06
245,71,2.0,,1.0,48.0,0.0,15.0,0.36
245,72,2.0,,4.0,0.0,0.0,0.0,0.0
245,73,2.0,,4.0,170.0,0.0,52.0,1.24
245,74,3.0,,4.0,-936.0,-216.0,-516.0,-12.38
245,75,3.0,,4.0,-754.0,0.0,-258.0,-6.19
245,76,3.0,,5.0,-130.0,0.0,-103.0,-2.48
246,66,1.0,,4.0,-139.0,22.0,-62.0,-1.49
246,67,1.0,,4.0,291.0,88.0,150.0,3.61
246,68,1.0,,4.0,-275.0,0.0,-108.0,-2.59
246,69,1.0,,5.0,28.0,14.0,23.0,0.56
246,70,1.0,,5.0,11.0,-3.0,3.0,0.07
246,71,2.0,,1.0,0.0,0.0,0.0,0.3
246,72,2.0,,4.0,0.0,0.0,0.0,0.0
246,73,2.0,,4.0,76.0,-59.0,47.0,1.14
246,74,3.0,,4.0,-461.0,-456.0,-459.0,-11.01
246,75,3.0,,4.0,-760.0,-457.0,-652.0,-15.65
246,76,3.0,,5.0,-126.0,0.0,-102.0,-2.44
248,66,1.0,,4.0,-214.0,-2.0,-93.0,-2.22
248,67,1.0,,4.0,304.0,20.0,94.0,2.26
248,68,1.0,,4.0,-290.0,-202.0,-262.0,-6.28
248,69,1.0,,5.0,-35.0,-14.0,-25.0,-0.59
248,70,1.0,,5.0,12.0,0.0,3.0,0.08
248,71,2.0,,1.0,-64.0,0.0,-1.0,-0.03
248,72,2.0,,4.0,0.0,0.0,0.0,0.0
248,73,2.0,,4.0,75.0,-8.0,4.0,0.1
248,74,3.0,,4.0,-458.0,-219.0,-446.0,-10.7
248,75,3.0,,4.0,-767.0,-509.0,-698.0,-16.76
248,76,3.0,,5.0,-114.0,0.0,-101.0,-2.42
249,66,1.0,,4.0,-186.0,54.0,-92.0,-2.21
249,67,1.0,,4.0,307.0,15.0,107.0,2.57
249,68,1.0,,4.0,-292.0,-71.0,-237.0,-5.7
249,69,1.0,,5.0,-35.0,0.0,-25.0,-0.59
249,70,1.0,,5.0,10.0,-4.0,4.0,0.09
249,71,2.0,,1.0,-67.0,0.0,-10.0,-0.24
249,72,2.0,,4.0,0.0,0.0,0.0,0.0
249,73,2.0,,4.0,-92.0,0.0,-17.0,-0.41
249,74,3.0,,4.0,-941.0,-456.0,-607.0,-14.57
249,75,3.0,,4.0,-772.0,-509.0,-681.0,-16.34
249,76,3.0,,5.0,-107.0,0.0,-90.0,-2.16
250,66,1.0,,4.0,-183.0,30.0,-78.0,-1.88
250,67,1.0,,4.0,273.0,8.0,122.0,2.92
250,68,1.0,,4.0,-291.0,-157.0,-238.0,-5.7
250,69,1.0,,5.0,-37.0,-6.0,-23.0,-0.55
250,70,1.0,,5.0,-32.0,0.0,-4.0,-0.09
250,71,2.0,,1.0,-67.0,0.0,-16.0,-0.39
250,72,2.0,,4.0,0.0,0.0,0.0,0.0
250,73,2.0,,4.0,-258.0,0.0,-75.0,-1.8
250,74,3.0,,4.0,-941.0,-577.0,-829.0,-19.89
250,75,3.0,,4.0,-768.0,-450.0,-649.0,-15.59
250,76,3.0,,5.0,-104.0,0.0,-89.0,-2.14
251,66,1.0,,4.0,-155.0,54.0,-89.0,-2.13
251,67,1.0,,4.0,292.0,34.0,117.0,2.82
251,68,1.0,,4.0,-268.0,-164.0,-236.0,-5.67
251,69,1.0,,5.0,-8.0,0.0,-1.0,-0.02
251,70,1.0,,5.0,-32.0,-9.0,-26.0,-0.63
251,71,2.0,,1.0,-64.0,0.0,-12.0,-0.3
251,72,2.0,,4.0,0.0,0.0,0.0,0.0
251,73,2.0,,4.0,-237.0,0.0,-70.0,-1.67
251,74,3.0,,4.0,-884.0,-354.0,-646.0,-15.5
251,75,3.0,,4.0,-675.0,-394.0,-486.0,-11.66
251,76,3.0,,5.0,-104.0,0.0,-78.0,-1.86
252,66,1.0,,4.0,-178.0,25.0,-83.0,-1.99
252,67,1.0,,4.0,315.0,-9.0,151.0,3.62
252,68,1.0,,4.0,-284.0,-203.0,-243.0,-5.82
252,69,1.0,,5.0,-35.0,-14.0,-26.0,-0.61
252,70,1.0,,5.0,9.0,-4.0,1.0,0.02
252,71,2.0,,1.0,-60.0,0.0,-16.0,-0.39
252,72,2.0,,4.0,0.0,0.0,0.0,0.0
252,73,2.0,,4.0,68.0,20.0,27.0,0.64
252,74,3.0,,4.0,-932.0,-546.0,-773.0,-18.55
252,75,3.0,,4.0,-764.0,-416.0,-540.0,-12.95
252,76,3.0,,5.0,-106.0,0.0,-86.0,-2.06
253,66,1.0,,4.0,-154.0,39.0,-75.0,-1.8
253,67,1.0,,4.0,337.0,-30.0,123.0,2.96
253,68,1.0,,4.0,-291.0,-217.0,-253.0,-6.08
253,69,1.0,,5.0,-32.0,-15.0,-24.0,-0.58
253,70,1.0,,5.0,-10.0,0.0,0.0,-0.01
253,71,2.0,,1.0,-64.0,0.0,-19.0,-0.45
253,72,2.0,,4.0,0.0,0.0,0.0,0.0
253,73,2.0,,4.0,-119.0,0.0,-33.0,-0.8
253,74,3.0,,4.0,-936.0,-646.0,-840.0,-20.17
253,75,3.0,,4.0,-1048.0,-204.0,-561.0,-13.46
253,76,3.0,,5.0,-100.0,0.0,-87.0,-2.08
254,66,1.0,,4.0,-187.0,50.0,-89.0,-2.14
254,67,1.0,,4.0,345.0,-54.0,130.0,3.12
254,68,1.0,,4.0,-296.0,-173.0,-235.0,-5.64
254,69,1.0,,5.0,-34.0,-5.0,-21.0,-0.5
254,70,1.0,,5.0,10.0,1.0,3.0,0.08
254,71,2.0,,1.0,-59.0,0.0,-19.0,-0.45
254,72,2.0,,4.0,0.0,0.0,0.0,0.0
254,73,2.0,,4.0,-225.0,45.0,-53.0,-1.28
254,74,3.0,,4.0,-927.0,-642.0,-806.0,-19.35
254,75,3.0,,4.0,-1142.0,-199.0,-618.0,-14.82
254,76,3.0,,5.0,-100.0,0.0,-83.0,-2.0
255,66,1.0,,4.0,-170.0,-61.0,-106.0,-2.54
255,67,1.0,,4.0,296.0,-66.0,79.0,1.88
255,68,1.0,,4.0,-282.0,-149.0,-229.0,-5.49
255,69,1.0,,5.0,-37.0,-17.0,-25.0,-0.61
255,70,1.0,,5.0,10.0,0.0,3.0,0.07
255,71,2.0,,1.0,-74.0,0.0,-22.0,-0.52
255,72,2.0,,4.0,0.0,0.0,0.0,0.0
255,73,2.0,,4.0,-229.0,-32.0,-67.0,-1.61
255,74,3.0,,4.0,-928.0,-642.0,-789.0,-18.93
255,75,3.0,,4.0,-1162.0,-226.0,-678.0,-16.27
255,76,3.0,,5.0,-100.0,0.0,-83.0,-1.98
256,66,1.0,,4.0,-220.0,174.0,-110.0,-2.64
256,67,1.0,,4.0,303.0,-80.0,50.0,1.21
256,68,1.0,,4.0,-287.0,-125.0,-226.0,-5.42
256,69,1.0,,5.0,-34.0,-5.0,-23.0,-0.56
256,70,1.0,,5.0,13.0,-6.0,3.0,0.08
256,71,2.0,,1.0,-62.0,0.0,-25.0,-0.61
256,72,2.0,,4.0,0.0,0.0,0.0,0.0
256,73,2.0,,4.0,252.0,1.0,-114.0,-2.73
256,74,3.0,,4.0,-923.0,-535.0,-788.0,-18.91
256,75,3.0,,4.0,-761.0,-451.0,-642.0,-15.4
256,76,3.0,,5.0,-100.0,0.0,-79.0,-1.9
257,66,1.0,,4.0,0.0,0.0,0.0,-2.37
257,67,1.0,,4.0,0.0,0.0,0.0,0.77
257,68,1.0,,4.0,0.0,0.0,0.0,-5.8
257,69,1.0,,5.0,-31.0,-4.0,-17.0,-0.41
257,70,1.0,,5.0,12.0,0.0,3.0,0.08
257,71,2.0,,1.0,-71.0,0.0,-38.0,-0.92
257,72,2.0,,4.0,0.0,0.0,0.0,0.0
257,73,2.0,,4.0,-258.0,0.0,-118.0,-2.82
257,74,3.0,,4.0,-922.0,-615.0,-774.0,-18.58
257,75,3.0,,4.0,-1007.0,-407.0,-728.0,-17.48
257,76,3.0,,5.0,-100.0,0.0,-82.0,-1.96
258,66,1.0,,4.0,0.0,0.0,0.0,-2.44
258,67,1.0,,4.0,0.0,0.0,0.0,0.91
258,68,1.0,,4.0,0.0,0.0,0.0,-5.65
258,69,1.0,,5.0,-31.0,-5.0,-18.0,-0.44
258,70,1.0,,5.0,9.0,0.0,3.0,0.08
258,71,2.0,,1.0,-82.0,0.0,-38.0,-0.91
258,72,2.0,,4.0,0.0,0.0,0.0,0.0
258,73,2.0,,4.0,-243.0,-48.0,-120.0,-2.87
258,74,3.0,,4.0,-833.0,-303.0,-610.0,-14.65
258,75,3.0,,4.0,-618.0,-388.0,-458.0,-11.0
258,76,3.0,,5.0,-90.0,0.0,-74.0,-1.78
259,66,1.0,,4.0,-149.0,65.0,-89.0,-2.15
259,67,1.0,,4.0,271.0,-81.0,86.0,2.05
259,68,1.0,,4.0,-280.0,-78.0,-207.0,-4.96
259,69,1.0,,5.0,-30.0,-16.0,-23.0,-0.55
259,70,1.0,,5.0,-13.0,0.0,-1.0,-0.03
259,71,2.0,,1.0,-61.0,0.0,-34.0,-0.81
259,72,2.0,,4.0,0.0,0.0,0.0,0.0
259,73,2.0,,4.0,-179.0,-76.0,-83.0,-1.98
259,74,3.0,,4.0,-929.0,-311.0,-690.0,-16.56
259,75,3.0,,4.0,-546.0,-405.0,-439.0,-10.52
259,76,3.0,,5.0,-87.0,0.0,-76.0,-1.82
260,66,1.0,,4.0,-140.0,22.0,-57.0,-1.36
260,67,1.0,,4.0,249.0,-65.0,94.0,2.27
260,68,1.0,,4.0,-255.0,-132.0,-166.0,-3.99
260,69,1.0,,5.0,-25.0,-8.0,-20.0,-0.48
260,70,1.0,,5.0,14.0,0.0,4.0,0.1
260,71,2.0,,1.0,-65.0,0.0,-38.0,-0.9
260,72,2.0,,4.0,0.0,0.0,0.0,0.0
260,73,2.0,,4.0,-224.0,-74.0,-98.0,-2.35
260,74,3.0,,4.0,-927.0,-503.0,-805.0,-19.33
260,75,3.0,,4.0,-602.0,-389.0,-463.0,-11.12
260,76,3.0,,5.0,-100.0,0.0,-80.0,-1.93
261,66,1.0,,4.0,-159.0,9.0,-81.0,-1.94
261,67,1.0,,4.0,346.0,-60.0,25.0,0.6
261,68,1.0,,4.0,-297.0,-60.0,-203.0,-4.88
261,69,1.0,,5.0,-30.0,-13.0,-22.0,-0.52
261,70,1.0,,5.0,14.0,0.0,6.0,0.14
261,71,2.0,,1.0,-68.0,0.0,-38.0,-0.91
261,72,2.0,,4.0,0.0,0.0,0.0,0.0
261,73,2.0,,4.0,-288.0,0.0,-152.0,-3.64
261,74,3.0,,4.0,-930.0,-500.0,-764.0,-18.33
261,75,3.0,,4.0,-566.0,-384.0,-443.0,-10.64
261,76,3.0,,5.0,-106.0,0.0,-90.0,-2.17
262,66,1.0,,4.0,-174.0,-28.0,-119.0,-2.86
262,67,1.0,,4.0,340.0,-91.0,85.0,2.05
262,68,1.0,,4.0,-279.0,-139.0,-226.0,-5.41
262,69,1.0,,5.0,-34.0,-17.0,-24.0,-0.57
262,70,1.0,,5.0,19.0,0.0,9.0,0.22
262,71,2.0,,1.0,-74.0,0.0,-39.0,-0.94
262,72,2.0,,4.0,0.0,0.0,0.0,0.0
262,73,2.0,,4.0,320.0,1.0,-163.0,-3.92
262,74,3.0,,4.0,-928.0,-525.0,-753.0,-18.07
262,75,3.0,,4.0,-599.0,-390.0,-452.0,-10.85
262,76,3.0,,5.0,-110.0,0.0,-90.0,-2.16
263,66,1.0,,4.0,-205.0,-30.0,-108.0,-2.58
263,67,1.0,,4.0,376.0,-96.0,50.0,1.21
263,68,1.0,,4.0,-297.0,-174.0,-243.0,-5.84
263,69,1.0,,5.0,-33.0,-16.0,-23.0,-0.56
263,70,1.0,,5.0,19.0,-13.0,0.0,0.01
263,71,2.0,,1.0,-66.0,0.0,-18.0,-0.44
263,72,2.0,,4.0,0.0,0.0,0.0,0.0
263,73,2.0,,4.0,-405.0,-48.0,-194.0,-4.65
263,74,3.0,,4.0,-912.0,-487.0,-730.0,-17.52
263,75,3.0,,4.0,-755.0,-407.0,-626.0,-15.02
263,76,3.0,,5.0,-96.0,0.0,-83.0,-1.98
264,66,1.0,,4.0,-185.0,-21.0,-103.0,-2.46
264,67,1.0,,4.0,368.0,-99.0,45.0,1.07
264,68,1.0,,4.0,-302.0,-181.0,-248.0,-5.96
264,69,1.0,,5.0,-35.0,-4.0,-25.0,-0.6
264,70,1.0,,5.0,12.0,3.0,5.0,0.12
264,71,2.0,,1.0,0.0,0.0,0.0,0.0
264,72,2.0,,4.0,0.0,0.0,0.0,0.0
264,73,2.0,,4.0,263.0,1.0,-186.0,-4.46
264,74,3.0,,4.0,-858.0,-571.0,-717.0,-17.2
264,75,3.0,,4.0,-760.0,-403.0,-646.0,-15.51
264,76,3.0,,5.0,-106.0,0.0,-87.0,-2.08
265,66,1.0,,4.0,-189.0,-22.0,-108.0,-2.59
265,67,1.0,,4.0,376.0,-93.0,62.0,1.49
265,68,1.0,,4.0,-294.0,-181.0,-244.0,-5.86
265,69,1.0,,5.0,-37.0,-18.0,-26.0,-0.62
265,70,1.0,,5.0,18.0,-5.0,5.0,0.12
265,71,2.0,,1.0,0.0,0.0,0.0,0.0
265,72,2.0,,4.0,0.0,0.0,0.0,0.0
265,73,2.0,,4.0,-332.0,0.0,-225.0,-5.4
265,74,3.0,,4.0,-829.0,-242.0,-605.0,-14.52
265,75,3.0,,4.0,-765.0,-400.0,-604.0,-14.5
265,76,3.0,,5.0,119.0,0.0,-87.0,-2.08
266,66,1.0,,4.0,-228.0,55.0,-124.0,-2.98
266,67,1.0,,4.0,332.0,-115.0,36.0,0.86
266,68,1.0,,4.0,-311.0,-150.0,-239.0,-5.73
266,69,1.0,,5.0,-32.0,-16.0,-25.0,-0.6
266,70,1.0,,5.0,12.0,4.0,5.0,0.12
266,71,2.0,,1.0,-19.0,0.0,-2.0,-0.05
266,72,2.0,,4.0,0.0,0.0,0.0,0.0
266,73,2.0,,4.0,-207.0,0.0,-158.0,-3.78
266,74,3.0,,4.0,-921.0,-495.0,-711.0,-17.07
266,75,3.0,,4.0,-764.0,-407.0,-632.0,-15.17
266,76,3.0,,5.0,-130.0,0.0,-92.0,-2.2
267,66,1.0,,4.0,-184.0,-34.0,-129.0,-3.11
267,67,1.0,,4.0,309.0,-168.0,-13.0,-0.31
267,68,1.0,,4.0,-314.0,-94.0,-205.0,-4.92
267,69,1.0,,5.0,-40.0,-19.0,-25.0,-0.6
267,70,1.0,,5.0,5.0,0.0,2.0,0.05
267,71,2.0,,1.0,-43.0,0.0,-16.0,-0.38
267,72,2.0,,4.0,0.0,0.0,0.0,0.0
267,73,2.0,,4.0,-264.0,0.0,-155.0,-3.71
267,74,3.0,,4.0,-917.0,-592.0,-804.0,-19.3
267,75,3.0,,4.0,-770.0,-462.0,-640.0,-15.36
267,76,3.0,,5.0,-123.0,0.0,-100.0,-2.4
268,66,1.0,,4.0,-187.0,-43.0,-103.0,-2.47
268,67,1.0,,4.0,250.0,-180.0,-38.0,-0.91
268,68,1.0,,4.0,-223.0,-90.0,-173.0,-4.16
268,69,1.0,,5.0,-35.0,0.0,-23.0,-0.56
268,70,1.0,,5.0,10.0,-7.0,1.0,0.02
268,71,2.0,,1.0,-71.0,0.0,-51.0,-1.22
268,72,2.0,,4.0,0.0,0.0,0.0,0.0
268,73,2.0,,4.0,-274.0,0.0,-145.0,-3.47
268,74,3.0,,4.0,-879.0,-498.0,-717.0,-17.2
268,75,3.0,,4.0,-762.0,-419.0,-643.0,-15.44
268,76,3.0,,5.0,-102.0,0.0,-89.0,-2.14
269,66,1.0,,4.0,-235.0,92.0,-124.0,-2.97
269,67,1.0,,4.0,240.0,-210.0,-39.0,-0.93
269,68,1.0,,4.0,-224.0,-63.0,-165.0,-3.96
269,69,1.0,,5.0,-54.0,-22.0,-33.0,-0.79
269,70,1.0,,5.0,-27.0,0.0,-5.0,-0.13
269,71,2.0,,1.0,-66.0,0.0,-43.0,-1.03
269,72,2.0,,4.0,0.0,0.0,0.0,0.0
269,73,2.0,,4.0,-212.0,0.0,-116.0,-2.79
269,74,3.0,,4.0,-929.0,-596.0,-794.0,-19.06
269,75,3.0,,4.0,-767.0,-412.0,-667.0,-16.0
269,76,3.0,,5.0,-126.0,0.0,-95.0,-2.28
270,66,1.0,,4.0,-209.0,-46.0,-97.0,-2.33
270,67,1.0,,4.0,249.0,-214.0,-41.0,-0.98
270,68,1.0,,4.0,-236.0,-94.0,-173.0,-4.16
270,69,1.0,,5.0,-35.0,-22.0,-28.0,-0.68
270,70,1.0,,5.0,12.0,-10.0,1.0,0.02
270,71,2.0,,1.0,-63.0,0.0,-36.0,-0.86
270,72,2.0,,4.0,0.0,0.0,0.0,0.0
270,73,2.0,,4.0,-344.0,-31.0,-119.0,-2.85
270,74,3.0,,4.0,-926.0,-597.0,-793.0,-19.03
270,75,3.0,,4.0,-767.0,-403.0,-666.0,-15.99
270,76,3.0,,5.0,-113.0,0.0,-98.0,-2.34
271,66,1.0,,4.0,-221.0,8.0,-136.0,-3.26
271,67,1.0,,4.0,290.0,-230.0,-52.0,-1.24
271,68,1.0,,4.0,-230.0,-84.0,-175.0,-4.21
271,69,1.0,,5.0,-35.0,-21.0,-29.0,-0.7
271,70,1.0,,5.0,16.0,-18.0,1.0,0.03
271,71,2.0,,1.0,-70.0,0.0,-40.0,-0.97
271,72,2.0,,4.0,0.0,0.0,0.0,0.0
271,73,2.0,,4.0,-423.0,-47.0,-160.0,-3.84
271,74,3.0,,4.0,-924.0,-591.0,-788.0,-18.9
271,75,3.0,,4.0,-767.0,-452.0,-692.0,-16.61
271,76,3.0,,5.0,-102.0,0.0,-91.0,-2.18
272,66,1.0,,4.0,-224.0,16.0,-113.0,-2.71
272,67,1.0,,4.0,237.0,-222.0,-45.0,-1.07
272,68,1.0,,4.0,-236.0,-85.0,-173.0,-4.16
272,69,1.0,,5.0,-55.0,-28.0,-31.0,-0.74
272,70,1.0,,5.0,-26.0,7.0,-7.0,-0.17
272,71,2.0,,1.0,-69.0,0.0,-46.0,-1.11
272,72,2.0,,4.0,0.0,0.0,0.0,0.0
272,73,2.0,,4.0,-311.0,-1.0,-139.0,-3.33
272,74,3.0,,4.0,-828.0,-427.0,-637.0,-15.29
272,75,3.0,,4.0,-767.0,-498.0,-659.0,-15.82
272,76,3.0,,5.0,-94.0,0.0,-79.0,-1.9
273,66,1.0,,4.0,-226.0,1.0,-130.0,-3.12
273,67,1.0,,4.0,244.0,-235.0,-110.0,-2.65
273,68,1.0,,4.0,-239.0,-83.0,-177.0,-4.25
273,69,1.0,,5.0,-35.0,0.0,-28.0,-0.68
273,70,1.0,,5.0,-10.0,0.0,-4.0,-0.1
273,71,2.0,,1.0,-62.0,0.0,-35.0,-0.85
273,72,2.0,,4.0,0.0,0.0,0.0,0.0
273,73,2.0,,4.0,-224.0,0.0,-129.0,-3.1
273,74,3.0,,4.0,-932.0,-427.0,-705.0,-16.92
273,75,3.0,,4.0,-772.0,-407.0,-642.0,-15.4
273,76,3.0,,5.0,-106.0,0.0,-84.0,-2.02
274,66,1.0,,4.0,-233.0,19.0,-140.0,-3.36
274,67,1.0,,4.0,235.0,-230.0,-63.0,-1.5
274,68,1.0,,4.0,-246.0,-102.0,-183.0,-4.4
274,69,1.0,,5.0,-38.0,-21.0,-29.0,-0.7
274,70,1.0,,5.0,-15.0,0.0,-5.0,-0.12
274,71,2.0,,1.0,-59.0,0.0,-41.0,-0.98
274,72,2.0,,4.0,0.0,0.0,0.0,0.0
274,73,2.0,,4.0,-304.0,0.0,-136.0,-3.26
274,74,3.0,,4.0,-931.0,-598.0,-808.0,-19.38
274,75,3.0,,4.0,-770.0,-409.0,-650.0,-15.61
274,76,3.0,,5.0,-108.0,0.0,-84.0,-2.02
275,66,1.0,,4.0,-218.0,-5.0,-140.0,-3.35
275,67,1.0,,4.0,-234.0,173.0,-82.0,-1.96
275,68,1.0,,4.0,-239.0,-103.0,-181.0,-4.35
275,69,1.0,,5.0,-39.0,0.0,-28.0,-0.68
275,70,1.0,,5.0,-13.0,0.0,-4.0,-0.09
275,71,2.0,,1.0,-73.0,0.0,-45.0,-1.07
275,72,2.0,,4.0,0.0,0.0,0.0,0.0
275,73,2.0,,4.0,-328.0,0.0,-196.0,-4.71
275,74,3.0,,4.0,-790.0,-537.0,-632.0,-15.16
275,75,3.0,,4.0,-771.0,-412.0,-647.0,-15.54
275,76,3.0,,5.0,-114.0,0.0,-97.0,-2.32
276,66,1.0,,4.0,-236.0,25.0,-142.0,-3.4
276,67,1.0,,4.0,-246.0,227.0,-75.0,-1.81
276,68,1.0,,4.0,-240.0,-75.0,-177.0,-4.24
276,69,1.0,,5.0,-38.0,16.0,-27.0,-0.64
276,70,1.0,,5.0,21.0,-3.0,3.0,0.06
276,71,2.0,,1.0,-68.0,0.0,-50.0,-1.19
276,72,2.0,,4.0,0.0,0.0,0.0,0.0
276,73,2.0,,4.0,-372.0,0.0,-188.0,-4.51
276,74,3.0,,4.0,-799.0,-599.0,-723.0,-17.36
276,75,3.0,,4.0,-763.0,-460.0,-651.0,-15.63
276,76,3.0,,5.0,-108.0,0.0,-93.0,-2.24
277,66,1.0,,4.0,-233.0,-2.0,-112.0,-2.69
277,67,1.0,,4.0,226.0,-226.0,-65.0,-1.56
277,68,1.0,,4.0,-221.0,-77.0,-166.0,-3.98
277,69,1.0,,5.0,-33.0,0.0,-20.0,-0.49
277,70,1.0,,5.0,-20.0,9.0,-5.0,-0.13
277,71,2.0,,1.0,-68.0,0.0,-49.0,-1.17
277,72,2.0,,4.0,0.0,0.0,0.0,0.0
277,73,2.0,,4.0,-323.0,0.0,-204.0,-4.89
277,74,3.0,,4.0,-799.0,-599.0,-795.0,-19.09
277,75,3.0,,4.0,-769.0,-408.0,-628.0,-15.06
277,76,3.0,,5.0,-105.0,0.0,-90.0,-2.16
278,66,1.0,,4.0,-255.0,16.0,-153.0,-3.67
278,67,1.0,,4.0,-245.0,223.0,-29.0,-0.7
278,68,1.0,,4.0,-219.0,-69.0,-164.0,-3.94
278,69,1.0,,5.0,-32.0,0.0,-20.0,-0.48
278,70,1.0,,5.0,-14.0,0.0,-2.0,-0.05
278,71,2.0,,1.0,-71.0,0.0,-49.0,-1.17
278,72,2.0,,4.0,0.0,0.0,0.0,0.0
278,73,2.0,,4.0,-463.0,-58.0,-208.0,-4.99
278,74,3.0,,4.0,-921.0,-586.0,-770.0,-18.47
278,75,3.0,,4.0,-767.0,-405.0,-643.0,-15.43
278,76,3.0,,5.0,-105.0,0.0,-91.0,-2.18
279,66,1.0,,4.0,-254.0,-33.0,-147.0,-3.52
279,67,1.0,,4.0,-235.0,231.0,-42.0,-1.0
279,68,1.0,,4.0,-222.0,-77.0,-167.0,-4.02
279,69,1.0,,5.0,-32.0,-5.0,-18.0,-0.43
279,70,1.0,,5.0,-14.0,0.0,-3.0,-0.07
279,71,2.0,,1.0,-69.0,0.0,-50.0,-1.2
279,72,2.0,,4.0,0.0,0.0,0.0,0.0
279,73,2.0,,4.0,-463.0,-58.0,-214.0,-5.13
279,74,3.0,,4.0,-823.0,-343.0,-617.0,-14.8
279,75,3.0,,4.0,-769.0,-407.0,-640.0,-15.37
279,76,3.0,,5.0,-119.0,0.0,-78.0,-1.86
280,66,1.0,,4.0,-234.0,-21.0,-132.0,-3.16
280,67,1.0,,4.0,-246.0,223.0,-66.0,-1.58
280,68,1.0,,4.0,-234.0,-92.0,-179.0,-4.29
280,69,1.0,,5.0,-38.0,0.0,-28.0,-0.66
280,70,1.0,,5.0,-14.0,0.0,-3.0,-0.07
280,71,2.0,,1.0,-69.0,0.0,-47.0,-1.13
280,72,2.0,,4.0,0.0,0.0,0.0,0.0
280,73,2.0,,4.0,-341.0,-12.0,-217.0,-5.2
280,74,3.0,,4.0,-919.0,-448.0,-699.0,-16.77
280,75,3.0,,4.0,-769.0,-403.0,-650.0,-15.59
280,76,3.0,,5.0,-104.0,0.0,-87.0,-2.08
281,66,1.0,,4.0,0.0,0.0,0.0,-3.26
281,67,1.0,,4.0,0.0,0.0,0.0,-2.06
281,68,1.0,,4.0,0.0,0.0,0.0,-4.56
281,69,1.0,,5.0,-38.0,0.0,-30.0,-0.73
281,70,1.0,,5.0,-15.0,0.0,-4.0,-0.09
281,71,2.0,,1.0,-72.0,0.0,-56.0,-1.34
281,72,2.0,,4.0,0.0,0.0,0.0,0.0
281,73,2.0,,4.0,-391.0,-88.0,-245.0,-5.88
281,74,3.0,,4.0,-822.0,-443.0,-622.0,-14.92
281,75,3.0,,4.0,-770.0,-402.0,-461.0,-11.06
281,76,3.0,,5.0,-85.0,0.0,-71.0,-1.7
282,66,1.0,,4.0,0.0,0.0,0.0,-3.6
282,67,1.0,,4.0,0.0,0.0,0.0,-1.68
282,68,1.0,,4.0,0.0,0.0,0.0,-4.31
282,69,1.0,,5.0,-34.0,-14.0,-19.0,-0.46
282,70,1.0,,5.0,-17.0,0.0,-4.0,-0.1
282,71,2.0,,1.0,-71.0,0.0,-49.0,-1.18
282,72,2.0,,4.0,0.0,0.0,0.0,0.0
282,73,2.0,,4.0,-382.0,-31.0,-259.0,-6.21
282,74,3.0,,4.0,-916.0,-343.0,-723.0,-17.36
282,75,3.0,,4.0,-770.0,-398.0,-624.0,-14.97
282,76,3.0,,5.0,-123.0,0.0,-88.0,-2.1
283,66,1.0,,4.0,-250.0,-21.0,-148.0,-3.54
283,67,1.0,,4.0,-260.0,222.0,-70.0,-1.67
283,68,1.0,,4.0,-227.0,-75.0,-170.0,-4.07
283,69,1.0,,5.0,-39.0,0.0,-4.0,-0.1
283,70,1.0,,5.0,-7.0,0.0,-28.0,-0.68
283,71,2.0,,1.0,-70.0,0.0,-55.0,-1.33
283,72,2.0,,4.0,0.0,0.0,0.0,0.0
283,73,2.0,,4.0,-403.0,-62.0,-266.0,-6.38
283,74,3.0,,4.0,-908.0,-583.0,-774.0,-18.58
283,75,3.0,,4.0,-773.0,-409.0,-672.0,-16.13
283,76,3.0,,5.0,-119.0,0.0,-94.0,-2.26
284,66,1.0,,4.0,-254.0,-8.0,-158.0,-3.8
284,67,1.0,,4.0,-230.0,189.0,-79.0,-1.89
284,68,1.0,,4.0,-226.0,-87.0,-173.0,-4.14
284,69,1.0,,5.0,-32.0,0.0,-18.0,-0.43
284,70,1.0,,5.0,-21.0,19.0,-4.0,-0.1
284,71,2.0,,1.0,-73.0,0.0,-59.0,-1.41
284,72,2.0,,4.0,0.0,0.0,0.0,0.0
284,73,2.0,,4.0,-428.0,-42.0,-271.0,-6.5
284,74,3.0,,4.0,-921.0,-577.0,-771.0,-18.51
284,75,3.0,,4.0,-782.0,-417.0,-668.0,-16.03
284,76,3.0,,5.0,-120.0,0.0,-97.0,-2.32
285,66,1.0,,4.0,-245.0,-4.0,-149.0,-3.57
285,67,1.0,,4.0,-307.0,217.0,-92.0,-2.21
285,68,1.0,,4.0,-231.0,61.0,-172.0,-4.12
285,69,1.0,,5.0,-33.0,0.0,-16.0,-0.39
285,70,1.0,,5.0,-26.0,24.0,-4.0,-0.1
285,71,2.0,,1.0,-70.0,0.0,-57.0,-1.38
285,72,2.0,,4.0,0.0,0.0,0.0,0.0
285,73,2.0,,4.0,-400.0,-100.0,-302.0,-7.25
285,74,3.0,,4.0,-922.0,-590.0,-771.0,-18.5
285,75,3.0,,4.0,-766.0,-558.0,-717.0,-17.21
285,76,3.0,,5.0,-120.0,0.0,-95.0,-2.28
286,66,1.0,,4.0,-190.0,24.0,-109.0,-2.61
286,67,1.0,,4.0,-242.0,194.0,-88.0,-2.11
286,68,1.0,,4.0,-238.0,-94.0,-177.0,-4.25
286,69,1.0,,5.0,-36.0,-16.0,-25.0,-0.59
286,70,1.0,,5.0,26.0,-1.0,12.0,0.28
286,71,2.0,,1.0,-69.0,0.0,-55.0,-1.32
286,72,2.0,,4.0,0.0,0.0,0.0,0.0
286,73,2.0,,4.0,-482.0,-166.0,-264.0,-6.33
286,74,3.0,,4.0,-922.0,-329.0,-613.0,-14.72
286,75,3.0,,4.0,-767.0,-447.0,-651.0,-15.62
286,76,3.0,,5.0,-150.0,0.0,-85.0,-2.04
287,66,1.0,,4.0,-227.0,31.0,-127.0,-3.05
287,67,1.0,,4.0,-256.0,199.0,-75.0,-1.79
287,68,1.0,,4.0,-232.0,-79.0,-172.0,-4.13
287,69,1.0,,5.0,-32.0,-13.0,-25.0,-0.59
287,70,1.0,,5.0,24.0,0.0,10.0,0.24
287,71,2.0,,1.0,-73.0,0.0,-56.0,-1.34
287,72,2.0,,4.0,0.0,0.0,0.0,0.0
287,73,2.0,,4.0,-376.0,-68.0,-269.0,-6.46
287,74,3.0,,4.0,-922.0,-336.0,-696.0,-16.7
287,75,3.0,,4.0,-770.0,-399.0,-658.0,-15.8
287,76,3.0,,5.0,-117.0,0.0,-91.0,-2.18
288,66,1.0,,4.0,0.0,0.0,0.0,-3.29
288,67,1.0,,4.0,0.0,0.0,0.0,-4.36
288,68,1.0,,4.0,0.0,0.0,0.0,-4.31
288,69,1.0,,5.0,-35.0,0.0,-33.0,-0.79
288,70,1.0,,5.0,-11.0,0.0,0.0,-0.01
288,71,2.0,,1.0,0.0,0.0,0.0,-1.38
288,72,2.0,,4.0,0.0,0.0,0.0,0.0
288,73,2.0,,4.0,-393.0,-109.0,-291.0,-6.99
288,74,3.0,,4.0,-822.0,-443.0,-820.0,-19.67
288,75,3.0,,4.0,-765.0,-408.0,-682.0,-16.37
288,76,3.0,,5.0,-116.0,0.0,-95.0,-2.28
289,66,1.0,,4.0,0.0,0.0,0.0,-3.39
289,67,1.0,,4.0,0.0,0.0,0.0,-3.87
289,68,1.0,,4.0,0.0,0.0,0.0,-4.1
289,69,1.0,,5.0,-42.0,-17.0,-31.0,-0.74
289,70,1.0,,5.0,-19.0,12.0,-1.0,-0.04
289,71,2.0,,1.0,-70.0,0.0,-53.0,-1.27
289,72,2.0,,4.0,0.0,0.0,0.0,0.0
289,73,2.0,,4.0,-366.0,-94.0,-313.0,-7.52
289,74,3.0,,4.0,-921.0,-587.0,-795.0,-19.07
289,75,3.0,,4.0,-905.0,-554.0,-725.0,-17.39
289,76,3.0,,5.0,-125.0,0.0,-97.0,-2.32
290,66,1.0,,4.0,-230.0,-24.0,-136.0,-3.27
290,67,1.0,,4.0,-268.0,191.0,-98.0,-2.36
290,68,1.0,,4.0,-236.0,-70.0,-176.0,-4.22
290,69,1.0,,5.0,-33.0,-7.0,-26.0,-0.62
290,70,1.0,,5.0,-12.0,0.0,-3.0,-0.08
290,71,2.0,,1.0,-70.0,0.0,-50.0,-1.2
290,72,2.0,,4.0,0.0,0.0,0.0,0.0
290,73,2.0,,4.0,-413.0,-50.0,-287.0,-6.89
290,74,3.0,,4.0,-915.0,-578.0,-788.0,-18.92
290,75,3.0,,4.0,-1334.0,-810.0,-1073.0,-25.74
290,76,3.0,,5.0,-98.0,0.0,-74.0,-1.78
291,66,1.0,,4.0,-238.0,-15.0,-152.0,-3.65
291,67,1.0,,4.0,-265.0,207.0,-93.0,-2.24
291,68,1.0,,4.0,-226.0,-79.0,-170.0,-4.07
291,69,1.0,,5.0,-31.0,-1.0,-26.0,-0.62
291,70,1.0,,5.0,-31.0,0.0,-1.0,-0.03
291,71,2.0,,1.0,-77.0,0.0,-56.0,-1.35
291,72,2.0,,4.0,0.0,0.0,0.0,0.0
291,73,2.0,,4.0,-417.0,-92.0,-328.0,-7.88
291,74,3.0,,4.0,-780.0,-585.0,-694.0,-16.66
291,75,3.0,,4.0,-1387.0,-800.0,-1100.0,-26.39
291,76,3.0,,5.0,-104.0,0.0,-81.0,-1.94
292,66,1.0,,4.0,-242.0,-7.0,-158.0,-3.79
292,67,1.0,,4.0,-261.0,199.0,-103.0,-2.48
292,68,1.0,,4.0,-231.0,-76.0,-171.0,-4.09
292,69,1.0,,5.0,-34.0,-17.0,-27.0,-0.64
292,70,1.0,,5.0,-19.0,14.0,-2.0,-0.04
292,71,2.0,,1.0,-32.0,0.0,-7.0,-0.16
292,72,2.0,,4.0,-45.0,0.0,-2.0,-0.04
292,73,2.0,,4.0,-410.0,-81.0,-330.0,-7.93
292,74,3.0,,4.0,-785.0,-587.0,-691.0,-16.59
292,75,3.0,,4.0,-1437.0,-822.0,-1189.0,-28.53
292,76,3.0,,5.0,-110.0,0.0,-94.0,-2.26
293,66,1.0,,4.0,-253.0,-27.0,-153.0,-3.66
293,67,1.0,,4.0,-279.0,195.0,-99.0,-2.38
293,68,1.0,,4.0,-227.0,-66.0,-160.0,-3.84
293,69,1.0,,5.0,-28.0,-10.0,-23.0,-0.54
293,70,1.0,,5.0,33.0,-2.0,6.0,0.14
293,71,2.0,,1.0,-67.0,0.0,-60.0,-1.44
293,72,2.0,,4.0,-51.0,0.0,-6.0,-0.14
293,73,2.0,,4.0,-427.0,-97.0,-314.0,-7.54
293,74,3.0,,4.0,-780.0,-344.0,-562.0,-13.49
293,75,3.0,,4.0,-1424.0,-908.0,-1248.0,-29.96
293,76,3.0,,5.0,-110.0,0.0,-88.0,-2.12
294,66,1.0,,4.0,-244.0,-22.0,-110.0,-2.64
294,67,1.0,,4.0,-275.0,245.0,-31.0,-0.73
294,68,1.0,,4.0,-232.0,-76.0,-168.0,-4.04
294,69,1.0,,5.0,-33.0,-16.0,-26.0,-0.63
294,70,1.0,,5.0,18.0,0.0,5.0,0.13
294,71,2.0,,1.0,-70.0,0.0,-58.0,-1.4
294,72,2.0,,4.0,-51.0,0.0,-14.0,-0.34
294,73,2.0,,4.0,-368.0,-52.0,-330.0,-7.91
294,74,3.0,,4.0,-780.0,-302.0,-622.0,-14.94
294,75,3.0,,4.0,-1524.0,-1198.0,-1377.0,-33.05
294,76,3.0,,5.0,-119.0,0.0,-93.0,-2.24
295,66,1.0,,4.0,-244.0,3.0,-166.0,-3.98
295,67,1.0,,4.0,-250.0,223.0,-90.0,-2.16
295,68,1.0,,4.0,-243.0,-80.0,-190.0,-4.56
295,69,1.0,,5.0,-36.0,-17.0,-28.0,-0.66
295,70,1.0,,5.0,16.0,0.0,2.0,0.04
295,71,2.0,,1.0,-76.0,0.0,-63.0,-1.52
295,72,2.0,,4.0,-111.0,-13.0,-22.0,-0.52
295,73,2.0,,4.0,-488.0,-48.0,-345.0,-8.28
295,74,3.0,,4.0,-782.0,-446.0,-673.0,-16.16
295,75,3.0,,4.0,-1234.0,-1002.0,-1234.0,-32.05
295,76,3.0,,5.0,-112.0,0.0,-93.0,-2.22
296,66,1.0,,4.0,-249.0,-39.0,-198.0,-4.74
296,67,1.0,,4.0,-246.0,240.0,-23.0,-0.56
296,68,1.0,,4.0,-237.0,-49.0,-155.0,-3.71
296,69,1.0,,5.0,-31.0,-18.0,-25.0,-0.6
296,70,1.0,,5.0,18.0,-7.0,6.0,0.15
296,71,2.0,,1.0,-74.0,0.0,-63.0,-1.51
296,72,2.0,,4.0,-153.0,-3.0,-17.0,-0.4
296,73,2.0,,4.0,-466.0,-55.0,-346.0,-8.31
296,74,3.0,,4.0,-789.0,-446.0,-664.0,-15.93
296,75,3.0,,4.0,-1438.0,-901.0,-1226.0,-29.43
296,76,3.0,,5.0,-124.0,0.0,-102.0,-2.44
297,66,1.0,,4.0,-267.0,-29.0,-156.0,-3.73
297,67,1.0,,4.0,-257.0,238.0,-30.0,-0.71
297,68,1.0,,4.0,-236.0,-52.0,-157.0,-3.76
297,69,1.0,,5.0,-30.0,-7.0,-16.0,-0.39
297,70,1.0,,5.0,19.0,-4.0,5.0,0.12
297,71,2.0,,1.0,-72.0,0.0,-62.0,-1.5
297,72,2.0,,4.0,-164.0,0.0,-26.0,-0.63
297,73,2.0,,4.0,-455.0,-31.0,-343.0,-8.22
297,74,3.0,,4.0,-917.0,-443.0,-709.0,-17.0
297,75,3.0,,4.0,-1476.0,-854.0,-1193.0,-28.64
297,76,3.0,,5.0,-118.0,0.0,-100.0,-2.4
298,66,1.0,,4.0,-307.0,-12.0,-106.0,-2.55
298,67,1.0,,4.0,-233.0,208.0,-1.0,-0.01
298,68,1.0,,4.0,-239.0,52.0,-69.0,-1.65
298,69,1.0,,5.0,-42.0,-15.0,-31.0,-0.73
298,70,1.0,,5.0,32.0,1.0,12.0,0.28
298,71,2.0,,1.0,-73.0,0.0,-59.0,-1.41
298,72,2.0,,4.0,113.0,0.0,-31.0,-0.74
298,73,2.0,,4.0,-472.0,-50.0,-348.0,-8.35
298,74,3.0,,4.0,-924.0,-446.0,-758.0,-18.18
298,75,3.0,,4.0,-1483.0,-819.0,-1226.0,-29.42
298,76,3.0,,5.0,-126.0,0.0,-100.0,-2.4
299,66,1.0,,4.0,-264.0,-85.0,-155.0,-3.72
299,67,1.0,,4.0,210.0,-162.0,18.0,0.43
299,68,1.0,,4.0,-117.0,54.0,-25.0,-0.59
299,69,1.0,,5.0,-39.0,21.0,-31.0,-0.74
299,70,1.0,,5.0,-31.0,0.0,11.0,0.26
299,71,2.0,,1.0,-72.0,0.0,-62.0,-1.5
299,72,2.0,,4.0,-196.0,0.0,-26.0,-0.62
299,73,2.0,,4.0,-472.0,-63.0,-341.0,-8.18
299,74,3.0,,4.0,-928.0,-447.0,-759.0,-18.23
299,75,3.0,,4.0,-1384.0,-1100.0,-1261.0,-30.26
299,76,3.0,,5.0,-128.0,0.0,-103.0,-2.48
300,66,1.0,,4.0,-254.0,-46.0,-185.0,-4.44
300,67,1.0,,4.0,226.0,-189.0,29.0,0.7
300,68,1.0,,4.0,-198.0,61.0,-54.0,-1.29
300,69,1.0,,5.0,-33.0,-13.0,-27.0,-0.64
300,70,1.0,,5.0,21.0,-2.0,8.0,0.19
300,71,2.0,,1.0,-78.0,0.0,-68.0,-1.62
300,72,2.0,,4.0,-174.0,-6.0,-59.0,-1.41
300,73,2.0,,4.0,-499.0,-193.0,-398.0,-9.56
300,74,3.0,,4.0,-929.0,-353.0,-628.0,-15.08
300,75,3.0,,4.0,-1344.0,-904.0,-1143.0,-27.44
300,76,3.0,,5.0,-120.0,0.0,-93.0,-2.24
301,66,1.0,,4.0,-213.0,-14.0,-111.0,-2.67
301,67,1.0,,4.0,-219.0,196.0,-65.0,-1.57
301,68,1.0,,4.0,-234.0,-51.0,-142.0,-3.4
301,69,1.0,,5.0,-28.0,-12.0,-23.0,-0.55
301,70,1.0,,5.0,29.0,0.0,12.0,0.29
301,71,2.0,,1.0,-72.0,0.0,-61.0,-1.46
301,72,2.0,,4.0,-170.0,-25.0,-55.0,-1.33
301,73,2.0,,4.0,-383.0,-114.0,-342.0,-8.21
301,74,3.0,,4.0,-931.0,-356.0,-744.0,-17.86
301,75,3.0,,4.0,-1333.0,-804.0,-1064.0,-25.53
301,76,3.0,,5.0,-123.0,0.0,-98.0,-2.34
302,66,1.0,,4.0,-213.0,40.0,-122.0,-2.92
302,67,1.0,,4.0,-240.0,164.0,-29.0,-0.7
302,68,1.0,,4.0,-229.0,-48.0,-146.0,-3.5
302,69,1.0,,5.0,-23.0,-17.0,-18.0,-0.42
302,70,1.0,,5.0,21.0,0.0,8.0,0.19
302,71,2.0,,1.0,-67.0,0.0,-61.0,-1.46
302,72,2.0,,4.0,-162.0,-10.0,-68.0,-1.62
302,73,2.0,,4.0,-467.0,-143.0,-375.0,-9.0
302,74,3.0,,4.0,-926.0,-450.0,-783.0,-18.8
302,75,3.0,,4.0,-1332.0,-998.0,-1181.0,-28.34
302,76,3.0,,5.0,-129.0,0.0,-103.0,-2.47
303,66,1.0,,4.0,-233.0,19.0,-141.0,-3.38
303,67,1.0,,4.0,-238.0,179.0,-26.0,-0.61
303,68,1.0,,4.0,-227.0,-35.0,-134.0,-3.21
303,69,1.0,,5.0,-28.0,0.0,-20.0,-0.49
303,70,1.0,,5.0,22.0,0.0,6.0,0.15
303,71,2.0,,1.0,-75.0,0.0,-62.0,-1.48
303,72,2.0,,4.0,-164.0,-35.0,-64.0,-1.53
303,73,2.0,,4.0,-430.0,-85.0,-324.0,-7.78
303,74,3.0,,4.0,-927.0,-450.0,-769.0,-18.46
303,75,3.0,,4.0,-1325.0,-846.0,-1170.0,-28.08
303,76,3.0,,5.0,-122.0,0.0,-103.0,-2.46
304,66,1.0,,4.0,-247.0,22.0,-141.0,-3.38
304,67,1.0,,4.0,-245.0,196.0,-16.0,-0.39
304,68,1.0,,4.0,-225.0,-43.0,-133.0,-3.2
304,69,1.0,,5.0,-27.0,0.0,-23.0,-0.56
304,70,1.0,,5.0,21.0,0.0,8.0,0.18
304,71,2.0,,1.0,-75.0,0.0,-62.0,-1.5
304,72,2.0,,4.0,-186.0,-32.0,-72.0,-1.72
304,73,2.0,,4.0,-502.0,-106.0,-351.0,-8.43
304,74,3.0,,4.0,-932.0,-450.0,-765.0,-18.35
304,75,3.0,,4.0,-1332.0,-955.0,-1206.0,-28.94
304,76,3.0,,5.0,-122.0,0.0,-103.0,-2.46
305,66,1.0,,4.0,-246.0,-9.0,-137.0,-3.28
305,67,1.0,,4.0,-254.0,176.0,-23.0,-0.55
305,68,1.0,,4.0,-228.0,-20.0,-134.0,-3.21
305,69,1.0,,5.0,-27.0,0.0,-22.0,-0.52
305,70,1.0,,5.0,28.0,0.0,10.0,0.24
305,71,2.0,,1.0,-80.0,0.0,-60.0,-1.44
305,72,2.0,,4.0,-139.0,-5.0,-29.0,-0.7
305,73,2.0,,4.0,-449.0,-30.0,-370.0,-8.88
305,74,3.0,,4.0,-944.0,-432.0,-762.0,-18.28
305,75,3.0,,4.0,-1322.0,-457.0,-796.0,-19.11
305,76,3.0,,5.0,-129.0,0.0,-108.0,-2.59
306,66,1.0,,4.0,-251.0,-3.0,-121.0,-2.9
306,67,1.0,,4.0,-257.0,180.0,-84.0,-2.02
306,68,1.0,,4.0,-223.0,-41.0,-135.0,-3.24
306,69,1.0,,5.0,-29.0,-10.0,-21.0,-0.52
306,70,1.0,,5.0,22.0,3.0,11.0,0.26
306,71,2.0,,1.0,-76.0,0.0,-62.0,-1.5
306,72,2.0,,4.0,62.0,0.0,18.0,0.43
306,73,2.0,,4.0,-399.0,-127.0,-359.0,-8.61
306,74,3.0,,4.0,-929.0,-450.0,-780.0,-18.72
306,75,3.0,,4.0,-770.0,-739.0,-757.0,-18.18
306,76,3.0,,5.0,-134.0,0.0,-108.0,-2.6
307,66,1.0,,4.0,-219.0,69.0,-120.0,-2.88
307,67,1.0,,4.0,-238.0,227.0,-15.0,-0.36
307,68,1.0,,4.0,-232.0,-42.0,-137.0,-3.29
307,69,1.0,,5.0,-31.0,-3.0,-19.0,-0.45
307,70,1.0,,5.0,-41.0,26.0,-4.0,-0.1
307,71,2.0,,1.0,-72.0,0.0,-60.0,-1.44
307,72,2.0,,4.0,99.0,0.0,-31.0,-0.74
307,73,2.0,,4.0,-430.0,-118.0,-361.0,-8.67
307,74,3.0,,4.0,-923.0,-426.0,-726.0,-17.43
307,75,3.0,,4.0,-770.0,-739.0,-757.0,-18.17
307,76,3.0,,5.0,-126.0,0.0,-97.0,-2.32
308,66,1.0,,4.0,-209.0,51.0,-122.0,-2.92
308,67,1.0,,4.0,-231.0,152.0,-87.0,-2.09
308,68,1.0,,4.0,-243.0,-74.0,-160.0,-3.83
308,69,1.0,,5.0,-32.0,-12.0,-21.0,-0.5
308,70,1.0,,5.0,-35.0,17.0,-2.0,-0.04
308,71,2.0,,1.0,-75.0,0.0,-57.0,-1.37
308,72,2.0,,4.0,-82.0,0.0,-82.0,-2.08
308,73,2.0,,4.0,-391.0,0.0,-320.0,-7.67
308,74,3.0,,4.0,-921.0,-445.0,-777.0,-18.65
308,75,3.0,,4.0,-768.0,-510.0,-719.0,-17.25
308,76,3.0,,5.0,-133.0,0.0,-103.0,-2.48
309,66,1.0,,4.0,-212.0,54.0,-107.0,-2.56
309,67,1.0,,4.0,-230.0,172.0,-81.0,-1.94
309,68,1.0,,4.0,-220.0,-46.0,-142.0,-3.41
309,69,1.0,,5.0,-28.0,-2.0,-19.0,-0.45
309,70,1.0,,5.0,-44.0,1.0,-13.0,-0.3
309,71,2.0,,1.0,-74.0,0.0,-64.0,-1.53
309,72,2.0,,4.0,-175.0,0.0,-60.0,-1.43
309,73,2.0,,4.0,-399.0,-223.0,-384.0,-9.22
309,74,3.0,,4.0,-922.0,-539.0,-819.0,-19.65
309,75,3.0,,4.0,-773.0,-560.0,-719.0,-17.25
309,76,3.0,,5.0,-131.0,0.0,-104.0,-2.5
310,66,1.0,,4.0,-208.0,91.0,-133.0,-3.2
310,67,1.0,,4.0,-264.0,204.0,-98.0,-2.35
310,68,1.0,,4.0,-219.0,-84.0,-167.0,-4.0
310,69,1.0,,5.0,-26.0,-3.0,-19.0,-0.46
310,70,1.0,,5.0,-48.0,0.0,-13.0,-0.31
310,71,2.0,,1.0,-78.0,0.0,-60.0,-1.45
310,72,2.0,,4.0,-174.0,-14.0,-43.0,-1.04
310,73,2.0,,4.0,-410.0,-127.0,-382.0,-9.16
310,74,3.0,,4.0,-927.0,-542.0,-813.0,-19.52
310,75,3.0,,4.0,-765.0,-604.0,-738.0,-17.72
310,76,3.0,,5.0,-134.0,0.0,-112.0,-2.68
311,66,1.0,,4.0,-242.0,78.0,-134.0,-3.21
311,67,1.0,,4.0,-261.0,231.0,-109.0,-2.61
311,68,1.0,,4.0,-241.0,-77.0,-175.0,-4.21
311,69,1.0,,5.0,-28.0,-4.0,-20.0,-0.47
311,70,1.0,,5.0,-37.0,0.0,-7.0,-0.16
311,71,2.0,,1.0,-77.0,0.0,-62.0,-1.49
311,72,2.0,,4.0,-171.0,-42.0,-74.0,-1.77
311,73,2.0,,4.0,-410.0,-107.0,-342.0,-8.21
311,74,3.0,,4.0,-925.0,-549.0,-812.0,-19.48
311,75,3.0,,4.0,-773.0,-500.0,-722.0,-17.33
311,76,3.0,,5.0,-128.0,0.0,-111.0,-2.66
312,66,1.0,,4.0,-220.0,59.0,-125.0,-3.0
312,67,1.0,,4.0,-253.0,165.0,-57.0,-1.36
312,68,1.0,,4.0,-238.0,-71.0,-170.0,-4.09
312,69,1.0,,5.0,-31.0,1.0,-19.0,-0.46
312,70,1.0,,5.0,-38.0,0.0,-4.0,-0.09
312,71,2.0,,1.0,-79.0,0.0,-59.0,-1.41
312,72,2.0,,4.0,119.0,1.0,-32.0,-0.76
312,73,2.0,,4.0,435.0,1.0,-371.0,-8.91
312,74,3.0,,4.0,-930.0,-547.0,-808.0,-19.4
312,75,3.0,,4.0,-1123.0,-609.0,-823.0,-19.74
312,76,3.0,,5.0,-138.0,0.0,-114.0,-2.74
313,66,1.0,,4.0,-236.0,59.0,-123.0,-2.94
313,67,1.0,,4.0,-258.0,161.0,-57.0,-1.37
313,68,1.0,,4.0,-235.0,-81.0,-172.0,-4.13
313,69,1.0,,5.0,-26.0,-1.0,-18.0,-0.42
313,70,1.0,,5.0,-48.0,23.0,-9.0,-0.22
313,71,2.0,,1.0,-77.0,0.0,-62.0,-1.48
313,72,2.0,,4.0,-173.0,-3.0,-44.0,-1.05
313,73,2.0,,4.0,-472.0,0.0,-359.0,-8.61
313,74,3.0,,4.0,-926.0,-544.0,-808.0,-19.38
313,75,3.0,,4.0,-1397.0,-902.0,-1167.0,-28.0
313,76,3.0,,5.0,-128.0,0.0,-111.0,-2.66
314,66,1.0,,4.0,-228.0,26.0,-142.0,-3.42
314,67,1.0,,4.0,-275.0,199.0,-49.0,-1.17
314,68,1.0,,4.0,-241.0,-94.0,-181.0,-4.34
314,69,1.0,,5.0,-31.0,0.0,-22.0,-0.53
314,70,1.0,,5.0,19.0,0.0,5.0,0.11
314,71,2.0,,1.0,-76.0,0.0,-60.0,-1.45
314,72,2.0,,4.0,-157.0,-8.0,-56.0,-1.35
314,73,2.0,,4.0,-490.0,-41.0,-376.0,-9.03
314,74,3.0,,4.0,-921.0,-533.0,-740.0,-17.75
314,75,3.0,,4.0,-978.0,-801.0,-851.0,-20.42
314,76,3.0,,5.0,-119.0,0.0,-100.0,-2.4
315,66,1.0,,4.0,-195.0,114.0,-114.0,-2.73
315,67,1.0,,4.0,-275.0,142.0,-227.0,-5.45
315,68,1.0,,4.0,-252.0,-130.0,-231.0,-5.54
315,69,1.0,,5.0,-27.0,0.0,-18.0,-0.44
315,70,1.0,,5.0,20.0,-6.0,7.0,0.17
315,71,2.0,,1.0,-76.0,0.0,-58.0,-1.4
315,72,2.0,,4.0,-107.0,0.0,-25.0,-0.6
315,73,2.0,,4.0,-405.0,-14.0,-334.0,-8.02
315,74,3.0,,4.0,-921.0,-441.0,-906.0,-21.74
315,75,3.0,,4.0,-1375.0,-809.0,-1087.0,-26.09
315,76,3.0,,5.0,-134.0,0.0,-103.0,-2.47
316,66,1.0,,4.0,-193.0,87.0,-100.0,-2.4
316,67,1.0,,4.0,-277.0,134.0,-141.0,-3.37
316,68,1.0,,4.0,-275.0,-134.0,-214.0,-5.12
316,69,1.0,,5.0,-32.0,-3.0,-17.0,-0.4
316,70,1.0,,5.0,23.0,0.0,9.0,0.21
316,71,2.0,,1.0,-77.0,0.0,-62.0,-1.49
316,72,2.0,,4.0,-141.0,-10.0,-55.0,-1.31
316,73,2.0,,4.0,-472.0,-213.0,-377.0,-9.05
316,74,3.0,,4.0,-926.0,-634.0,-847.0,-20.33
316,75,3.0,,4.0,-1255.0,-866.0,-1111.0,-26.67
316,76,3.0,,5.0,-127.0,0.0,-105.0,-2.53
317,66,1.0,,4.0,-208.0,111.0,-121.0,-2.9
317,67,1.0,,4.0,267.0,-265.0,-145.0,-3.48
317,68,1.0,,4.0,-315.0,-142.0,-243.0,-5.83
317,69,1.0,,5.0,-25.0,-2.0,-18.0,-0.42
317,70,1.0,,5.0,27.0,0.0,10.0,0.25
317,71,2.0,,1.0,-74.0,0.0,-58.0,-1.39
317,72,2.0,,4.0,-125.0,0.0,-43.0,-1.04
317,73,2.0,,4.0,-443.0,-119.0,-350.0,-8.41
317,74,3.0,,4.0,-926.0,-639.0,-778.0,-18.66
317,75,3.0,,4.0,-1329.0,-813.0,-1147.0,-27.52
317,76,3.0,,5.0,-133.0,0.0,-105.0,-2.52
318,66,1.0,,4.0,-197.0,66.0,-113.0,-2.7
318,67,1.0,,4.0,-311.0,225.0,-77.0,-1.86
318,68,1.0,,4.0,-282.0,-143.0,-241.0,-5.8
318,69,1.0,,5.0,-25.0,-4.0,-17.0,-0.4
318,70,1.0,,5.0,30.0,3.0,16.0,0.38
318,71,2.0,,1.0,-74.0,0.0,-59.0,-1.42
318,72,2.0,,4.0,-173.0,-4.0,-68.0,-1.64
318,73,2.0,,4.0,-454.0,-71.0,-351.0,-8.43
318,74,3.0,,4.0,-925.0,-639.0,-774.0,-18.58
318,75,3.0,,4.0,-1376.0,-813.0,-1180.0,-28.32
318,76,3.0,,5.0,-134.0,0.0,-99.0,-2.38
319,66,1.0,,4.0,-194.0,186.0,-72.0,-1.72
319,67,1.0,,4.0,-323.0,240.0,-70.0,-1.69
319,68,1.0,,4.0,-389.0,-106.0,-249.0,-5.97
319,69,1.0,,5.0,-23.0,0.0,-12.0,-0.28
319,70,1.0,,5.0,30.0,4.0,11.0,0.26
319,71,2.0,,1.0,0.0,0.0,0.0,-1.56
319,72,2.0,,4.0,-166.0,-5.0,-87.0,-2.09
319,73,2.0,,4.0,-452.0,-197.0,-390.0,-9.36
319,74,3.0,,4.0,-928.0,-640.0,-779.0,-18.7
319,75,3.0,,4.0,-1280.0,-808.0,-1160.0,-27.83
319,76,3.0,,5.0,-136.0,0.0,-108.0,-2.58
320,66,1.0,,4.0,-188.0,87.0,-82.0,-1.97
320,67,1.0,,4.0,-260.0,223.0,-82.0,-1.96
320,68,1.0,,4.0,-360.0,34.0,-228.0,-5.47
320,69,1.0,,5.0,-23.0,0.0,-13.0,-0.32
320,70,1.0,,5.0,22.0,0.0,10.0,0.23
320,71,2.0,,1.0,-72.0,0.0,-59.0,-1.41
320,72,2.0,,4.0,-181.0,-7.0,-69.0,-1.65
320,73,2.0,,4.0,-397.0,-117.0,-382.0,-9.16
320,74,3.0,,4.0,-923.0,-637.0,-774.0,-18.57
320,75,3.0,,4.0,-1473.0,-820.0,-1204.0,-28.9
320,76,3.0,,5.0,-126.0,0.0,-106.0,-2.55
321,66,1.0,,4.0,-187.0,176.0,-92.0,-2.2
321,67,1.0,,4.0,-298.0,145.0,-84.0,-2.02
321,68,1.0,,4.0,-331.0,-109.0,-208.0,-5.0
321,69,1.0,,5.0,-25.0,0.0,-13.0,-0.32
321,70,1.0,,5.0,22.0,1.0,8.0,0.2
321,71,2.0,,1.0,-75.0,0.0,-65.0,-1.55
321,72,2.0,,4.0,-129.0,-32.0,-65.0,-1.56
321,73,2.0,,4.0,-433.0,-170.0,-380.0,-9.13
321,74,3.0,,4.0,-919.0,-628.0,-754.0,-18.1
321,75,3.0,,4.0,-1328.0,-909.0,-1125.0,-27.0
321,76,3.0,,5.0,-102.0,0.0,-86.0,-2.06
322,66,1.0,,4.0,-214.0,36.0,-20.0,-0.49
322,67,1.0,,4.0,281.0,-222.0,-14.0,-0.34
322,68,1.0,,4.0,-347.0,-114.0,-214.0,-5.14
322,69,1.0,,5.0,-27.0,0.0,-19.0,-0.45
322,70,1.0,,5.0,19.0,0.0,8.0,0.2
322,71,2.0,,1.0,-74.0,0.0,-62.0,-1.49
322,72,2.0,,4.0,-128.0,0.0,-64.0,-1.52
322,73,2.0,,4.0,-432.0,-73.0,-336.0,-8.07
322,74,3.0,,4.0,-923.0,-637.0,-708.0,-16.99
322,75,3.0,,4.0,-1379.0,-1007.0,-1166.0,-27.99
322,76,3.0,,5.0,-111.0,0.0,-93.0,-2.22
323,66,1.0,,4.0,-228.0,77.0,-119.0,-2.85
323,67,1.0,,4.0,261.0,-245.0,3.0,0.08
323,68,1.0,,4.0,-374.0,-136.0,-286.0,-6.86
323,69,1.0,,5.0,-32.0,0.0,-20.0,-0.49
323,70,1.0,,5.0,16.0,0.0,5.0,0.12
323,71,2.0,,1.0,-73.0,0.0,-62.0,-1.49
323,72,2.0,,4.0,-127.0,0.0,-76.0,-1.82
323,73,2.0,,4.0,-377.0,-185.0,-377.0,-9.1
323,74,3.0,,4.0,-924.0,-197.0,-538.0,-12.92
323,75,3.0,,4.0,-1421.0,-909.0,-1205.0,-28.93
323,76,3.0,,5.0,-114.0,0.0,-96.0,-2.3
324,66,1.0,,4.0,-190.0,78.0,-105.0,-2.53
324,67,1.0,,4.0,-254.0,134.0,-132.0,-3.18
324,68,1.0,,4.0,-252.0,-128.0,-210.0,-5.05
324,69,1.0,,5.0,-28.0,0.0,-17.0,-0.4
324,70,1.0,,5.0,23.0,-3.0,9.0,0.21
324,71,2.0,,1.0,-72.0,0.0,-62.0,-1.49
324,72,2.0,,4.0,-127.0,0.0,-86.0,-2.06
324,73,2.0,,4.0,-757.0,-75.0,-358.0,-8.59
324,74,3.0,,4.0,-933.0,-635.0,-796.0,-19.1
324,75,3.0,,4.0,-1409.0,-1010.0,-1247.0,-29.93
324,76,3.0,,5.0,-110.0,0.0,-94.0,-2.26
325,66,1.0,,4.0,-199.0,111.0,-112.0,-2.7
325,67,1.0,,4.0,-257.0,181.0,-147.0,-3.54
325,68,1.0,,4.0,-259.0,-117.0,-211.0,-5.06
325,69,1.0,,5.0,-27.0,0.0,-16.0,-0.39
325,70,1.0,,5.0,29.0,0.0,12.0,0.29
325,71,2.0,,1.0,-72.0,0.0,-62.0,-1.5
325,72,2.0,,4.0,-118.0,0.0,-65.0,-1.56
325,73,2.0,,4.0,-392.0,-186.0,-348.0,-8.34
325,74,3.0,,4.0,-927.0,-631.0,-818.0,-19.63
325,75,3.0,,4.0,-1421.0,-952.0,-1258.0,-30.19
325,76,3.0,,5.0,-115.0,0.0,-97.0,-2.32
326,66,1.0,,4.0,-208.0,116.0,-24.0,-0.57
326,67,1.0,,4.0,-257.0,146.0,-75.0,-1.79
326,68,1.0,,4.0,-251.0,-59.0,-207.0,-4.96
326,69,1.0,,5.0,32.0,0.0,-21.0,-0.5
326,70,1.0,,5.0,31.0,0.0,12.0,0.29
326,71,2.0,,1.0,-74.0,0.0,-62.0,-1.5
326,72,2.0,,4.0,-122.0,-4.0,-41.0,-0.97
326,73,2.0,,4.0,-457.0,-138.0,-378.0,-9.08
326,74,3.0,,4.0,-922.0,-628.0,-753.0,-18.06
326,75,3.0,,4.0,-1275.0,-810.0,-1082.0,-25.97
326,76,3.0,,5.0,-106.0,0.0,-89.0,-2.14
327,66,1.0,,4.0,-188.0,70.0,-100.0,-2.4
327,67,1.0,,4.0,-269.0,139.0,-67.0,-1.6
327,68,1.0,,4.0,-248.0,-129.0,-202.0,-4.86
327,69,1.0,,5.0,-31.0,-3.0,-18.0,-0.44
327,70,1.0,,5.0,24.0,2.0,11.0,0.26
327,71,2.0,,1.0,-78.0,0.0,-61.0,-1.46
327,72,2.0,,4.0,-167.0,-13.0,-67.0,-1.6
327,73,2.0,,4.0,-395.0,-151.0,-342.0,-8.21
327,74,3.0,,4.0,-927.0,-589.0,-797.0,-19.13
327,75,3.0,,4.0,-1236.0,-808.0,-1014.0,-24.34
327,76,3.0,,5.0,-125.0,0.0,-98.0,-2.34
328,66,1.0,,4.0,-216.0,64.0,-67.0,-1.6
328,67,1.0,,4.0,-306.0,184.0,-56.0,-1.33
328,68,1.0,,4.0,-320.0,-111.0,-201.0,-4.81
328,69,1.0,,5.0,-33.0,0.0,-19.0,-0.46
328,70,1.0,,5.0,24.0,0.0,9.0,0.22
328,71,2.0,,1.0,-74.0,0.0,-61.0,-1.46
328,72,2.0,,4.0,-155.0,-14.0,-66.0,-1.59
328,73,2.0,,4.0,-357.0,-46.0,-348.0,-8.35
328,74,3.0,,4.0,-924.0,-544.0,-774.0,-18.57
328,75,3.0,,4.0,-1213.0,812.0,-954.0,-22.89
328,76,3.0,,5.0,-124.0,0.0,-101.0,-2.42
329,66,1.0,,4.0,-204.0,72.0,-103.0,-2.48
329,67,1.0,,4.0,-249.0,149.0,-61.0,-1.46
329,68,1.0,,4.0,-244.0,-121.0,-202.0,-4.86
329,69,1.0,,5.0,-26.0,0.0,-20.0,-0.47
329,70,1.0,,5.0,35.0,0.0,12.0,0.29
329,71,2.0,,1.0,-77.0,0.0,-61.0,-1.47
329,72,2.0,,4.0,144.0,0.0,-43.0,-1.03
329,73,2.0,,4.0,-368.0,-48.0,-353.0,-8.48
329,74,3.0,,4.0,-919.0,-630.0,-788.0,-18.92
329,75,3.0,,4.0,-1370.0,-806.0,-1055.0,-25.32
329,76,3.0,,5.0,-128.0,0.0,-104.0,-2.49
330,66,1.0,,4.0,-194.0,75.0,-121.0,-2.91
330,67,1.0,,4.0,-264.0,129.0,-53.0,-1.26
330,68,1.0,,4.0,-251.0,-116.0,-199.0,-4.78
330,69,1.0,,5.0,-32.0,0.0,-18.0,-0.44
330,70,1.0,,5.0,30.0,0.0,10.0,0.25
330,71,2.0,,1.0,-75.0,0.0,-60.0,-1.45
330,72,2.0,,4.0,157.0,0.0,-67.0,-1.61
330,73,2.0,,4.0,-391.0,-308.0,-381.0,-9.15
330,74,3.0,,4.0,-926.0,-641.0,-818.0,-19.62
330,75,3.0,,4.0,-1320.0,-804.0,-1048.0,-25.14
330,76,3.0,,5.0,-118.0,0.0,-103.0,-2.46
331,66,1.0,,4.0,-222.0,106.0,-111.0,-2.66
331,67,1.0,,4.0,-256.0,138.0,-56.0,-1.34
331,68,1.0,,4.0,-247.0,-93.0,-194.0,-4.66
331,69,1.0,,5.0,-24.0,-2.0,-16.0,-0.39
331,70,1.0,,5.0,28.0,1.0,13.0,0.32
331,71,2.0,,1.0,-77.0,0.0,-63.0,-1.52
331,72,2.0,,4.0,145.0,35.0,-96.0,-2.31
331,73,2.0,,4.0,-415.0,-71.0,-373.0,-8.95
331,74,3.0,,4.0,-932.0,-208.0,-582.0,-13.96
331,75,3.0,,4.0,-1124.0,-801.0,-891.0,-21.38
331,76,3.0,,5.0,-117.0,0.0,-93.0,-2.24
332,66,1.0,,4.0,-222.0,62.0,-173.0,-4.14
332,67,1.0,,4.0,-279.0,139.0,-136.0,-3.27
332,68,1.0,,4.0,-283.0,-120.0,-214.0,-5.13
332,69,1.0,,5.0,-28.0,-4.0,-17.0,-0.41
332,70,1.0,,5.0,35.0,4.0,17.0,0.4
332,71,2.0,,1.0,-73.0,0.0,-61.0,-1.46
332,72,2.0,,4.0,-168.0,-35.0,-101.0,-2.43
332,73,2.0,,4.0,-405.0,-132.0,-386.0,-9.26
332,74,3.0,,4.0,-502.0,-210.0,-412.0,-9.9
332,75,3.0,,4.0,-1374.0,-803.0,-1106.0,-26.55
332,76,3.0,,5.0,-131.0,0.0,-109.0,-2.62
333,66,1.0,,4.0,-207.0,48.0,-118.0,-2.84
333,67,1.0,,4.0,-292.0,158.0,-98.0,-2.35
333,68,1.0,,4.0,-276.0,-116.0,-219.0,-5.25
333,69,1.0,,5.0,-29.0,0.0,-17.0,-0.41
333,70,1.0,,5.0,30.0,0.0,16.0,0.39
333,71,2.0,,1.0,-73.0,0.0,-62.0,-1.49
333,72,2.0,,4.0,-148.0,-29.0,-96.0,-2.3
333,73,2.0,,4.0,-417.0,-136.0,-408.0,-9.78
333,74,3.0,,4.0,-926.0,-212.0,-617.0,-14.81
333,75,3.0,,4.0,-1425.0,-811.0,-1123.0,-26.95
333,76,3.0,,5.0,-129.0,0.0,-110.0,-2.64
334,66,1.0,,4.0,-204.0,46.0,-133.0,-3.19
334,67,1.0,,4.0,-288.0,143.0,-103.0,-2.47
334,68,1.0,,4.0,-276.0,-105.0,-226.0,-5.44
334,69,1.0,,5.0,-29.0,-1.0,-17.0,-0.42
334,70,1.0,,5.0,38.0,2.0,14.0,0.33
334,71,2.0,,1.0,-75.0,0.0,-62.0,-1.49
334,72,2.0,,4.0,-166.0,-57.0,-101.0,-2.41
334,73,2.0,,4.0,-458.0,-102.0,-385.0,-9.24
334,74,3.0,,4.0,-933.0,-642.0,-817.0,-19.6
334,75,3.0,,4.0,-1422.0,-802.0,-1090.0,-26.15
334,76,3.0,,5.0,-131.0,0.0,-110.0,-2.64
335,66,1.0,,4.0,-194.0,65.0,-77.0,-1.85
335,67,1.0,,4.0,-273.0,114.0,-24.0,-0.58
335,68,1.0,,4.0,-269.0,-37.0,-148.0,-3.56
335,69,1.0,,5.0,-30.0,-1.0,-14.0,-0.34
335,70,1.0,,5.0,27.0,1.0,13.0,0.31
335,71,2.0,,1.0,0.0,0.0,0.0,-1.49
335,72,2.0,,4.0,-171.0,-33.0,-101.0,-2.43
335,73,2.0,,4.0,-518.0,-73.0,-370.0,-8.89
335,74,3.0,,4.0,-936.0,-638.0,-828.0,-19.88
335,75,3.0,,4.0,-1223.0,-815.0,-1020.0,-24.48
335,76,3.0,,5.0,-109.0,0.0,-45.0,-1.08
336,66,1.0,,4.0,-215.0,81.0,-78.0,-1.87
336,67,1.0,,4.0,-281.0,89.0,-86.0,-2.07
336,68,1.0,,4.0,-251.0,-36.0,-131.0,-3.14
336,69,1.0,,5.0,-29.0,-1.0,-12.0,-0.29
336,70,1.0,,5.0,29.0,0.0,16.0,0.39
336,71,2.0,,1.0,-69.0,0.0,-59.0,-1.42
336,72,2.0,,4.0,-122.0,-42.0,-83.0,-1.99
336,73,2.0,,4.0,-398.0,-1.0,-344.0,-8.26
336,74,3.0,,4.0,-931.0,-643.0,-810.0,-19.44
336,75,3.0,,4.0,-1318.0,-803.0,-998.0,-23.95
336,76,3.0,,5.0,-131.0,0.0,-103.0,-2.48
337,66,1.0,,4.0,-187.0,113.0,-68.0,-1.63
337,67,1.0,,4.0,-263.0,141.0,-30.0,-0.71
337,68,1.0,,4.0,-251.0,-28.0,-132.0,-3.17
337,69,1.0,,5.0,-28.0,0.0,-14.0,-0.34
337,70,1.0,,5.0,21.0,-5.0,8.0,0.19
337,71,2.0,,1.0,0.0,0.0,0.0,0.0
337,72,2.0,,4.0,-160.0,0.0,-54.0,-1.29
337,73,2.0,,4.0,-597.0,-14.0,-373.0,-8.96
337,74,3.0,,4.0,-931.0,-640.0,-844.0,-20.26
337,75,3.0,,4.0,-1420.0,-808.0,-1109.0,-26.62
337,76,3.0,,5.0,-139.0,0.0,-112.0,-2.68
338,66,1.0,,4.0,-228.0,54.0,-76.0,-1.82
338,67,1.0,,4.0,-263.0,114.0,-23.0,-0.56
338,68,1.0,,4.0,-249.0,-40.0,-126.0,-3.03
338,69,1.0,,5.0,-25.0,-3.0,-14.0,-0.33
338,70,1.0,,5.0,28.0,-2.0,10.0,0.23
338,71,2.0,,1.0,-72.0,0.0,-59.0,-1.41
338,72,2.0,,4.0,-143.0,0.0,-68.0,-1.64
338,73,2.0,,4.0,-453.0,-134.0,-360.0,-8.63
338,74,3.0,,4.0,-936.0,-643.0,-846.0,-20.31
338,75,3.0,,4.0,-1369.0,-807.0,-1059.0,-25.42
338,76,3.0,,5.0,-130.0,0.0,-116.0,-2.78
339,66,1.0,,4.0,-229.0,40.0,-103.0,-2.48
339,67,1.0,,4.0,-257.0,92.0,-82.0,-1.96
339,68,1.0,,4.0,-228.0,-25.0,-139.0,-3.33
339,69,1.0,,5.0,-35.0,-7.0,-18.0,-0.42
339,70,1.0,,5.0,20.0,-3.0,11.0,0.27
339,71,2.0,,1.0,-74.0,0.0,-63.0,-1.51
339,72,2.0,,4.0,144.0,4.0,62.0,1.5
339,73,2.0,,4.0,-465.0,0.0,-377.0,-9.04
339,74,3.0,,4.0,-938.0,-459.0,-766.0,-18.38
339,75,3.0,,4.0,-1272.0,-802.0,-1006.0,-24.15
339,76,3.0,,5.0,-142.0,0.0,-119.0,-2.86
340,66,1.0,,4.0,-210.0,96.0,-59.0,-1.42
340,67,1.0,,4.0,-249.0,111.0,-91.0,-2.19
340,68,1.0,,4.0,-230.0,-94.0,-157.0,-3.78
340,69,1.0,,5.0,-25.0,-3.0,-14.0,-0.34
340,70,1.0,,5.0,18.0,-9.0,8.0,0.2
340,71,2.0,,1.0,-74.0,0.0,-62.0,-1.5
340,72,2.0,,4.0,-196.0,-23.0,-106.0,-2.54
340,73,2.0,,4.0,-411.0,0.0,-343.0,-8.23
340,74,3.0,,4.0,-937.0,-644.0,-826.0,-19.83
340,75,3.0,,4.0,-1340.0,-808.0,-1058.0,-25.39
340,76,3.0,,5.0,-138.0,0.0,-118.0,-2.84
341,66,1.0,,4.0,-202.0,80.0,-115.0,-2.75
341,67,1.0,,4.0,-267.0,154.0,-133.0,-3.18
341,68,1.0,,4.0,-229.0,-109.0,-191.0,-4.58
341,69,1.0,,5.0,-29.0,-5.0,-18.0,-0.42
341,70,1.0,,5.0,20.0,0.0,2.0,0.05
341,71,2.0,,1.0,-71.0,0.0,-60.0,-1.43
341,72,2.0,,4.0,-191.0,-1.0,-89.0,-2.13
341,73,2.0,,4.0,-484.0,-153.0,-388.0,-9.3
341,74,3.0,,4.0,-930.0,-641.0,-817.0,-19.6
341,75,3.0,,4.0,-1418.0,-808.0,-1084.0,-26.02
341,76,3.0,,5.0,-136.0,0.0,-114.0,-2.73
342,66,1.0,,4.0,-189.0,94.0,92.0,2.2
342,67,1.0,,4.0,-240.0,150.0,-126.0,-3.03
342,68,1.0,,4.0,-235.0,-116.0,-201.0,-4.82
342,69,1.0,,5.0,-27.0,-8.0,-17.0,-0.4
342,70,1.0,,5.0,17.0,-7.0,3.0,0.08
342,71,2.0,,1.0,-68.0,0.0,-55.0,-1.31
342,72,2.0,,4.0,-155.0,-52.0,-87.0,-2.09
342,73,2.0,,4.0,-477.0,-101.0,-379.0,-9.09
342,74,3.0,,4.0,-937.0,-649.0,-816.0,-19.58
342,75,3.0,,4.0,-1223.0,-806.0,-931.0,-22.35
342,76,3.0,,5.0,-120.0,0.0,-107.0,-2.56
343,66,1.0,,4.0,-210.0,127.0,-97.0,-2.33
343,67,1.0,,4.0,-260.0,160.0,-108.0,-2.58
343,68,1.0,,4.0,-244.0,-112.0,-196.0,-4.72
343,69,1.0,,5.0,-21.0,2.0,-11.0,-0.26
343,70,1.0,,5.0,25.0,-4.0,12.0,0.29
343,71,2.0,,1.0,-71.0,0.0,-53.0,-1.28
343,72,2.0,,4.0,-171.0,-6.0,-86.0,-2.06
343,73,2.0,,4.0,-486.0,12.0,-347.0,-8.33
343,74,3.0,,4.0,-945.0,-657.0,-809.0,-19.43
343,75,3.0,,4.0,-1429.0,-809.0,-1035.0,-24.84
343,76,3.0,,5.0,-127.0,0.0,-106.0,-2.54
344,66,1.0,,4.0,-201.0,50.0,-124.0,-2.97
344,67,1.0,,4.0,-357.0,23.0,-176.0,-4.23
344,68,1.0,,4.0,-250.0,84.0,-155.0,-3.72
344,69,1.0,,5.0,-25.0,-1.0,-4.0,-0.09
344,70,1.0,,5.0,25.0,-1.0,9.0,0.22
344,71,2.0,,1.0,-66.0,0.0,-53.0,-1.28
344,72,2.0,,4.0,179.0,2.0,98.0,2.35
344,73,2.0,,4.0,-548.0,-274.0,-410.0,-9.85
344,74,3.0,,4.0,-945.0,-800.0,-914.0,-21.95
344,75,3.0,,4.0,-1420.0,-808.0,-1195.0,-28.67
344,76,3.0,,5.0,-128.0,0.0,-110.0,-2.64
345,66,1.0,,4.0,-213.0,105.0,-109.0,-2.61
345,67,1.0,,4.0,-260.0,118.0,-136.0,-3.28
345,68,1.0,,4.0,-245.0,-110.0,-191.0,-4.6
345,69,1.0,,5.0,-17.0,0.0,-8.0,-0.19
345,70,1.0,,5.0,27.0,0.0,15.0,0.36
345,71,2.0,,1.0,-72.0,0.0,-56.0,-1.35
345,72,2.0,,4.0,-164.0,0.0,-97.0,-2.34
345,73,2.0,,4.0,-479.0,0.0,-378.0,-9.08
345,74,3.0,,4.0,-943.0,-803.0,-914.0,-21.93
345,75,3.0,,4.0,-1475.0,-811.0,-1187.0,-28.48
345,76,3.0,,5.0,,0.0,0.0,0.0
346,66,1.0,,4.0,-200.0,95.0,-104.0,-2.49
346,67,1.0,,4.0,-265.0,146.0,-145.0,-3.47
346,68,1.0,,4.0,-240.0,-113.0,-192.0,-4.6
346,69,1.0,,5.0,-14.0,0.0,-7.0,-0.16
346,70,1.0,,5.0,35.0,0.0,18.0,0.43
346,71,2.0,,1.0,-73.0,0.0,-57.0,-1.37
346,72,2.0,,4.0,-172.0,-20.0,-106.0,-2.55
346,73,2.0,,4.0,-528.0,-50.0,-378.0,-9.06
346,74,3.0,,4.0,-941.0,-803.0,-910.0,-21.85
346,75,3.0,,4.0,-1429.0,-810.0,-1224.0,-29.37
346,76,3.0,,5.0,-138.0,0.0,-118.0,-2.84
347,66,1.0,,4.0,-214.0,69.0,-112.0,-2.69
347,67,1.0,,4.0,-246.0,165.0,-108.0,-2.59
347,68,1.0,,4.0,-258.0,-98.0,-189.0,-4.54
347,69,1.0,,5.0,-14.0,0.0,-8.0,-0.18
347,70,1.0,,5.0,27.0,0.0,13.0,0.31
347,71,2.0,,1.0,-67.0,0.0,-54.0,-1.3
347,72,2.0,,4.0,-165.0,-50.0,-75.0,-1.79
347,73,2.0,,4.0,-466.0,-125.0,-426.0,-10.22
347,74,3.0,,4.0,-941.0,-797.0,-892.0,-21.41
347,75,3.0,,4.0,-1556.0,-1152.0,-1343.0,-32.22
347,76,3.0,,5.0,-154.0,0.0,-133.0,-3.19
348,66,1.0,,4.0,-208.0,79.0,-117.0,-2.81
348,67,1.0,,4.0,-245.0,143.0,-140.0,-3.36
348,68,1.0,,4.0,-263.0,-120.0,-206.0,-4.94
348,69,1.0,,5.0,-24.0,0.0,-12.0,-0.29
348,70,1.0,,5.0,20.0,0.0,12.0,0.29
348,71,2.0,,1.0,0.0,0.0,0.0,-1.34
348,72,2.0,,4.0,-180.0,-5.0,-74.0,-1.77
348,73,2.0,,4.0,-493.0,0.0,-370.0,-8.89
348,74,3.0,,4.0,-941.0,-797.0,-911.0,-21.86
348,75,3.0,,4.0,-1408.0,-918.0,-1032.0,-24.76
348,76,3.0,,5.0,134.0,0.0,-114.0,-2.74
349,66,1.0,,4.0,-208.0,99.0,-119.0,-2.84
349,67,1.0,,4.0,-273.0,143.0,-139.0,-3.33
349,68,1.0,,4.0,-242.0,-112.0,-184.0,-4.42
349,69,1.0,,5.0,-22.0,0.0,-10.0,-0.25
349,70,1.0,,5.0,31.0,1.0,13.0,0.3
349,71,2.0,,1.0,-72.0,0.0,-56.0,-1.35
349,72,2.0,,4.0,-180.0,-31.0,-107.0,-2.56
349,73,2.0,,4.0,-503.0,-54.0,-410.0,-9.83
349,74,3.0,,4.0,-936.0,-613.0,-732.0,-17.56
349,75,3.0,,4.0,-1036.0,-837.0,-1000.0,-23.99
349,76,3.0,,5.0,-121.0,0.0,-103.0,-2.46
350,66,1.0,,4.0,-224.0,68.0,-104.0,-2.5
350,67,1.0,,4.0,-260.0,123.0,-128.0,-3.08
350,68,1.0,,4.0,-234.0,-120.0,-190.0,-4.56
350,69,1.0,,5.0,-22.0,-2.0,-12.0,-0.29
350,70,1.0,,5.0,21.0,1.0,9.0,0.23
350,71,2.0,,1.0,-65.0,0.0,-53.0,-1.28
350,72,2.0,,4.0,-160.0,-2.0,-75.0,-1.81
350,73,2.0,,4.0,-424.0,-155.0,-345.0,-8.28
350,74,3.0,,4.0,-932.0,-785.0,-899.0,-21.57
350,75,3.0,,4.0,-1039.0,-877.0,-1011.0,-24.26
350,76,3.0,,5.0,141.0,0.0,-114.0,-2.74
351,66,1.0,,4.0,-206.0,109.0,-123.0,-2.95
351,67,1.0,,4.0,371.0,-265.0,-124.0,-2.99
351,68,1.0,,4.0,-362.0,-120.0,-214.0,-5.14
351,69,1.0,,5.0,-20.0,-3.0,-10.0,-0.25
351,70,1.0,,5.0,26.0,0.0,10.0,0.24
351,71,2.0,,1.0,0.0,0.0,0.0,-1.3
351,72,2.0,,4.0,-177.0,-35.0,-95.0,-2.28
351,73,2.0,,4.0,-586.0,-290.0,-425.0,-10.21
351,74,3.0,,4.0,-935.0,-794.0,-905.0,-21.73
351,75,3.0,,4.0,-1029.0,-812.0,-972.0,-23.33
351,76,3.0,,5.0,-154.0,0.0,-126.0,-3.02
352,66,1.0,,4.0,-195.0,62.0,-84.0,-2.02
352,67,1.0,,4.0,-258.0,204.0,-103.0,-2.48
352,68,1.0,,4.0,-353.0,-118.0,-243.0,-5.82
352,69,1.0,,5.0,-23.0,-1.0,-10.0,-0.24
352,70,1.0,,5.0,39.0,8.0,20.0,0.49
352,71,2.0,,1.0,-66.0,0.0,-55.0,-1.33
352,72,2.0,,4.0,184.0,0.0,-96.0,-2.3
352,73,2.0,,4.0,-564.0,-176.0,-425.0,-10.21
352,74,3.0,,4.0,-944.0,-797.0,-912.0,-21.88
352,75,3.0,,4.0,-1023.0,-807.0,-995.0,-23.88
352,76,3.0,,5.0,153.0,0.0,-130.0,-3.12
353,66,1.0,,4.0,-220.0,61.0,-85.0,-2.04
353,67,1.0,,4.0,-279.0,112.0,-167.0,-4.0
353,68,1.0,,4.0,-318.0,-129.0,-223.0,-5.36
353,69,1.0,,5.0,-18.0,1.0,-9.0,-0.22
353,70,1.0,,5.0,28.0,11.0,20.0,0.49
353,71,2.0,,1.0,-74.0,0.0,-58.0,-1.39
353,72,2.0,,4.0,-187.0,-7.0,-98.0,-2.34
353,73,2.0,,4.0,-516.0,-157.0,-456.0,-10.94
353,74,3.0,,4.0,-938.0,-787.0,-904.0,-21.68
353,75,3.0,,4.0,-1031.0,-914.0,-1008.0,-24.19
353,76,3.0,,5.0,-140.0,0.0,-125.0,-3.0
354,66,1.0,,4.0,-220.0,143.0,-95.0,-2.27
354,67,1.0,,4.0,-296.0,139.0,-147.0,-3.53
354,68,1.0,,4.0,-360.0,-147.0,-245.0,-5.89
354,69,1.0,,5.0,-30.0,0.0,-16.0,-0.39
354,70,1.0,,5.0,26.0,-2.0,20.0,0.49
354,71,2.0,,1.0,-68.0,0.0,-54.0,-1.3
354,72,2.0,,4.0,-169.0,-33.0,-100.0,-2.39
354,73,2.0,,4.0,-485.0,-257.0,-443.0,-10.63
354,74,3.0,,4.0,-951.0,-800.0,-911.0,-21.85
354,75,3.0,,4.0,-1045.0,-809.0,-901.0,-21.63
354,76,3.0,,5.0,-148.0,0.0,-140.0,-3.37
355,66,1.0,,4.0,236.0,-165.0,-2.0,-0.05
355,67,1.0,,4.0,-217.0,130.0,-46.0,-1.11
355,68,1.0,,4.0,-256.0,-111.0,-174.0,-4.18
355,69,1.0,,5.0,-22.0,8.0,-10.0,-0.25
355,70,1.0,,5.0,34.0,9.0,20.0,0.49
355,71,2.0,,1.0,-65.0,0.0,-53.0,-1.28
355,72,2.0,,4.0,-169.0,-11.0,-100.0,-2.4
355,73,2.0,,4.0,-408.0,-204.0,-295.0,-7.08
355,74,3.0,,4.0,-939.0,-801.0,-910.0,-21.84
355,75,3.0,,4.0,-1020.0,-808.0,-880.0,-21.13
355,76,3.0,,5.0,-136.0,0.0,-113.0,-2.72
356,66,1.0,,4.0,184.0,-135.0,38.0,0.9
356,67,1.0,,4.0,-169.0,156.0,48.0,1.14
356,68,1.0,,4.0,-198.0,-131.0,-159.0,-3.83
356,69,1.0,,5.0,-24.0,-9.0,-15.0,-0.36
356,70,1.0,,5.0,35.0,14.0,20.0,0.49
356,71,2.0,,1.0,-67.0,0.0,-54.0,-1.29
356,72,2.0,,4.0,-178.0,-30.0,-110.0,-2.65
356,73,2.0,,4.0,-407.0,-176.0,-358.0,-8.59
356,74,3.0,,4.0,-945.0,-318.0,-840.0,-20.16
356,75,3.0,,4.0,-1021.0,-802.0,-861.0,-20.66
356,76,3.0,,5.0,-132.0,0.0,-111.0,-2.67
357,66,1.0,,4.0,150.0,-71.0,24.0,0.57
357,67,1.0,,4.0,-227.0,194.0,-23.0,-0.56
357,68,1.0,,4.0,-226.0,-122.0,-180.0,-4.31
357,69,1.0,,5.0,-28.0,-1.0,-11.0,-0.27
357,70,1.0,,5.0,24.0,8.0,20.0,0.49
357,71,2.0,,1.0,-60.0,0.0,-49.0,-1.18
357,72,2.0,,4.0,-169.0,0.0,-69.0,-1.67
357,73,2.0,,4.0,-389.0,-174.0,-309.0,-7.41
357,74,3.0,,4.0,-948.0,-804.0,-917.0,-22.01
357,75,3.0,,4.0,-1031.0,-811.0,-878.0,-21.08
357,76,3.0,,5.0,-145.0,0.0,-121.0,-2.9
358,66,1.0,,4.0,-169.0,108.0,9.0,0.22
358,67,1.0,,4.0,-237.0,157.0,-45.0,-1.09
358,68,1.0,,4.0,-251.0,-122.0,-190.0,-4.55
358,69,1.0,,5.0,-22.0,0.0,-7.0,-0.18
358,70,1.0,,5.0,19.0,3.0,20.0,0.49
358,71,2.0,,1.0,0.0,0.0,0.0,-1.1
358,72,2.0,,4.0,-61.0,0.0,-9.0,-0.21
358,73,2.0,,4.0,-351.0,-189.0,-270.0,-6.47
358,74,3.0,,4.0,-951.0,-805.0,-913.0,-21.9
358,75,3.0,,4.0,-1043.0,-805.0,-939.0,-22.54
358,76,3.0,,5.0,150.0,0.0,-117.0,-2.8
359,66,1.0,,4.0,185.0,-101.0,-5.0,-0.11
359,67,1.0,,4.0,237.0,-202.0,-71.0,-1.7
359,68,1.0,,4.0,-265.0,-40.0,-198.0,-4.74
359,69,1.0,,5.0,-21.0,0.0,-12.0,-0.28
359,70,1.0,,5.0,21.0,0.0,11.0,0.27
359,71,2.0,,1.0,-50.0,0.0,-33.0,-0.79
359,72,2.0,,4.0,0.0,0.0,0.0,0.0
359,73,2.0,,4.0,-272.0,-60.0,-171.0,-4.11
359,74,3.0,,4.0,-947.0,-513.0,-857.0,-20.58
359,75,3.0,,4.0,-1026.0,-816.0,-954.0,-22.89
359,76,3.0,,5.0,-160.0,0.0,-132.0,-3.16
360,66,1.0,,4.0,254.0,-62.0,60.0,1.43
360,67,1.0,,4.0,235.0,-172.0,57.0,1.37
360,68,1.0,,4.0,-270.0,-28.0,-182.0,-4.36
360,69,1.0,,5.0,-24.0,0.0,-15.0,-0.37
360,70,1.0,,5.0,25.0,-2.0,10.0,0.25
360,71,2.0,,1.0,-70.0,0.0,-40.0,-0.97
360,72,2.0,,4.0,0.0,0.0,0.0,0.0
360,73,2.0,,4.0,-283.0,-74.0,-155.0,-3.71
360,74,3.0,,4.0,-944.0,-506.0,-864.0,-20.74
360,75,3.0,,4.0,-1035.0,-809.0,-908.0,-21.8
360,76,3.0,,5.0,-142.0,0.0,-121.0,-2.91
361,66,1.0,,4.0,-198.0,154.0,-47.0,-1.13
361,67,1.0,,4.0,191.0,-189.0,12.0,0.29
361,68,1.0,,4.0,-260.0,-117.0,-192.0,-4.61
361,69,1.0,,5.0,-29.0,-11.0,-20.0,-0.48
361,70,1.0,,5.0,18.0,0.0,11.0,0.25
361,71,2.0,,1.0,-66.0,0.0,-47.0,-1.12
361,72,2.0,,4.0,-154.0,0.0,-41.0,-0.98
361,73,2.0,,4.0,-373.0,-59.0,-281.0,-6.74
361,74,3.0,,4.0,-939.0,-789.0,-900.0,-21.6
361,75,3.0,,4.0,-1042.0,-812.0,-937.0,-22.48
361,76,3.0,,5.0,-135.0,0.0,-118.0,-2.84
362,66,1.0,,4.0,-189.0,76.0,-102.0,-2.46
362,67,1.0,,4.0,-238.0,179.0,-83.0,-1.99
362,68,1.0,,4.0,-239.0,-131.0,-194.0,-4.67
362,69,1.0,,5.0,-26.0,0.0,-17.0,-0.41
362,70,1.0,,5.0,28.0,0.0,10.0,0.25
362,71,2.0,,1.0,-66.0,0.0,-47.0,-1.12
362,72,2.0,,4.0,-174.0,-20.0,-94.0,-2.25
362,73,2.0,,4.0,-330.0,-146.0,-292.0,-7.0
362,74,3.0,,4.0,-970.0,-785.0,-902.0,-21.65
362,75,3.0,,4.0,-1034.0,-887.0,-991.0,-23.79
362,76,3.0,,5.0,-138.0,0.0,-120.0,-2.88
363,66,1.0,,4.0,-181.0,92.0,-47.0,-1.13
363,67,1.0,,4.0,-256.0,143.0,-51.0,-1.22
363,68,1.0,,4.0,-229.0,-119.0,-175.0,-4.19
363,69,1.0,,5.0,23.0,0.0,-12.0,-0.29
363,70,1.0,,5.0,34.0,0.0,10.0,0.25
363,71,2.0,,1.0,-67.0,0.0,-44.0,-1.05
363,72,2.0,,4.0,-187.0,-3.0,-101.0,-2.43
363,73,2.0,,4.0,-334.0,-125.0,-300.0,-7.21
363,74,3.0,,4.0,-938.0,-794.0,-907.0,-21.77
363,75,3.0,,4.0,-1029.0,-804.0,-952.0,-22.85
363,76,3.0,,5.0,-136.0,0.0,-115.0,-2.75
364,66,1.0,,4.0,-168.0,119.0,38.0,0.9
364,67,1.0,,4.0,-234.0,175.0,-49.0,-1.19
364,68,1.0,,4.0,-216.0,-115.0,-169.0,-4.05
364,69,1.0,,5.0,-21.0,-1.0,-11.0,-0.26
364,70,1.0,,5.0,42.0,2.0,10.0,0.25
364,71,2.0,,1.0,-63.0,0.0,-42.0,-1.0
364,72,2.0,,4.0,-92.0,-63.0,-87.0,-2.09
364,73,2.0,,4.0,-375.0,-201.0,-293.0,-7.02
364,74,3.0,,4.0,-940.0,-793.0,-910.0,-21.84
364,75,3.0,,4.0,-1032.0,-809.0,-995.0,-23.89
364,76,3.0,,5.0,-153.0,0.0,-128.0,-3.06
365,66,1.0,,4.0,191.0,-184.0,22.0,0.53
365,67,1.0,,4.0,-240.0,199.0,-14.0,-0.33
365,68,1.0,,4.0,-230.0,-75.0,-179.0,-4.29
365,69,1.0,,5.0,-31.0,0.0,-15.0,-0.37
365,70,1.0,,5.0,24.0,1.0,11.0,0.27
365,71,2.0,,1.0,-63.0,0.0,-38.0,-0.91
365,72,2.0,,4.0,-205.0,0.0,-78.0,-1.88
365,73,2.0,,4.0,-320.0,0.0,-177.0,-4.24
365,74,3.0,,4.0,-951.0,-106.0,-864.0,-20.74
365,75,3.0,,4.0,-1033.0,-785.0,-963.0,-23.11
365,76,3.0,,5.0,-166.0,0.0,-132.0,-3.16
366,66,1.0,,4.0,207.0,-140.0,35.0,0.84
366,67,1.0,,4.0,-231.0,184.0,44.0,1.05
366,68,1.0,,4.0,-261.0,-61.0,-141.0,-3.38
366,69,1.0,,5.0,-25.0,-5.0,-14.0,-0.33
366,70,1.0,,5.0,36.0,12.0,24.0,0.58
366,71,2.0,,1.0,0.0,0.0,0.0,-0.81
366,72,2.0,,4.0,-215.0,-4.0,-128.0,-3.06
366,73,2.0,,4.0,-424.0,0.0,-209.0,-5.01
366,74,3.0,,4.0,-940.0,-653.0,-824.0,-19.78
366,75,3.0,,4.0,-1031.0,-994.0,-1005.0,-24.11
366,76,3.0,,5.0,-155.0,0.0,-138.0,-3.32
367,66,1.0,,4.0,186.0,-141.0,60.0,1.45
367,67,1.0,,4.0,-214.0,192.0,61.0,1.45
367,68,1.0,,4.0,-201.0,-98.0,-129.0,-3.09
367,69,1.0,,5.0,-16.0,-1.0,-6.0,-0.14
367,70,1.0,,5.0,49.0,26.0,36.0,0.86
367,71,2.0,,1.0,-68.0,0.0,-35.0,-0.84
367,72,2.0,,4.0,-248.0,-14.0,-121.0,-2.9
367,73,2.0,,4.0,-534.0,0.0,-215.0,-5.16
367,74,3.0,,4.0,-939.0,-475.0,-713.0,-17.11
367,75,3.0,,4.0,-1031.0,-945.0,-1017.0,-24.41
367,76,3.0,,5.0,-145.0,0.0,-130.0,-3.12
368,66,1.0,,4.0,164.0,-116.0,30.0,0.72
368,67,1.0,,4.0,-233.0,110.0,-11.0,-0.27
368,68,1.0,,4.0,-222.0,-105.0,-144.0,-3.46
368,69,1.0,,5.0,-17.0,0.0,-7.0,-0.16
368,70,1.0,,5.0,40.0,22.0,31.0,0.75
368,71,2.0,,1.0,-69.0,0.0,-41.0,-0.99
368,72,2.0,,4.0,155.0,0.0,-54.0,-1.31
368,73,2.0,,4.0,-568.0,-14.0,-275.0,-6.59
368,74,3.0,,4.0,-939.0,-651.0,-871.0,-20.91
368,75,3.0,,4.0,-1040.0,-992.0,-1016.0,-24.38
368,76,3.0,,5.0,-148.0,0.0,-131.0,-3.15
369,66,1.0,,4.0,-156.0,151.0,3.0,0.06
369,67,1.0,,4.0,-271.0,161.0,-5.0,-0.12
369,68,1.0,,4.0,-217.0,-71.0,-138.0,-3.3
369,69,1.0,,5.0,-11.0,4.0,-5.0,-0.12
369,70,1.0,,5.0,36.0,0.0,11.0,0.27
369,71,2.0,,1.0,-70.0,0.0,-43.0,-1.03
369,72,2.0,,4.0,-186.0,0.0,-63.0,-1.51
369,73,2.0,,4.0,-525.0,0.0,-281.0,-6.74
369,74,3.0,,4.0,-946.0,-645.0,-791.0,-18.98
369,75,3.0,,4.0,-1026.0,-999.0,-1016.0,-24.38
369,76,3.0,,5.0,-155.0,0.0,-138.0,-3.32
370,66,1.0,,4.0,169.0,-165.0,-8.0,-0.19
370,67,1.0,,4.0,-257.0,142.0,-51.0,-1.22
370,68,1.0,,4.0,-254.0,-73.0,-143.0,-3.44
370,69,1.0,,5.0,-17.0,4.0,-9.0,-0.22
370,70,1.0,,5.0,40.0,0.0,11.0,0.27
370,71,2.0,,1.0,-70.0,0.0,-50.0,-1.21
370,72,2.0,,4.0,-319.0,0.0,-84.0,-2.02
370,73,2.0,,4.0,-543.0,-34.0,-309.0,-7.42
370,74,3.0,,4.0,-940.0,-648.0,-831.0,-19.95
370,75,3.0,,4.0,-1299.0,-1007.0,-1214.0,-29.14
370,76,3.0,,5.0,-191.0,0.0,-121.0,-2.91
371,66,1.0,,4.0,156.0,-101.0,36.0,0.86
371,67,1.0,,4.0,-271.0,122.0,-43.0,-1.02
371,68,1.0,,4.0,-238.0,-66.0,-142.0,-3.41
371,69,1.0,,5.0,-17.0,14.0,-4.0,-0.09
371,70,1.0,,5.0,37.0,0.0,15.0,0.35
371,71,2.0,,1.0,-73.0,0.0,-46.0,-1.11
371,72,2.0,,4.0,-351.0,0.0,-131.0,-3.15
371,73,2.0,,4.0,-454.0,0.0,-259.0,-6.22
371,74,3.0,,4.0,-946.0,-649.0,-855.0,-20.53
371,75,3.0,,4.0,-1399.0,-1289.0,-1318.0,-31.63
371,76,3.0,,5.0,-129.0,0.0,-117.0,-2.8
372,66,1.0,,4.0,112.0,-78.0,38.0,0.9
372,67,1.0,,4.0,-245.0,146.0,-7.0,-0.16
372,68,1.0,,4.0,-228.0,-91.0,-149.0,-3.58
372,69,1.0,,5.0,-18.0,2.0,-7.0,-0.16
372,70,1.0,,5.0,36.0,5.0,15.0,0.36
372,71,2.0,,1.0,-71.0,0.0,-47.0,-1.13
372,72,2.0,,4.0,-328.0,-4.0,-150.0,-3.61
372,73,2.0,,4.0,-464.0,-32.0,-284.0,-6.81
372,74,3.0,,4.0,-946.0,-797.0,-903.0,-21.66
372,75,3.0,,4.0,-1430.0,-1306.0,-1395.0,-33.48
372,76,3.0,,5.0,-124.0,0.0,-107.0,-2.56
373,66,1.0,,4.0,136.0,-94.0,29.0,0.71
373,67,1.0,,4.0,-250.0,116.0,-38.0,-0.9
373,68,1.0,,4.0,-209.0,-77.0,-146.0,-3.51
373,69,1.0,,5.0,14.0,-10.0,0.0,0.0
373,70,1.0,,5.0,40.0,8.0,17.0,0.4
373,71,2.0,,1.0,-74.0,0.0,-47.0,-1.12
373,72,2.0,,4.0,-333.0,-4.0,-155.0,-3.72
373,73,2.0,,4.0,-456.0,-29.0,-293.0,-7.04
373,74,3.0,,4.0,-940.0,-797.0,-910.0,-21.83
373,75,3.0,,4.0,-1430.0,-842.0,-1078.0,-25.87
373,76,3.0,,5.0,-115.0,0.0,-99.0,-2.38
374,66,1.0,,4.0,-161.0,116.0,-20.0,-0.48
374,67,1.0,,4.0,-321.0,112.0,-103.0,-2.47
374,68,1.0,,4.0,-244.0,-38.0,-126.0,-3.02
374,69,1.0,,5.0,-14.0,0.0,-7.0,-0.16
374,70,1.0,,5.0,58.0,13.0,34.0,0.81
374,71,2.0,,1.0,-73.0,0.0,-49.0,-1.18
374,72,2.0,,4.0,-336.0,-2.0,-126.0,-3.02
374,73,2.0,,4.0,-497.0,-112.0,-298.0,-7.16
374,74,3.0,,4.0,-946.0,-609.0,-850.0,-20.4
374,75,3.0,,4.0,-1412.0,-805.0,-974.0,-23.38
374,76,3.0,,5.0,-115.0,0.0,-96.0,-2.31
375,66,1.0,,4.0,-170.0,165.0,-47.0,-1.12
375,67,1.0,,4.0,-329.0,129.0,-104.0,-2.5
375,68,1.0,,4.0,-203.0,-44.0,-129.0,-3.08
375,69,1.0,,5.0,-12.0,11.0,0.0,-0.01
375,70,1.0,,5.0,30.0,9.0,19.0,0.45
375,71,2.0,,1.0,-78.0,0.0,-54.0,-1.3
375,72,2.0,,4.0,-341.0,-3.0,-144.0,-3.47
375,73,2.0,,4.0,-502.0,-18.0,-285.0,-6.85
375,74,3.0,,4.0,-950.0,-808.0,-947.0,-22.73
375,75,3.0,,4.0,-1031.0,-800.0,-848.0,-20.35
375,76,3.0,,5.0,-104.0,0.0,-88.0,-2.1
376,66,1.0,,4.0,-195.0,151.0,-34.0,-0.81
376,67,1.0,,4.0,-307.0,161.0,-99.0,-2.37
376,68,1.0,,4.0,-243.0,-65.0,-160.0,-3.83
376,69,1.0,,5.0,-17.0,5.0,-5.0,-0.12
376,70,1.0,,5.0,38.0,0.0,19.0,0.46
376,71,2.0,,1.0,-74.0,0.0,-47.0,-1.14
376,72,2.0,,4.0,-344.0,0.0,-203.0,-4.87
376,73,2.0,,4.0,-526.0,66.0,-253.0,-6.07
376,74,3.0,,4.0,-951.0,-554.0,-786.0,-18.87
376,75,3.0,,4.0,-890.0,-804.0,-823.0,-19.74
376,76,3.0,,5.0,-98.0,0.0,-82.0,-1.96
377,66,1.0,,4.0,-168.0,145.0,-36.0,-0.87
377,67,1.0,,4.0,-298.0,103.0,-91.0,-2.18
377,68,1.0,,4.0,-255.0,-77.0,-152.0,-3.64
377,69,1.0,,5.0,-13.0,0.0,-5.0,-0.11
377,70,1.0,,5.0,38.0,12.0,19.0,0.46
377,71,2.0,,1.0,-72.0,0.0,-46.0,-1.1
377,72,2.0,,4.0,-284.0,-4.0,-148.0,-3.54
377,73,2.0,,4.0,-494.0,-30.0,-272.0,-6.53
377,74,3.0,,4.0,-943.0,-649.0,-750.0,-17.99
377,75,3.0,,4.0,-994.0,-799.0,-857.0,-20.56
377,76,3.0,,5.0,-100.0,0.0,-83.0,-2.0
378,66,1.0,,4.0,-169.0,70.0,-40.0,-0.96
378,67,1.0,,4.0,-330.0,95.0,-98.0,-2.35
378,68,1.0,,4.0,-215.0,-72.0,-129.0,-3.1
378,69,1.0,,5.0,-11.0,0.0,-5.0,-0.13
378,70,1.0,,5.0,34.0,0.0,11.0,0.26
378,71,2.0,,1.0,-70.0,0.0,-45.0,-1.09
378,72,2.0,,4.0,181.0,0.0,67.0,1.62
378,73,2.0,,4.0,-482.0,-102.0,-286.0,-6.87
378,74,3.0,,4.0,-948.0,-776.0,-887.0,-21.29
378,75,3.0,,4.0,-1425.0,-802.0,-990.0,-23.76
378,76,3.0,,5.0,-104.0,0.0,-90.0,-2.16
379,66,1.0,,4.0,-209.0,97.0,-27.0,-0.66
379,67,1.0,,4.0,-334.0,70.0,-114.0,-2.75
379,68,1.0,,4.0,-252.0,-56.0,-136.0,-3.25
379,69,1.0,,5.0,-15.0,0.0,-5.0,-0.12
379,70,1.0,,5.0,40.0,11.0,25.0,0.6
379,71,2.0,,1.0,-76.0,0.0,-54.0,-1.29
379,72,2.0,,4.0,-300.0,0.0,-89.0,-2.14
379,73,2.0,,4.0,-507.0,-53.0,-323.0,-7.75
379,74,3.0,,4.0,-951.0,-805.0,-905.0,-21.72
379,75,3.0,,4.0,-1344.0,0.0,-1026.0,-24.62
379,76,3.0,,5.0,-110.0,0.0,-95.0,-2.27
380,66,1.0,,4.0,-178.0,138.0,21.0,0.51
380,67,1.0,,4.0,-291.0,122.0,-82.0,-1.97
380,68,1.0,,4.0,-288.0,-46.0,-134.0,-3.21
380,69,1.0,,5.0,-16.0,14.0,-2.0,-0.04
380,70,1.0,,5.0,51.0,15.0,33.0,0.79
380,71,2.0,,1.0,-76.0,0.0,-47.0,-1.13
380,72,2.0,,4.0,-218.0,0.0,-74.0,-1.77
380,73,2.0,,4.0,-511.0,-103.0,-358.0,-8.58
380,74,3.0,,4.0,-952.0,-801.0,-914.0,-21.94
380,75,3.0,,4.0,-1426.0,-809.0,-1098.0,-26.36
380,76,3.0,,5.0,-118.0,0.0,-104.0,-2.5
381,66,1.0,,4.0,-170.0,162.0,12.0,0.3
381,67,1.0,,4.0,-275.0,177.0,-49.0,-1.18
381,68,1.0,,4.0,-234.0,39.0,-134.0,-3.23
381,69,1.0,,5.0,13.0,-5.0,1.0,0.02
381,70,1.0,,5.0,44.0,6.0,27.0,0.64
381,71,2.0,,1.0,-74.0,0.0,-45.0,-1.09
381,72,2.0,,4.0,-193.0,-16.0,-67.0,-1.6
381,73,2.0,,4.0,-844.0,0.0,-334.0,-8.0
381,74,3.0,,4.0,-952.0,-797.0,-918.0,-22.03
381,75,3.0,,4.0,-1417.0,-809.0,-1059.0,-25.41
381,76,3.0,,5.0,-122.0,0.0,-97.0,-2.32
382,66,1.0,,4.0,350.0,-101.0,175.0,4.19
382,67,1.0,,4.0,294.0,-230.0,133.0,3.2
382,68,1.0,,4.0,-171.0,-14.0,-89.0,-2.14
382,69,1.0,,5.0,64.0,0.0,42.0,1.01
382,70,1.0,,5.0,21.0,4.0,6.0,0.14
382,71,2.0,,1.0,-70.0,0.0,-53.0,-1.27
382,72,2.0,,4.0,-192.0,0.0,-73.0,-1.75
382,73,2.0,,4.0,-513.0,-10.0,-314.0,-7.54
382,74,3.0,,4.0,-946.0,-793.0,-899.0,-21.57
382,75,3.0,,4.0,-1415.0,-908.0,-1065.0,-25.56
382,76,3.0,,5.0,-120.0,0.0,-96.0,-2.3
383,66,1.0,,4.0,235.0,-65.0,87.0,2.08
383,67,1.0,,4.0,268.0,34.0,152.0,3.65
383,68,1.0,,4.0,-133.0,-59.0,-91.0,-2.18
383,69,1.0,,5.0,15.0,-8.0,4.0,0.09
383,70,1.0,,5.0,41.0,25.0,36.0,0.86
383,71,2.0,,1.0,-70.0,0.0,-37.0,-0.88
383,72,2.0,,4.0,-190.0,0.0,-76.0,-1.83
383,73,2.0,,4.0,-483.0,-1.0,-240.0,-5.75
383,74,3.0,,4.0,-956.0,-793.0,-910.0,-21.83
383,75,3.0,,4.0,-1330.0,-807.0,-1042.0,-25.0
383,76,3.0,,5.0,-116.0,0.0,-103.0,-2.48
384,66,1.0,,4.0,268.0,-23.0,109.0,2.61
384,67,1.0,,4.0,103.0,-73.0,30.0,0.72
384,68,1.0,,4.0,-178.0,-114.0,-141.0,-3.38
384,69,1.0,,5.0,10.0,0.0,3.0,0.06
384,70,1.0,,5.0,47.0,30.0,38.0,0.91
384,71,2.0,,1.0,-77.0,0.0,-39.0,-0.93
384,72,2.0,,4.0,-216.0,-43.0,-69.0,-1.66
384,73,2.0,,4.0,-526.0,-1.0,-269.0,-6.46
384,74,3.0,,4.0,-946.0,-790.0,-904.0,-21.69
384,75,3.0,,4.0,-1315.0,-810.0,-995.0,-23.89
384,76,3.0,,5.0,-114.0,0.0,-100.0,-2.4
385,66,1.0,,4.0,278.0,-31.0,81.0,1.94
385,67,1.0,,4.0,154.0,-85.0,65.0,1.55
385,68,1.0,,4.0,-172.0,-79.0,-130.0,-3.11
385,69,1.0,,5.0,-13.0,7.0,-2.0,-0.04
385,70,1.0,,5.0,40.0,0.0,28.0,0.67
385,71,2.0,,1.0,-78.0,0.0,-39.0,-0.93
385,72,2.0,,4.0,39.0,0.0,-11.0,-0.25
385,73,2.0,,4.0,-460.0,0.0,-238.0,-5.7
385,74,3.0,,4.0,-946.0,-791.0,-909.0,-21.81
385,75,3.0,,4.0,-1437.0,-814.0,-1128.0,-27.06
385,76,3.0,,5.0,-120.0,0.0,-108.0,-2.58
386,66,1.0,,4.0,335.0,40.0,148.0,3.56
386,67,1.0,,4.0,106.0,0.0,65.0,1.56
386,68,1.0,,4.0,-154.0,-108.0,-130.0,-3.12
386,69,1.0,,5.0,-5.0,0.0,-2.0,-0.05
386,70,1.0,,5.0,49.0,25.0,38.0,0.91
386,71,2.0,,1.0,-75.0,0.0,-44.0,-1.06
386,72,2.0,,4.0,-193.0,-10.0,-60.0,-1.44
386,73,2.0,,4.0,-513.0,13.0,-289.0,-6.93
386,74,3.0,,4.0,-944.0,-793.0,-906.0,-21.73
386,75,3.0,,4.0,-1487.0,-1103.0,-1273.0,-30.55
386,76,3.0,,5.0,-138.0,0.0,-117.0,-2.8
387,66,1.0,,4.0,181.0,37.0,112.0,2.69
387,67,1.0,,4.0,85.0,1.0,48.0,1.16
387,68,1.0,,4.0,-159.0,-87.0,-119.0,-2.86
387,69,1.0,,5.0,12.0,0.0,13.0,0.3
387,70,1.0,,5.0,58.0,28.0,46.0,1.1
387,71,2.0,,1.0,-75.0,0.0,-46.0,-1.11
387,72,2.0,,4.0,-214.0,-10.0,-68.0,-1.64
387,73,2.0,,4.0,-504.0,-66.0,-312.0,-7.48
387,74,3.0,,4.0,-944.0,-793.0,-864.0,-20.73
387,75,3.0,,4.0,-1511.0,-1247.0,-1351.0,-32.43
387,76,3.0,,5.0,-136.0,0.0,-118.0,-2.84
388,66,1.0,,4.0,144.0,-39.0,51.0,1.23
388,67,1.0,,4.0,-195.0,95.0,-22.0,-0.53
388,68,1.0,,4.0,-187.0,-90.0,-129.0,-3.09
388,69,1.0,,5.0,-9.0,2.0,-1.0,-0.03
388,70,1.0,,5.0,55.0,0.0,45.0,1.07
388,71,2.0,,1.0,-79.0,0.0,-49.0,-1.17
388,72,2.0,,4.0,-195.0,0.0,-65.0,-1.56
388,73,2.0,,4.0,-535.0,-32.0,-279.0,-6.69
388,74,3.0,,4.0,-945.0,-656.0,-859.0,-20.6
388,75,3.0,,4.0,-1518.0,-1202.0,-1348.0,-32.34
388,76,3.0,,5.0,-131.0,0.0,-118.0,-2.82
389,66,1.0,,4.0,143.0,-33.0,61.0,1.46
389,67,1.0,,4.0,-119.0,111.0,-5.0,-0.12
389,68,1.0,,4.0,-175.0,-101.0,-132.0,-3.16
389,69,1.0,,5.0,-12.0,5.0,-1.0,-0.02
389,70,1.0,,5.0,55.0,28.0,38.0,0.92
389,71,2.0,,1.0,-77.0,0.0,-52.0,-1.25
389,72,2.0,,4.0,-187.0,0.0,-51.0,-1.22
389,73,2.0,,4.0,-480.0,0.0,-291.0,-6.99
389,74,3.0,,4.0,-945.0,-657.0,-861.0,-20.65
389,75,3.0,,4.0,-1515.0,-1210.0,-1351.0,-32.42
389,76,3.0,,5.0,-128.0,0.0,-117.0,-2.8
390,66,1.0,,4.0,147.0,-103.0,37.0,0.89
390,67,1.0,,4.0,-253.0,70.0,-66.0,-1.59
390,68,1.0,,4.0,-187.0,-73.0,-130.0,-3.11
390,69,1.0,,5.0,7.0,-7.0,2.0,0.05
390,70,1.0,,5.0,44.0,25.0,33.0,0.8
390,71,2.0,,1.0,-79.0,0.0,-62.0,-1.49
390,72,2.0,,4.0,-205.0,-1.0,-14.0,-0.34
390,73,2.0,,4.0,-528.0,-54.0,-382.0,-9.17
390,74,3.0,,4.0,-949.0,-650.0,-861.0,-20.67
390,75,3.0,,4.0,-1514.0,-999.0,-1323.0,-31.74
390,76,3.0,,5.0,-138.0,0.0,-119.0,-2.86
391,66,1.0,,4.0,165.0,-52.0,36.0,0.88
391,67,1.0,,4.0,-253.0,104.0,-77.0,-1.84
391,68,1.0,,4.0,-197.0,-77.0,-133.0,-3.2
391,69,1.0,,5.0,7.0,-9.0,2.0,0.04
391,70,1.0,,5.0,35.0,19.0,26.0,0.63
391,71,2.0,,1.0,-77.0,0.0,-57.0,-1.36
391,72,2.0,,4.0,-311.0,0.0,-23.0,-0.54
391,73,2.0,,4.0,-453.0,-130.0,-329.0,-7.89
391,74,3.0,,4.0,-939.0,-648.0,-855.0,-20.51
391,75,3.0,,4.0,-1521.0,-705.0,-952.0,-22.84
391,76,3.0,,5.0,-128.0,0.0,-109.0,-2.62
392,66,1.0,,4.0,135.0,-57.0,6.0,0.15
392,67,1.0,,4.0,-276.0,78.0,-91.0,-2.18
392,68,1.0,,4.0,-198.0,-106.0,-147.0,-3.52
392,69,1.0,,5.0,-8.0,3.0,-2.0,-0.05
392,70,1.0,,5.0,34.0,0.0,33.0,0.79
392,71,2.0,,1.0,-75.0,0.0,-50.0,-1.19
392,72,2.0,,4.0,-291.0,0.0,-23.0,-0.55
392,73,2.0,,4.0,-486.0,-20.0,-293.0,-7.04
392,74,3.0,,4.0,-956.0,-658.0,-857.0,-20.57
392,75,3.0,,4.0,-1513.0,-1094.0,-1237.0,-29.68
392,76,3.0,,5.0,-138.0,0.0,-108.0,-2.58
393,66,1.0,,4.0,220.0,2.0,136.0,3.27
393,67,1.0,,4.0,-290.0,210.0,-94.0,-2.25
393,68,1.0,,4.0,-242.0,-109.0,-178.0,-4.28
393,69,1.0,,5.0,14.0,-1.0,6.0,0.14
393,70,1.0,,5.0,48.0,29.0,38.0,0.91
393,71,2.0,,1.0,-74.0,0.0,-51.0,-1.23
393,72,2.0,,4.0,-315.0,0.0,-9.0,-0.23
393,73,2.0,,4.0,-464.0,-54.0,-288.0,-6.9
393,74,3.0,,4.0,-951.0,-659.0,-860.0,-20.63
393,75,3.0,,4.0,-1519.0,-704.0,-1006.0,-24.15
393,76,3.0,,5.0,-109.0,0.0,-96.0,-2.3
394,66,1.0,,4.0,274.0,97.0,143.0,3.43
394,67,1.0,,4.0,-257.0,28.0,-97.0,-2.33
394,68,1.0,,4.0,-289.0,-180.0,-219.0,-5.25
394,69,1.0,,5.0,15.0,6.0,10.0,0.25
394,70,1.0,,5.0,44.0,29.0,33.0,0.79
394,71,2.0,,1.0,-76.0,0.0,-46.0,-1.1
394,72,2.0,,4.0,-337.0,-18.0,-140.0,-3.35
394,73,2.0,,4.0,-471.0,-64.0,-314.0,-7.54
394,74,3.0,,4.0,-949.0,-507.0,-665.0,-15.97
394,75,3.0,,4.0,-1571.0,0.0,-839.0,-20.13
394,76,3.0,,5.0,-106.0,0.0,-96.0,-2.31
395,66,1.0,,4.0,256.0,72.0,168.0,4.03
395,67,1.0,,4.0,-307.0,84.0,-102.0,-2.45
395,68,1.0,,4.0,-281.0,-99.0,-197.0,-4.72
395,69,1.0,,5.0,15.0,-14.0,4.0,0.1
395,70,1.0,,5.0,45.0,0.0,33.0,0.79
395,71,2.0,,1.0,-77.0,0.0,-54.0,-1.29
395,72,2.0,,4.0,-325.0,-19.0,-152.0,-3.66
395,73,2.0,,4.0,-480.0,-53.0,-313.0,-7.51
395,74,3.0,,4.0,-945.0,-648.0,-856.0,-20.55
395,75,3.0,,4.0,-1455.0,0.0,-1271.0,-30.51
395,76,3.0,,5.0,-104.0,0.0,-93.0,-2.24
396,66,1.0,,4.0,249.0,41.0,162.0,3.89
396,67,1.0,,4.0,-106.0,23.0,-41.0,-0.98
396,68,1.0,,4.0,-181.0,-11.0,-108.0,-2.6
396,69,1.0,,5.0,13.0,-6.0,3.0,0.06
396,70,1.0,,5.0,45.0,5.0,27.0,0.64
396,71,2.0,,1.0,-77.0,0.0,-50.0,-1.2
396,72,2.0,,4.0,-291.0,-31.0,-119.0,-2.86
396,73,2.0,,4.0,-443.0,-59.0,-278.0,-6.66
396,74,3.0,,4.0,-947.0,-650.0,-861.0,-20.67
396,75,3.0,,4.0,-1457.0,-1007.0,-1249.0,-29.98
396,76,3.0,,5.0,-135.0,0.0,-95.0,-2.29
397,66,1.0,,4.0,181.0,-41.0,101.0,2.41
397,67,1.0,,4.0,-277.0,47.0,-102.0,-2.46
397,68,1.0,,4.0,-228.0,-36.0,-167.0,-4.0
397,69,1.0,,5.0,13.0,-4.0,4.0,0.08
397,70,1.0,,5.0,48.0,26.0,37.0,0.88
397,71,2.0,,1.0,-77.0,0.0,-59.0,-1.42
397,72,2.0,,4.0,-327.0,-17.0,-145.0,-3.48
397,73,2.0,,4.0,-489.0,-108.0,-334.0,-8.01
397,74,3.0,,4.0,-947.0,-652.0,-859.0,-20.61
397,75,3.0,,4.0,-1255.0,-381.0,-781.0,-18.74
397,76,3.0,,5.0,-138.0,0.0,-109.0,-2.61
398,66,1.0,,4.0,246.0,-84.0,82.0,1.97
398,67,1.0,,4.0,-260.0,61.0,-84.0,-2.02
398,68,1.0,,4.0,-246.0,-75.0,-154.0,-3.69
398,69,1.0,,5.0,18.0,-13.0,2.0,0.06
398,70,1.0,,5.0,40.0,-15.0,16.0,0.38
398,71,2.0,,1.0,-79.0,0.0,-51.0,-1.23
398,72,2.0,,4.0,-329.0,-20.0,-162.0,-3.89
398,73,2.0,,4.0,-506.0,-39.0,-317.0,-7.6
398,74,3.0,,4.0,-952.0,-659.0,-864.0,-20.74
398,75,3.0,,4.0,-1182.0,-400.0,-823.0,-19.74
398,76,3.0,,5.0,-130.0,0.0,-87.0,-2.08
399,66,1.0,,4.0,309.0,-122.0,42.0,1.01
399,67,1.0,,4.0,-244.0,172.0,-98.0,-2.35
399,68,1.0,,4.0,-204.0,-78.0,-136.0,-3.26
399,69,1.0,,5.0,-47.0,-2.0,-8.0,-0.19
399,70,1.0,,5.0,30.0,11.0,23.0,0.55
399,71,2.0,,1.0,-76.0,0.0,-39.0,-0.94
399,72,2.0,,4.0,-294.0,-92.0,-126.0,-3.02
399,73,2.0,,4.0,-419.0,-1.0,-235.0,-5.65
399,74,3.0,,4.0,-948.0,-659.0,-856.0,-20.55
399,75,3.0,,4.0,-755.0,-725.0,-745.0,-17.87
399,76,3.0,,5.0,-5172.0,0.0,-117.0,-2.81
400,66,1.0,,4.0,209.0,8.0,76.0,1.81
400,67,1.0,,4.0,-215.0,91.0,-85.0,-2.04
400,68,1.0,,4.0,-231.0,-86.0,-163.0,-3.92
400,69,1.0,,5.0,-26.0,0.0,-12.0,-0.28
400,70,1.0,,5.0,23.0,-7.0,18.0,0.44
400,71,2.0,,1.0,-78.0,0.0,-52.0,-1.26
400,72,2.0,,4.0,-330.0,0.0,-159.0,-3.81
400,73,2.0,,4.0,-397.0,-83.0,-243.0,-5.83
400,74,3.0,,4.0,-938.0,-656.0,-835.0,-20.04
400,75,3.0,,4.0,-753.0,-536.0,-676.0,-16.22
400,76,3.0,,5.0,-126.0,0.0,-83.0,-2.0
401,66,1.0,,4.0,169.0,-90.0,46.0,1.11
401,67,1.0,,4.0,-183.0,96.0,-57.0,-1.36
401,68,1.0,,4.0,-236.0,-97.0,-162.0,-3.9
401,69,1.0,,5.0,-27.0,0.0,-13.0,-0.3
401,70,1.0,,5.0,70.0,-12.0,18.0,0.44
401,71,2.0,,1.0,-73.0,0.0,-46.0,-1.1
401,72,2.0,,4.0,-299.0,0.0,-146.0,-3.51
401,73,2.0,,4.0,-454.0,0.0,-245.0,-5.89
401,74,3.0,,4.0,-945.0,-650.0,-838.0,-20.11
401,75,3.0,,4.0,-627.0,-405.0,-530.0,-12.73
401,76,3.0,,5.0,-113.0,0.0,-82.0,-1.96
402,66,1.0,,4.0,256.0,-63.0,85.0,2.04
402,67,1.0,,4.0,-217.0,89.0,-71.0,-1.71
402,68,1.0,,4.0,-230.0,-123.0,-173.0,-4.15
402,69,1.0,,5.0,-20.0,0.0,-14.0,-0.34
402,70,1.0,,5.0,25.0,0.0,18.0,0.44
402,71,2.0,,1.0,-74.0,0.0,-46.0,-1.11
402,72,2.0,,4.0,-286.0,-10.0,-117.0,-2.82
402,73,2.0,,4.0,-443.0,0.0,-270.0,-6.49
402,74,3.0,,4.0,-940.0,-608.0,-768.0,-18.43
402,75,3.0,,4.0,-684.0,-413.0,-504.0,-12.1
402,76,3.0,,5.0,-108.0,0.0,-90.0,-2.16
403,66,1.0,,4.0,270.0,-24.0,76.0,1.81
403,67,1.0,,4.0,-196.0,91.0,-47.0,-1.13
403,68,1.0,,4.0,-256.0,-85.0,-168.0,-4.03
403,69,1.0,,5.0,-18.0,0.0,-13.0,-0.31
403,70,1.0,,5.0,28.0,0.0,18.0,0.44
403,71,2.0,,1.0,-76.0,0.0,-40.0,-0.95
403,72,2.0,,4.0,-237.0,-11.0,-106.0,-2.55
403,73,2.0,,4.0,-388.0,-21.0,-214.0,-5.13
403,74,3.0,,4.0,-938.0,-656.0,-749.0,-17.98
403,75,3.0,,4.0,-703.0,0.0,-518.0,-12.42
403,76,3.0,,5.0,-111.0,0.0,-99.0,-2.38
404,66,1.0,,4.0,241.0,-70.0,94.0,2.26
404,67,1.0,,4.0,-185.0,103.0,-40.0,-0.97
404,68,1.0,,4.0,-293.0,-120.0,-201.0,-4.83
404,69,1.0,,5.0,18.0,-9.0,9.0,0.21
404,70,1.0,,5.0,-27.0,-15.0,-20.0,-0.49
404,71,2.0,,1.0,-77.0,0.0,-45.0,-1.07
404,72,2.0,,4.0,-273.0,0.0,-124.0,-2.97
404,73,2.0,,4.0,-452.0,0.0,-272.0,-6.53
404,74,3.0,,4.0,-660.0,-184.0,-457.0,-10.97
404,75,3.0,,4.0,-757.0,-419.0,-613.0,-14.72
404,76,3.0,,5.0,-135.0,0.0,-106.0,-2.54
405,66,1.0,,4.0,146.0,-71.0,44.0,1.05
405,67,1.0,,4.0,-230.0,99.0,-56.0,-1.35
405,68,1.0,,4.0,-209.0,-80.0,-146.0,-3.51
405,69,1.0,,5.0,-19.0,-10.0,-14.0,-0.33
405,70,1.0,,5.0,22.0,7.0,14.0,0.33
405,71,2.0,,1.0,-74.0,0.0,-46.0,-1.1
405,72,2.0,,4.0,-300.0,-24.0,-137.0,-3.29
405,73,2.0,,4.0,-432.0,0.0,-257.0,-6.16
405,74,3.0,,4.0,-497.0,-188.0,-322.0,-7.72
405,75,3.0,,4.0,-756.0,-410.0,-525.0,-12.61
405,76,3.0,,5.0,-110.0,0.0,-98.0,-2.34
406,66,1.0,,4.0,-210.0,209.0,27.0,0.65
406,67,1.0,,4.0,-225.0,166.0,-44.0,-1.06
406,68,1.0,,4.0,-239.0,-6.0,-141.0,-3.37
406,69,1.0,,5.0,-39.0,-10.0,-14.0,-0.33
406,70,1.0,,5.0,32.0,12.0,19.0,0.45
406,71,2.0,,1.0,-68.0,0.0,-47.0,-1.12
406,72,2.0,,4.0,-241.0,-41.0,-110.0,-2.63
406,73,2.0,,4.0,-461.0,-12.0,-255.0,-6.12
406,74,3.0,,4.0,-927.0,-211.0,-763.0,-18.32
406,75,3.0,,4.0,-761.0,-404.0,-512.0,-12.28
406,76,3.0,,5.0,-109.0,0.0,-96.0,-2.3
407,66,1.0,,4.0,111.0,-17.0,39.0,0.93
407,67,1.0,,4.0,-207.0,112.0,-33.0,-0.8
407,68,1.0,,4.0,-212.0,-115.0,-158.0,-3.8
407,69,1.0,,5.0,-17.0,-10.0,-13.0,-0.32
407,70,1.0,,5.0,33.0,0.0,21.0,0.5
407,71,2.0,,1.0,-76.0,0.0,-49.0,-1.18
407,72,2.0,,4.0,-300.0,-24.0,-121.0,-2.9
407,73,2.0,,4.0,-300.0,-12.0,-150.0,-3.6
407,74,3.0,,4.0,-940.0,-647.0,-850.0,-20.41
407,75,3.0,,4.0,-722.0,-405.0,-541.0,-12.98
407,76,3.0,,5.0,-122.0,0.0,-98.0,-2.36
408,66,1.0,,4.0,221.0,16.0,70.0,1.67
408,67,1.0,,4.0,-183.0,81.0,-44.0,-1.06
408,68,1.0,,4.0,-205.0,-94.0,-143.0,-3.42
408,69,1.0,,5.0,-22.0,0.0,-13.0,-0.3
408,70,1.0,,5.0,27.0,-18.0,19.0,0.45
408,71,2.0,,1.0,-74.0,0.0,-47.0,-1.14
408,72,2.0,,4.0,-245.0,0.0,-95.0,-2.28
408,73,2.0,,4.0,-300.0,-44.0,-181.0,-4.34
408,74,3.0,,4.0,-931.0,-642.0,-847.0,-20.33
408,75,3.0,,4.0,-1132.0,-203.0,-588.0,-14.11
408,76,3.0,,5.0,-117.0,0.0,-103.0,-2.48
409,66,1.0,,4.0,238.0,-82.0,58.0,1.4
409,67,1.0,,4.0,-287.0,137.0,-69.0,-1.65
409,68,1.0,,4.0,-216.0,-57.0,-133.0,-3.2
409,69,1.0,,5.0,-20.0,4.0,-13.0,-0.31
409,70,1.0,,5.0,23.0,-22.0,19.0,0.45
409,71,2.0,,1.0,-77.0,0.0,-52.0,-1.25
409,72,2.0,,4.0,-290.0,0.0,-132.0,-3.18
409,73,2.0,,4.0,-320.0,-230.0,-241.0,-5.78
409,74,3.0,,4.0,-927.0,-635.0,-838.0,-20.11
409,75,3.0,,4.0,-1142.0,-330.0,-731.0,-17.54
409,76,3.0,,5.0,-125.0,0.0,-108.0,-2.6
410,66,1.0,,4.0,176.0,-3.0,80.0,1.93
410,67,1.0,,4.0,-265.0,241.0,-13.0,-0.32
410,68,1.0,,4.0,-245.0,-88.0,-169.0,-4.05
410,69,1.0,,5.0,-18.0,0.0,-10.0,-0.23
410,70,1.0,,5.0,43.0,0.0,26.0,0.63
410,71,2.0,,1.0,0.0,0.0,0.0,-1.26
410,72,2.0,,4.0,-301.0,-25.0,-146.0,-3.51
410,73,2.0,,4.0,-513.0,-17.0,-251.0,-6.03
410,74,3.0,,4.0,-937.0,-641.0,-849.0,-20.37
410,75,3.0,,4.0,-1153.0,-371.0,-749.0,-17.97
410,76,3.0,,5.0,-126.0,0.0,-108.0,-2.58
411,66,1.0,,4.0,315.0,10.0,111.0,2.66
411,67,1.0,,4.0,264.0,-124.0,6.0,0.15
411,68,1.0,,4.0,-296.0,1.0,-200.0,-4.79
411,69,1.0,,5.0,-21.0,7.0,-5.0,-0.13
411,70,1.0,,5.0,49.0,0.0,35.0,0.83
411,71,2.0,,1.0,-74.0,0.0,-49.0,-1.18
411,72,2.0,,4.0,-300.0,-16.0,-142.0,-3.41
411,73,2.0,,4.0,-513.0,-11.0,-248.0,-5.94
411,74,3.0,,4.0,-953.0,-641.0,-859.0,-20.62
411,75,3.0,,4.0,-1064.0,-60.0,-521.0,-12.51
411,76,3.0,,5.0,-120.0,0.0,-108.0,-2.58
412,66,1.0,,4.0,336.0,41.0,131.0,3.14
412,67,1.0,,4.0,-171.0,60.0,-54.0,-1.29
412,68,1.0,,4.0,-250.0,-89.0,-141.0,-3.38
412,69,1.0,,5.0,-61.0,5.0,-10.0,-0.23
412,70,1.0,,5.0,40.0,4.0,24.0,0.57
412,71,2.0,,1.0,-74.0,0.0,-52.0,-1.26
412,72,2.0,,4.0,-315.0,-17.0,-154.0,-3.7
412,73,2.0,,4.0,-501.0,-26.0,-303.0,-7.27
412,74,3.0,,4.0,-947.0,-651.0,-872.0,-20.92
412,75,3.0,,4.0,-767.0,44.0,-643.0,-15.43
412,76,3.0,,5.0,-122.0,0.0,-108.0,-2.58
413,66,1.0,,4.0,350.0,83.0,150.0,3.6
413,67,1.0,,4.0,-240.0,45.0,-63.0,-1.52
413,68,1.0,,4.0,-225.0,-99.0,-156.0,-3.74
413,69,1.0,,5.0,-22.0,10.0,-1.0,-0.03
413,70,1.0,,5.0,29.0,1.0,10.0,0.25
413,71,2.0,,1.0,-72.0,0.0,-50.0,-1.21
413,72,2.0,,4.0,-284.0,0.0,-120.0,-2.88
413,73,2.0,,4.0,-464.0,-40.0,-245.0,-5.88
413,74,3.0,,4.0,-945.0,-652.0,-855.0,-20.52
413,75,3.0,,4.0,-772.0,-501.0,-670.0,-16.09
413,76,3.0,,5.0,-126.0,0.0,-100.0,-2.39
414,66,1.0,,4.0,542.0,67.0,261.0,6.27
414,67,1.0,,4.0,-141.0,127.0,-1.0,-0.02
414,68,1.0,,4.0,-205.0,-69.0,-145.0,-3.47
414,69,1.0,,5.0,-76.0,9.0,-3.0,-0.06
414,70,1.0,,5.0,24.0,-7.0,10.0,0.24
414,71,2.0,,1.0,-74.0,0.0,-45.0,-1.08
414,72,2.0,,4.0,-296.0,-10.0,-129.0,-3.1
414,73,2.0,,4.0,-377.0,-40.0,-170.0,-4.07
414,74,3.0,,4.0,-946.0,-653.0,-859.0,-20.62
414,75,3.0,,4.0,-770.0,-508.0,-686.0,-16.47
414,76,3.0,,5.0,-112.0,0.0,-95.0,-2.29
415,66,1.0,,4.0,254.0,-137.0,169.0,4.05
415,67,1.0,,4.0,249.0,-11.0,63.0,1.5
415,68,1.0,,4.0,-169.0,-85.0,-124.0,-2.98
415,69,1.0,,5.0,22.0,-33.0,5.0,0.11
415,70,1.0,,5.0,51.0,-4.0,17.0,0.41
415,71,2.0,,1.0,-71.0,0.0,-28.0,-0.67
415,72,2.0,,4.0,-304.0,0.0,-129.0,-3.09
415,73,2.0,,4.0,-378.0,-28.0,-154.0,-3.69
415,74,3.0,,4.0,-944.0,-652.0,-857.0,-20.56
415,75,3.0,,4.0,-771.0,-409.0,-626.0,-15.02
415,76,3.0,,5.0,-117.0,0.0,-95.0,-2.28
416,66,1.0,,4.0,225.0,110.0,160.0,3.84
416,67,1.0,,4.0,111.0,-32.0,31.0,0.73
416,68,1.0,,4.0,-158.0,-64.0,-104.0,-2.51
416,69,1.0,,5.0,15.0,0.0,7.0,0.16
416,70,1.0,,5.0,59.0,0.0,10.0,0.25
416,71,2.0,,1.0,0.0,0.0,0.0,-0.64
416,72,2.0,,4.0,-318.0,0.0,-134.0,-3.21
416,73,2.0,,4.0,-406.0,-23.0,-187.0,-4.49
416,74,3.0,,4.0,-943.0,-655.0,-857.0,-20.57
416,75,3.0,,4.0,-766.0,-458.0,-643.0,-15.43
416,76,3.0,,5.0,-112.0,0.0,-92.0,-2.21
417,66,1.0,,4.0,354.0,78.0,192.0,4.6
417,67,1.0,,4.0,175.0,-8.0,80.0,1.91
417,68,1.0,,4.0,-170.0,-74.0,-109.0,-2.61
417,69,1.0,,5.0,-64.0,0.0,-9.0,-0.22
417,70,1.0,,5.0,51.0,0.0,10.0,0.25
417,71,2.0,,1.0,-72.0,0.0,-43.0,-1.03
417,72,2.0,,4.0,-252.0,0.0,-123.0,-2.95
417,73,2.0,,4.0,-325.0,-14.0,-153.0,-3.67
417,74,3.0,,4.0,-954.0,-657.0,-859.0,-20.62
417,75,3.0,,4.0,-767.0,-558.0,-690.0,-16.56
417,76,3.0,,5.0,-100.0,0.0,-81.0,-1.94
418,66,1.0,,4.0,223.0,69.0,174.0,4.17
418,67,1.0,,4.0,78.0,-27.0,18.0,0.44
418,68,1.0,,4.0,-128.0,-60.0,-97.0,-2.33
418,69,1.0,,5.0,11.0,-8.0,3.0,0.07
418,70,1.0,,5.0,65.0,0.0,43.0,1.03
418,71,2.0,,1.0,-74.0,0.0,-41.0,-0.99
418,72,2.0,,4.0,-237.0,0.0,-123.0,-2.96
418,73,2.0,,4.0,-293.0,-6.0,-140.0,-3.36
418,74,3.0,,4.0,-953.0,-641.0,-858.0,-20.6
418,75,3.0,,4.0,-775.0,-610.0,-738.0,-17.7
418,76,3.0,,5.0,-100.0,0.0,-85.0,-2.04
419,66,1.0,,4.0,190.0,71.0,128.0,3.08
419,67,1.0,,4.0,-104.0,73.0,-1.0,-0.03
419,68,1.0,,4.0,-137.0,-73.0,-97.0,-2.32
419,69,1.0,,5.0,6.0,-9.0,0.0,0.0
419,70,1.0,,5.0,61.0,0.0,42.0,1.01
419,71,2.0,,1.0,-74.0,0.0,-49.0,-1.18
419,72,2.0,,4.0,-299.0,0.0,-129.0,-3.1
419,73,2.0,,4.0,-432.0,-3.0,-201.0,-4.82
419,74,3.0,,4.0,-953.0,-641.0,-856.0,-20.55
419,75,3.0,,4.0,-1445.0,-745.0,-1067.0,-25.61
419,76,3.0,,5.0,-87.0,0.0,-75.0,-1.8
420,66,1.0,,4.0,296.0,87.0,137.0,3.29
420,67,1.0,,4.0,-65.0,54.0,-16.0,-0.38
420,68,1.0,,4.0,-158.0,-70.0,-91.0,-2.19
420,69,1.0,,5.0,13.0,-27.0,2.0,0.05
420,70,1.0,,5.0,54.0,34.0,46.0,1.1
420,71,2.0,,1.0,-71.0,0.0,-48.0,-1.16
420,72,2.0,,4.0,-278.0,0.0,-119.0,-2.85
420,73,2.0,,4.0,-339.0,-7.0,-143.0,-3.42
420,74,3.0,,4.0,-944.0,-638.0,-853.0,-20.48
420,75,3.0,,4.0,-1427.0,-1178.0,-1288.0,-30.91
420,76,3.0,,5.0,-96.0,0.0,-77.0,-1.84
421,66,1.0,,4.0,374.0,142.0,296.0,7.1
421,67,1.0,,4.0,227.0,-77.0,70.0,1.68
421,68,1.0,,4.0,-126.0,-28.0,-80.0,-1.91
421,69,1.0,,5.0,11.0,-9.0,3.0,0.06
421,70,1.0,,5.0,60.0,32.0,45.0,1.09
421,71,2.0,,1.0,-74.0,0.0,-42.0,-1.0
421,72,2.0,,4.0,-302.0,0.0,-132.0,-3.16
421,73,2.0,,4.0,390.0,-118.0,63.0,1.51
421,74,3.0,,4.0,-937.0,-638.0,-851.0,-20.42
421,75,3.0,,4.0,-1338.0,-1210.0,-1297.0,-31.12
421,76,3.0,,5.0,-90.0,0.0,-80.0,-1.92
422,66,1.0,,4.0,516.0,179.0,321.0,7.7
422,67,1.0,,4.0,249.0,-35.0,92.0,2.2
422,68,1.0,,4.0,-157.0,-14.0,-114.0,-2.74
422,69,1.0,,5.0,21.0,2.0,6.0,0.15
422,70,1.0,,5.0,45.0,17.0,33.0,0.8
422,71,2.0,,1.0,-74.0,0.0,-38.0,-0.9
422,72,2.0,,4.0,-197.0,-44.0,-87.0,-2.09
422,73,2.0,,4.0,-287.0,-1.0,3.0,0.06
422,74,3.0,,4.0,-949.0,-124.0,-462.0,-11.08
422,75,3.0,,4.0,-1222.0,-406.0,-743.0,-17.82
422,76,3.0,,5.0,-76.0,0.0,-24.0,-0.58
423,66,1.0,,4.0,591.0,168.0,343.0,8.23
423,67,1.0,,4.0,300.0,-23.0,144.0,3.46
423,68,1.0,,4.0,-206.0,5.0,-104.0,-2.5
423,69,1.0,,5.0,-70.0,5.0,-14.0,-0.34
423,70,1.0,,5.0,59.0,15.0,29.0,0.68
423,71,2.0,,1.0,-70.0,0.0,-27.0,-0.65
423,72,2.0,,4.0,-188.0,0.0,-66.0,-1.59
423,73,2.0,,4.0,402.0,-16.0,256.0,6.15
423,74,3.0,,4.0,-942.0,-210.0,-537.0,-12.88
423,75,3.0,,4.0,-767.0,-407.0,-628.0,-15.08
423,76,3.0,,5.0,-79.0,0.0,-47.0,-1.12
424,66,1.0,,4.0,742.0,133.0,471.0,11.31
424,67,1.0,,4.0,357.0,62.0,194.0,4.66
424,68,1.0,,4.0,-176.0,-43.0,-105.0,-2.51
424,69,1.0,,5.0,-71.0,0.0,-4.0,-0.09
424,70,1.0,,5.0,30.0,0.0,23.0,0.54
424,71,2.0,,1.0,0.0,0.0,0.0,-0.99
424,72,2.0,,4.0,-277.0,0.0,-87.0,-2.08
424,73,2.0,,4.0,407.0,56.0,131.0,3.15
424,74,3.0,,4.0,-942.0,-656.0,-842.0,-20.22
424,75,3.0,,4.0,-1441.0,-675.0,-941.0,-22.58
424,76,3.0,,5.0,-90.0,0.0,-75.0,-1.8
425,66,1.0,,4.0,387.0,186.0,266.0,6.39
425,67,1.0,,4.0,176.0,-3.0,74.0,1.77
425,68,1.0,,4.0,-214.0,-107.0,-160.0,-3.83
425,69,1.0,,5.0,-21.0,0.0,-12.0,-0.28
425,70,1.0,,5.0,29.0,0.0,14.0,0.34
425,71,2.0,,1.0,-73.0,0.0,-50.0,-1.19
425,72,2.0,,4.0,-203.0,0.0,-79.0,-1.9
425,73,2.0,,4.0,-440.0,-19.0,-109.0,-2.61
425,74,3.0,,4.0,-941.0,-654.0,-859.0,-20.61
425,75,3.0,,4.0,-1441.0,-993.0,-1189.0,-28.54
425,76,3.0,,5.0,-92.0,0.0,-84.0,-2.02
426,66,1.0,,4.0,308.0,0.0,127.0,3.06
426,67,1.0,,4.0,204.0,12.0,96.0,2.31
426,68,1.0,,4.0,-177.0,-99.0,-136.0,-3.27
426,69,1.0,,5.0,-21.0,5.0,-12.0,-0.28
426,70,1.0,,5.0,29.0,0.0,14.0,0.34
426,71,2.0,,1.0,-69.0,0.0,-42.0,-1.0
426,72,2.0,,4.0,-162.0,0.0,-77.0,-1.84
426,73,2.0,,4.0,422.0,8.0,68.0,1.62
426,74,3.0,,4.0,-937.0,-640.0,-846.0,-20.3
426,75,3.0,,4.0,-1403.0,-905.0,-1109.0,-26.61
426,76,3.0,,5.0,-92.0,0.0,-73.0,-1.74
427,66,1.0,,4.0,281.0,163.0,220.0,5.29
427,67,1.0,,4.0,101.0,19.0,57.0,1.37
427,68,1.0,,4.0,-191.0,-48.0,-148.0,-3.55
427,69,1.0,,5.0,-20.0,0.0,-13.0,-0.31
427,70,1.0,,5.0,39.0,0.0,23.0,0.56
427,71,2.0,,1.0,-63.0,0.0,-41.0,-0.99
427,72,2.0,,4.0,-146.0,0.0,-66.0,-1.59
427,73,2.0,,4.0,160.0,-300.0,91.0,2.19
427,74,3.0,,4.0,-929.0,-640.0,-886.0,-21.26
427,75,3.0,,4.0,-1401.0,-1107.0,-1260.0,-30.23
427,76,3.0,,5.0,-137.0,0.0,-85.0,-2.04
428,66,1.0,,4.0,213.0,128.0,158.0,3.8
428,67,1.0,,4.0,92.0,27.0,57.0,1.36
428,68,1.0,,4.0,-196.0,-132.0,-164.0,-3.94
428,69,1.0,,5.0,-23.0,-2.0,-16.0,-0.39
428,70,1.0,,5.0,50.0,-13.0,25.0,0.59
428,71,2.0,,1.0,-72.0,0.0,-38.0,-0.92
428,72,2.0,,4.0,-139.0,0.0,-65.0,-1.55
428,73,2.0,,4.0,335.0,-279.0,87.0,2.09
428,74,3.0,,4.0,-931.0,-780.0,-885.0,-21.25
428,75,3.0,,4.0,-1472.0,-1200.0,-1307.0,-31.37
428,76,3.0,,5.0,-102.0,0.0,-88.0,-2.12
429,66,1.0,,4.0,252.0,65.0,196.0,4.71
429,67,1.0,,4.0,120.0,7.0,44.0,1.05
429,68,1.0,,4.0,-198.0,-126.0,-161.0,-3.87
429,69,1.0,,5.0,-29.0,-13.0,-20.0,-0.47
429,70,1.0,,5.0,47.0,0.0,5.0,0.11
429,71,2.0,,1.0,-72.0,0.0,-43.0,-1.04
429,72,2.0,,4.0,-258.0,0.0,-87.0,-2.08
429,73,2.0,,4.0,-249.0,0.0,-6.0,-0.15
429,74,3.0,,4.0,-928.0,-784.0,-884.0,-21.21
429,75,3.0,,4.0,-1447.0,-1102.0,-1255.0,-30.12
429,76,3.0,,5.0,-95.0,0.0,-79.0,-1.9
430,66,1.0,,4.0,395.0,145.0,236.0,5.66
430,67,1.0,,4.0,-137.0,34.0,-31.0,-0.74
430,68,1.0,,4.0,-186.0,-79.0,-142.0,-3.42
430,69,1.0,,5.0,-19.0,0.0,-10.0,-0.24
430,70,1.0,,5.0,59.0,18.0,39.0,0.93
430,71,2.0,,1.0,0.0,0.0,0.0,-1.06
430,72,2.0,,4.0,-159.0,0.0,-67.0,-1.6
430,73,2.0,,4.0,267.0,83.0,123.0,2.94
430,74,3.0,,4.0,-941.0,-796.0,-899.0,-21.58
430,75,3.0,,4.0,-1443.0,-1053.0,-1259.0,-30.22
430,76,3.0,,5.0,-95.0,0.0,-83.0,-1.98
431,66,1.0,,4.0,495.0,19.0,303.0,7.28
431,67,1.0,,4.0,273.0,-32.0,108.0,2.59
431,68,1.0,,4.0,-204.0,-86.0,-133.0,-3.2
431,69,1.0,,5.0,-13.0,-1.0,-8.0,-0.19
431,70,1.0,,5.0,56.0,31.0,45.0,1.08
431,71,2.0,,1.0,-73.0,0.0,-46.0,-1.11
431,72,2.0,,4.0,-182.0,-77.0,-80.0,-1.92
431,73,2.0,,4.0,234.0,-176.0,75.0,1.81
431,74,3.0,,4.0,-943.0,-789.0,-896.0,-21.49
431,75,3.0,,4.0,-1476.0,-1104.0,-1293.0,-31.04
431,76,3.0,,5.0,-90.0,0.0,-75.0,-1.8
432,66,1.0,,4.0,382.0,125.0,246.0,5.91
432,67,1.0,,4.0,-72.0,47.0,-14.0,-0.33
432,68,1.0,,4.0,-248.0,-106.0,-165.0,-3.97
432,69,1.0,,5.0,-12.0,7.0,-8.0,-0.19
432,70,1.0,,5.0,56.0,0.0,47.0,1.13
432,71,2.0,,1.0,-72.0,0.0,-43.0,-1.04
432,72,2.0,,4.0,-134.0,0.0,-55.0,-1.33
432,73,2.0,,4.0,266.0,0.0,111.0,2.67
432,74,3.0,,4.0,-947.0,-788.0,-902.0,-21.65
432,75,3.0,,4.0,-1478.0,-1056.0,-1285.0,-30.84
432,76,3.0,,5.0,-96.0,0.0,-84.0,-2.02
433,66,1.0,,4.0,217.0,133.0,180.0,4.31
433,67,1.0,,4.0,-100.0,32.0,-37.0,-0.89
433,68,1.0,,4.0,-165.0,-38.0,-98.0,-2.36
433,69,1.0,,5.0,13.0,-12.0,-5.0,-0.11
433,70,1.0,,5.0,59.0,0.0,39.0,0.93
433,71,2.0,,1.0,-70.0,0.0,-40.0,-0.95
433,72,2.0,,4.0,-172.0,0.0,-75.0,-1.79
433,73,2.0,,4.0,-300.0,126.0,-2.0,-0.04
433,74,3.0,,4.0,-948.0,-800.0,-904.0,-21.69
433,75,3.0,,4.0,-1451.0,-847.0,-1185.0,-28.43
433,76,3.0,,5.0,-90.0,0.0,-71.0,-1.7
434,66,1.0,,4.0,398.0,115.0,195.0,4.68
434,67,1.0,,4.0,-150.0,-27.0,-85.0,-2.04
434,68,1.0,,4.0,-193.0,-46.0,-103.0,-2.48
434,69,1.0,,5.0,-10.0,0.0,-4.0,-0.1
434,70,1.0,,5.0,51.0,0.0,43.0,1.04
434,71,2.0,,1.0,-71.0,0.0,-44.0,-1.05
434,72,2.0,,4.0,-189.0,0.0,-131.0,-3.14
434,73,2.0,,4.0,174.0,7.0,84.0,2.02
434,74,3.0,,4.0,-944.0,-796.0,-901.0,-21.62
434,75,3.0,,4.0,-1484.0,-1008.0,-1249.0,-29.97
434,76,3.0,,5.0,-94.0,0.0,-78.0,-1.86
435,66,1.0,,4.0,362.0,54.0,212.0,5.09
435,67,1.0,,4.0,-119.0,31.0,-29.0,-0.69
435,68,1.0,,4.0,-159.0,-67.0,-116.0,-2.78
435,69,1.0,,5.0,-22.0,0.0,-9.0,-0.22
435,70,1.0,,5.0,48.0,30.0,34.0,0.82
435,71,2.0,,1.0,-74.0,0.0,-45.0,-1.07
435,72,2.0,,4.0,-157.0,0.0,-76.0,-1.82
435,73,2.0,,4.0,-192.0,0.0,22.0,0.53
435,74,3.0,,4.0,-941.0,-796.0,-899.0,-21.57
435,75,3.0,,4.0,-1478.0,-1118.0,-1310.0,-31.45
435,76,3.0,,5.0,-98.0,0.0,-87.0,-2.09
436,66,1.0,,4.0,183.0,143.0,163.0,3.91
436,67,1.0,,4.0,-100.0,5.0,-42.0,-1.0
436,68,1.0,,4.0,-123.0,-63.0,-97.0,-2.33
436,69,1.0,,5.0,-13.0,10.0,-4.0,-0.09
436,70,1.0,,5.0,61.0,25.0,44.0,1.05
436,71,2.0,,1.0,0.0,0.0,0.0,-1.06
436,72,2.0,,4.0,-202.0,0.0,-84.0,-2.03
436,73,2.0,,4.0,237.0,29.0,85.0,2.04
436,74,3.0,,4.0,-943.0,-728.0,-896.0,-21.5
436,75,3.0,,4.0,-1471.0,-888.0,-1236.0,-29.67
436,76,3.0,,5.0,-87.0,0.0,-77.0,-1.84
437,66,1.0,,4.0,228.0,150.0,166.0,3.99
437,67,1.0,,4.0,-107.0,41.0,-15.0,-0.36
437,68,1.0,,4.0,-176.0,-76.0,-119.0,-2.86
437,69,1.0,,5.0,-7.0,4.0,-2.0,-0.05
437,70,1.0,,5.0,52.0,25.0,39.0,0.94
437,71,2.0,,1.0,-75.0,0.0,-45.0,-1.08
437,72,2.0,,4.0,-175.0,0.0,-75.0,-1.81
437,73,2.0,,4.0,210.0,20.0,115.0,2.76
437,74,3.0,,4.0,-944.0,-730.0,-893.0,-21.44
437,75,3.0,,4.0,-1435.0,-1101.0,-1324.0,-31.78
437,76,3.0,,5.0,-96.0,0.0,-83.0,-1.98
438,66,1.0,,4.0,483.0,167.0,336.0,8.07
438,67,1.0,,4.0,-141.0,89.0,-20.0,-0.49
438,68,1.0,,4.0,-144.0,-51.0,-98.0,-2.35
438,69,1.0,,5.0,9.0,-5.0,1.0,0.01
438,70,1.0,,5.0,59.0,34.0,45.0,1.07
438,71,2.0,,1.0,0.0,0.0,0.0,0.0
438,72,2.0,,4.0,187.0,0.0,-84.0,-2.02
438,73,2.0,,4.0,258.0,21.0,145.0,3.49
438,74,3.0,,4.0,-942.0,-728.0,-900.0,-21.6
438,75,3.0,,4.0,-1486.0,-1209.0,-1389.0,-33.34
438,76,3.0,,5.0,-92.0,0.0,-87.0,-2.08
439,66,1.0,,4.0,684.0,233.0,495.0,11.88
439,67,1.0,,4.0,483.0,-223.0,145.0,3.48
439,68,1.0,,4.0,-218.0,32.0,-45.0,-1.07
439,69,1.0,,5.0,28.0,0.0,10.0,0.23
439,70,1.0,,5.0,52.0,25.0,48.0,1.16
439,71,2.0,,1.0,-74.0,0.0,-42.0,-1.02
439,72,2.0,,4.0,-210.0,-84.0,-93.0,-2.23
439,73,2.0,,4.0,478.0,38.0,190.0,4.56
439,74,3.0,,4.0,-945.0,-799.0,-903.0,-21.67
439,75,3.0,,4.0,-1480.0,-1106.0,-1355.0,-32.52
439,76,3.0,,5.0,-92.0,0.0,-69.0,-1.66
440,66,1.0,,4.0,735.0,485.0,649.0,15.58
440,67,1.0,,4.0,482.0,106.0,295.0,7.07
440,68,1.0,,4.0,130.0,-118.0,-28.0,-0.68
440,69,1.0,,5.0,30.0,6.0,18.0,0.43
440,70,1.0,,5.0,62.0,28.0,48.0,1.15
440,71,2.0,,1.0,-68.0,0.0,-38.0,-0.92
440,72,2.0,,4.0,-206.0,-83.0,-95.0,-2.27
440,73,2.0,,4.0,544.0,94.0,249.0,5.98
440,74,3.0,,4.0,-947.0,-459.0,-705.0,-16.92
440,75,3.0,,4.0,-1470.0,-1108.0,-1233.0,-29.6
440,76,3.0,,5.0,-83.0,0.0,-63.0,-1.5
441,66,1.0,,4.0,641.0,235.0,426.0,10.21
441,67,1.0,,4.0,464.0,188.0,322.0,7.73
441,68,1.0,,4.0,-128.0,35.0,-11.0,-0.27
441,69,1.0,,5.0,19.0,-7.0,-3.0,-0.08
441,70,1.0,,5.0,49.0,0.0,33.0,0.8
441,71,2.0,,1.0,-73.0,0.0,-42.0,-1.0
441,72,2.0,,4.0,-188.0,0.0,-80.0,-1.93
441,73,2.0,,4.0,429.0,187.0,308.0,7.38
441,74,3.0,,4.0,-945.0,-786.0,-895.0,-21.47
441,75,3.0,,4.0,-1451.0,-1052.0,-1257.0,-30.16
441,76,3.0,,5.0,-82.0,0.0,-68.0,-1.64
442,66,1.0,,4.0,680.0,347.0,397.0,9.53
442,67,1.0,,4.0,850.0,218.0,463.0,11.1
442,68,1.0,,4.0,49.0,-40.0,9.0,0.21
442,69,1.0,,5.0,12.0,0.0,3.0,0.06
442,70,1.0,,5.0,48.0,0.0,33.0,0.79
442,71,2.0,,1.0,-74.0,0.0,-40.0,-0.96
442,72,2.0,,4.0,0.0,0.0,0.0,0.0
442,73,2.0,,4.0,381.0,26.0,258.0,6.18
442,74,3.0,,4.0,-939.0,-784.0,-889.0,-21.33
442,75,3.0,,4.0,-1376.0,-813.0,-1001.0,-24.02
442,76,3.0,,5.0,-88.0,0.0,-70.0,-1.68
443,66,1.0,,4.0,647.0,261.0,440.0,10.57
443,67,1.0,,4.0,804.0,332.0,511.0,12.27
443,68,1.0,,4.0,-54.0,33.0,3.0,0.07
443,69,1.0,,5.0,12.0,0.0,3.0,0.08
443,70,1.0,,5.0,47.0,0.0,34.0,0.82
443,71,2.0,,1.0,-73.0,0.0,-35.0,-0.85
443,72,2.0,,4.0,0.0,0.0,0.0,0.0
443,73,2.0,,4.0,428.0,49.0,245.0,5.89
443,74,3.0,,4.0,-956.0,-784.0,-928.0,-22.27
443,75,3.0,,4.0,-1341.0,-806.0,-1060.0,-25.44
443,76,3.0,,5.0,-91.0,0.0,-73.0,-1.76
444,66,1.0,,4.0,601.0,291.0,436.0,10.46
444,67,1.0,,4.0,629.0,348.0,487.0,11.69
444,68,1.0,,4.0,-83.0,0.0,-8.0,-0.2
444,69,1.0,,5.0,8.0,-22.0,0.0,0.01
444,70,1.0,,5.0,41.0,0.0,33.0,0.78
444,71,2.0,,1.0,0.0,0.0,0.0,-1.01
444,72,2.0,,4.0,0.0,0.0,0.0,0.0
444,73,2.0,,4.0,469.0,252.0,350.0,8.39
444,74,3.0,,4.0,-941.0,-937.0,-941.0,-22.58
444,75,3.0,,4.0,-1322.0,-722.0,-928.0,-22.28
444,76,3.0,,5.0,-90.0,0.0,-72.0,-1.73
445,66,1.0,,4.0,527.0,321.0,380.0,9.12
445,67,1.0,,4.0,708.0,359.0,537.0,12.9
445,68,1.0,,4.0,-78.0,1.0,-5.0,-0.12
445,69,1.0,,5.0,0.0,0.0,0.0,0.0
445,70,1.0,,5.0,43.0,0.0,30.0,0.73
445,71,2.0,,1.0,-70.0,0.0,-36.0,-0.86
445,72,2.0,,4.0,0.0,0.0,-1.0,-0.04
445,73,2.0,,4.0,665.0,330.0,482.0,11.56
445,74,3.0,,4.0,-950.0,-943.0,-946.0,-22.71
445,75,3.0,,4.0,-747.0,-411.0,-513.0,-12.32
445,76,3.0,,5.0,-74.0,0.0,-56.0,-1.34
446,66,1.0,,4.0,665.0,451.0,589.0,14.13
446,67,1.0,,4.0,936.0,478.0,739.0,17.73
446,68,1.0,,4.0,-214.0,27.0,-10.0,-0.24
446,69,1.0,,5.0,18.0,1.0,8.0,0.19
446,70,1.0,,5.0,63.0,27.0,38.0,0.91
446,71,2.0,,1.0,0.0,0.0,0.0,0.0
446,72,2.0,,4.0,0.0,0.0,0.0,0.0
446,73,2.0,,4.0,676.0,373.0,509.0,12.22
446,74,3.0,,4.0,-946.0,-943.0,-945.0,-22.69
446,75,3.0,,4.0,-614.0,-405.0,-465.0,-11.15
446,76,3.0,,5.0,-97.0,0.0,-58.0,-1.38
447,66,1.0,,4.0,715.0,558.0,645.0,15.48
447,67,1.0,,4.0,915.0,296.0,575.0,13.81
447,68,1.0,,4.0,31.0,-23.0,4.0,0.09
447,69,1.0,,5.0,23.0,8.0,9.0,0.21
447,70,1.0,,5.0,59.0,36.0,50.0,1.21
447,71,2.0,,1.0,0.0,0.0,0.0,-0.45
447,72,2.0,,4.0,0.0,0.0,0.0,0.0
447,73,2.0,,4.0,546.0,336.0,472.0,11.33
447,74,3.0,,4.0,-943.0,-939.0,-942.0,-22.6
447,75,3.0,,4.0,-760.0,-404.0,-528.0,-12.67
447,76,3.0,,5.0,-80.0,0.0,-67.0,-1.6
448,66,1.0,,4.0,562.0,346.0,478.0,11.47
448,67,1.0,,4.0,549.0,334.0,426.0,10.22
448,68,1.0,,4.0,-45.0,8.0,-21.0,-0.51
448,69,1.0,,5.0,15.0,2.0,8.0,0.19
448,70,1.0,,5.0,72.0,38.0,52.0,1.25
448,71,2.0,,1.0,38.0,0.0,6.0,0.15
448,72,2.0,,4.0,0.0,0.0,0.0,0.0
448,73,2.0,,4.0,570.0,228.0,457.0,10.97
448,74,3.0,,4.0,-941.0,-939.0,-940.0,-22.56
448,75,3.0,,4.0,-764.0,-455.0,-655.0,-15.71
448,76,3.0,,5.0,-88.0,0.0,-78.0,-1.86
449,66,1.0,,4.0,508.0,405.0,447.0,10.72
449,67,1.0,,4.0,610.0,364.0,457.0,10.96
449,68,1.0,,4.0,-34.0,17.0,-30.0,-0.73
449,69,1.0,,5.0,15.0,5.0,10.0,0.25
449,70,1.0,,5.0,65.0,41.0,52.0,1.25
449,71,2.0,,1.0,-72.0,0.0,-28.0,-0.66
449,72,2.0,,4.0,0.0,0.0,0.0,0.0
449,73,2.0,,4.0,535.0,276.0,419.0,10.06
449,74,3.0,,4.0,-941.0,0.0,-935.0,-22.43
449,75,3.0,,4.0,-758.0,-355.0,-627.0,-15.06
449,76,3.0,,5.0,-93.0,0.0,-83.0,-2.0
450,66,1.0,,4.0,712.0,438.0,584.0,14.02
450,67,1.0,,4.0,884.0,344.0,445.0,10.69
450,68,1.0,,4.0,60.0,-27.0,0.0,0.01
450,69,1.0,,5.0,33.0,9.0,18.0,0.42
450,70,1.0,,5.0,61.0,15.0,41.0,0.98
450,71,2.0,,1.0,0.0,0.0,0.0,-0.8
450,72,2.0,,4.0,0.0,0.0,0.0,0.0
450,73,2.0,,4.0,425.0,25.0,328.0,7.88
450,74,3.0,,4.0,-938.0,-870.0,-934.0,-22.41
450,75,3.0,,4.0,-380.0,-364.0,-371.0,-8.91
450,76,3.0,,5.0,-95.0,0.0,-90.0,-2.16
451,66,1.0,,4.0,770.0,581.0,663.0,15.92
451,67,1.0,,4.0,973.0,438.0,696.0,16.7
451,68,1.0,,4.0,111.0,-83.0,18.0,0.43
451,69,1.0,,5.0,56.0,0.0,14.0,0.34
451,70,1.0,,5.0,60.0,0.0,45.0,1.07
451,71,2.0,,1.0,-70.0,0.0,-37.0,-0.89
451,72,2.0,,4.0,0.0,0.0,0.0,0.0
451,73,2.0,,4.0,558.0,365.0,449.0,10.78
451,74,3.0,,4.0,-940.0,-870.0,-938.0,-22.51
451,75,3.0,,4.0,-380.0,-360.0,-373.0,-8.95
451,76,3.0,,5.0,-98.0,0.0,-88.0,-2.12
452,66,1.0,,4.0,653.0,653.0,653.0,15.76
452,67,1.0,,4.0,867.0,597.0,703.0,16.86
452,68,1.0,,4.0,34.0,-15.0,17.0,0.41
452,69,1.0,,5.0,31.0,7.0,17.0,0.4
452,70,1.0,,5.0,63.0,-17.0,39.0,0.94
452,71,2.0,,1.0,-60.0,0.0,-24.0,-0.58
452,72,2.0,,4.0,0.0,0.0,0.0,0.0
452,73,2.0,,4.0,656.0,263.0,443.0,10.62
452,74,3.0,,4.0,-941.0,0.0,-939.0,-22.53
452,75,3.0,,4.0,-566.0,-181.0,-373.0,-8.96
452,76,3.0,,5.0,-97.0,0.0,-82.0,-1.96
453,66,1.0,,4.0,700.0,487.0,628.0,15.08
453,67,1.0,,4.0,2127.0,639.0,681.0,16.33
453,68,1.0,,4.0,52.0,-26.0,16.0,0.38
453,69,1.0,,5.0,23.0,0.0,11.0,0.27
453,70,1.0,,5.0,65.0,0.0,54.0,1.3
453,71,2.0,,1.0,50.0,0.0,5.0,0.11
453,72,2.0,,4.0,0.0,0.0,0.0,0.0
453,73,2.0,,4.0,596.0,276.0,445.0,10.69
453,74,3.0,,4.0,-933.0,-865.0,-922.0,-22.13
453,75,3.0,,4.0,-761.0,-183.0,-414.0,-9.93
453,76,3.0,,5.0,-94.0,0.0,-85.0,-2.05
454,66,1.0,,4.0,829.0,601.0,664.0,15.93
454,67,1.0,,4.0,748.0,-3.0,518.0,12.43
454,68,1.0,,4.0,-176.0,44.0,-30.0,-0.73
454,69,1.0,,5.0,28.0,6.0,13.0,0.32
454,70,1.0,,5.0,64.0,32.0,52.0,1.24
454,71,2.0,,1.0,0.0,0.0,0.0,0.09
454,72,2.0,,4.0,0.0,0.0,0.0,0.0
454,73,2.0,,4.0,659.0,360.0,480.0,11.51
454,74,3.0,,4.0,-937.0,-861.0,-927.0,-22.25
454,75,3.0,,4.0,-759.0,47.0,-258.0,-6.19
454,76,3.0,,5.0,-94.0,0.0,-73.0,-1.74
455,66,1.0,,4.0,845.0,660.0,725.0,17.41
455,67,1.0,,4.0,784.0,512.0,692.0,16.6
455,68,1.0,,4.0,107.0,1.0,24.0,0.58
455,69,1.0,,5.0,23.0,6.0,17.0,0.4
455,70,1.0,,5.0,60.0,35.0,47.0,1.12
455,71,2.0,,1.0,50.0,0.0,23.0,0.56
455,72,2.0,,4.0,0.0,0.0,0.0,0.0
455,73,2.0,,4.0,585.0,385.0,470.0,11.27
455,74,3.0,,4.0,-943.0,-861.0,-938.0,-22.52
455,75,3.0,,4.0,25.0,0.0,20.0,0.48
455,76,3.0,,5.0,-88.0,0.0,-74.0,-1.77
456,66,1.0,,4.0,804.0,516.0,723.0,17.36
456,67,1.0,,4.0,819.0,700.0,717.0,17.2
456,68,1.0,,4.0,23.0,-6.0,12.0,0.28
456,69,1.0,,5.0,19.0,0.0,15.0,0.36
456,70,1.0,,5.0,54.0,0.0,43.0,1.02
456,71,2.0,,1.0,0.0,0.0,0.0,0.82
456,72,2.0,,4.0,0.0,0.0,0.0,0.0
456,73,2.0,,4.0,575.0,335.0,518.0,12.44
456,74,3.0,,4.0,-953.0,-942.0,-945.0,-22.68
456,75,3.0,,4.0,51.0,0.0,35.0,0.84
456,76,3.0,,5.0,-86.0,0.0,-69.0,-1.66
457,66,1.0,,4.0,718.0,0.0,643.0,15.43
457,67,1.0,,4.0,786.0,709.0,724.0,17.37
457,68,1.0,,4.0,-28.0,24.0,-2.0,-0.06
457,69,1.0,,5.0,12.0,0.0,9.0,0.21
457,70,1.0,,5.0,52.0,0.0,39.0,0.94
457,71,2.0,,1.0,66.0,0.0,44.0,1.05
457,72,2.0,,4.0,0.0,0.0,0.0,0.0
457,73,2.0,,4.0,639.0,394.0,525.0,12.59
457,74,3.0,,4.0,-947.0,-944.0,-946.0,-22.71
457,75,3.0,,4.0,-764.0,0.0,-464.0,-11.14
457,76,3.0,,5.0,-84.0,0.0,-76.0,-1.82
458,66,1.0,,4.0,744.0,691.0,708.0,17.0
458,67,1.0,,4.0,825.0,674.0,713.0,17.11
458,68,1.0,,4.0,59.0,-17.0,12.0,0.28
458,69,1.0,,5.0,27.0,0.0,13.0,0.31
458,70,1.0,,5.0,66.0,0.0,21.0,0.5
458,71,2.0,,1.0,70.0,0.0,41.0,0.99
458,72,2.0,,4.0,0.0,0.0,0.0,0.0
458,73,2.0,,4.0,652.0,525.0,560.0,13.45
458,74,3.0,,4.0,-950.0,-936.0,-945.0,-22.68
458,75,3.0,,4.0,-1513.0,-356.0,-1033.0,-24.8
458,76,3.0,,5.0,-82.0,0.0,-75.0,-1.8
459,66,1.0,,4.0,758.0,681.0,758.0,18.87
459,67,1.0,,4.0,746.0,650.0,670.0,16.09
459,68,1.0,,4.0,57.0,0.0,6.0,0.16
459,69,1.0,,5.0,35.0,0.0,27.0,0.65
459,70,1.0,,5.0,61.0,0.0,52.0,1.25
459,71,2.0,,1.0,68.0,0.0,39.0,0.94
459,72,2.0,,4.0,0.0,0.0,0.0,0.0
459,73,2.0,,4.0,667.0,506.0,584.0,14.01
459,74,3.0,,4.0,-936.0,-491.0,-714.0,-17.14
459,75,3.0,,4.0,-1431.0,-1103.0,-1295.0,-31.08
459,76,3.0,,5.0,-84.0,0.0,-74.0,-1.78
460,66,1.0,,4.0,734.0,421.0,639.0,15.33
460,67,1.0,,4.0,720.0,668.0,671.0,16.1
460,68,1.0,,4.0,54.0,6.0,31.0,0.75
460,69,1.0,,5.0,34.0,0.0,23.0,0.56
460,70,1.0,,5.0,66.0,0.0,52.0,1.25
460,71,2.0,,1.0,0.0,0.0,0.0,0.86
460,72,2.0,,4.0,0.0,0.0,0.0,0.0
460,73,2.0,,4.0,654.0,415.0,555.0,13.33
460,74,3.0,,4.0,-944.0,-860.0,-921.0,-22.1
460,75,3.0,,4.0,-1431.0,-1004.0,-1222.0,-29.32
460,76,3.0,,5.0,-81.0,0.0,-75.0,-1.8
461,66,1.0,,4.0,724.0,684.0,693.0,16.63
461,67,1.0,,4.0,740.0,679.0,681.0,16.34
461,68,1.0,,4.0,43.0,-4.0,18.0,0.42
461,69,1.0,,5.0,34.0,28.0,30.0,0.72
461,70,1.0,,5.0,70.0,40.0,55.0,1.31
461,71,2.0,,1.0,64.0,0.0,41.0,0.98
461,72,2.0,,4.0,0.0,0.0,0.0,0.0
461,73,2.0,,4.0,668.0,440.0,568.0,13.62
461,74,3.0,,4.0,-949.0,-927.0,-931.0,-22.35
461,75,3.0,,4.0,-1181.0,-508.0,-708.0,-17.0
461,76,3.0,,5.0,-78.0,0.0,-64.0,-1.54
462,66,1.0,,4.0,729.0,0.0,641.0,15.38
462,67,1.0,,4.0,746.0,659.0,677.0,16.24
462,68,1.0,,4.0,39.0,5.0,22.0,0.52
462,69,1.0,,5.0,47.0,22.0,32.0,0.76
462,70,1.0,,5.0,71.0,48.0,59.0,1.41
462,71,2.0,,1.0,0.0,0.0,0.0,0.27
462,72,2.0,,4.0,0.0,0.0,0.0,0.0
462,73,2.0,,4.0,718.0,18.0,345.0,8.27
462,74,3.0,,4.0,-985.0,-934.0,-940.0,-22.55
462,75,3.0,,4.0,-755.0,-611.0,-698.0,-16.75
462,76,3.0,,5.0,-92.0,0.0,-78.0,-1.86
463,66,1.0,,4.0,735.0,685.0,717.0,17.22
463,67,1.0,,4.0,905.0,716.0,845.0,20.29
463,68,1.0,,4.0,53.0,17.0,35.0,0.84
463,69,1.0,,5.0,39.0,30.0,34.0,0.81
463,70,1.0,,5.0,70.0,38.0,54.0,1.3
463,71,2.0,,1.0,68.0,0.0,31.0,0.75
463,72,2.0,,4.0,0.0,0.0,0.0,0.0
463,73,2.0,,4.0,712.0,386.0,589.0,14.14
463,74,3.0,,4.0,-942.0,-939.0,-941.0,-22.59
463,75,3.0,,4.0,-1527.0,-700.0,-1135.0,-27.25
463,76,3.0,,5.0,-97.0,0.0,-88.0,-2.1
464,66,1.0,,4.0,748.0,705.0,727.0,17.46
464,67,1.0,,4.0,911.0,710.0,844.0,20.24
464,68,1.0,,4.0,72.0,22.0,33.0,0.79
464,69,1.0,,5.0,37.0,-5.0,8.0,0.2
464,70,1.0,,5.0,68.0,40.0,55.0,1.32
464,71,2.0,,1.0,54.0,0.0,28.0,0.66
464,72,2.0,,4.0,0.0,0.0,0.0,0.0
464,73,2.0,,4.0,457.0,318.0,457.0,15.85
464,74,3.0,,4.0,-940.0,-868.0,-927.0,-22.24
464,75,3.0,,4.0,-1527.0,-1206.0,-1376.0,-33.02
464,76,3.0,,5.0,-92.0,0.0,-85.0,-2.04
465,66,1.0,,4.0,743.0,614.0,676.0,16.23
465,67,1.0,,4.0,903.0,828.0,841.0,20.19
465,68,1.0,,4.0,76.0,17.0,47.0,1.12
465,69,1.0,,5.0,38.0,0.0,4.0,0.1
465,70,1.0,,5.0,64.0,43.0,51.0,1.23
465,71,2.0,,1.0,69.0,0.0,24.0,0.57
465,72,2.0,,4.0,0.0,0.0,0.0,0.0
465,73,2.0,,4.0,689.0,394.0,614.0,14.74
465,74,3.0,,4.0,-947.0,-867.0,-939.0,-22.52
465,75,3.0,,4.0,-1526.0,-1258.0,-1400.0,-33.6
465,76,3.0,,5.0,89.0,0.0,-78.0,-1.88
466,66,1.0,,4.0,720.0,0.0,660.0,15.83
466,67,1.0,,4.0,909.0,834.0,837.0,20.1
466,68,1.0,,4.0,75.0,0.0,5.0,0.11
466,69,1.0,,5.0,40.0,0.0,33.0,0.79
466,70,1.0,,5.0,57.0,0.0,44.0,1.06
466,71,2.0,,1.0,63.0,0.0,41.0,0.98
466,72,2.0,,4.0,0.0,0.0,0.0,0.0
466,73,2.0,,4.0,690.0,410.0,683.0,16.4
466,74,3.0,,4.0,-938.0,-864.0,-933.0,-22.38
466,75,3.0,,4.0,-1528.0,-1246.0,-1405.0,-33.72
466,76,3.0,,5.0,-92.0,0.0,-84.0,-2.02
467,66,1.0,,4.0,361.0,213.0,361.0,19.39
467,67,1.0,,4.0,903.0,763.0,804.0,19.3
467,68,1.0,,4.0,88.0,-80.0,1.0,0.03
467,69,1.0,,5.0,55.0,0.0,21.0,0.5
467,70,1.0,,5.0,61.0,0.0,48.0,1.15
467,71,2.0,,1.0,66.0,0.0,35.0,0.85
467,72,2.0,,4.0,0.0,0.0,0.0,0.0
467,73,2.0,,4.0,730.0,622.0,664.0,15.93
467,74,3.0,,4.0,-942.0,-864.0,-934.0,-22.42
467,75,3.0,,4.0,-1527.0,-1259.0,-1393.0,-33.44
467,76,3.0,,5.0,-101.0,0.0,-88.0,-2.1
468,66,1.0,,4.0,805.0,699.0,744.0,17.87
468,67,1.0,,4.0,977.0,835.0,854.0,20.49
468,68,1.0,,4.0,219.0,0.0,-4.0,-0.1
468,69,1.0,,5.0,48.0,-6.0,37.0,0.88
468,70,1.0,,5.0,68.0,35.0,52.0,1.25
468,71,2.0,,1.0,59.0,0.0,42.0,1.0
468,72,2.0,,4.0,0.0,0.0,0.0,0.0
468,73,2.0,,4.0,732.0,636.0,705.0,16.92
468,74,3.0,,4.0,-949.0,0.0,-939.0,-22.53
468,75,3.0,,4.0,-1378.0,-1052.0,-1216.0,-29.19
468,76,3.0,,5.0,-90.0,0.0,-73.0,-1.74
469,66,1.0,,4.0,763.0,0.0,686.0,16.46
469,67,1.0,,4.0,966.0,851.0,868.0,20.83
469,68,1.0,,4.0,216.0,0.0,-6.0,-0.15
469,69,1.0,,5.0,42.0,29.0,36.0,0.86
469,70,1.0,,5.0,64.0,35.0,51.0,1.21
469,71,2.0,,1.0,68.0,0.0,55.0,1.32
469,72,2.0,,4.0,0.0,0.0,0.0,0.0
469,73,2.0,,4.0,790.0,466.0,693.0,16.62
469,74,3.0,,4.0,-941.0,-864.0,-930.0,-22.33
469,75,3.0,,4.0,-1370.0,-1003.0,-1143.0,-27.43
469,76,3.0,,5.0,-94.0,0.0,-82.0,-1.96
470,66,1.0,,4.0,724.0,498.0,576.0,13.82
470,67,1.0,,4.0,955.0,807.0,831.0,19.95
470,68,1.0,,4.0,140.0,39.0,78.0,1.88
470,69,1.0,,5.0,39.0,29.0,31.0,0.74
470,70,1.0,,5.0,71.0,45.0,55.0,1.31
470,71,2.0,,1.0,69.0,0.0,53.0,1.27
470,72,2.0,,4.0,0.0,0.0,0.0,0.0
470,73,2.0,,4.0,760.0,542.0,666.0,15.99
470,74,3.0,,4.0,-935.0,-864.0,-933.0,-22.4
470,75,3.0,,4.0,-1149.0,-1108.0,-1135.0,-27.24
470,76,3.0,,5.0,-94.0,0.0,-84.0,-2.02
471,66,1.0,,4.0,541.0,503.0,529.0,12.69
471,67,1.0,,4.0,889.0,825.0,831.0,19.96
471,68,1.0,,4.0,127.0,22.0,79.0,1.89
471,69,1.0,,5.0,36.0,21.0,28.0,0.66
471,70,1.0,,5.0,71.0,21.0,53.0,1.28
471,71,2.0,,1.0,66.0,0.0,48.0,1.15
471,72,2.0,,4.0,0.0,0.0,0.0,0.0
471,73,2.0,,4.0,651.0,555.0,626.0,15.03
471,74,3.0,,4.0,-935.0,-859.0,-922.0,-22.14
471,75,3.0,,4.0,-1149.0,-1088.0,-1136.0,-27.26
471,76,3.0,,5.0,-93.0,0.0,-86.0,-2.06
472,66,1.0,,4.0,721.0,528.0,597.0,14.33
472,67,1.0,,4.0,904.0,616.0,831.0,19.95
472,68,1.0,,4.0,153.0,44.0,117.0,2.82
472,69,1.0,,5.0,40.0,23.0,33.0,0.79
472,70,1.0,,5.0,66.0,10.0,48.0,1.16
472,71,2.0,,1.0,67.0,0.0,42.0,1.0
472,72,2.0,,4.0,0.0,0.0,0.0,0.0
472,73,2.0,,4.0,794.0,560.0,624.0,14.97
472,74,3.0,,4.0,-929.0,-859.0,-929.0,-22.3
472,75,3.0,,4.0,-1151.0,-1122.0,-1137.0,-27.3
472,76,3.0,,5.0,-101.0,0.0,-87.0,-2.09
473,66,1.0,,4.0,729.0,674.0,708.0,17.0
473,67,1.0,,4.0,1046.0,801.0,904.0,21.7
473,68,1.0,,4.0,154.0,9.0,71.0,1.71
473,69,1.0,,5.0,43.0,28.0,38.0,0.9
473,70,1.0,,5.0,67.0,38.0,56.0,1.35
473,71,2.0,,1.0,67.0,0.0,22.0,0.53
473,72,2.0,,4.0,0.0,0.0,0.0,0.0
473,73,2.0,,4.0,731.0,595.0,673.0,16.14
473,74,3.0,,4.0,-933.0,-930.0,-933.0,-22.39
473,75,3.0,,4.0,-1147.0,-1117.0,-1137.0,-27.28
473,76,3.0,,5.0,-102.0,0.0,-89.0,-2.14
474,66,1.0,,4.0,748.0,656.0,692.0,16.61
474,67,1.0,,4.0,907.0,825.0,835.0,20.04
474,68,1.0,,4.0,158.0,0.0,13.0,0.31
474,69,1.0,,5.0,62.0,0.0,50.0,1.2
474,70,1.0,,5.0,59.0,0.0,24.0,0.57
474,71,2.0,,1.0,51.0,0.0,10.0,0.24
474,72,2.0,,4.0,0.0,0.0,0.0,0.0
474,73,2.0,,4.0,672.0,585.0,626.0,15.03
474,74,3.0,,4.0,-933.0,-862.0,-922.0,-22.13
474,75,3.0,,4.0,-1153.0,-998.0,-1110.0,-26.65
474,76,3.0,,5.0,-106.0,0.0,-97.0,-2.32
475,66,1.0,,4.0,754.0,690.0,741.0,17.79
475,67,1.0,,4.0,912.0,835.0,852.0,20.45
475,68,1.0,,4.0,166.0,99.0,133.0,3.2
475,69,1.0,,5.0,64.0,0.0,52.0,1.24
475,70,1.0,,5.0,65.0,0.0,25.0,0.6
475,71,2.0,,1.0,0.0,0.0,0.0,0.97
475,72,2.0,,4.0,0.0,0.0,0.0,0.0
475,73,2.0,,4.0,744.0,518.0,606.0,14.55
475,74,3.0,,4.0,-936.0,-863.0,-933.0,-22.4
475,75,3.0,,4.0,-1317.0,-911.0,-1066.0,-25.59
475,76,3.0,,5.0,-101.0,0.0,-82.0,-1.96
476,66,1.0,,4.0,772.0,683.0,699.0,16.78
476,67,1.0,,4.0,916.0,0.0,840.0,20.16
476,68,1.0,,4.0,148.0,86.0,-101.0,-2.43
476,69,1.0,,5.0,40.0,20.0,35.0,0.83
476,70,1.0,,5.0,69.0,39.0,53.0,1.26
476,71,2.0,,1.0,65.0,0.0,44.0,1.05
476,72,2.0,,4.0,0.0,0.0,0.0,0.0
476,73,2.0,,4.0,718.0,613.0,665.0,15.97
476,74,3.0,,4.0,-935.0,-934.0,-935.0,-22.99
476,75,3.0,,4.0,-1372.0,-1006.0,-1193.0,-28.64
476,76,3.0,,5.0,-89.0,0.0,-75.0,-1.8
477,66,1.0,,4.0,785.0,681.0,759.0,18.21
477,67,1.0,,4.0,972.0,847.0,849.0,20.37
477,68,1.0,,4.0,237.0,89.0,-170.0,-4.09
477,69,1.0,,5.0,44.0,27.0,33.0,0.8
477,70,1.0,,5.0,64.0,39.0,52.0,1.25
477,71,2.0,,1.0,66.0,0.0,45.0,1.09
477,72,2.0,,4.0,0.0,0.0,0.0,0.0
477,73,2.0,,4.0,708.0,287.0,607.0,14.56
477,74,3.0,,4.0,-937.0,-935.0,-936.0,-22.46
477,75,3.0,,4.0,-1369.0,-805.0,-1031.0,-24.75
477,76,3.0,,5.0,-92.0,0.0,-79.0,-1.9
478,66,1.0,,4.0,728.0,0.0,656.0,15.75
478,67,1.0,,4.0,932.0,854.0,858.0,20.58
478,68,1.0,,4.0,133.0,65.0,84.0,2.02
478,69,1.0,,5.0,34.0,22.0,30.0,0.72
478,70,1.0,,5.0,66.0,31.0,50.0,1.21
478,71,2.0,,1.0,66.0,0.0,51.0,1.22
478,72,2.0,,4.0,0.0,0.0,0.0,0.0
478,73,2.0,,4.0,726.0,269.0,628.0,15.08
478,74,3.0,,4.0,-937.0,-924.0,-930.0,-22.31
478,75,3.0,,4.0,-1115.0,-809.0,-923.0,-22.14
478,76,3.0,,5.0,-86.0,0.0,-75.0,-1.8
479,66,1.0,,4.0,737.0,691.0,712.0,17.09
479,67,1.0,,4.0,935.0,839.0,849.0,20.39
479,68,1.0,,4.0,148.0,83.0,96.0,2.3
479,69,1.0,,5.0,37.0,27.0,33.0,0.79
479,70,1.0,,5.0,69.0,38.0,58.0,1.38
479,71,2.0,,1.0,70.0,0.0,56.0,1.34
479,72,2.0,,4.0,0.0,0.0,0.0,0.0
479,73,2.0,,4.0,723.0,580.0,612.0,14.69
479,74,3.0,,4.0,-926.0,-924.0,-925.0,-22.2
479,75,3.0,,4.0,-1288.0,-802.0,-927.0,-22.25
479,76,3.0,,5.0,-84.0,0.0,-71.0,-1.7
480,66,1.0,,4.0,729.0,-40.0,616.0,14.79
480,67,1.0,,4.0,911.0,0.0,706.0,16.94
480,68,1.0,,4.0,159.0,77.0,119.0,2.86
480,69,1.0,,5.0,62.0,0.0,29.0,0.69
480,70,1.0,,5.0,67.0,0.0,54.0,1.3
480,71,2.0,,1.0,66.0,0.0,44.0,1.05
480,72,2.0,,4.0,0.0,0.0,0.0,0.0
480,73,2.0,,4.0,686.0,410.0,613.0,14.71
480,74,3.0,,4.0,-927.0,-925.0,-925.0,-22.21
480,75,3.0,,4.0,-1519.0,-1110.0,-1282.0,-30.77
480,76,3.0,,5.0,-90.0,0.0,-77.0,-1.85
481,66,1.0,,4.0,754.0,657.0,715.0,17.16
481,67,1.0,,4.0,901.0,667.0,817.0,19.62
481,68,1.0,,4.0,162.0,95.0,121.0,2.91
481,69,1.0,,5.0,58.0,0.0,34.0,0.82
481,70,1.0,,5.0,71.0,0.0,56.0,1.35
481,71,2.0,,1.0,64.0,0.0,42.0,1.02
481,72,2.0,,4.0,0.0,0.0,0.0,0.0
481,73,2.0,,4.0,706.0,519.0,601.0,14.42
481,74,3.0,,4.0,-926.0,-915.0,-922.0,-22.12
481,75,3.0,,4.0,-1531.0,-1209.0,-1408.0,-33.8
481,76,3.0,,5.0,96.0,0.0,-84.0,-2.02
482,66,1.0,,4.0,1018.0,345.0,652.0,15.64
482,67,1.0,,4.0,901.0,0.0,838.0,20.11
482,68,1.0,,4.0,154.0,90.0,125.0,3.01
482,69,1.0,,5.0,56.0,0.0,38.0,0.92
482,70,1.0,,5.0,70.0,0.0,46.0,1.11
482,71,2.0,,1.0,68.0,0.0,47.0,1.14
482,72,2.0,,4.0,0.0,0.0,0.0,0.0
482,73,2.0,,4.0,685.0,483.0,572.0,13.73
482,74,3.0,,4.0,-920.0,0.0,-707.0,-16.98
482,75,3.0,,4.0,-1466.0,-1198.0,-1330.0,-31.92
482,76,3.0,,5.0,-106.0,0.0,-87.0,-2.08
483,66,1.0,,4.0,720.0,659.0,690.0,16.56
483,67,1.0,,4.0,904.0,812.0,836.0,20.06
483,68,1.0,,4.0,139.0,60.0,115.0,2.75
483,69,1.0,,5.0,41.0,0.0,35.0,0.83
483,70,1.0,,5.0,69.0,0.0,60.0,1.43
483,71,2.0,,1.0,69.0,0.0,53.0,1.27
483,72,2.0,,4.0,0.0,0.0,0.0,0.0
483,73,2.0,,4.0,700.0,459.0,602.0,14.44
483,74,3.0,,4.0,-919.0,-908.0,-913.0,-21.92
483,75,3.0,,4.0,-1518.0,-1162.0,-1370.0,-32.89
483,76,3.0,,5.0,-102.0,0.0,-93.0,-2.22
484,66,1.0,,4.0,706.0,0.0,648.0,15.56
484,67,1.0,,4.0,913.0,839.0,843.0,20.22
484,68,1.0,,4.0,135.0,82.0,115.0,2.75
484,69,1.0,,5.0,36.0,0.0,32.0,0.76
484,70,1.0,,5.0,64.0,0.0,55.0,1.31
484,71,2.0,,1.0,68.0,0.0,42.0,1.01
484,72,2.0,,4.0,0.0,0.0,0.0,0.0
484,73,2.0,,4.0,636.0,411.0,541.0,12.98
484,74,3.0,,4.0,-926.0,-915.0,-923.0,-22.16
484,75,3.0,,4.0,-1522.0,-1302.0,-1395.0,-33.48
484,76,3.0,,5.0,-110.0,0.0,-93.0,-2.22
485,66,1.0,,4.0,737.0,664.0,693.0,16.64
485,67,1.0,,4.0,943.0,0.0,833.0,19.98
485,68,1.0,,4.0,124.0,0.0,115.0,2.75
485,69,1.0,,5.0,47.0,23.0,30.0,0.73
485,70,1.0,,5.0,66.0,48.0,56.0,1.34
485,71,2.0,,1.0,70.0,0.0,30.0,0.73
485,72,2.0,,4.0,0.0,0.0,0.0,0.0
485,73,2.0,,4.0,656.0,370.0,526.0,12.63
485,74,3.0,,4.0,-926.0,-922.0,-925.0,-22.2
485,75,3.0,,4.0,-1525.0,-1401.0,-1464.0,-35.14
485,76,3.0,,5.0,-104.0,0.0,-86.0,-2.06
486,66,1.0,,4.0,704.0,649.0,685.0,16.44
486,67,1.0,,4.0,1027.0,789.0,875.0,21.0
486,68,1.0,,4.0,124.0,0.0,65.0,1.55
486,69,1.0,,5.0,37.0,25.0,30.0,0.73
486,70,1.0,,5.0,68.0,42.0,55.0,1.31
486,71,2.0,,1.0,61.0,0.0,38.0,0.92
486,72,2.0,,4.0,0.0,0.0,0.0,0.0
486,73,2.0,,4.0,629.0,462.0,568.0,13.64
486,74,3.0,,4.0,-936.0,-801.0,-912.0,-21.88
486,75,3.0,,4.0,-1535.0,-1136.0,-1383.0,-33.18
486,76,3.0,,5.0,-101.0,0.0,-94.0,-2.26
487,66,1.0,,4.0,695.0,629.0,658.0,15.79
487,67,1.0,,4.0,1016.0,679.0,788.0,18.91
487,68,1.0,,4.0,124.0,-49.0,1.0,0.02
487,69,1.0,,5.0,37.0,22.0,30.0,0.73
487,70,1.0,,5.0,68.0,45.0,57.0,1.37
487,71,2.0,,1.0,68.0,0.0,55.0,1.31
487,72,2.0,,4.0,0.0,0.0,0.0,0.0
487,73,2.0,,4.0,630.0,420.0,538.0,12.92
487,74,3.0,,4.0,-932.0,-795.0,-897.0,-21.52
487,75,3.0,,4.0,-1524.0,-710.0,-1133.0,-27.18
487,76,3.0,,5.0,-104.0,0.0,-93.0,-2.24
488,66,1.0,,4.0,691.0,415.0,659.0,15.82
488,67,1.0,,4.0,1018.0,677.0,824.0,19.77
488,68,1.0,,4.0,-34.0,12.0,-12.0,-0.3
488,69,1.0,,5.0,36.0,18.0,30.0,0.72
488,70,1.0,,5.0,69.0,43.0,56.0,1.35
488,71,2.0,,1.0,0.0,0.0,0.0,1.35
488,72,2.0,,4.0,0.0,0.0,0.0,0.0
488,73,2.0,,4.0,686.0,489.0,585.0,14.05
488,74,3.0,,4.0,-938.0,-930.0,-937.0,-22.49
488,75,3.0,,4.0,-1525.0,-668.0,-1133.0,-27.2
488,76,3.0,,5.0,-102.0,0.0,-76.0,-1.82
489,66,1.0,,4.0,727.0,656.0,712.0,17.08
489,67,1.0,,4.0,1023.0,559.0,726.0,17.43
489,68,1.0,,4.0,-43.0,0.0,-15.0,-0.36
489,69,1.0,,5.0,37.0,14.0,29.0,0.69
489,70,1.0,,5.0,66.0,45.0,55.0,1.32
489,71,2.0,,1.0,68.0,0.0,55.0,1.33
489,72,2.0,,4.0,0.0,0.0,0.0,0.0
489,73,2.0,,4.0,700.0,239.0,557.0,13.37
489,74,3.0,,4.0,-943.0,-930.0,-942.0,-22.6
489,75,3.0,,4.0,-1084.0,-668.0,-829.0,-19.9
489,76,3.0,,5.0,-77.0,0.0,-66.0,-1.58
490,66,1.0,,4.0,838.0,0.0,680.0,16.33
490,67,1.0,,4.0,942.0,750.0,780.0,18.73
490,68,1.0,,4.0,-35.0,-35.0,-35.0,1.12
490,69,1.0,,5.0,40.0,0.0,34.0,0.82
490,70,1.0,,5.0,66.0,0.0,52.0,1.24
490,71,2.0,,1.0,66.0,0.0,49.0,1.18
490,72,2.0,,4.0,0.0,0.0,0.0,0.0
490,73,2.0,,4.0,689.0,582.0,627.0,15.05
490,74,3.0,,4.0,-938.0,-861.0,-924.0,-22.17
490,75,3.0,,4.0,-1253.0,-707.0,-992.0,-23.82
490,76,3.0,,5.0,-90.0,0.0,-71.0,-1.7
491,66,1.0,,4.0,940.0,594.0,723.0,17.36
491,67,1.0,,4.0,958.0,796.0,903.0,21.67
491,68,1.0,,4.0,-35.0,-35.0,-35.0,1.36
491,69,1.0,,5.0,39.0,19.0,32.0,0.77
491,70,1.0,,5.0,55.0,23.0,55.0,1.32
491,71,2.0,,1.0,65.0,0.0,35.0,0.85
491,72,2.0,,4.0,0.0,0.0,0.0,0.0
491,73,2.0,,4.0,652.0,460.0,550.0,13.2
491,74,3.0,,4.0,-935.0,-862.0,-928.0,-22.27
491,75,3.0,,4.0,-1519.0,-708.0,-1258.0,-30.19
491,76,3.0,,5.0,-86.0,0.0,-75.0,-1.8
492,66,1.0,,4.0,771.0,700.0,729.0,17.49
492,67,1.0,,4.0,946.0,723.0,884.0,21.22
492,68,1.0,,4.0,93.0,-35.0,70.0,1.68
492,69,1.0,,5.0,39.0,14.0,32.0,0.77
492,70,1.0,,5.0,65.0,5.0,42.0,1.0
492,71,2.0,,1.0,69.0,0.0,55.0,1.33
492,72,2.0,,4.0,0.0,0.0,0.0,0.0
492,73,2.0,,4.0,603.0,407.0,529.0,12.69
492,74,3.0,,4.0,-934.0,-920.0,-933.0,-22.39
492,75,3.0,,4.0,-1231.0,-814.0,-1002.0,-24.04
492,76,3.0,,5.0,-89.0,0.0,-76.0,-1.82
493,66,1.0,,4.0,829.0,723.0,763.0,18.32
493,67,1.0,,4.0,1005.0,877.0,893.0,21.42
493,68,1.0,,4.0,86.0,0.0,53.0,1.26
493,69,1.0,,5.0,36.0,10.0,15.0,0.37
493,70,1.0,,5.0,67.0,14.0,44.0,1.05
493,71,2.0,,1.0,72.0,0.0,58.0,1.39
493,72,2.0,,4.0,0.0,0.0,0.0,0.0
493,73,2.0,,4.0,662.0,404.0,560.0,13.43
493,74,3.0,,4.0,-937.0,-934.0,-934.0,-22.42
493,75,3.0,,4.0,-1226.0,-809.0,-1029.0,-24.7
493,76,3.0,,5.0,-86.0,0.0,-75.0,-1.79
494,66,1.0,,4.0,769.0,58.0,338.0,8.12
494,67,1.0,,4.0,920.0,834.0,853.0,20.47
494,68,1.0,,4.0,88.0,41.0,74.0,1.78
494,69,1.0,,5.0,-36.0,8.0,-11.0,-0.27
494,70,1.0,,5.0,-67.0,-12.0,-44.0,-1.05
494,71,2.0,,1.0,68.0,0.0,59.0,1.41
494,72,2.0,,4.0,0.0,0.0,0.0,0.0
494,73,2.0,,4.0,748.0,432.0,644.0,15.46
494,74,3.0,,4.0,-937.0,-823.0,-926.0,-22.23
494,75,3.0,,4.0,-1330.0,-816.0,-1098.0,-26.35
494,76,3.0,,5.0,-97.0,0.0,-83.0,-2.0
495,66,1.0,,4.0,640.0,537.0,591.0,14.18
495,67,1.0,,4.0,930.0,805.0,868.0,20.84
495,68,1.0,,4.0,86.0,47.0,66.0,1.59
495,69,1.0,,5.0,33.0,-8.0,17.0,0.4
495,70,1.0,,5.0,66.0,12.0,38.0,0.91
495,71,2.0,,1.0,67.0,0.0,56.0,1.34
495,72,2.0,,4.0,0.0,0.0,0.0,0.0
495,73,2.0,,4.0,658.0,274.0,540.0,12.97
495,74,3.0,,4.0,-937.0,-823.0,-900.0,-21.61
495,75,3.0,,4.0,-1516.0,-905.0,-1216.0,-29.18
495,76,3.0,,5.0,-96.0,0.0,-83.0,-2.0
496,66,1.0,,4.0,814.0,572.0,711.0,17.07
496,67,1.0,,4.0,951.0,744.0,889.0,21.33
496,68,1.0,,4.0,84.0,32.0,58.0,1.4
496,69,1.0,,5.0,39.0,7.0,30.0,0.73
496,70,1.0,,5.0,67.0,11.0,51.0,1.23
496,71,2.0,,1.0,68.0,0.0,57.0,1.38
496,72,2.0,,4.0,0.0,0.0,0.0,0.0
496,73,2.0,,4.0,740.0,550.0,655.0,15.71
496,74,3.0,,4.0,-927.0,-751.0,-924.0,-22.17
496,75,3.0,,4.0,-1527.0,-1007.0,-1293.0,-31.02
496,76,3.0,,5.0,-88.0,0.0,-77.0,-1.84
497,66,1.0,,4.0,810.0,726.0,746.0,17.9
497,67,1.0,,4.0,959.0,0.0,897.0,21.52
497,68,1.0,,4.0,76.0,37.0,54.0,1.3
497,69,1.0,,5.0,41.0,23.0,26.0,0.63
497,70,1.0,,5.0,65.0,0.0,53.0,1.26
497,71,2.0,,1.0,69.0,0.0,61.0,1.46
497,72,2.0,,4.0,0.0,0.0,0.0,0.0
497,73,2.0,,4.0,757.0,229.0,610.0,14.65
497,74,3.0,,4.0,-915.0,-800.0,-890.0,-21.35
497,75,3.0,,4.0,-1524.0,-1244.0,-1389.0,-33.34
497,76,3.0,,5.0,-89.0,0.0,-77.0,-1.85
498,66,1.0,,4.0,760.0,436.0,690.0,16.57
498,67,1.0,,4.0,955.0,720.0,872.0,20.93
498,68,1.0,,4.0,80.0,33.0,60.0,1.44
498,69,1.0,,5.0,41.0,0.0,33.0,0.78
498,70,1.0,,5.0,68.0,0.0,58.0,1.39
498,71,2.0,,1.0,73.0,0.0,47.0,1.12
498,72,2.0,,4.0,0.0,0.0,0.0,0.0
498,73,2.0,,4.0,700.0,301.0,459.0,11.02
498,74,3.0,,4.0,-924.0,-915.0,-921.0,-22.09
498,75,3.0,,4.0,-1523.0,-1390.0,-1442.0,-34.6
498,76,3.0,,5.0,-85.0,0.0,-77.0,-1.84
500,66,1.0,,4.0,737.0,550.0,696.0,16.7
500,67,1.0,,4.0,1003.0,0.0,871.0,20.91
500,68,1.0,,4.0,83.0,-23.0,30.0,0.72
500,69,1.0,,5.0,44.0,1.0,34.0,0.82
500,70,1.0,,5.0,71.0,56.0,59.0,1.42
500,71,2.0,,1.0,67.0,0.0,52.0,1.25
500,72,2.0,,4.0,0.0,0.0,0.0,0.0
500,73,2.0,,4.0,650.0,404.0,540.0,12.95
500,74,3.0,,4.0,-915.0,-744.0,-915.0,-22.09
500,75,3.0,,4.0,-1527.0,-731.0,-1190.0,-28.57
500,76,3.0,,5.0,-100.0,0.0,-82.0,-1.97
501,66,1.0,,4.0,758.0,628.0,688.0,16.51
501,67,1.0,,4.0,993.0,871.0,898.0,21.56
501,68,1.0,,4.0,96.0,-45.0,26.0,0.63
501,69,1.0,,5.0,70.0,31.0,40.0,0.96
501,70,1.0,,5.0,71.0,19.0,55.0,1.32
501,71,2.0,,1.0,67.0,0.0,48.0,1.15
501,72,2.0,,4.0,0.0,0.0,0.0,0.0
501,73,2.0,,4.0,705.0,406.0,664.0,15.94
501,74,3.0,,4.0,-905.0,-752.0,-869.0,-20.86
501,75,3.0,,4.0,-763.0,-731.0,-752.0,-18.05
501,76,3.0,,5.0,-111.0,0.0,-94.0,-2.26
502,66,1.0,,4.0,894.0,688.0,737.0,17.68
502,67,1.0,,4.0,1012.0,808.0,880.0,21.12
502,68,1.0,,4.0,97.0,-33.0,41.0,0.99
502,69,1.0,,5.0,66.0,29.0,42.0,1.01
502,70,1.0,,5.0,63.0,5.0,35.0,0.84
502,71,2.0,,1.0,68.0,0.0,55.0,1.33
502,72,2.0,,4.0,0.0,0.0,0.0,0.0
502,73,2.0,,4.0,715.0,471.0,625.0,14.99
502,74,3.0,,4.0,-895.0,-752.0,-884.0,-21.21
502,75,3.0,,4.0,-766.0,-738.0,-754.0,-18.1
502,76,3.0,,5.0,104.0,0.0,-94.0,-2.26
503,66,1.0,,4.0,764.0,687.0,710.0,17.03
503,67,1.0,,4.0,963.0,858.0,884.0,21.23
503,68,1.0,,4.0,90.0,13.0,54.0,1.3
503,69,1.0,,5.0,49.0,28.0,35.0,0.83
503,70,1.0,,5.0,71.0,27.0,53.0,1.28
503,71,2.0,,1.0,68.0,0.0,55.0,1.33
503,72,2.0,,4.0,0.0,0.0,0.0,0.0
503,73,2.0,,4.0,669.0,571.0,617.0,14.8
503,74,3.0,,4.0,-890.0,-717.0,-855.0,-20.51
503,75,3.0,,4.0,-768.0,-734.0,-755.0,-18.13
503,76,3.0,,5.0,-103.0,0.0,-78.0,-1.88
504,66,1.0,,4.0,809.0,640.0,738.0,17.7
504,67,1.0,,4.0,1003.0,793.0,871.0,20.91
504,68,1.0,,4.0,108.0,0.0,58.0,1.38
504,69,1.0,,5.0,63.0,0.0,38.0,0.92
504,70,1.0,,5.0,71.0,0.0,59.0,1.42
504,71,2.0,,1.0,67.0,0.0,58.0,1.39
504,72,2.0,,4.0,0.0,0.0,0.0,0.0
504,73,2.0,,4.0,709.0,580.0,679.0,16.3
504,74,3.0,,4.0,-900.0,-717.0,-854.0,-20.5
504,75,3.0,,4.0,-771.0,-739.0,-757.0,-18.17
504,76,3.0,,5.0,-59.0,0.0,-51.0,-1.22
505,66,1.0,,4.0,748.0,694.0,728.0,17.46
505,67,1.0,,4.0,959.0,655.0,885.0,21.23
505,68,1.0,,4.0,82.0,37.0,69.0,1.67
505,69,1.0,,5.0,38.0,29.0,34.0,0.82
505,70,1.0,,5.0,73.0,45.0,60.0,1.44
505,71,2.0,,1.0,70.0,0.0,60.0,1.44
505,72,2.0,,4.0,0.0,0.0,0.0,0.0
505,73,2.0,,4.0,743.0,574.0,689.0,16.53
505,74,3.0,,4.0,-911.0,-748.0,-901.0,-21.62
505,75,3.0,,4.0,-767.0,-738.0,-756.0,-18.15
505,76,3.0,,5.0,-78.0,0.0,-58.0,-1.38
506,66,1.0,,4.0,748.0,0.0,675.0,16.2
506,67,1.0,,4.0,969.0,876.0,883.0,21.19
506,68,1.0,,4.0,73.0,29.0,54.0,1.31
506,69,1.0,,5.0,38.0,0.0,33.0,0.78
506,70,1.0,,5.0,72.0,0.0,54.0,1.3
506,71,2.0,,1.0,0.0,0.0,0.0,1.45
506,72,2.0,,4.0,0.0,0.0,0.0,0.0
506,73,2.0,,4.0,765.0,614.0,666.0,15.98
506,74,3.0,,4.0,-913.0,-909.0,-911.0,-21.85
506,75,3.0,,4.0,-768.0,-737.0,-755.0,-18.12
506,76,3.0,,5.0,-78.0,0.0,-55.0,-1.32
507,66,1.0,,4.0,754.0,677.0,732.0,17.56
507,67,1.0,,4.0,951.0,0.0,893.0,21.44
507,68,1.0,,4.0,110.0,60.0,77.0,1.85
507,69,1.0,,5.0,36.0,0.0,31.0,0.75
507,70,1.0,,5.0,65.0,0.0,46.0,1.1
507,71,2.0,,1.0,68.0,0.0,61.0,1.46
507,72,2.0,,4.0,0.0,0.0,0.0,0.0
507,73,2.0,,4.0,761.0,604.0,664.0,15.94
507,74,3.0,,4.0,-913.0,0.0,-886.0,-21.26
507,75,3.0,,4.0,-771.0,-690.0,-753.0,-18.07
507,76,3.0,,5.0,-64.0,0.0,-55.0,-1.32
508,66,1.0,,4.0,745.0,595.0,714.0,17.13
508,67,1.0,,4.0,955.0,866.0,881.0,21.15
508,68,1.0,,4.0,72.0,69.0,72.0,1.8
508,69,1.0,,5.0,30.0,22.0,26.0,0.62
508,70,1.0,,5.0,64.0,38.0,52.0,1.25
508,71,2.0,,1.0,70.0,0.0,60.0,1.43
508,72,2.0,,4.0,0.0,0.0,0.0,0.0
508,73,2.0,,4.0,736.0,606.0,664.0,15.94
508,74,3.0,,4.0,-912.0,-750.0,-885.0,-21.24
508,75,3.0,,4.0,-777.0,-742.0,-767.0,-18.41
508,76,3.0,,5.0,-56.0,0.0,-45.0,-1.08
509,66,1.0,,4.0,720.0,623.0,669.0,16.06
509,67,1.0,,4.0,934.0,0.0,732.0,17.57
509,68,1.0,,4.0,108.0,70.0,92.0,2.21
509,69,1.0,,5.0,32.0,22.0,28.0,0.66
509,70,1.0,,5.0,73.0,40.0,56.0,1.35
509,71,2.0,,1.0,67.0,0.0,60.0,1.44
509,72,2.0,,4.0,0.0,0.0,0.0,0.0
509,73,2.0,,4.0,750.0,554.0,668.0,16.04
509,74,3.0,,4.0,-906.0,-764.0,-874.0,-20.97
509,75,3.0,,4.0,-770.0,-704.0,-757.0,-18.16
509,76,3.0,,5.0,-49.0,0.0,-33.0,-0.8
510,66,1.0,,4.0,846.0,407.0,604.0,14.48
510,67,1.0,,4.0,1030.0,0.0,546.0,13.1
510,68,1.0,,4.0,174.0,69.0,93.0,2.22
510,69,1.0,,5.0,50.0,22.0,31.0,0.74
510,70,1.0,,5.0,75.0,0.0,59.0,1.42
510,71,2.0,,1.0,70.0,0.0,58.0,1.4
510,72,2.0,,4.0,0.0,0.0,0.0,0.0
510,73,2.0,,4.0,748.0,578.0,668.0,16.04
510,74,3.0,,4.0,-910.0,-761.0,-886.0,-21.26
510,75,3.0,,4.0,-773.0,-663.0,-757.0,-18.17
510,76,3.0,,5.0,-70.0,0.0,-53.0,-1.28
511,66,1.0,,4.0,743.0,551.0,661.0,15.85
511,67,1.0,,4.0,942.0,0.0,873.0,20.96
511,68,1.0,,4.0,89.0,89.0,89.0,2.16
511,69,1.0,,5.0,40.0,23.0,32.0,0.76
511,70,1.0,,5.0,73.0,45.0,63.0,1.51
511,71,2.0,,1.0,66.0,0.0,56.0,1.35
511,72,2.0,,4.0,0.0,0.0,0.0,0.0
511,73,2.0,,4.0,756.0,500.0,675.0,16.2
511,74,3.0,,4.0,-910.0,-761.0,-897.0,-21.53
511,75,3.0,,4.0,-768.0,-684.0,-758.0,-18.18
511,76,3.0,,5.0,-75.0,0.0,-57.0,-1.36
512,66,1.0,,4.0,804.0,643.0,690.0,16.56
512,67,1.0,,4.0,934.0,861.0,866.0,20.79
512,68,1.0,,4.0,89.0,0.0,87.0,2.1
512,69,1.0,,5.0,39.0,12.0,33.0,0.78
512,70,1.0,,5.0,76.0,42.0,64.0,1.53
512,71,2.0,,1.0,0.0,0.0,0.0,0.0
512,72,2.0,,4.0,0.0,0.0,0.0,0.0
512,73,2.0,,4.0,724.0,581.0,655.0,15.73
512,74,3.0,,4.0,-914.0,-910.0,-912.0,-21.88
512,75,3.0,,4.0,-768.0,-741.0,-757.0,-18.17
512,76,3.0,,5.0,-60.0,0.0,-52.0,-1.24
513,66,1.0,,4.0,699.0,606.0,699.0,19.2
513,67,1.0,,4.0,917.0,0.0,853.0,20.46
513,68,1.0,,4.0,89.0,89.0,89.0,2.36
513,69,1.0,,5.0,41.0,27.0,34.0,0.83
513,70,1.0,,5.0,78.0,46.0,60.0,1.45
513,71,2.0,,1.0,68.0,0.0,57.0,1.37
513,72,2.0,,4.0,0.0,0.0,0.0,0.0
513,73,2.0,,4.0,663.0,534.0,592.0,14.2
513,74,3.0,,4.0,-925.0,-769.0,-910.0,-21.85
513,75,3.0,,4.0,-882.0,-716.0,-753.0,-18.07
513,76,3.0,,5.0,-60.0,0.0,-48.0,-1.16
514,66,1.0,,4.0,685.0,531.0,571.0,13.7
514,67,1.0,,4.0,901.0,828.0,832.0,19.96
514,68,1.0,,4.0,126.0,89.0,95.0,2.28
514,69,1.0,,5.0,45.0,0.0,34.0,0.82
514,70,1.0,,5.0,72.0,0.0,53.0,1.27
514,71,2.0,,1.0,69.0,0.0,63.0,1.52
514,72,2.0,,4.0,0.0,0.0,0.0,0.0
514,73,2.0,,4.0,705.0,500.0,595.0,14.28
514,74,3.0,,4.0,-916.0,-913.0,-915.0,-21.96
514,75,3.0,,4.0,-1410.0,-709.0,-1116.0,-26.77
514,76,3.0,,5.0,-61.0,0.0,-51.0,-1.22
515,66,1.0,,4.0,686.0,482.0,556.0,13.34
515,67,1.0,,4.0,989.0,639.0,747.0,17.93
515,68,1.0,,4.0,126.0,64.0,95.0,2.28
515,69,1.0,,5.0,33.0,3.0,30.0,0.72
515,70,1.0,,5.0,75.0,23.0,61.0,1.46
515,71,2.0,,1.0,68.0,0.0,60.0,1.44
515,72,2.0,,4.0,0.0,0.0,0.0,0.0
515,73,2.0,,4.0,715.0,573.0,637.0,15.28
515,74,3.0,,4.0,-916.0,-723.0,-876.0,-21.03
515,75,3.0,,4.0,-1541.0,-710.0,-1205.0,-28.92
515,76,3.0,,5.0,-61.0,0.0,-57.0,-1.36
516,66,1.0,,4.0,686.0,473.0,560.0,13.43
516,67,1.0,,4.0,880.0,662.0,775.0,18.6
516,68,1.0,,4.0,101.0,72.0,86.0,2.08
516,69,1.0,,5.0,39.0,0.0,29.0,0.7
516,70,1.0,,5.0,73.0,48.0,61.0,1.47
516,71,2.0,,1.0,69.0,0.0,60.0,1.43
516,72,2.0,,4.0,0.0,0.0,0.0,0.0
516,73,2.0,,4.0,808.0,640.0,735.0,17.64
516,74,3.0,,4.0,-914.0,-723.0,-886.0,-21.25
516,75,3.0,,4.0,-1536.0,-1114.0,-1205.0,-28.91
516,76,3.0,,5.0,-92.0,0.0,-67.0,-1.6
517,66,1.0,,4.0,608.0,437.0,534.0,12.82
517,67,1.0,,4.0,828.0,678.0,739.0,17.75
517,68,1.0,,4.0,73.0,73.0,73.0,2.46
517,69,1.0,,5.0,65.0,19.0,41.0,0.97
517,70,1.0,,5.0,75.0,0.0,38.0,0.91
517,71,2.0,,1.0,70.0,0.0,55.0,1.33
517,72,2.0,,4.0,0.0,0.0,0.0,0.0
517,73,2.0,,4.0,814.0,582.0,694.0,16.65
517,74,3.0,,4.0,-914.0,-674.0,-884.0,-21.21
517,75,3.0,,4.0,-1514.0,-707.0,-980.0,-23.52
517,76,3.0,,5.0,-73.0,0.0,-63.0,-1.5
518,66,1.0,,4.0,719.0,457.0,548.0,13.15
518,67,1.0,,4.0,705.0,585.0,615.0,14.75
518,68,1.0,,4.0,73.0,73.0,73.0,1.85
518,69,1.0,,5.0,40.0,18.0,28.0,0.68
518,70,1.0,,5.0,75.0,48.0,60.0,1.43
518,71,2.0,,1.0,68.0,0.0,56.0,1.34
518,72,2.0,,4.0,0.0,0.0,0.0,0.0
518,73,2.0,,4.0,856.0,486.0,715.0,17.16
518,74,3.0,,4.0,-916.0,-671.0,-863.0,-20.7
518,75,3.0,,4.0,-1535.0,-707.0,-1219.0,-29.26
518,76,3.0,,5.0,-73.0,0.0,-66.0,-1.58
519,66,1.0,,4.0,739.0,588.0,631.0,15.13
519,67,1.0,,4.0,877.0,605.0,790.0,18.97
519,68,1.0,,4.0,138.0,69.0,99.0,2.37
519,69,1.0,,5.0,42.0,32.0,37.0,0.88
519,70,1.0,,5.0,71.0,47.0,59.0,1.41
519,71,2.0,,1.0,69.0,0.0,57.0,1.36
519,72,2.0,,4.0,0.0,0.0,0.0,0.0
519,73,2.0,,4.0,830.0,515.0,652.0,15.65
519,74,3.0,,4.0,-893.0,-668.0,-836.0,-20.06
519,75,3.0,,4.0,-1538.0,-1117.0,-1364.0,-32.74
519,76,3.0,,5.0,-73.0,0.0,-66.0,-1.58
520,66,1.0,,4.0,729.0,612.0,703.0,16.88
520,67,1.0,,4.0,854.0,774.0,819.0,19.67
520,68,1.0,,4.0,147.0,82.0,119.0,2.87
520,69,1.0,,5.0,54.0,0.0,40.0,0.96
520,70,1.0,,5.0,74.0,20.0,49.0,1.18
520,71,2.0,,1.0,65.0,0.0,54.0,1.29
520,72,2.0,,4.0,0.0,0.0,0.0,0.0
520,73,2.0,,4.0,792.0,602.0,714.0,17.14
520,74,3.0,,4.0,-900.0,-704.0,-845.0,-20.27
520,75,3.0,,4.0,-1540.0,-1215.0,-1424.0,-34.16
520,76,3.0,,5.0,-78.0,0.0,-63.0,-1.52
521,66,1.0,,4.0,778.0,556.0,665.0,15.97
521,67,1.0,,4.0,874.0,659.0,805.0,19.32
521,68,1.0,,4.0,119.0,100.0,112.0,2.68
521,69,1.0,,5.0,52.0,10.0,36.0,0.87
521,70,1.0,,5.0,71.0,15.0,45.0,1.07
521,71,2.0,,1.0,66.0,0.0,53.0,1.27
521,72,2.0,,4.0,0.0,0.0,0.0,0.0
521,73,2.0,,4.0,756.0,44.0,671.0,16.11
521,74,3.0,,4.0,-904.0,-712.0,-847.0,-20.33
521,75,3.0,,4.0,-1527.0,-1252.0,-1399.0,-33.58
521,76,3.0,,5.0,-87.0,0.0,-67.0,-1.6
522,66,1.0,,4.0,752.0,524.0,625.0,15.01
522,67,1.0,,4.0,876.0,576.0,802.0,19.25
522,68,1.0,,4.0,118.0,2.0,84.0,2.02
522,69,1.0,,5.0,46.0,0.0,34.0,0.82
522,70,1.0,,5.0,70.0,0.0,60.0,1.45
522,71,2.0,,1.0,0.0,0.0,0.0,1.38
522,72,2.0,,4.0,0.0,0.0,0.0,0.0
522,73,2.0,,4.0,833.0,574.0,691.0,16.59
522,74,3.0,,4.0,-906.0,-711.0,-848.0,-20.34
522,75,3.0,,4.0,-1532.0,-1346.0,-1448.0,-34.74
522,76,3.0,,5.0,-76.0,0.0,-64.0,-1.54
523,66,1.0,,4.0,881.0,541.0,754.0,18.09
523,67,1.0,,4.0,882.0,645.0,781.0,18.73
523,68,1.0,,4.0,108.0,-53.0,64.0,1.53
523,69,1.0,,5.0,57.0,0.0,34.0,0.82
523,70,1.0,,5.0,75.0,0.0,64.0,1.54
523,71,2.0,,1.0,69.0,0.0,59.0,1.41
523,72,2.0,,4.0,13.0,0.0,3.0,0.08
523,73,2.0,,4.0,840.0,539.0,706.0,16.95
523,74,3.0,,4.0,-899.0,-709.0,-844.0,-20.24
523,75,3.0,,4.0,-1481.0,-995.0,-1203.0,-28.87
523,76,3.0,,5.0,-75.0,0.0,-66.0,-1.58
524,66,1.0,,4.0,831.0,581.0,758.0,18.19
524,67,1.0,,4.0,904.0,682.0,812.0,19.49
524,68,1.0,,4.0,182.0,61.0,116.0,2.79
524,69,1.0,,5.0,47.0,-6.0,26.0,0.63
524,70,1.0,,5.0,70.0,12.0,52.0,1.25
524,71,2.0,,1.0,72.0,0.0,61.0,1.47
524,72,2.0,,4.0,71.0,11.0,16.0,0.38
524,73,2.0,,4.0,845.0,515.0,743.0,17.84
524,74,3.0,,4.0,-905.0,-709.0,-876.0,-21.04
524,75,3.0,,4.0,-1041.0,-906.0,-1041.0,-28.38
524,76,3.0,,5.0,-98.0,0.0,-54.0,-1.3
525,66,1.0,,4.0,765.0,0.0,682.0,16.37
525,67,1.0,,4.0,862.0,800.0,818.0,19.62
525,68,1.0,,4.0,224.0,83.0,128.0,3.08
525,69,1.0,,5.0,38.0,0.0,30.0,0.72
525,70,1.0,,5.0,69.0,0.0,60.0,1.43
525,71,2.0,,1.0,68.0,0.0,61.0,1.46
525,72,2.0,,4.0,56.0,2.0,27.0,0.64
525,73,2.0,,4.0,799.0,690.0,739.0,17.73
525,74,3.0,,4.0,-902.0,0.0,-890.0,-21.36
525,75,3.0,,4.0,-1033.0,-997.0,-1017.0,-24.4
525,76,3.0,,5.0,-78.0,0.0,-65.0,-1.56
526,66,1.0,,4.0,766.0,701.0,743.0,17.84
526,67,1.0,,4.0,866.0,809.0,836.0,20.07
526,68,1.0,,4.0,137.0,79.0,108.0,2.6
526,69,1.0,,5.0,56.0,24.0,31.0,0.74
526,70,1.0,,5.0,70.0,0.0,55.0,1.33
526,71,2.0,,1.0,67.0,0.0,57.0,1.37
526,72,2.0,,4.0,50.0,7.0,27.0,0.64
526,73,2.0,,4.0,794.0,486.0,680.0,16.32
526,74,3.0,,4.0,-897.0,-890.0,-893.0,-21.44
526,75,3.0,,4.0,-1033.0,-995.0,-1016.0,-24.39
526,76,3.0,,5.0,-78.0,0.0,-69.0,-1.66
527,66,1.0,,4.0,747.0,688.0,747.0,18.24
527,67,1.0,,4.0,856.0,794.0,824.0,19.77
527,68,1.0,,4.0,130.0,64.0,97.0,2.33
527,69,1.0,,5.0,53.0,20.0,30.0,0.73
527,70,1.0,,5.0,69.0,19.0,55.0,1.32
527,71,2.0,,1.0,69.0,0.0,56.0,1.34
527,72,2.0,,4.0,18.0,-6.0,10.0,0.24
527,73,2.0,,4.0,761.0,602.0,647.0,15.53
527,74,3.0,,4.0,-897.0,-880.0,-888.0,-21.31
527,75,3.0,,4.0,-1073.0,-972.0,-1020.0,-24.48
527,76,3.0,,5.0,-86.0,0.0,-72.0,-1.72
528,66,1.0,,4.0,820.0,655.0,738.0,17.71
528,67,1.0,,4.0,850.0,783.0,819.0,19.65
528,68,1.0,,4.0,123.0,60.0,98.0,2.36
528,69,1.0,,5.0,39.0,13.0,28.0,0.67
528,70,1.0,,5.0,63.0,21.0,58.0,1.39
528,71,2.0,,1.0,68.0,0.0,55.0,1.31
528,72,2.0,,4.0,41.0,6.0,37.0,0.88
528,73,2.0,,4.0,732.0,570.0,678.0,16.26
528,74,3.0,,4.0,-906.0,-885.0,-895.0,-21.48
528,75,3.0,,4.0,-1046.0,-995.0,-1021.0,-24.51
528,76,3.0,,5.0,-86.0,0.0,-74.0,-1.78
529,66,1.0,,4.0,787.0,619.0,718.0,17.22
529,67,1.0,,4.0,1038.0,815.0,852.0,20.45
529,68,1.0,,4.0,219.0,-14.0,89.0,2.15
529,69,1.0,,5.0,34.0,20.0,25.0,0.61
529,70,1.0,,5.0,71.0,23.0,51.0,1.23
529,71,2.0,,1.0,69.0,0.0,55.0,1.32
529,72,2.0,,4.0,17.0,9.0,16.0,0.38
529,73,2.0,,4.0,714.0,532.0,604.0,14.5
529,74,3.0,,4.0,-906.0,-714.0,-878.0,-21.08
529,75,3.0,,4.0,-1042.0,-996.0,-1021.0,-24.51
529,76,3.0,,5.0,-91.0,0.0,-81.0,-1.94
530,66,1.0,,4.0,802.0,0.0,673.0,16.15
530,67,1.0,,4.0,864.0,792.0,831.0,19.95
530,68,1.0,,4.0,127.0,63.0,102.0,2.44
530,69,1.0,,5.0,33.0,0.0,25.0,0.6
530,70,1.0,,5.0,68.0,0.0,50.0,1.21
530,71,2.0,,1.0,65.0,0.0,37.0,0.88
530,72,2.0,,4.0,14.0,0.0,-7.0,-0.17
530,73,2.0,,4.0,736.0,426.0,599.0,14.37
530,74,3.0,,4.0,-905.0,-738.0,-870.0,-20.87
530,75,3.0,,4.0,-1132.0,-1002.0,-1039.0,-24.92
530,76,3.0,,5.0,-83.0,0.0,-72.0,-1.73
531,66,1.0,,4.0,732.0,0.0,676.0,16.22
531,67,1.0,,4.0,851.0,792.0,817.0,19.62
531,68,1.0,,4.0,124.0,65.0,94.0,2.26
531,69,1.0,,5.0,37.0,0.0,28.0,0.66
531,70,1.0,,5.0,68.0,0.0,58.0,1.39
531,71,2.0,,1.0,0.0,0.0,0.0,0.87
531,72,2.0,,4.0,73.0,3.0,34.0,0.83
531,73,2.0,,4.0,704.0,478.0,629.0,15.09
531,74,3.0,,4.0,-905.0,0.0,-712.0,-17.08
531,75,3.0,,4.0,-1126.0,-914.0,-1037.0,-24.89
531,76,3.0,,5.0,-82.0,0.0,-62.0,-1.48
532,66,1.0,,4.0,787.0,718.0,738.0,17.72
532,67,1.0,,4.0,880.0,828.0,845.0,20.28
532,68,1.0,,4.0,117.0,65.0,88.0,2.11
532,69,1.0,,5.0,34.0,0.0,29.0,0.69
532,70,1.0,,5.0,70.0,0.0,58.0,1.38
532,71,2.0,,1.0,67.0,0.0,28.0,0.68
532,72,2.0,,4.0,68.0,-3.0,32.0,0.76
532,73,2.0,,4.0,868.0,516.0,649.0,15.58
532,74,3.0,,4.0,-471.0,-284.0,-456.0,-10.95
532,75,3.0,,4.0,-1116.0,-811.0,-922.0,-22.13
532,76,3.0,,5.0,-58.0,0.0,-50.0,-1.2
533,66,1.0,,4.0,767.0,721.0,750.0,17.99
533,67,1.0,,4.0,889.0,819.0,858.0,20.6
533,68,1.0,,4.0,106.0,65.0,83.0,2.0
533,69,1.0,,5.0,34.0,22.0,28.0,0.67
533,70,1.0,,5.0,72.0,47.0,58.0,1.4
533,71,2.0,,1.0,69.0,0.0,49.0,1.17
533,72,2.0,,4.0,54.0,20.0,38.0,0.9
533,73,2.0,,4.0,721.0,480.0,631.0,15.14
533,74,3.0,,4.0,-927.0,-478.0,-647.0,-15.53
533,75,3.0,,4.0,-1131.0,-811.0,-908.0,-21.8
533,76,3.0,,5.0,-56.0,0.0,-48.0,-1.14
534,66,1.0,,4.0,756.0,712.0,756.0,18.47
534,67,1.0,,4.0,990.0,827.0,860.0,20.65
534,68,1.0,,4.0,154.0,58.0,100.0,2.4
534,69,1.0,,5.0,42.0,28.0,34.0,0.83
534,70,1.0,,5.0,72.0,43.0,60.0,1.43
534,71,2.0,,1.0,67.0,0.0,50.0,1.19
534,72,2.0,,4.0,62.0,15.0,42.0,1.02
534,73,2.0,,4.0,748.0,518.0,641.0,15.38
534,74,3.0,,4.0,-919.0,-476.0,-753.0,-18.07
534,75,3.0,,4.0,-1117.0,-808.0,-907.0,-21.77
534,76,3.0,,5.0,-70.0,0.0,-55.0,-1.32
535,66,1.0,,4.0,733.0,659.0,733.0,18.77
535,67,1.0,,4.0,908.0,842.0,873.0,20.96
535,68,1.0,,4.0,153.0,61.0,110.0,2.63
535,69,1.0,,5.0,43.0,28.0,33.0,0.79
535,70,1.0,,5.0,75.0,46.0,60.0,1.43
535,71,2.0,,1.0,67.0,0.0,60.0,1.44
535,72,2.0,,4.0,64.0,31.0,45.0,1.09
535,73,2.0,,4.0,802.0,678.0,763.0,18.32
535,74,3.0,,4.0,-909.0,-902.0,-904.0,-21.7
535,75,3.0,,4.0,-1128.0,-999.0,-1042.0,-25.01
535,76,3.0,,5.0,-81.0,0.0,-67.0,-1.6
536,66,1.0,,4.0,760.0,516.0,563.0,13.5
536,67,1.0,,4.0,893.0,677.0,850.0,20.4
536,68,1.0,,4.0,154.0,91.0,135.0,3.24
536,69,1.0,,5.0,36.0,-19.0,27.0,0.64
536,70,1.0,,5.0,83.0,35.0,60.0,1.43
536,71,2.0,,1.0,64.0,0.0,53.0,1.27
536,72,2.0,,4.0,62.0,9.0,53.0,1.28
536,73,2.0,,4.0,793.0,606.0,685.0,16.45
536,74,3.0,,4.0,-904.0,-759.0,-874.0,-20.99
536,75,3.0,,4.0,-1137.0,-982.0,-1038.0,-24.91
536,76,3.0,,5.0,-103.0,0.0,-76.0,-1.82
537,66,1.0,,4.0,776.0,546.0,575.0,13.8
537,67,1.0,,4.0,794.0,529.0,707.0,16.97
537,68,1.0,,4.0,164.0,83.0,118.0,2.84
537,69,1.0,,5.0,46.0,27.0,34.0,0.81
537,70,1.0,,5.0,77.0,50.0,66.0,1.59
537,71,2.0,,1.0,68.0,0.0,47.0,1.12
537,72,2.0,,4.0,56.0,11.0,41.0,0.99
537,73,2.0,,4.0,742.0,540.0,662.0,15.88
537,74,3.0,,4.0,-904.0,-746.0,-862.0,-20.69
537,75,3.0,,4.0,-1135.0,-995.0,-1037.0,-24.9
537,76,3.0,,5.0,-93.0,0.0,-69.0,-1.65
538,66,1.0,,4.0,741.0,551.0,608.0,14.58
538,67,1.0,,4.0,853.0,530.0,701.0,16.82
538,68,1.0,,4.0,242.0,55.0,101.0,2.42
538,69,1.0,,5.0,40.0,0.0,33.0,0.79
538,70,1.0,,5.0,74.0,0.0,64.0,1.54
538,71,2.0,,1.0,64.0,0.0,44.0,1.06
538,72,2.0,,4.0,64.0,38.0,43.0,1.04
538,73,2.0,,4.0,738.0,552.0,653.0,15.66
538,74,3.0,,4.0,-900.0,-746.0,-874.0,-20.97
538,75,3.0,,4.0,-1123.0,-1002.0,-1038.0,-24.92
538,76,3.0,,5.0,-86.0,0.0,-66.0,-1.58
539,66,1.0,,4.0,719.0,637.0,672.0,16.12
539,67,1.0,,4.0,848.0,796.0,816.0,19.58
539,68,1.0,,4.0,135.0,78.0,117.0,2.8
539,69,1.0,,5.0,41.0,0.0,33.0,0.78
539,70,1.0,,5.0,67.0,0.0,61.0,1.47
539,71,2.0,,1.0,68.0,0.0,49.0,1.18
539,72,2.0,,4.0,102.0,41.0,50.0,1.2
539,73,2.0,,4.0,770.0,555.0,690.0,16.55
539,74,3.0,,4.0,-899.0,-686.0,-852.0,-20.45
539,75,3.0,,4.0,-1124.0,-855.0,-1019.0,-24.45
539,76,3.0,,5.0,-72.0,0.0,-61.0,-1.46
540,66,1.0,,4.0,696.0,562.0,595.0,14.27
540,67,1.0,,4.0,917.0,811.0,837.0,20.09
540,68,1.0,,4.0,167.0,69.0,117.0,2.82
540,69,1.0,,5.0,33.0,0.0,25.0,0.6
540,70,1.0,,5.0,68.0,0.0,58.0,1.38
540,71,2.0,,1.0,66.0,0.0,40.0,0.95
540,72,2.0,,4.0,41.0,6.0,41.0,1.82
540,73,2.0,,4.0,674.0,122.0,351.0,8.42
540,74,3.0,,4.0,-459.0,-438.0,-448.0,-10.74
540,75,3.0,,4.0,-1122.0,-993.0,-1039.0,-24.93
540,76,3.0,,5.0,-82.0,0.0,-67.0,-1.6
541,66,1.0,,4.0,633.0,508.0,565.0,13.55
541,67,1.0,,4.0,844.0,563.0,728.0,17.46
541,68,1.0,,4.0,134.0,60.0,100.0,2.39
541,69,1.0,,5.0,31.0,0.0,25.0,0.6
541,70,1.0,,5.0,70.0,0.0,60.0,1.44
541,71,2.0,,1.0,64.0,0.0,32.0,0.76
541,72,2.0,,4.0,107.0,0.0,79.0,1.9
541,73,2.0,,4.0,650.0,268.0,532.0,12.76
541,74,3.0,,4.0,-449.0,-380.0,-437.0,-10.49
541,75,3.0,,4.0,-1125.0,-1001.0,-1039.0,-24.93
541,76,3.0,,5.0,-87.0,0.0,-73.0,-1.74
542,66,1.0,,4.0,760.0,633.0,724.0,17.39
542,67,1.0,,4.0,875.0,667.0,788.0,18.92
542,68,1.0,,4.0,136.0,59.0,102.0,2.44
542,69,1.0,,5.0,30.0,10.0,23.0,0.55
542,70,1.0,,5.0,70.0,46.0,60.0,1.44
542,71,2.0,,1.0,64.0,0.0,29.0,0.7
542,72,2.0,,4.0,84.0,16.0,51.0,1.23
542,73,2.0,,4.0,729.0,415.0,567.0,13.6
542,74,3.0,,4.0,-904.0,-455.0,-824.0,-19.78
542,75,3.0,,4.0,-1130.0,-998.0,-1041.0,-24.99
542,76,3.0,,5.0,-80.0,0.0,-67.0,-1.6
543,66,1.0,,4.0,732.0,524.0,556.0,13.34
543,67,1.0,,4.0,883.0,802.0,841.0,20.19
543,68,1.0,,4.0,117.0,57.0,86.0,2.06
543,69,1.0,,5.0,34.0,23.0,29.0,0.69
543,70,1.0,,5.0,66.0,42.0,55.0,1.31
543,71,2.0,,1.0,56.0,0.0,42.0,1.0
543,72,2.0,,4.0,56.0,7.0,31.0,0.75
543,73,2.0,,4.0,792.0,581.0,671.0,16.1
543,74,3.0,,4.0,-912.0,-905.0,-907.0,-21.77
543,75,3.0,,4.0,-1122.0,-999.0,-1039.0,-24.94
543,76,3.0,,5.0,-80.0,0.0,-59.0,-1.42
544,66,1.0,,4.0,841.0,718.0,793.0,19.03
544,67,1.0,,4.0,902.0,841.0,861.0,20.66
544,68,1.0,,4.0,137.0,65.0,97.0,2.33
544,69,1.0,,5.0,33.0,13.0,28.0,0.67
544,70,1.0,,5.0,63.0,25.0,49.0,1.18
544,71,2.0,,1.0,67.0,0.0,56.0,1.35
544,72,2.0,,4.0,42.0,7.0,27.0,0.66
544,73,2.0,,4.0,800.0,296.0,738.0,17.71
544,74,3.0,,4.0,-910.0,-905.0,-907.0,-21.76
544,75,3.0,,4.0,-1136.0,-913.0,-1017.0,-24.4
544,76,3.0,,5.0,-56.0,0.0,-50.0,-1.2
545,66,1.0,,4.0,784.0,724.0,753.0,18.07
545,67,1.0,,4.0,982.0,826.0,897.0,21.53
545,68,1.0,,4.0,108.0,-11.0,58.0,1.4
545,69,1.0,,5.0,35.0,20.0,29.0,0.7
545,70,1.0,,5.0,60.0,34.0,51.0,1.22
545,71,2.0,,1.0,69.0,0.0,57.0,1.37
545,72,2.0,,4.0,34.0,0.0,15.0,0.35
545,73,2.0,,4.0,844.0,148.0,699.0,16.77
545,74,3.0,,4.0,-922.0,-907.0,-911.0,-21.86
545,75,3.0,,4.0,-1134.0,-810.0,-976.0,-23.42
545,76,3.0,,5.0,-66.0,0.0,-55.0,-1.32
546,66,1.0,,4.0,775.0,0.0,715.0,17.16
546,67,1.0,,4.0,895.0,729.0,764.0,18.34
546,68,1.0,,4.0,-111.0,106.0,18.0,0.44
546,69,1.0,,5.0,30.0,0.0,26.0,0.62
546,70,1.0,,5.0,57.0,0.0,49.0,1.17
546,71,2.0,,1.0,66.0,0.0,52.0,1.25
546,72,2.0,,4.0,47.0,15.0,23.0,0.55
546,73,2.0,,4.0,270.0,56.0,134.0,3.21
546,74,3.0,,4.0,-912.0,-910.0,-912.0,-21.88
546,75,3.0,,4.0,-1127.0,-906.0,-1001.0,-24.03
546,76,3.0,,5.0,-71.0,0.0,-62.0,-1.48
547,66,1.0,,4.0,846.0,734.0,777.0,18.65
547,67,1.0,,4.0,902.0,833.0,868.0,20.84
547,68,1.0,,4.0,110.0,53.0,85.0,2.04
547,69,1.0,,5.0,32.0,0.0,27.0,0.64
547,70,1.0,,5.0,61.0,0.0,53.0,1.27
547,71,2.0,,1.0,66.0,0.0,57.0,1.38
547,72,2.0,,4.0,-11.0,0.0,-2.0,-0.05
547,73,2.0,,4.0,280.0,87.0,236.0,5.65
547,74,3.0,,4.0,-913.0,-911.0,-912.0,-21.89
547,75,3.0,,4.0,-1133.0,-976.0,-1041.0,-24.98
547,76,3.0,,5.0,-80.0,0.0,-68.0,-1.64
548,66,1.0,,4.0,792.0,723.0,743.0,17.84
548,67,1.0,,4.0,893.0,643.0,833.0,19.99
548,68,1.0,,4.0,129.0,62.0,105.0,2.52
548,69,1.0,,5.0,39.0,0.0,31.0,0.74
548,70,1.0,,5.0,64.0,0.0,55.0,1.31
548,71,2.0,,1.0,66.0,0.0,53.0,1.27
548,72,2.0,,4.0,-11.0,0.0,-4.0,-0.1
548,73,2.0,,4.0,250.0,30.0,205.0,4.92
548,74,3.0,,4.0,-908.0,-904.0,-905.0,-21.71
548,75,3.0,,4.0,-1538.0,-903.0,-1149.0,-27.58
548,76,3.0,,5.0,-81.0,0.0,-68.0,-1.63
549,66,1.0,,4.0,787.0,691.0,757.0,18.16
549,67,1.0,,4.0,901.0,676.0,841.0,20.18
549,68,1.0,,4.0,138.0,48.0,98.0,2.34
549,69,1.0,,5.0,37.0,0.0,30.0,0.73
549,70,1.0,,5.0,70.0,0.0,52.0,1.25
549,71,2.0,,1.0,67.0,0.0,56.0,1.34
549,72,2.0,,4.0,-12.0,-10.0,-12.0,-0.59
549,73,2.0,,4.0,268.0,20.0,201.0,4.82
549,74,3.0,,4.0,-916.0,-773.0,-892.0,-21.4
549,75,3.0,,4.0,-1394.0,-994.0,-1045.0,-25.07
549,76,3.0,,5.0,-81.0,0.0,-62.0,-1.48
550,66,1.0,,4.0,772.0,635.0,770.0,18.48
550,67,1.0,,4.0,887.0,677.0,840.0,20.17
550,68,1.0,,4.0,124.0,60.0,92.0,2.2
550,69,1.0,,5.0,32.0,5.0,27.0,0.65
550,70,1.0,,5.0,63.0,38.0,50.0,1.2
550,71,2.0,,1.0,69.0,0.0,56.0,1.34
550,72,2.0,,4.0,0.0,0.0,0.0,0.0
550,73,2.0,,4.0,344.0,156.0,225.0,5.39
550,74,3.0,,4.0,-919.0,-776.0,-909.0,-21.81
550,75,3.0,,4.0,-1126.0,-1000.0,-1039.0,-24.94
550,76,3.0,,5.0,80.0,0.0,-63.0,-1.5
551,66,1.0,,4.0,889.0,736.0,758.0,18.18
551,67,1.0,,4.0,901.0,708.0,871.0,20.89
551,68,1.0,,4.0,112.0,3.0,82.0,1.97
551,69,1.0,,5.0,32.0,19.0,26.0,0.62
551,70,1.0,,5.0,58.0,32.0,43.0,1.04
551,71,2.0,,1.0,69.0,0.0,58.0,1.39
551,72,2.0,,4.0,0.0,0.0,0.0,0.0
551,73,2.0,,4.0,389.0,136.0,279.0,6.7
551,74,3.0,,4.0,-919.0,-768.0,-899.0,-21.58
551,75,3.0,,4.0,-1132.0,-998.0,-1036.0,-24.87
551,76,3.0,,5.0,-62.0,0.0,-54.0,-1.3
552,66,1.0,,4.0,845.0,742.0,776.0,18.62
552,67,1.0,,4.0,909.0,851.0,883.0,21.2
552,68,1.0,,4.0,91.0,26.0,69.0,1.66
552,69,1.0,,5.0,29.0,-5.0,17.0,0.41
552,70,1.0,,5.0,55.0,25.0,39.0,0.93
552,71,2.0,,1.0,71.0,0.0,60.0,1.44
552,72,2.0,,4.0,0.0,0.0,0.0,0.0
552,73,2.0,,4.0,315.0,67.0,275.0,6.6
552,74,3.0,,4.0,-917.0,-890.0,-899.0,-21.58
552,75,3.0,,4.0,-1231.0,-806.0,-965.0,-23.17
552,76,3.0,,5.0,-62.0,0.0,-49.0,-1.18
553,66,1.0,,4.0,815.0,598.0,726.0,17.42
553,67,1.0,,4.0,928.0,852.0,894.0,21.45
553,68,1.0,,4.0,92.0,61.0,76.0,1.83
553,69,1.0,,5.0,20.0,0.0,5.0,0.12
553,70,1.0,,5.0,49.0,10.0,43.0,1.03
553,71,2.0,,1.0,69.0,0.0,60.0,1.43
553,72,2.0,,4.0,0.0,0.0,0.0,0.0
553,73,2.0,,4.0,431.0,67.0,275.0,6.6
553,74,3.0,,4.0,-919.0,-917.0,-918.0,-22.04
553,75,3.0,,4.0,-1137.0,-806.0,-938.0,-22.52
553,76,3.0,,5.0,-52.0,0.0,-38.0,-0.92
554,66,1.0,,4.0,818.0,774.0,791.0,18.97
554,67,1.0,,4.0,934.0,865.0,904.0,21.7
554,68,1.0,,4.0,108.0,53.0,78.0,1.87
554,69,1.0,,5.0,24.0,0.0,13.0,0.3
554,70,1.0,,5.0,48.0,0.0,40.0,0.97
554,71,2.0,,1.0,67.0,0.0,58.0,1.4
554,72,2.0,,4.0,0.0,0.0,0.0,0.0
554,73,2.0,,4.0,342.0,89.0,274.0,6.57
554,74,3.0,,4.0,-459.0,-438.0,-459.0,-22.04
554,75,3.0,,4.0,-1124.0,-1003.0,-1037.0,-24.88
554,76,3.0,,5.0,-63.0,0.0,-56.0,-1.34
555,66,1.0,,4.0,785.0,724.0,780.0,18.71
555,67,1.0,,4.0,955.0,851.0,901.0,21.62
555,68,1.0,,4.0,120.0,52.0,91.0,2.18
555,69,1.0,,5.0,20.0,0.0,13.0,0.3
555,70,1.0,,5.0,56.0,0.0,40.0,0.97
555,71,2.0,,1.0,67.0,0.0,60.0,1.43
555,72,2.0,,4.0,0.0,0.0,0.0,0.0
555,73,2.0,,4.0,300.0,135.0,264.0,6.33
555,74,3.0,,4.0,-924.0,-804.0,-916.0,-21.99
555,75,3.0,,4.0,-1134.0,-1000.0,-1039.0,-24.94
555,76,3.0,,5.0,-72.0,0.0,-58.0,-1.4
556,66,1.0,,4.0,783.0,561.0,651.0,15.63
556,67,1.0,,4.0,931.0,828.0,881.0,21.14
556,68,1.0,,4.0,111.0,51.0,89.0,2.14
556,69,1.0,,5.0,24.0,0.0,17.0,0.41
556,70,1.0,,5.0,53.0,0.0,44.0,1.05
556,71,2.0,,1.0,66.0,0.0,61.0,1.47
556,72,2.0,,4.0,0.0,0.0,0.0,0.0
556,73,2.0,,4.0,149.0,91.0,149.0,5.99
556,74,3.0,,4.0,-923.0,-827.0,-918.0,-22.03
556,75,3.0,,4.0,-1121.0,-1005.0,-1041.0,-24.98
556,76,3.0,,5.0,-71.0,0.0,-63.0,-1.5
557,66,1.0,,4.0,851.0,698.0,821.0,19.7
557,67,1.0,,4.0,924.0,827.0,888.0,21.32
557,68,1.0,,4.0,110.0,49.0,80.0,1.92
557,69,1.0,,5.0,20.0,0.0,9.0,0.22
557,70,1.0,,5.0,49.0,0.0,40.0,0.97
557,71,2.0,,1.0,0.0,0.0,0.0,1.48
557,72,2.0,,4.0,0.0,0.0,0.0,0.0
557,73,2.0,,4.0,341.0,49.0,217.0,5.2
557,74,3.0,,4.0,-923.0,-485.0,-736.0,-17.65
557,75,3.0,,4.0,-1123.0,-999.0,-1040.0,-24.96
557,76,3.0,,5.0,-82.0,0.0,-63.0,-1.52
558,66,1.0,,4.0,766.0,639.0,707.0,16.96
558,67,1.0,,4.0,961.0,846.0,896.0,21.5
558,68,1.0,,4.0,195.0,49.0,93.0,2.23
558,69,1.0,,5.0,29.0,11.0,21.0,0.5
558,70,1.0,,5.0,57.0,28.0,46.0,1.11
558,71,2.0,,1.0,68.0,0.0,63.0,1.51
558,72,2.0,,4.0,0.0,0.0,0.0,0.0
558,73,2.0,,4.0,434.0,232.0,349.0,8.37
558,74,3.0,,4.0,-490.0,-485.0,-488.0,-11.7
558,75,3.0,,4.0,-1233.0,-1004.0,-1076.0,-25.82
558,76,3.0,,5.0,-73.0,0.0,-63.0,-1.52
559,66,1.0,,4.0,783.0,650.0,741.0,17.78
559,67,1.0,,4.0,925.0,659.0,845.0,20.29
559,68,1.0,,4.0,100.0,53.0,78.0,1.87
559,69,1.0,,5.0,37.0,11.0,22.0,0.52
559,70,1.0,,5.0,53.0,9.0,37.0,0.88
559,71,2.0,,1.0,68.0,0.0,60.0,1.44
559,72,2.0,,4.0,0.0,0.0,0.0,0.0
559,73,2.0,,4.0,462.0,127.0,358.0,8.6
559,74,3.0,,4.0,-815.0,-485.0,-525.0,-12.59
559,75,3.0,,4.0,-1241.0,-1006.0,-1078.0,-25.87
559,76,3.0,,5.0,-78.0,0.0,-64.0,-1.54
560,66,1.0,,4.0,700.0,614.0,669.0,16.05
560,67,1.0,,4.0,846.0,718.0,759.0,18.22
560,68,1.0,,4.0,85.0,39.0,56.0,1.35
560,69,1.0,,5.0,24.0,15.0,20.0,0.48
560,70,1.0,,5.0,44.0,30.0,38.0,0.92
560,71,2.0,,1.0,68.0,0.0,63.0,1.51
560,72,2.0,,4.0,144.0,0.0,55.0,1.31
560,73,2.0,,4.0,440.0,0.0,187.0,9.03
560,74,3.0,,4.0,-927.0,-695.0,-862.0,-20.69
560,75,3.0,,4.0,-1229.0,-998.0,-1077.0,-25.84
560,76,3.0,,5.0,-78.0,0.0,-71.0,-1.7
561,66,1.0,,4.0,643.0,548.0,580.0,13.92
561,67,1.0,,4.0,781.0,672.0,714.0,17.14
561,68,1.0,,4.0,62.0,23.0,42.0,1.0
561,69,1.0,,5.0,21.0,4.0,13.0,0.3
561,70,1.0,,5.0,40.0,27.0,34.0,0.81
561,71,2.0,,1.0,69.0,0.0,62.0,1.49
561,72,2.0,,4.0,139.0,60.0,106.0,2.53
561,73,2.0,,4.0,408.0,235.0,361.0,8.66
561,74,3.0,,4.0,-921.0,-901.0,-910.0,-21.83
561,75,3.0,,4.0,-1198.0,-994.0,-1041.0,-24.98
561,76,3.0,,5.0,-82.0,0.0,-73.0,-1.74
562,66,1.0,,4.0,619.0,502.0,561.0,13.45
562,67,1.0,,4.0,728.0,549.0,634.0,15.2
562,68,1.0,,4.0,59.0,10.0,40.0,0.96
562,69,1.0,,5.0,14.0,0.0,6.0,0.14
562,70,1.0,,5.0,52.0,0.0,35.0,0.83
562,71,2.0,,1.0,68.0,0.0,62.0,1.48
562,72,2.0,,4.0,140.0,60.0,105.0,2.51
562,73,2.0,,4.0,419.0,232.0,321.0,7.7
562,74,3.0,,4.0,-932.0,-911.0,-922.0,-22.12
562,75,3.0,,4.0,-1135.0,-998.0,-1040.0,-24.95
562,76,3.0,,5.0,-84.0,0.0,-71.0,-1.7
563,66,1.0,,4.0,684.0,535.0,621.0,14.9
563,67,1.0,,4.0,712.0,536.0,621.0,14.91
563,68,1.0,,4.0,69.0,17.0,49.0,1.18
563,69,1.0,,5.0,20.0,0.0,15.0,0.35
563,70,1.0,,5.0,46.0,0.0,41.0,0.99
563,71,2.0,,1.0,68.0,0.0,63.0,1.52
563,72,2.0,,4.0,136.0,0.0,96.0,2.3
563,73,2.0,,4.0,364.0,216.0,300.0,7.2
563,74,3.0,,4.0,-939.0,-925.0,-932.0,-22.36
563,75,3.0,,4.0,-1133.0,-1004.0,-1039.0,-24.94
563,76,3.0,,5.0,-81.0,0.0,-68.0,-1.64
564,66,1.0,,4.0,645.0,459.0,574.0,13.78
564,67,1.0,,4.0,784.0,467.0,626.0,15.03
564,68,1.0,,4.0,51.0,-5.0,61.0,1.46
564,69,1.0,,5.0,49.0,8.0,19.0,0.46
564,70,1.0,,5.0,62.0,0.0,32.0,0.76
564,71,2.0,,1.0,70.0,0.0,64.0,1.53
564,72,2.0,,4.0,159.0,45.0,98.0,2.36
564,73,2.0,,4.0,352.0,114.0,276.0,6.63
564,74,3.0,,4.0,-931.0,-714.0,-890.0,-21.37
564,75,3.0,,4.0,-1129.0,-1003.0,-1040.0,-24.96
564,76,3.0,,5.0,-80.0,0.0,-71.0,-1.71
565,66,1.0,,4.0,558.0,425.0,459.0,11.02
565,67,1.0,,4.0,717.0,530.0,608.0,14.59
565,68,1.0,,4.0,-31.0,30.0,63.0,1.52
565,69,1.0,,5.0,21.0,10.0,15.0,0.37
565,70,1.0,,5.0,43.0,30.0,38.0,0.91
565,71,2.0,,1.0,68.0,0.0,62.0,1.49
565,72,2.0,,4.0,148.0,44.0,99.0,2.39
565,73,2.0,,4.0,320.0,120.0,245.0,5.87
565,74,3.0,,4.0,-935.0,-714.0,-919.0,-22.06
565,75,3.0,,4.0,-1127.0,-815.0,-1027.0,-24.65
565,76,3.0,,5.0,-86.0,0.0,-70.0,-1.68
566,66,1.0,,4.0,651.0,308.0,551.0,13.23
566,67,1.0,,4.0,654.0,446.0,559.0,13.41
566,68,1.0,,4.0,-44.0,14.0,-9.0,-0.23
566,69,1.0,,5.0,22.0,8.0,16.0,0.38
566,70,1.0,,5.0,46.0,1.0,39.0,0.94
566,71,2.0,,1.0,67.0,0.0,62.0,1.49
566,72,2.0,,4.0,148.0,67.0,107.0,2.58
566,73,2.0,,4.0,293.0,101.0,247.0,5.93
566,74,3.0,,4.0,-938.0,-898.0,-899.0,-21.56
566,75,3.0,,4.0,-1126.0,-1002.0,-1041.0,-24.98
566,76,3.0,,5.0,-88.0,0.0,-62.0,-1.48
567,66,1.0,,4.0,509.0,451.0,500.0,12.0
567,67,1.0,,4.0,554.0,466.0,516.0,12.38
567,68,1.0,,4.0,-55.0,-12.0,-34.0,-0.81
567,69,1.0,,5.0,22.0,9.0,14.0,0.34
567,70,1.0,,5.0,46.0,29.0,39.0,0.95
567,71,2.0,,1.0,66.0,0.0,61.0,1.47
567,72,2.0,,4.0,156.0,67.0,73.0,1.76
567,73,2.0,,4.0,320.0,134.0,254.0,6.1
567,74,3.0,,4.0,-733.0,-483.0,-528.0,-12.66
567,75,3.0,,4.0,-1122.0,-1001.0,-1038.0,-24.91
567,76,3.0,,5.0,-90.0,0.0,-82.0,-1.96
568,66,1.0,,4.0,587.0,397.0,497.0,11.94
568,67,1.0,,4.0,592.0,451.0,511.0,12.26
568,68,1.0,,4.0,-61.0,-27.0,-42.0,-1.0
568,69,1.0,,5.0,19.0,8.0,14.0,0.33
568,70,1.0,,5.0,43.0,8.0,37.0,0.9
568,71,2.0,,1.0,65.0,0.0,60.0,1.44
568,72,2.0,,4.0,139.0,61.0,99.0,2.37
568,73,2.0,,4.0,363.0,92.0,244.0,5.86
568,74,3.0,,4.0,-938.0,-919.0,-936.0,-22.47
568,75,3.0,,4.0,-1131.0,-1002.0,-1041.0,-24.98
568,76,3.0,,5.0,-90.0,0.0,-83.0,-1.99
569,66,1.0,,4.0,521.0,379.0,434.0,10.42
569,67,1.0,,4.0,572.0,418.0,481.0,11.54
569,68,1.0,,4.0,-77.0,-30.0,-39.0,-0.94
569,69,1.0,,5.0,41.0,0.0,15.0,0.35
569,70,1.0,,5.0,74.0,27.0,29.0,0.7
569,71,2.0,,1.0,67.0,0.0,61.0,1.47
569,72,2.0,,4.0,142.0,67.0,103.0,2.48
569,73,2.0,,4.0,316.0,108.0,245.0,5.88
569,74,3.0,,4.0,-939.0,0.0,-937.0,-22.48
569,75,3.0,,4.0,-1120.0,-1002.0,-1040.0,-24.96
569,76,3.0,,5.0,-94.0,0.0,-82.0,-1.96
570,66,1.0,,4.0,487.0,328.0,397.0,9.52
570,67,1.0,,4.0,476.0,357.0,432.0,10.37
570,68,1.0,,4.0,-86.0,2.0,-46.0,-1.1
570,69,1.0,,5.0,28.0,0.0,17.0,0.41
570,70,1.0,,5.0,58.0,0.0,42.0,1.01
570,71,2.0,,1.0,66.0,0.0,58.0,1.4
570,72,2.0,,4.0,119.0,63.0,97.0,2.32
570,73,2.0,,4.0,262.0,117.0,245.0,5.88
570,74,3.0,,4.0,-939.0,-931.0,-935.0,-22.44
570,75,3.0,,4.0,-1120.0,-1000.0,-1025.0,-24.61
570,76,3.0,,5.0,-93.0,0.0,-73.0,-1.74
571,66,1.0,,4.0,430.0,316.0,385.0,9.24
571,67,1.0,,4.0,425.0,263.0,329.0,7.9
571,68,1.0,,4.0,-53.0,0.0,-21.0,-0.5
571,69,1.0,,5.0,20.0,0.0,13.0,0.32
571,70,1.0,,5.0,39.0,0.0,34.0,0.82
571,71,2.0,,1.0,64.0,0.0,55.0,1.32
571,72,2.0,,4.0,122.0,19.0,75.0,1.79
571,73,2.0,,4.0,272.0,46.0,209.0,5.03
571,74,3.0,,4.0,-938.0,-920.0,-923.0,-22.16
571,75,3.0,,4.0,-1029.0,-1000.0,-1019.0,-24.45
571,76,3.0,,5.0,-88.0,0.0,-77.0,-1.84
572,66,1.0,,4.0,392.0,276.0,334.0,8.02
572,67,1.0,,4.0,408.0,319.0,364.0,8.74
572,68,1.0,,4.0,46.0,-43.0,17.0,0.4
572,69,1.0,,5.0,17.0,2.0,9.0,0.23
572,70,1.0,,5.0,34.0,20.0,27.0,0.65
572,71,2.0,,1.0,65.0,0.0,52.0,1.25
572,72,2.0,,4.0,129.0,40.0,77.0,1.84
572,73,2.0,,4.0,263.0,118.0,203.0,4.87
572,74,3.0,,4.0,-927.0,-923.0,-927.0,-22.24
572,75,3.0,,4.0,-1029.0,-999.0,-1014.0,-24.33
572,76,3.0,,5.0,-91.0,0.0,-68.0,-1.62
573,66,1.0,,4.0,392.0,280.0,334.0,8.02
573,67,1.0,,4.0,375.0,301.0,352.0,8.44
573,68,1.0,,4.0,58.0,-56.0,-28.0,-0.68
573,69,1.0,,5.0,18.0,0.0,10.0,0.24
573,70,1.0,,5.0,41.0,19.0,31.0,0.74
573,71,2.0,,1.0,66.0,0.0,57.0,1.37
573,72,2.0,,4.0,99.0,56.0,73.0,1.76
573,73,2.0,,4.0,323.0,205.0,270.0,6.48
573,74,3.0,,4.0,-943.0,-737.0,-847.0,-20.32
573,75,3.0,,4.0,-1021.0,-807.0,-943.0,-22.64
573,76,3.0,,5.0,-66.0,0.0,-57.0,-1.36
574,66,1.0,,4.0,586.0,278.0,405.0,9.71
574,67,1.0,,4.0,342.0,342.0,342.0,8.69
574,68,1.0,,4.0,31.0,-28.0,-8.0,-0.19
574,69,1.0,,5.0,24.0,9.0,17.0,0.4
574,70,1.0,,5.0,43.0,32.0,38.0,0.92
574,71,2.0,,1.0,68.0,0.0,59.0,1.42
574,72,2.0,,4.0,116.0,52.0,78.0,1.88
574,73,2.0,,4.0,392.0,179.0,328.0,7.86
574,74,3.0,,4.0,-942.0,-929.0,-931.0,-22.35
574,75,3.0,,4.0,-1025.0,-802.0,-953.0,-22.86
574,76,3.0,,5.0,-78.0,0.0,-62.0,-1.48
575,66,1.0,,4.0,363.0,259.0,327.0,7.84
575,67,1.0,,4.0,342.0,0.0,299.0,7.18
575,68,1.0,,4.0,-54.0,-5.0,-28.0,-0.68
575,69,1.0,,5.0,22.0,8.0,15.0,0.37
575,70,1.0,,5.0,41.0,29.0,34.0,0.82
575,71,2.0,,1.0,63.0,0.0,55.0,1.32
575,72,2.0,,4.0,138.0,62.0,90.0,2.17
575,73,2.0,,4.0,320.0,124.0,249.0,5.97
575,74,3.0,,4.0,-929.0,-928.0,-929.0,-22.29
575,75,3.0,,4.0,-1202.0,-908.0,-1033.0,-24.78
575,76,3.0,,5.0,-78.0,0.0,-69.0,-1.66
576,66,1.0,,4.0,326.0,259.0,282.0,6.78
576,67,1.0,,4.0,334.0,216.0,266.0,6.38
576,68,1.0,,4.0,-61.0,6.0,-25.0,-0.59
576,69,1.0,,5.0,20.0,9.0,14.0,0.34
576,70,1.0,,5.0,47.0,19.0,33.0,0.79
576,71,2.0,,1.0,66.0,0.0,54.0,1.29
576,72,2.0,,4.0,105.0,42.0,71.0,1.7
576,73,2.0,,4.0,296.0,133.0,230.0,5.52
576,74,3.0,,4.0,-931.0,-925.0,-929.0,-22.29
576,75,3.0,,4.0,-1062.0,-988.0,-1018.0,-24.43
576,76,3.0,,5.0,-86.0,0.0,-69.0,-1.66
577,66,1.0,,4.0,326.0,245.0,275.0,6.61
577,67,1.0,,4.0,282.0,203.0,242.0,5.81
577,68,1.0,,4.0,-44.0,11.0,-15.0,-0.36
577,69,1.0,,5.0,21.0,10.0,15.0,0.35
577,70,1.0,,5.0,38.0,22.0,31.0,0.75
577,71,2.0,,1.0,67.0,0.0,52.0,1.24
577,72,2.0,,4.0,107.0,53.0,79.0,1.9
577,73,2.0,,4.0,307.0,59.0,229.0,5.5
577,74,3.0,,4.0,-930.0,-788.0,-915.0,-21.96
577,75,3.0,,4.0,-1030.0,-1001.0,-1017.0,-24.41
577,76,3.0,,5.0,-74.0,0.0,-64.0,-1.54
578,66,1.0,,4.0,306.0,204.0,257.0,6.17
578,67,1.0,,4.0,279.0,177.0,237.0,5.68
578,68,1.0,,4.0,-52.0,11.0,-24.0,-0.57
578,69,1.0,,5.0,18.0,0.0,13.0,0.3
578,70,1.0,,5.0,36.0,0.0,30.0,0.71
578,71,2.0,,1.0,66.0,0.0,51.0,1.23
578,72,2.0,,4.0,108.0,54.0,80.0,1.92
578,73,2.0,,4.0,253.0,164.0,179.0,4.29
578,74,3.0,,4.0,-942.0,-798.0,-932.0,-22.36
578,75,3.0,,4.0,-1047.0,-992.0,-1019.0,-24.46
578,76,3.0,,5.0,-82.0,0.0,-68.0,-1.63
579,66,1.0,,4.0,308.0,201.0,254.0,6.09
579,67,1.0,,4.0,263.0,187.0,224.0,5.37
579,68,1.0,,4.0,-73.0,-18.0,-39.0,-0.94
579,69,1.0,,5.0,15.0,0.0,11.0,0.26
579,70,1.0,,5.0,31.0,0.0,26.0,0.62
579,71,2.0,,1.0,68.0,0.0,57.0,1.38
579,72,2.0,,4.0,108.0,62.0,80.0,1.92
579,73,2.0,,4.0,408.0,151.0,288.0,6.9
579,74,3.0,,4.0,-941.0,-798.0,-923.0,-22.15
579,75,3.0,,4.0,-1045.0,-506.0,-586.0,-14.06
579,76,3.0,,5.0,-83.0,0.0,-74.0,-1.77
581,66,1.0,,4.0,300.0,217.0,262.0,6.29
581,67,1.0,,4.0,276.0,174.0,217.0,5.21
581,68,1.0,,4.0,-73.0,-30.0,-49.0,-1.18
581,69,1.0,,5.0,94.0,0.0,39.0,0.93
581,70,1.0,,5.0,74.0,0.0,27.0,0.64
581,71,2.0,,1.0,68.0,0.0,64.0,1.53
581,72,2.0,,4.0,0.0,0.0,0.0,0.0
581,73,2.0,,4.0,450.0,282.0,378.0,9.08
581,74,3.0,,4.0,-940.0,-792.0,-919.0,-22.05
581,75,3.0,,4.0,-727.0,-700.0,-726.0,-17.44
581,76,3.0,,5.0,-81.0,0.0,-62.0,-1.48
582,66,1.0,,4.0,265.0,200.0,229.0,5.49
582,67,1.0,,4.0,249.0,183.0,222.0,5.33
582,68,1.0,,4.0,-69.0,-27.0,-53.0,-1.27
582,69,1.0,,5.0,16.0,2.0,11.0,0.27
582,70,1.0,,5.0,33.0,16.0,26.0,0.63
582,71,2.0,,1.0,68.0,0.0,65.0,1.56
582,72,2.0,,4.0,0.0,0.0,0.0,0.0
582,73,2.0,,4.0,446.0,315.0,396.0,9.51
582,74,3.0,,4.0,-938.0,-798.0,-921.0,-22.11
582,75,3.0,,4.0,-734.0,-700.0,-717.0,-17.2
582,76,3.0,,5.0,-76.0,0.0,-69.0,-1.66
583,66,1.0,,4.0,255.0,191.0,214.0,5.14
583,67,1.0,,4.0,303.0,132.0,232.0,5.57
583,68,1.0,,4.0,-138.0,-45.0,-99.0,-2.37
583,69,1.0,,5.0,17.0,9.0,13.0,0.32
583,70,1.0,,5.0,32.0,15.0,26.0,0.63
583,71,2.0,,1.0,68.0,0.0,65.0,1.55
583,72,2.0,,4.0,0.0,0.0,0.0,0.0
583,73,2.0,,4.0,448.0,284.0,370.0,8.88
583,74,3.0,,4.0,-938.0,-774.0,-896.0,-21.5
583,75,3.0,,4.0,-727.0,-700.0,-718.0,-17.22
583,76,3.0,,5.0,-80.0,0.0,-65.0,-1.56
584,66,1.0,,4.0,220.0,157.0,189.0,4.54
584,67,1.0,,4.0,303.0,208.0,262.0,6.28
584,68,1.0,,4.0,-151.0,-113.0,-135.0,-3.24
584,69,1.0,,5.0,19.0,6.0,13.0,0.31
584,70,1.0,,5.0,40.0,19.0,28.0,0.68
584,71,2.0,,1.0,69.0,0.0,62.0,1.5
584,72,2.0,,4.0,0.0,0.0,0.0,0.0
584,73,2.0,,4.0,482.0,323.0,465.0,11.15
584,74,3.0,,4.0,-921.0,-913.0,-913.0,-21.92
584,75,3.0,,4.0,-734.0,-695.0,-718.0,-17.22
584,76,3.0,,5.0,-76.0,0.0,-65.0,-1.57
585,66,1.0,,4.0,256.0,152.0,192.0,4.61
585,67,1.0,,4.0,281.0,231.0,255.0,6.12
585,68,1.0,,4.0,-157.0,-68.0,-107.0,-2.57
585,69,1.0,,5.0,21.0,0.0,13.0,0.31
585,70,1.0,,5.0,37.0,0.0,25.0,0.6
585,71,2.0,,1.0,66.0,0.0,62.0,1.49
585,72,2.0,,4.0,0.0,0.0,0.0,0.0
585,73,2.0,,4.0,556.0,289.0,400.0,9.6
585,74,3.0,,4.0,-920.0,-919.0,-920.0,-22.08
585,75,3.0,,4.0,-736.0,-697.0,-713.0,-17.11
585,76,3.0,,5.0,-63.0,0.0,-53.0,-1.28
586,66,1.0,,4.0,210.0,117.0,160.0,3.84
586,67,1.0,,4.0,285.0,203.0,246.0,5.89
586,68,1.0,,4.0,-151.0,-56.0,-100.0,-2.4
586,69,1.0,,5.0,20.0,2.0,12.0,0.28
586,70,1.0,,5.0,33.0,15.0,26.0,0.63
586,71,2.0,,1.0,66.0,0.0,62.0,1.5
586,72,2.0,,4.0,0.0,0.0,0.0,0.0
586,73,2.0,,4.0,492.0,320.0,440.0,10.56
586,74,3.0,,4.0,-920.0,-918.0,-918.0,-22.04
586,75,3.0,,4.0,-723.0,-503.0,-683.0,-16.38
586,76,3.0,,5.0,-64.0,0.0,-55.0,-1.32
587,66,1.0,,4.0,191.0,123.0,152.0,3.65
587,67,1.0,,4.0,281.0,137.0,221.0,5.29
587,68,1.0,,4.0,-157.0,0.0,-80.0,-1.91
587,69,1.0,,5.0,16.0,0.0,10.0,0.25
587,70,1.0,,5.0,74.0,0.0,27.0,0.64
587,71,2.0,,1.0,67.0,0.0,60.0,1.45
587,72,2.0,,4.0,0.0,0.0,0.0,0.0
587,73,2.0,,4.0,509.0,326.0,441.0,10.59
587,74,3.0,,4.0,-918.0,-913.0,-916.0,-21.99
587,75,3.0,,4.0,-511.0,-497.0,-508.0,-12.19
587,76,3.0,,5.0,-57.0,0.0,-51.0,-1.22
588,66,1.0,,4.0,173.0,113.0,135.0,3.23
588,67,1.0,,4.0,278.0,118.0,204.0,4.9
588,68,1.0,,4.0,-161.0,-75.0,-118.0,-2.83
588,69,1.0,,5.0,22.0,4.0,12.0,0.28
588,70,1.0,,5.0,32.0,16.0,25.0,0.61
588,71,2.0,,1.0,67.0,0.0,63.0,1.52
588,72,2.0,,4.0,0.0,0.0,0.0,0.0
588,73,2.0,,4.0,496.0,342.0,439.0,10.54
588,74,3.0,,4.0,-916.0,-912.0,-914.0,-21.94
588,75,3.0,,4.0,-514.0,-497.0,-507.0,-12.17
588,76,3.0,,5.0,-62.0,0.0,-53.0,-1.28
589,66,1.0,,4.0,201.0,146.0,171.0,4.11
589,67,1.0,,4.0,328.0,170.0,238.0,5.7
589,68,1.0,,4.0,-154.0,-80.0,-121.0,-2.91
589,69,1.0,,5.0,17.0,2.0,11.0,0.26
589,70,1.0,,5.0,31.0,17.0,24.0,0.57
589,71,2.0,,1.0,69.0,0.0,61.0,1.47
589,72,2.0,,4.0,0.0,0.0,0.0,0.0
589,73,2.0,,4.0,506.0,184.0,392.0,9.41
589,74,3.0,,4.0,-914.0,-904.0,-908.0,-21.78
589,75,3.0,,4.0,-511.0,-497.0,-507.0,-12.17
589,76,3.0,,5.0,-72.0,0.0,-57.0,-1.36
590,66,1.0,,4.0,179.0,77.0,118.0,2.84
590,67,1.0,,4.0,245.0,149.0,190.0,4.55
590,68,1.0,,4.0,-190.0,-131.0,-162.0,-3.88
590,69,1.0,,5.0,18.0,0.0,7.0,0.17
590,70,1.0,,5.0,32.0,13.0,23.0,0.55
590,71,2.0,,1.0,65.0,0.0,57.0,1.36
590,72,2.0,,4.0,0.0,0.0,0.0,0.0
590,73,2.0,,4.0,456.0,205.0,348.0,8.34
590,74,3.0,,4.0,-930.0,-908.0,-917.0,-22.0
590,75,3.0,,4.0,-515.0,-497.0,-508.0,-12.19
590,76,3.0,,5.0,-78.0,0.0,-63.0,-1.5
591,66,1.0,,4.0,182.0,127.0,143.0,3.42
591,67,1.0,,4.0,218.0,-20.0,190.0,4.56
591,68,1.0,,4.0,-192.0,-141.0,-166.0,-3.98
591,69,1.0,,5.0,9.0,0.0,5.0,0.11
591,70,1.0,,5.0,26.0,1.0,20.0,0.48
591,71,2.0,,1.0,67.0,0.0,59.0,1.41
591,72,2.0,,4.0,0.0,0.0,0.0,0.0
591,73,2.0,,4.0,471.0,98.0,330.0,7.92
591,74,3.0,,4.0,-930.0,-916.0,-926.0,-22.22
591,75,3.0,,4.0,-741.0,-497.0,-563.0,-13.5
591,76,3.0,,5.0,-100.0,0.0,-64.0,-1.54
592,66,1.0,,4.0,156.0,72.0,114.0,2.73
592,67,1.0,,4.0,216.0,152.0,179.0,4.3
592,68,1.0,,4.0,-192.0,-139.0,-168.0,-4.04
592,69,1.0,,5.0,9.0,1.0,5.0,0.12
592,70,1.0,,5.0,26.0,10.0,20.0,0.48
592,71,2.0,,1.0,65.0,0.0,55.0,1.32
592,72,2.0,,4.0,0.0,0.0,0.0,0.0
592,73,2.0,,4.0,444.0,84.0,266.0,6.38
592,74,3.0,,4.0,-937.0,-917.0,-926.0,-22.22
592,75,3.0,,4.0,-766.0,-715.0,-743.0,-17.84
592,76,3.0,,5.0,-65.0,0.0,-55.0,-1.32
593,66,1.0,,4.0,178.0,83.0,116.0,2.78
593,67,1.0,,4.0,190.0,125.0,155.0,3.72
593,68,1.0,,4.0,-198.0,-138.0,-166.0,-3.99
593,69,1.0,,5.0,10.0,0.0,6.0,0.14
593,70,1.0,,5.0,33.0,14.0,22.0,0.53
593,71,2.0,,1.0,67.0,0.0,60.0,1.44
593,72,2.0,,4.0,0.0,0.0,0.0,0.0
593,73,2.0,,4.0,440.0,138.0,276.0,6.62
593,74,3.0,,4.0,-938.0,-933.0,-935.0,-22.43
593,75,3.0,,4.0,-995.0,-471.0,-750.0,-18.0
593,76,3.0,,5.0,-69.0,0.0,-58.0,-1.4
594,66,1.0,,4.0,143.0,77.0,143.0,3.44
594,67,1.0,,4.0,184.0,100.0,140.0,3.35
594,68,1.0,,4.0,-199.0,-138.0,-169.0,-4.06
594,69,1.0,,5.0,18.0,0.0,6.0,0.15
594,70,1.0,,5.0,64.0,0.0,23.0,0.56
594,71,2.0,,1.0,67.0,0.0,56.0,1.35
594,72,2.0,,4.0,0.0,0.0,0.0,0.0
594,73,2.0,,4.0,431.0,60.0,237.0,5.68
594,74,3.0,,4.0,-966.0,-925.0,-946.0,-22.69
594,75,3.0,,4.0,-767.0,-735.0,-752.0,-18.05
594,76,3.0,,5.0,-62.0,0.0,-50.0,-1.19
595,66,1.0,,4.0,154.0,70.0,111.0,2.67
595,67,1.0,,4.0,210.0,108.0,166.0,3.99
595,68,1.0,,4.0,-202.0,0.0,-102.0,-2.45
595,69,1.0,,5.0,16.0,0.0,7.0,0.16
595,70,1.0,,5.0,42.0,0.0,20.0,0.47
595,71,2.0,,1.0,0.0,0.0,0.0,1.29
595,72,2.0,,4.0,0.0,0.0,0.0,0.0
595,73,2.0,,4.0,396.0,101.0,247.0,5.93
595,74,3.0,,4.0,-967.0,-926.0,-928.0,-22.28
595,75,3.0,,4.0,-760.0,-448.0,-578.0,-13.87
595,76,3.0,,5.0,-62.0,0.0,-53.0,-1.28
596,66,1.0,,4.0,139.0,42.0,98.0,2.36
596,67,1.0,,4.0,200.0,118.0,160.0,3.85
596,68,1.0,,4.0,-212.0,0.0,-137.0,-3.28
596,69,1.0,,5.0,7.0,-5.0,4.0,0.1
596,70,1.0,,5.0,51.0,15.0,17.0,0.41
596,71,2.0,,1.0,65.0,0.0,55.0,1.33
596,72,2.0,,4.0,0.0,0.0,0.0,0.0
596,73,2.0,,4.0,400.0,10.0,215.0,5.17
596,74,3.0,,4.0,-934.0,-926.0,-931.0,-22.35
596,75,3.0,,4.0,-766.0,-400.0,-653.0,-15.68
596,76,3.0,,5.0,-60.0,0.0,-53.0,-1.26
597,66,1.0,,4.0,204.0,68.0,204.0,5.59
597,67,1.0,,4.0,165.0,-22.0,106.0,2.54
597,68,1.0,,4.0,-276.0,-177.0,-216.0,-5.18
597,69,1.0,,5.0,19.0,0.0,8.0,0.19
597,70,1.0,,5.0,34.0,8.0,19.0,0.46
597,71,2.0,,1.0,65.0,0.0,47.0,1.13
597,72,2.0,,4.0,0.0,0.0,0.0,0.0
597,73,2.0,,4.0,398.0,18.0,199.0,4.78
597,74,3.0,,4.0,-928.0,-915.0,-923.0,-22.16
597,75,3.0,,4.0,-762.0,-406.0,-629.0,-15.09
597,76,3.0,,5.0,-59.0,0.0,-51.0,-1.22
598,66,1.0,,4.0,200.0,80.0,115.0,2.76
598,67,1.0,,4.0,155.0,58.0,111.0,2.67
598,68,1.0,,4.0,-275.0,-177.0,-216.0,-5.18
598,69,1.0,,5.0,20.0,0.0,8.0,0.2
598,70,1.0,,5.0,60.0,-10.0,19.0,0.45
598,71,2.0,,1.0,0.0,0.0,0.0,0.9
598,72,2.0,,4.0,0.0,0.0,0.0,0.0
598,73,2.0,,4.0,358.0,2.0,146.0,3.5
598,74,3.0,,4.0,-928.0,-897.0,-903.0,-21.68
598,75,3.0,,4.0,-763.0,-552.0,-726.0,-17.42
598,76,3.0,,5.0,-62.0,0.0,-49.0,-1.18
599,66,1.0,,4.0,115.0,68.0,94.0,2.25
599,67,1.0,,4.0,163.0,35.0,115.0,2.75
599,68,1.0,,4.0,-211.0,-163.0,-189.0,-4.54
599,69,1.0,,5.0,16.0,1.0,6.0,0.14
599,70,1.0,,5.0,28.0,4.0,16.0,0.39
599,71,2.0,,1.0,60.0,0.0,32.0,0.78
599,72,2.0,,4.0,0.0,0.0,0.0,0.0
599,73,2.0,,4.0,332.0,22.0,126.0,3.03
599,74,3.0,,4.0,-930.0,-918.0,-922.0,-22.12
599,75,3.0,,4.0,-762.0,-402.0,-685.0,-16.44
599,76,3.0,,5.0,-52.0,0.0,-45.0,-1.08
600,66,1.0,,4.0,120.0,43.0,80.0,1.91
600,67,1.0,,4.0,176.0,85.0,130.0,3.12
600,68,1.0,,4.0,-212.0,-145.0,-187.0,-4.49
600,69,1.0,,5.0,10.0,1.0,5.0,0.11
600,70,1.0,,5.0,18.0,7.0,14.0,0.33
600,71,2.0,,1.0,59.0,0.0,28.0,0.66
600,72,2.0,,4.0,0.0,0.0,0.0,0.0
600,73,2.0,,4.0,330.0,17.0,115.0,2.75
600,74,3.0,,4.0,-930.0,-922.0,-926.0,-22.21
600,75,3.0,,4.0,-766.0,-399.0,-599.0,-14.38
600,76,3.0,,5.0,-55.0,0.0,-45.0,-1.08
601,66,1.0,,4.0,116.0,-40.0,65.0,1.55
601,67,1.0,,4.0,185.0,21.0,111.0,2.66
601,68,1.0,,4.0,-220.0,-164.0,-194.0,-4.66
601,69,1.0,,5.0,10.0,1.0,4.0,0.1
601,70,1.0,,5.0,23.0,7.0,13.0,0.3
601,71,2.0,,1.0,0.0,0.0,0.0,0.0
601,72,2.0,,4.0,0.0,0.0,0.0,0.0
601,73,2.0,,4.0,330.0,2.0,120.0,2.89
601,74,3.0,,4.0,-927.0,-925.0,-926.0,-22.22
601,75,3.0,,4.0,-773.0,-398.0,-554.0,-13.3
601,76,3.0,,5.0,-48.0,0.0,-41.0,-0.98
602,66,1.0,,4.0,143.0,-7.0,64.0,1.53
602,67,1.0,,4.0,180.0,7.0,97.0,2.32
602,68,1.0,,4.0,-212.0,-154.0,-192.0,-4.6
602,69,1.0,,5.0,10.0,0.0,3.0,0.08
602,70,1.0,,5.0,16.0,0.0,9.0,0.21
602,71,2.0,,1.0,43.0,0.0,29.0,0.69
602,72,2.0,,4.0,0.0,0.0,0.0,0.0
602,73,2.0,,4.0,335.0,9.0,202.0,4.85
602,74,3.0,,4.0,-927.0,-925.0,-926.0,-22.23
602,75,3.0,,4.0,-1141.0,-203.0,-567.0,-13.6
602,76,3.0,,5.0,-46.0,0.0,-39.0,-0.94
603,66,1.0,,4.0,131.0,-10.0,57.0,1.36
603,67,1.0,,4.0,196.0,-35.0,97.0,2.33
603,68,1.0,,4.0,-233.0,-182.0,-206.0,-4.94
603,69,1.0,,5.0,7.0,0.0,2.0,0.04
603,70,1.0,,5.0,19.0,0.0,6.0,0.14
603,71,2.0,,1.0,49.0,0.0,25.0,0.61
603,72,2.0,,4.0,0.0,0.0,0.0,0.0
603,73,2.0,,4.0,342.0,1.0,118.0,2.83
603,74,3.0,,4.0,-930.0,-926.0,-928.0,-22.27
603,75,3.0,,4.0,-1154.0,-200.0,-664.0,-15.94
603,76,3.0,,5.0,-54.0,0.0,-40.0,-0.96
604,66,1.0,,4.0,145.0,0.0,49.0,1.18
604,67,1.0,,4.0,203.0,-26.0,98.0,2.34
604,68,1.0,,4.0,-221.0,-140.0,-201.0,-4.81
604,69,1.0,,5.0,7.0,-8.0,0.0,0.01
604,70,1.0,,5.0,3.0,-14.0,6.0,0.14
604,71,2.0,,1.0,47.0,0.0,25.0,0.59
604,72,2.0,,4.0,0.0,0.0,0.0,0.0
604,73,2.0,,4.0,308.0,5.0,110.0,2.65
604,74,3.0,,4.0,-931.0,0.0,-921.0,-22.1
604,75,3.0,,4.0,-968.0,-200.0,-512.0,-12.29
604,76,3.0,,5.0,-70.0,0.0,-48.0,-1.14
605,66,1.0,,4.0,133.0,14.0,60.0,1.45
605,67,1.0,,4.0,180.0,-102.0,66.0,1.57
605,68,1.0,,4.0,-215.0,-151.0,-196.0,-4.69
605,69,1.0,,5.0,20.0,-2.0,2.0,0.05
605,70,1.0,,5.0,2.0,-25.0,9.0,0.23
605,71,2.0,,1.0,35.0,0.0,10.0,0.24
605,72,2.0,,4.0,0.0,0.0,0.0,0.0
605,73,2.0,,4.0,304.0,1.0,90.0,2.15
605,74,3.0,,4.0,-927.0,-920.0,-924.0,-22.17
605,75,3.0,,4.0,-759.0,-403.0,-589.0,-14.13
605,76,3.0,,5.0,-68.0,0.0,-57.0,-1.36
606,66,1.0,,4.0,123.0,-39.0,54.0,1.29
606,67,1.0,,4.0,229.0,-145.0,78.0,1.87
606,68,1.0,,4.0,-226.0,-193.0,-208.0,-4.99
606,69,1.0,,5.0,8.0,-6.0,1.0,0.03
606,70,1.0,,5.0,12.0,1.0,7.0,0.17
606,71,2.0,,1.0,39.0,0.0,8.0,0.18
606,72,2.0,,4.0,0.0,0.0,0.0,0.0
606,73,2.0,,4.0,316.0,-67.0,80.0,1.91
606,74,3.0,,4.0,-922.0,-919.0,-922.0,-22.14
606,75,3.0,,4.0,-952.0,-201.0,-531.0,-12.74
606,76,3.0,,5.0,-123.0,0.0,-55.0,-1.31
607,66,1.0,,4.0,152.0,-55.0,61.0,1.47
607,67,1.0,,4.0,193.0,-123.0,86.0,2.07
607,68,1.0,,4.0,-237.0,-184.0,-204.0,-4.89
607,69,1.0,,5.0,18.0,0.0,3.0,0.08
607,70,1.0,,5.0,20.0,1.0,2.0,0.05
607,71,2.0,,1.0,-44.0,0.0,-1.0,-0.03
607,72,2.0,,4.0,0.0,0.0,0.0,0.0
607,73,2.0,,4.0,245.0,2.0,63.0,1.5
607,74,3.0,,4.0,-930.0,-923.0,-928.0,-22.26
607,75,3.0,,4.0,-996.0,-201.0,-553.0,-13.26
607,76,3.0,,5.0,-60.0,0.0,-50.0,-1.2
608,66,1.0,,4.0,281.0,-68.0,36.0,0.86
608,67,1.0,,4.0,202.0,-34.0,75.0,1.79
608,68,1.0,,4.0,-299.0,-176.0,-211.0,-5.05
608,69,1.0,,5.0,-62.0,0.0,-5.0,-0.12
608,70,1.0,,5.0,12.0,0.0,3.0,0.07
608,71,2.0,,1.0,-36.0,0.0,0.0,0.0
608,72,2.0,,4.0,0.0,0.0,0.0,0.0
608,73,2.0,,4.0,258.0,5.0,78.0,1.88
608,74,3.0,,4.0,-931.0,-730.0,-848.0,-20.36
608,75,3.0,,4.0,-716.0,-399.0,-504.0,-12.09
608,76,3.0,,5.0,-60.0,0.0,-52.0,-1.24
609,66,1.0,,4.0,113.0,-64.0,38.0,0.91
609,67,1.0,,4.0,184.0,-139.0,45.0,1.08
609,68,1.0,,4.0,-230.0,-181.0,-204.0,-4.9
609,69,1.0,,5.0,9.0,-6.0,1.0,0.02
609,70,1.0,,5.0,13.0,-3.0,3.0,0.06
609,71,2.0,,1.0,-47.0,0.0,-3.0,-0.08
609,72,2.0,,4.0,0.0,0.0,0.0,0.0
609,73,2.0,,4.0,258.0,5.0,95.0,2.27
609,74,3.0,,4.0,-930.0,-686.0,-846.0,-20.3
609,75,3.0,,4.0,-767.0,-406.0,-593.0,-14.23
609,76,3.0,,5.0,-66.0,0.0,-50.0,-1.2
610,66,1.0,,4.0,95.0,-60.0,17.0,0.41
610,67,1.0,,4.0,199.0,-105.0,55.0,1.31
610,68,1.0,,4.0,-240.0,-187.0,-211.0,-5.07
610,69,1.0,,5.0,4.0,0.0,1.0,0.03
610,70,1.0,,5.0,13.0,0.0,5.0,0.11
610,71,2.0,,1.0,-38.0,0.0,-5.0,-0.13
610,72,2.0,,4.0,0.0,0.0,0.0,0.0
610,73,2.0,,4.0,224.0,7.0,50.0,1.2
610,74,3.0,,4.0,-590.0,-438.0,-456.0,-10.96
610,75,3.0,,4.0,-766.0,-402.0,-599.0,-14.37
610,76,3.0,,5.0,-64.0,0.0,-55.0,-1.32
611,66,1.0,,4.0,95.0,-62.0,10.0,0.24
611,67,1.0,,4.0,244.0,-112.0,58.0,1.4
611,68,1.0,,4.0,-244.0,-183.0,-212.0,-5.1
611,69,1.0,,5.0,8.0,-20.0,1.0,0.03
611,70,1.0,,5.0,17.0,-15.0,3.0,0.07
611,71,2.0,,1.0,-42.0,0.0,-15.0,-0.37
611,72,2.0,,4.0,0.0,0.0,0.0,0.0
611,73,2.0,,4.0,182.0,14.0,15.0,0.36
611,74,3.0,,4.0,-446.0,-445.0,-446.0,-10.69
611,75,3.0,,4.0,-769.0,-396.0,-683.0,-16.39
611,76,3.0,,5.0,-63.0,0.0,-51.0,-1.22
612,66,1.0,,4.0,109.0,-74.0,-4.0,-0.1
612,67,1.0,,4.0,247.0,-79.0,86.0,2.06
612,68,1.0,,4.0,-254.0,-142.0,-231.0,-5.53
612,69,1.0,,5.0,-35.0,0.0,-2.0,-0.05
612,70,1.0,,5.0,-21.0,8.0,-3.0,-0.07
612,71,2.0,,1.0,-38.0,0.0,-14.0,-0.33
612,72,2.0,,4.0,0.0,0.0,0.0,0.0
612,73,2.0,,4.0,-96.0,-4.0,-8.0,-0.18
612,74,3.0,,4.0,-450.0,-424.0,-434.0,-10.42
612,75,3.0,,4.0,-764.0,-39.0,-375.0,-9.0
612,76,3.0,,5.0,-58.0,0.0,-47.0,-1.12
613,66,1.0,,4.0,163.0,-68.0,37.0,0.89
613,67,1.0,,4.0,230.0,-126.0,69.0,1.64
613,68,1.0,,4.0,-259.0,-197.0,-235.0,-5.65
613,69,1.0,,5.0,-22.0,-1.0,-12.0,-0.28
613,70,1.0,,5.0,-37.0,0.0,-9.0,-0.21
613,71,2.0,,1.0,-44.0,0.0,-20.0,-0.48
613,72,2.0,,4.0,0.0,0.0,0.0,0.0
613,73,2.0,,4.0,-223.0,135.0,-26.0,-0.63
613,74,3.0,,4.0,-431.0,-423.0,-426.0,-10.22
613,75,3.0,,4.0,-763.0,-604.0,-706.0,-16.95
613,76,3.0,,5.0,-48.0,0.0,-41.0,-0.98
614,66,1.0,,4.0,123.0,-43.0,25.0,0.59
614,67,1.0,,4.0,221.0,0.0,80.0,1.93
614,68,1.0,,4.0,-312.0,-202.0,-235.0,-5.65
614,69,1.0,,5.0,-21.0,-1.0,-12.0,-0.29
614,70,1.0,,5.0,-39.0,11.0,-10.0,-0.24
614,71,2.0,,1.0,-62.0,0.0,-26.0,-0.62
614,72,2.0,,4.0,0.0,0.0,0.0,0.0
614,73,2.0,,4.0,56.0,9.0,38.0,0.92
614,74,3.0,,4.0,-486.0,-428.0,-447.0,-10.73
614,75,3.0,,4.0,-764.0,-412.0,-628.0,-15.08
614,76,3.0,,5.0,-64.0,0.0,-49.0,-1.18
615,66,1.0,,4.0,-101.0,95.0,7.0,0.16
615,67,1.0,,4.0,221.0,-111.0,38.0,0.92
615,68,1.0,,4.0,-279.0,-142.0,-210.0,-5.04
615,69,1.0,,5.0,-24.0,-1.0,-15.0,-0.35
615,70,1.0,,5.0,-23.0,7.0,-4.0,-0.09
615,71,2.0,,1.0,-58.0,0.0,-26.0,-0.63
615,72,2.0,,4.0,0.0,0.0,0.0,0.0
615,73,2.0,,4.0,58.0,5.0,36.0,0.87
615,74,3.0,,4.0,-490.0,-485.0,-487.0,-11.68
615,75,3.0,,4.0,-765.0,-403.0,-553.0,-13.28
615,76,3.0,,5.0,-65.0,0.0,-47.0,-1.12
616,66,1.0,,4.0,173.0,-94.0,18.0,0.42
616,67,1.0,,4.0,-118.0,3.0,13.0,0.32
616,68,1.0,,4.0,-245.0,-124.0,-179.0,-4.29
616,69,1.0,,5.0,-24.0,-10.0,-18.0,-0.42
616,70,1.0,,5.0,11.0,-6.0,3.0,0.08
616,71,2.0,,1.0,-48.0,0.0,-23.0,-0.55
616,72,2.0,,4.0,0.0,0.0,0.0,0.0
616,73,2.0,,4.0,58.0,7.0,18.0,0.43
616,74,3.0,,4.0,-488.0,-486.0,-487.0,-11.68
616,75,3.0,,4.0,-762.0,-410.0,-568.0,-13.63
616,76,3.0,,5.0,-62.0,0.0,-48.0,-1.16
617,66,1.0,,4.0,143.0,-60.0,20.0,0.47
617,67,1.0,,4.0,-111.0,0.0,-7.0,-0.18
617,68,1.0,,4.0,-241.0,-150.0,-189.0,-4.55
617,69,1.0,,5.0,-23.0,-13.0,-19.0,-0.45
617,70,1.0,,5.0,9.0,-4.0,4.0,0.1
617,71,2.0,,1.0,-36.0,0.0,-15.0,-0.36
617,72,2.0,,4.0,0.0,0.0,0.0,0.0
617,73,2.0,,4.0,-169.0,140.0,7.0,0.17
617,74,3.0,,4.0,-494.0,-432.0,-451.0,-10.83
617,75,3.0,,4.0,-766.0,-402.0,-638.0,-15.32
617,76,3.0,,5.0,-56.0,0.0,-47.0,-1.12
618,66,1.0,,4.0,-130.0,127.0,6.0,0.13
618,67,1.0,,4.0,-186.0,157.0,-4.0,-0.1
618,68,1.0,,4.0,-245.0,-144.0,-188.0,-4.5
618,69,1.0,,5.0,-35.0,0.0,-16.0,-0.38
618,70,1.0,,5.0,15.0,0.0,2.0,0.05
618,71,2.0,,1.0,-44.0,0.0,-18.0,-0.43
618,72,2.0,,4.0,0.0,0.0,0.0,0.0
618,73,2.0,,4.0,-229.0,0.0,68.0,1.63
618,74,3.0,,4.0,-440.0,-432.0,-435.0,-10.45
618,75,3.0,,4.0,769.0,402.0,-664.0,-15.93
618,76,3.0,,5.0,-57.0,0.0,-48.0,-1.16
619,66,1.0,,4.0,122.0,-117.0,3.0,0.07
619,67,1.0,,4.0,-199.0,156.0,-21.0,-0.5
619,68,1.0,,4.0,-253.0,-121.0,-185.0,-4.45
619,69,1.0,,5.0,-37.0,0.0,-15.0,-0.36
619,70,1.0,,5.0,-30.0,0.0,-6.0,-0.14
619,71,2.0,,1.0,-57.0,0.0,-24.0,-0.57
619,72,2.0,,4.0,0.0,0.0,0.0,0.0
619,73,2.0,,4.0,218.0,4.0,73.0,1.76
619,74,3.0,,4.0,-436.0,-432.0,-435.0,-10.43
619,75,3.0,,4.0,766.0,399.0,-655.0,-15.73
619,76,3.0,,5.0,-63.0,0.0,-51.0,-1.22
620,66,1.0,,4.0,146.0,-121.0,-11.0,-0.27
620,67,1.0,,4.0,-207.0,145.0,-31.0,-0.75
620,68,1.0,,4.0,-229.0,-130.0,-186.0,-4.46
620,69,1.0,,5.0,-28.0,-11.0,-20.0,-0.47
620,70,1.0,,5.0,12.0,-22.0,3.0,0.07
620,71,2.0,,1.0,-56.0,0.0,-21.0,-0.51
620,72,2.0,,4.0,0.0,0.0,0.0,0.0
620,73,2.0,,4.0,214.0,5.0,71.0,1.71
620,74,3.0,,4.0,-446.0,-436.0,-441.0,-10.59
620,75,3.0,,4.0,-766.0,-402.0,-661.0,-15.87
620,76,3.0,,5.0,-54.0,0.0,-45.0,-1.08
621,66,1.0,,4.0,126.0,-94.0,-9.0,-0.21
621,67,1.0,,4.0,-171.0,155.0,-87.0,-2.09
621,68,1.0,,4.0,-234.0,-147.0,-199.0,-4.76
621,69,1.0,,5.0,-24.0,-12.0,-18.0,-0.44
621,70,1.0,,5.0,8.0,-5.0,1.0,0.03
621,71,2.0,,1.0,-65.0,0.0,-30.0,-0.72
621,72,2.0,,4.0,0.0,0.0,0.0,0.0
621,73,2.0,,4.0,-247.0,69.0,-85.0,-2.05
621,74,3.0,,4.0,-498.0,-446.0,-466.0,-11.19
621,75,3.0,,4.0,-761.0,-403.0,-575.0,-13.79
621,76,3.0,,5.0,-63.0,0.0,-53.0,-1.26
622,66,1.0,,4.0,153.0,-73.0,-5.0,-0.12
622,67,1.0,,4.0,215.0,-197.0,-18.0,-0.43
622,68,1.0,,4.0,-237.0,-135.0,-191.0,-4.58
622,69,1.0,,5.0,-24.0,-1.0,-15.0,-0.36
622,70,1.0,,5.0,-32.0,0.0,-8.0,-0.19
622,71,2.0,,1.0,-66.0,0.0,-36.0,-0.87
622,72,2.0,,4.0,0.0,0.0,0.0,0.0
622,73,2.0,,4.0,-180.0,0.0,83.0,2.0
622,74,3.0,,4.0,-498.0,-486.0,-493.0,-11.82
622,75,3.0,,4.0,-717.0,-400.0,-501.0,-12.01
622,76,3.0,,5.0,-52.0,0.0,-40.0,-0.96
623,66,1.0,,4.0,-130.0,112.0,-2.0,-0.04
623,67,1.0,,4.0,324.0,-185.0,-15.0,-0.36
623,68,1.0,,4.0,-248.0,-129.0,-195.0,-4.69
623,69,1.0,,5.0,-26.0,-14.0,-20.0,-0.48
623,70,1.0,,5.0,-7.0,0.0,-1.0,-0.03
623,71,2.0,,1.0,-65.0,0.0,-39.0,-0.94
623,72,2.0,,4.0,0.0,0.0,0.0,0.0
623,73,2.0,,4.0,-153.0,41.0,-74.0,-1.78
623,74,3.0,,4.0,-488.0,0.0,-487.0,-11.7
623,75,3.0,,4.0,-771.0,-405.0,-563.0,-13.5
623,76,3.0,,5.0,-59.0,0.0,-47.0,-1.12
624,66,1.0,,4.0,-130.0,103.0,-11.0,-0.26
624,67,1.0,,4.0,-199.0,151.0,-35.0,-0.84
624,68,1.0,,4.0,-269.0,-142.0,-201.0,-4.82
624,69,1.0,,5.0,-26.0,-14.0,-20.0,-0.48
624,70,1.0,,5.0,12.0,0.0,4.0,0.1
624,71,2.0,,1.0,-72.0,0.0,-42.0,-1.02
624,72,2.0,,4.0,0.0,0.0,0.0,0.0
624,73,2.0,,4.0,-255.0,-16.0,-91.0,-2.19
624,74,3.0,,4.0,-490.0,-488.0,-489.0,-11.73
624,75,3.0,,4.0,-766.0,-404.0,-597.0,-14.32
624,76,3.0,,5.0,-58.0,0.0,-45.0,-1.08
625,66,1.0,,4.0,140.0,-126.0,-9.0,-0.22
625,67,1.0,,4.0,183.0,-151.0,-31.0,-0.75
625,68,1.0,,4.0,-236.0,-134.0,-199.0,-4.78
625,69,1.0,,5.0,-24.0,-14.0,-20.0,-0.48
625,70,1.0,,5.0,7.0,0.0,2.0,0.04
625,71,2.0,,1.0,-64.0,0.0,-39.0,-0.94
625,72,2.0,,4.0,0.0,0.0,0.0,0.0
625,73,2.0,,4.0,-224.0,2.0,-115.0,-2.76
625,74,3.0,,4.0,-756.0,-490.0,-529.0,-12.68
625,75,3.0,,4.0,-769.0,-394.0,-544.0,-13.05
625,76,3.0,,5.0,-56.0,0.0,-46.0,-1.1
627,66,1.0,,4.0,-122.0,96.0,-30.0,-0.72
627,67,1.0,,4.0,-189.0,162.0,-23.0,-0.56
627,68,1.0,,4.0,-248.0,-127.0,-189.0,-4.55
627,69,1.0,,5.0,-32.0,0.0,-23.0,-0.55
627,70,1.0,,5.0,18.0,0.0,4.0,0.1
627,71,2.0,,1.0,-67.0,0.0,-39.0,-0.93
627,72,2.0,,4.0,0.0,0.0,0.0,0.0
627,73,2.0,,4.0,292.0,24.0,143.0,3.42
627,74,3.0,,4.0,-920.0,-642.0,-855.0,-20.51
627,75,3.0,,4.0,-769.0,-404.0,-512.0,-12.3
627,76,3.0,,5.0,-64.0,0.0,-50.0,-1.2
628,66,1.0,,4.0,196.0,-131.0,-20.0,-0.48
628,67,1.0,,4.0,-186.0,183.0,-31.0,-0.75
628,68,1.0,,4.0,-249.0,-145.0,-198.0,-4.76
628,69,1.0,,5.0,-27.0,-15.0,-22.0,-0.54
628,70,1.0,,5.0,8.0,-6.0,1.0,0.03
628,71,2.0,,1.0,-64.0,0.0,-40.0,-0.96
628,72,2.0,,4.0,0.0,0.0,0.0,0.0
628,73,2.0,,4.0,-300.0,-8.0,-152.0,-3.66
628,74,3.0,,4.0,-922.0,-634.0,-857.0,-20.57
628,75,3.0,,4.0,-767.0,-400.0,-547.0,-13.13
628,76,3.0,,5.0,-60.0,0.0,-51.0,-1.23
629,66,1.0,,4.0,234.0,-148.0,-21.0,-0.49
629,67,1.0,,4.0,-217.0,154.0,-54.0,-1.3
629,68,1.0,,4.0,-244.0,-131.0,-199.0,-4.78
629,69,1.0,,5.0,-35.0,2.0,-71.0,-1.71
629,70,1.0,,5.0,-37.0,9.0,-6.0,-0.14
629,71,2.0,,1.0,-67.0,0.0,-47.0,-1.12
629,72,2.0,,4.0,0.0,0.0,0.0,0.0
629,73,2.0,,4.0,-331.0,4.0,-163.0,-3.91
629,74,3.0,,4.0,-928.0,-542.0,-793.0,-19.03
629,75,3.0,,4.0,-669.0,-397.0,-494.0,-11.85
629,76,3.0,,5.0,-64.0,0.0,-43.0,-1.02
630,66,1.0,,4.0,-118.0,110.0,-30.0,-0.71
630,67,1.0,,4.0,-213.0,180.0,-55.0,-1.33
630,68,1.0,,4.0,-256.0,-132.0,-201.0,-4.82
630,69,1.0,,5.0,-26.0,-9.0,-18.0,-0.43
630,70,1.0,,5.0,23.0,0.0,4.0,0.1
630,71,2.0,,1.0,-60.0,0.0,-38.0,-0.91
630,72,2.0,,4.0,-68.0,-41.0,-56.0,-1.34
630,73,2.0,,4.0,-290.0,-4.0,-135.0,-3.24
630,74,3.0,,4.0,-926.0,-542.0,-838.0,-20.11
630,75,3.0,,4.0,-748.0,-409.0,-516.0,-12.4
630,76,3.0,,5.0,-48.0,0.0,-34.0,-0.82
631,66,1.0,,4.0,-139.0,107.0,-30.0,-0.71
631,67,1.0,,4.0,244.0,-203.0,-37.0,-0.88
631,68,1.0,,4.0,-251.0,-140.0,-203.0,-4.87
631,69,1.0,,5.0,-28.0,-4.0,-22.0,-0.52
631,70,1.0,,5.0,7.0,-4.0,0.0,0.01
631,71,2.0,,1.0,-53.0,0.0,-27.0,-0.65
631,72,2.0,,4.0,-98.0,-41.0,-58.0,-1.4
631,73,2.0,,4.0,-440.0,-138.0,-156.0,-3.74
631,74,3.0,,4.0,-931.0,-644.0,-858.0,-20.6
631,75,3.0,,4.0,-768.0,-407.0,-620.0,-14.87
631,76,3.0,,5.0,-85.0,0.0,-47.0,-1.13
632,66,1.0,,4.0,-135.0,120.0,-31.0,-0.74
632,67,1.0,,4.0,220.0,-201.0,-37.0,-0.89
632,68,1.0,,4.0,-259.0,-135.0,-208.0,-4.98
632,69,1.0,,5.0,-37.0,0.0,-23.0,-0.56
632,70,1.0,,5.0,11.0,0.0,2.0,0.04
632,71,2.0,,1.0,-64.0,0.0,-36.0,-0.87
632,72,2.0,,4.0,-109.0,-50.0,-70.0,-1.67
632,73,2.0,,4.0,-440.0,-138.0,-150.0,-3.61
632,74,3.0,,4.0,-930.0,-642.0,-868.0,-20.83
632,75,3.0,,4.0,-775.0,-405.0,-682.0,-16.36
632,76,3.0,,5.0,-90.0,0.0,-44.0,-1.06
633,66,1.0,,4.0,-165.0,156.0,-42.0,-1.02
633,67,1.0,,4.0,271.0,-234.0,-44.0,-1.04
633,68,1.0,,4.0,-255.0,-114.0,-201.0,-4.82
633,69,1.0,,5.0,-32.0,-24.0,-25.0,-0.6
633,70,1.0,,5.0,-8.0,5.0,-2.0,-0.05
633,71,2.0,,1.0,0.0,0.0,0.0,0.0
633,72,2.0,,4.0,-117.0,-41.0,-70.0,-1.69
633,73,2.0,,4.0,-333.0,2.0,-158.0,-3.79
633,74,3.0,,4.0,-943.0,-652.0,-881.0,-21.15
633,75,3.0,,4.0,-769.0,-405.0,-655.0,-15.71
633,76,3.0,,5.0,-96.0,0.0,-51.0,-1.22
634,66,1.0,,4.0,-169.0,131.0,-42.0,-1.01
634,67,1.0,,4.0,-222.0,191.0,-60.0,-1.43
634,68,1.0,,4.0,-262.0,-119.0,-195.0,-4.68
634,69,1.0,,5.0,-32.0,0.0,-25.0,-0.61
634,70,1.0,,5.0,-10.0,-2.0,-5.0,-0.13
634,71,2.0,,1.0,-55.0,0.0,-34.0,-0.82
634,72,2.0,,4.0,-156.0,-54.0,-82.0,-1.96
634,73,2.0,,4.0,-198.0,32.0,67.0,1.61
634,74,3.0,,4.0,-943.0,-656.0,-876.0,-21.02
634,75,3.0,,4.0,-771.0,-407.0,-583.0,-13.98
634,76,3.0,,5.0,-66.0,0.0,-50.0,-1.2
635,66,1.0,,4.0,-178.0,143.0,-57.0,-1.37
635,67,1.0,,4.0,-239.0,193.0,-58.0,-1.39
635,68,1.0,,4.0,-257.0,-114.0,-194.0,-4.65
635,69,1.0,,5.0,-36.0,0.0,-27.0,-0.64
635,70,1.0,,5.0,-11.0,2.0,-7.0,-0.17
635,71,2.0,,1.0,-59.0,0.0,-33.0,-0.79
635,72,2.0,,4.0,-164.0,0.0,-79.0,-1.9
635,73,2.0,,4.0,-258.0,-49.0,-52.0,-1.24
635,74,3.0,,4.0,-941.0,-652.0,-878.0,-21.08
635,75,3.0,,4.0,-763.0,-400.0,-582.0,-13.98
635,76,3.0,,5.0,-62.0,0.0,-49.0,-1.18
636,66,1.0,,4.0,-184.0,99.0,-44.0,-1.06
636,67,1.0,,4.0,-244.0,203.0,-35.0,-0.85
636,68,1.0,,4.0,-251.0,-90.0,-183.0,-4.38
636,69,1.0,,5.0,-34.0,-7.0,-23.0,-0.56
636,70,1.0,,5.0,6.0,-9.0,0.0,0.0
636,71,2.0,,1.0,-57.0,0.0,-35.0,-0.84
636,72,2.0,,4.0,-164.0,-34.0,-81.0,-1.95
636,73,2.0,,4.0,-188.0,56.0,-50.0,-1.21
636,74,3.0,,4.0,-941.0,-556.0,-806.0,-19.34
636,75,3.0,,4.0,-612.0,-403.0,-469.0,-11.25
636,76,3.0,,5.0,-57.0,0.0,-39.0,-0.94
637,66,1.0,,4.0,193.0,-186.0,-62.0,-1.48
637,67,1.0,,4.0,-251.0,192.0,-82.0,-1.97
637,68,1.0,,4.0,-258.0,-120.0,-219.0,-5.25
637,69,1.0,,5.0,-33.0,-17.0,-25.0,-0.61
637,70,1.0,,5.0,-9.0,8.0,-2.0,-0.05
637,71,2.0,,1.0,-58.0,0.0,-30.0,-0.72
637,72,2.0,,4.0,-168.0,-5.0,-83.0,-1.99
637,73,2.0,,4.0,-124.0,-3.0,-28.0,-0.66
637,74,3.0,,4.0,-938.0,-554.0,-853.0,-20.47
637,75,3.0,,4.0,-763.0,-404.0,-493.0,-11.83
637,76,3.0,,5.0,-48.0,0.0,-33.0,-0.8
638,66,1.0,,4.0,202.0,-182.0,-43.0,-1.03
638,67,1.0,,4.0,-260.0,161.0,-99.0,-2.39
638,68,1.0,,4.0,-260.0,-113.0,-201.0,-4.83
638,69,1.0,,5.0,-32.0,-17.0,-24.0,-0.59
638,70,1.0,,5.0,-10.0,0.0,0.0,0.0
638,71,2.0,,1.0,-51.0,0.0,-26.0,-0.63
638,72,2.0,,4.0,-154.0,-39.0,-81.0,-1.95
638,73,2.0,,4.0,0.0,93.0,63.0,1.5
638,74,3.0,,4.0,-938.0,-650.0,-878.0,-21.07
638,75,3.0,,4.0,-766.0,-410.0,-573.0,-13.75
638,76,3.0,,5.0,-52.0,0.0,-38.0,-0.9
639,66,1.0,,4.0,322.0,8.0,113.0,2.7
639,67,1.0,,4.0,-219.0,145.0,-47.0,-1.13
639,68,1.0,,4.0,-253.0,-132.0,-198.0,-4.76
639,69,1.0,,5.0,-33.0,-11.0,-18.0,-0.43
639,70,1.0,,5.0,-13.0,0.0,-4.0,-0.1
639,71,2.0,,1.0,-65.0,0.0,-31.0,-0.74
639,72,2.0,,4.0,-189.0,0.0,-73.0,-1.75
639,73,2.0,,4.0,-288.0,23.0,-105.0,-2.51
639,74,3.0,,4.0,-932.0,-642.0,-814.0,-19.54
639,75,3.0,,4.0,-769.0,-409.0,-570.0,-13.68
639,76,3.0,,5.0,-57.0,0.0,-49.0,-1.18
640,66,1.0,,4.0,190.0,0.0,86.0,2.05
640,67,1.0,,4.0,-260.0,135.0,-77.0,-1.84
640,68,1.0,,4.0,-250.0,-115.0,-195.0,-4.69
640,69,1.0,,5.0,-29.0,-11.0,-18.0,-0.43
640,70,1.0,,5.0,-13.0,14.0,-1.0,-0.02
640,71,2.0,,1.0,-62.0,0.0,-35.0,-0.84
640,72,2.0,,4.0,-187.0,-84.0,-85.0,-2.04
640,73,2.0,,4.0,-260.0,16.0,-91.0,-2.19
640,74,3.0,,4.0,-941.0,-652.0,-808.0,-19.39
640,75,3.0,,4.0,-768.0,-401.0,-601.0,-14.42
640,76,3.0,,5.0,-62.0,0.0,-50.0,-1.2
641,66,1.0,,4.0,186.0,-144.0,36.0,0.87
641,67,1.0,,4.0,210.0,-197.0,-22.0,-0.53
641,68,1.0,,4.0,-232.0,-110.0,-175.0,-4.19
641,69,1.0,,5.0,-32.0,-12.0,-20.0,-0.49
641,70,1.0,,5.0,-8.0,5.0,-2.0,-0.04
641,71,2.0,,1.0,0.0,0.0,0.0,-0.91
641,72,2.0,,4.0,-187.0,-42.0,-84.0,-2.03
641,73,2.0,,4.0,-232.0,16.0,-93.0,-2.23
641,74,3.0,,4.0,-929.0,-559.0,-750.0,-18.01
641,75,3.0,,4.0,-767.0,-400.0,-534.0,-12.81
641,76,3.0,,5.0,-70.0,0.0,-52.0,-1.24
642,66,1.0,,4.0,243.0,-144.0,82.0,1.98
642,67,1.0,,4.0,-243.0,61.0,-110.0,-2.63
642,68,1.0,,4.0,-256.0,-159.0,-209.0,-5.03
642,69,1.0,,5.0,-28.0,0.0,-18.0,-0.44
642,70,1.0,,5.0,-9.0,8.0,0.0,-0.01
642,71,2.0,,1.0,-67.0,0.0,-36.0,-0.86
642,72,2.0,,4.0,-167.0,-68.0,-74.0,-1.78
642,73,2.0,,4.0,-220.0,21.0,-84.0,-2.01
642,74,3.0,,4.0,-938.0,-554.0,-778.0,-18.67
642,75,3.0,,4.0,-765.0,-403.0,-568.0,-13.64
642,76,3.0,,5.0,-61.0,0.0,-49.0,-1.18
643,66,1.0,,4.0,213.0,2.0,94.0,2.26
643,67,1.0,,4.0,-214.0,94.0,-59.0,-1.43
643,68,1.0,,4.0,-242.0,-141.0,-195.0,-4.68
643,69,1.0,,5.0,-29.0,-14.0,-18.0,-0.44
643,70,1.0,,5.0,-10.0,0.0,0.0,-0.01
643,71,2.0,,1.0,-65.0,0.0,-42.0,-1.02
643,72,2.0,,4.0,-176.0,0.0,-73.0,-1.74
643,73,2.0,,4.0,-307.0,-6.0,-115.0,-2.77
643,74,3.0,,4.0,-939.0,-646.0,-818.0,-19.63
643,75,3.0,,4.0,-768.0,-410.0,-629.0,-15.09
643,76,3.0,,5.0,-67.0,0.0,-50.0,-1.2
644,66,1.0,,4.0,183.0,11.0,97.0,2.34
644,67,1.0,,4.0,-219.0,84.0,-67.0,-1.62
644,68,1.0,,4.0,-242.0,-139.0,-191.0,-4.59
644,69,1.0,,5.0,-25.0,0.0,-1.0,-0.03
644,70,1.0,,5.0,-50.0,10.0,-11.0,-0.26
644,71,2.0,,1.0,-68.0,0.0,-39.0,-0.94
644,72,2.0,,4.0,-197.0,-35.0,-80.0,-1.91
644,73,2.0,,4.0,-284.0,-2.0,-105.0,-2.53
644,74,3.0,,4.0,-939.0,-644.0,-812.0,-19.48
644,75,3.0,,4.0,-768.0,-408.0,-573.0,-13.74
644,76,3.0,,5.0,-64.0,0.0,-53.0,-1.26
645,66,1.0,,4.0,197.0,-30.0,69.0,1.67
645,67,1.0,,4.0,-226.0,101.0,-78.0,-1.88
645,68,1.0,,4.0,-235.0,-126.0,-190.0,-4.56
645,69,1.0,,5.0,-22.0,-8.0,-16.0,-0.38
645,70,1.0,,5.0,14.0,-8.0,5.0,0.13
645,71,2.0,,1.0,-71.0,0.0,-45.0,-1.08
645,72,2.0,,4.0,-199.0,-28.0,-82.0,-1.98
645,73,2.0,,4.0,-327.0,-15.0,-136.0,-3.27
645,74,3.0,,4.0,-934.0,-649.0,-824.0,-19.77
645,75,3.0,,4.0,-761.0,-406.0,-563.0,-13.5
645,76,3.0,,5.0,-64.0,0.0,-53.0,-1.26
646,66,1.0,,4.0,231.0,-9.0,89.0,2.14
646,67,1.0,,4.0,-237.0,99.0,-77.0,-1.84
646,68,1.0,,4.0,-247.0,-141.0,-195.0,-4.68
646,69,1.0,,5.0,-23.0,0.0,-19.0,-0.45
646,70,1.0,,5.0,-14.0,0.0,-4.0,-0.09
646,71,2.0,,1.0,0.0,0.0,0.0,-1.15
646,72,2.0,,4.0,-178.0,-33.0,-86.0,-2.07
646,73,2.0,,4.0,-297.0,108.0,-134.0,-3.21
646,74,3.0,,4.0,-934.0,-648.0,-876.0,-21.02
646,75,3.0,,4.0,-764.0,-405.0,-608.0,-14.59
646,76,3.0,,5.0,-94.0,0.0,-52.0,-1.25
647,66,1.0,,4.0,68.0,58.0,68.0,2.04
647,67,1.0,,4.0,-238.0,82.0,-80.0,-1.93
647,68,1.0,,4.0,-251.0,-107.0,-192.0,-4.62
647,69,1.0,,5.0,-24.0,0.0,-19.0,-0.45
647,70,1.0,,5.0,-14.0,0.0,0.0,-0.01
647,71,2.0,,1.0,-70.0,0.0,-47.0,-1.14
647,72,2.0,,4.0,-193.0,-20.0,-81.0,-1.95
647,73,2.0,,4.0,-350.0,-4.0,-150.0,-3.6
647,74,3.0,,4.0,-933.0,-650.0,-870.0,-20.89
647,75,3.0,,4.0,-768.0,-405.0,-513.0,-12.32
647,76,3.0,,5.0,-103.0,0.0,-53.0,-1.28
648,66,1.0,,4.0,182.0,-4.0,96.0,2.3
648,67,1.0,,4.0,-161.0,100.0,-52.0,-1.24
648,68,1.0,,4.0,-237.0,-95.0,-169.0,-4.06
648,69,1.0,,5.0,-24.0,-3.0,-16.0,-0.39
648,70,1.0,,5.0,-34.0,0.0,-10.0,-0.25
648,71,2.0,,1.0,0.0,0.0,0.0,0.0
648,72,2.0,,4.0,-162.0,-21.0,-81.0,-1.94
648,73,2.0,,4.0,-305.0,-24.0,-149.0,-3.57
648,74,3.0,,4.0,-926.0,-546.0,-802.0,-19.26
648,75,3.0,,4.0,-761.0,-406.0,-526.0,-12.62
648,76,3.0,,5.0,-67.0,0.0,-53.0,-1.26
649,66,1.0,,4.0,197.0,2.0,75.0,1.81
649,67,1.0,,4.0,-202.0,93.0,-53.0,-1.28
649,68,1.0,,4.0,-240.0,-105.0,-175.0,-4.21
649,69,1.0,,5.0,-27.0,-15.0,-22.0,-0.52
649,70,1.0,,5.0,-11.0,0.0,-2.0,-0.04
649,71,2.0,,1.0,-66.0,0.0,-36.0,-0.86
649,72,2.0,,4.0,-181.0,-23.0,-78.0,-1.88
649,73,2.0,,4.0,-268.0,-8.0,-133.0,-3.2
649,74,3.0,,4.0,-927.0,-544.0,-832.0,-19.98
649,75,3.0,,4.0,-762.0,-404.0,-559.0,-13.43
649,76,3.0,,5.0,-64.0,0.0,-50.0,-1.2
650,66,1.0,,4.0,163.0,-5.0,70.0,1.69
650,67,1.0,,4.0,-205.0,82.0,-58.0,-1.39
650,68,1.0,,4.0,-237.0,-105.0,-176.0,-4.23
650,69,1.0,,5.0,-26.0,0.0,-18.0,-0.44
650,70,1.0,,5.0,7.0,-4.0,2.0,0.04
650,71,2.0,,1.0,-64.0,0.0,-40.0,-0.96
650,72,2.0,,4.0,-176.0,-44.0,-84.0,-2.02
650,73,2.0,,4.0,-320.0,-10.0,-146.0,-3.5
650,74,3.0,,4.0,-923.0,-630.0,-853.0,-20.48
650,75,3.0,,4.0,-767.0,-403.0,-657.0,-15.77
650,76,3.0,,5.0,-70.0,0.0,-53.0,-1.28
651,66,1.0,,4.0,163.0,-133.0,62.0,1.49
651,67,1.0,,4.0,-179.0,179.0,-32.0,-0.78
651,68,1.0,,4.0,-240.0,-89.0,-180.0,-4.33
651,69,1.0,,5.0,-42.0,-14.0,-20.0,-0.49
651,70,1.0,,5.0,-22.0,7.0,-1.0,-0.02
651,71,2.0,,1.0,0.0,0.0,0.0,0.0
651,72,2.0,,4.0,-172.0,-14.0,-81.0,-1.95
651,73,2.0,,4.0,-282.0,34.0,-148.0,-3.56
651,74,3.0,,4.0,-929.0,-642.0,-868.0,-20.83
651,75,3.0,,4.0,-766.0,-409.0,-660.0,-15.85
651,76,3.0,,5.0,-67.0,0.0,-55.0,-1.32
652,66,1.0,,4.0,251.0,35.0,97.0,2.33
652,67,1.0,,4.0,-183.0,104.0,-57.0,-1.37
652,68,1.0,,4.0,-243.0,-110.0,-181.0,-4.35
652,69,1.0,,5.0,-37.0,-2.0,-16.0,-0.39
652,70,1.0,,5.0,-31.0,-6.0,-7.0,-0.16
652,71,2.0,,1.0,-65.0,0.0,-45.0,-1.07
652,72,2.0,,4.0,-165.0,-34.0,-76.0,-1.82
652,73,2.0,,4.0,-270.0,13.0,-155.0,-3.71
652,74,3.0,,4.0,-930.0,-642.0,-878.0,-21.08
652,75,3.0,,4.0,-761.0,-408.0,-605.0,-14.51
652,76,3.0,,5.0,-66.0,0.0,-53.0,-1.28
653,66,1.0,,4.0,187.0,31.0,82.0,1.97
653,67,1.0,,4.0,-200.0,91.0,-69.0,-1.65
653,68,1.0,,4.0,-243.0,-103.0,-187.0,-4.48
653,69,1.0,,5.0,-27.0,-6.0,-16.0,-0.39
653,70,1.0,,5.0,-31.0,-6.0,-7.0,-0.16
653,71,2.0,,1.0,-60.0,0.0,-38.0,-0.9
653,72,2.0,,4.0,-162.0,-34.0,-77.0,-1.85
653,73,2.0,,4.0,-268.0,-28.0,-144.0,-3.46
653,74,3.0,,4.0,-935.0,-645.0,-880.0,-21.12
653,75,3.0,,4.0,-730.0,50.0,-480.0,-11.52
653,76,3.0,,5.0,-64.0,0.0,-51.0,-1.22
654,66,1.0,,4.0,176.0,-10.0,76.0,1.82
654,67,1.0,,4.0,-225.0,90.0,-73.0,-1.74
654,68,1.0,,4.0,-248.0,-99.0,-183.0,-4.39
654,69,1.0,,5.0,-24.0,0.0,-18.0,-0.43
654,70,1.0,,5.0,10.0,0.0,2.0,0.05
654,71,2.0,,1.0,-67.0,0.0,-42.0,-1.0
654,72,2.0,,4.0,-172.0,-41.0,-82.0,-1.97
654,73,2.0,,4.0,-314.0,-27.0,-163.0,-3.91
654,74,3.0,,4.0,-939.0,-652.0,-887.0,-21.28
654,75,3.0,,4.0,51.0,0.0,6.0,0.14
654,76,3.0,,5.0,-59.0,0.0,-51.0,-1.22
655,66,1.0,,4.0,230.0,19.0,81.0,1.95
655,67,1.0,,4.0,-192.0,95.0,-74.0,-1.77
655,68,1.0,,4.0,-247.0,-100.0,-173.0,-4.15
655,69,1.0,,5.0,-24.0,-12.0,-16.0,-0.38
655,70,1.0,,5.0,-30.0,-2.0,-8.0,-0.18
655,71,2.0,,1.0,-60.0,0.0,-39.0,-0.93
655,72,2.0,,4.0,-192.0,-41.0,-88.0,-2.11
655,73,2.0,,4.0,-290.0,-16.0,-175.0,-4.21
655,74,3.0,,4.0,-941.0,-652.0,-834.0,-20.02
655,75,3.0,,4.0,-660.0,-333.0,-462.0,-11.1
655,76,3.0,,5.0,-60.0,0.0,-48.0,-1.14
656,66,1.0,,4.0,232.0,21.0,65.0,1.56
656,67,1.0,,4.0,-241.0,75.0,-76.0,-1.81
656,68,1.0,,4.0,-245.0,-93.0,-179.0,-4.29
656,69,1.0,,5.0,-28.0,-11.0,-20.0,-0.49
656,70,1.0,,5.0,-8.0,7.0,0.0,0.0
656,71,2.0,,1.0,-65.0,0.0,-44.0,-1.05
656,72,2.0,,4.0,-163.0,-40.0,-87.0,-2.08
656,73,2.0,,4.0,-334.0,-22.0,-188.0,-4.5
656,74,3.0,,4.0,-938.0,-650.0,-860.0,-20.65
656,75,3.0,,4.0,-768.0,-394.0,-499.0,-11.97
656,76,3.0,,5.0,-94.0,0.0,-50.0,-1.19
657,66,1.0,,4.0,161.0,0.0,65.0,1.56
657,67,1.0,,4.0,-192.0,93.0,-66.0,-1.57
657,68,1.0,,4.0,-235.0,-96.0,-170.0,-4.07
657,69,1.0,,5.0,-30.0,-14.0,-20.0,-0.48
657,70,1.0,,5.0,15.0,-5.0,3.0,0.06
657,71,2.0,,1.0,-67.0,0.0,-50.0,-1.2
657,72,2.0,,4.0,-185.0,-85.0,-94.0,-2.26
657,73,2.0,,4.0,-396.0,-36.0,-250.0,-6.0
657,74,3.0,,4.0,-938.0,-650.0,-889.0,-21.32
657,75,3.0,,4.0,-711.0,-406.0,-506.0,-12.15
657,76,3.0,,5.0,-90.0,0.0,-49.0,-1.18
658,66,1.0,,4.0,161.0,0.0,61.0,1.47
658,67,1.0,,4.0,-196.0,98.0,-65.0,-1.56
658,68,1.0,,4.0,-234.0,-127.0,-182.0,-4.36
658,69,1.0,,5.0,-28.0,-14.0,-21.0,-0.5
658,70,1.0,,5.0,14.0,-3.0,8.0,0.18
658,71,2.0,,1.0,-69.0,0.0,-49.0,-1.17
658,72,2.0,,4.0,-179.0,-32.0,-85.0,-2.03
658,73,2.0,,4.0,-308.0,-15.0,-179.0,-4.29
658,74,3.0,,4.0,-942.0,-748.0,-895.0,-21.47
658,75,3.0,,4.0,-747.0,-406.0,-516.0,-12.39
658,76,3.0,,5.0,-95.0,0.0,-52.0,-1.25
659,66,1.0,,4.0,161.0,0.0,51.0,1.23
659,67,1.0,,4.0,-231.0,164.0,-74.0,-1.78
659,68,1.0,,4.0,-259.0,-83.0,-183.0,-4.39
659,69,1.0,,5.0,-31.0,-5.0,-18.0,-0.42
659,70,1.0,,5.0,-27.0,14.0,0.0,0.01
659,71,2.0,,1.0,-67.0,0.0,-46.0,-1.11
659,72,2.0,,4.0,-202.0,-20.0,-91.0,-2.17
659,73,2.0,,4.0,-410.0,0.0,-182.0,-4.37
659,74,3.0,,4.0,-945.0,-750.0,-903.0,-21.68
659,75,3.0,,4.0,-767.0,-407.0,-568.0,-13.64
659,76,3.0,,5.0,-61.0,0.0,-49.0,-1.18
660,66,1.0,,4.0,175.0,2.0,68.0,1.64
660,67,1.0,,4.0,-258.0,82.0,-104.0,-2.49
660,68,1.0,,4.0,-262.0,-106.0,-197.0,-4.73
660,69,1.0,,5.0,-23.0,-3.0,-16.0,-0.38
660,70,1.0,,5.0,-33.0,13.0,-5.0,-0.12
660,71,2.0,,1.0,-67.0,0.0,-42.0,-1.01
660,72,2.0,,4.0,-185.0,-20.0,-84.0,-2.02
660,73,2.0,,4.0,-445.0,-6.0,-182.0,-4.37
660,74,3.0,,4.0,-948.0,-750.0,-898.0,-21.55
660,75,3.0,,4.0,-763.0,-411.0,-564.0,-13.54
660,76,3.0,,5.0,-64.0,0.0,-54.0,-1.3
661,66,1.0,,4.0,174.0,-113.0,59.0,1.42
661,67,1.0,,4.0,-288.0,136.0,-102.0,-2.45
661,68,1.0,,4.0,-248.0,43.0,-128.0,-3.08
661,69,1.0,,5.0,-25.0,5.0,-12.0,-0.29
661,70,1.0,,5.0,-28.0,0.0,-5.0,-0.13
661,71,2.0,,1.0,-70.0,0.0,-47.0,-1.13
661,72,2.0,,4.0,-164.0,-19.0,-34.0,-0.83
661,73,2.0,,4.0,-407.0,-7.0,-243.0,-5.83
661,74,3.0,,4.0,-926.0,-735.0,-883.0,-21.18
661,75,3.0,,4.0,-767.0,-410.0,-628.0,-15.07
661,76,3.0,,5.0,-71.0,0.0,-53.0,-1.26
662,66,1.0,,4.0,205.0,-3.0,70.0,1.69
662,67,1.0,,4.0,-291.0,105.0,-86.0,-2.07
662,68,1.0,,4.0,-238.0,-91.0,-177.0,-4.24
662,69,1.0,,5.0,-34.0,0.0,-20.0,-0.48
662,70,1.0,,5.0,-12.0,0.0,0.0,0.0
662,71,2.0,,1.0,-65.0,0.0,-44.0,-1.06
662,72,2.0,,4.0,-174.0,-36.0,-81.0,-1.95
662,73,2.0,,4.0,-455.0,8.0,-255.0,-6.13
662,74,3.0,,4.0,-936.0,-738.0,-855.0,-20.52
662,75,3.0,,4.0,-758.0,-398.0,-516.0,-12.38
662,76,3.0,,5.0,-71.0,0.0,-52.0,-1.24
663,66,1.0,,4.0,265.0,-28.0,61.0,1.47
663,67,1.0,,4.0,-335.0,114.0,-119.0,-2.85
663,68,1.0,,4.0,-263.0,-104.0,-186.0,-4.48
663,69,1.0,,5.0,-32.0,0.0,-19.0,-0.45
663,70,1.0,,5.0,20.0,0.0,5.0,0.12
663,71,2.0,,1.0,-76.0,0.0,-46.0,-1.1
663,72,2.0,,4.0,-217.0,-17.0,-142.0,-3.41
663,73,2.0,,4.0,-343.0,-5.0,-191.0,-4.58
663,74,3.0,,4.0,-938.0,-646.0,-868.0,-20.83
663,75,3.0,,4.0,-818.0,-404.0,-586.0,-14.06
663,76,3.0,,5.0,-64.0,0.0,-50.0,-1.2
664,66,1.0,,4.0,212.0,-10.0,71.0,1.7
664,67,1.0,,4.0,-274.0,97.0,-115.0,-2.76
664,68,1.0,,4.0,-265.0,-120.0,-198.0,-4.76
664,69,1.0,,5.0,-17.0,8.0,-8.0,-0.19
664,70,1.0,,5.0,-25.0,10.0,-4.0,-0.09
664,71,2.0,,1.0,-64.0,0.0,-38.0,-0.92
664,72,2.0,,4.0,-187.0,0.0,-113.0,-2.71
664,73,2.0,,4.0,343.0,-37.0,-169.0,-4.06
664,74,3.0,,4.0,-945.0,-746.0,-902.0,-21.65
664,75,3.0,,4.0,-759.0,-406.0,-587.0,-14.08
664,76,3.0,,5.0,-68.0,0.0,-53.0,-1.28
665,66,1.0,,4.0,219.0,-1.0,73.0,1.75
665,67,1.0,,4.0,-284.0,103.0,-125.0,-3.01
665,68,1.0,,4.0,-273.0,-148.0,-215.0,-5.16
665,69,1.0,,5.0,-22.0,-1.0,-13.0,-0.31
665,70,1.0,,5.0,-27.0,0.0,-3.0,-0.08
665,71,2.0,,1.0,-69.0,0.0,-36.0,-0.87
665,72,2.0,,4.0,-214.0,-41.0,-158.0,-3.79
665,73,2.0,,4.0,-357.0,-8.0,-194.0,-4.66
665,74,3.0,,4.0,-945.0,-753.0,-905.0,-21.72
665,75,3.0,,4.0,-772.0,-399.0,-601.0,-14.42
665,76,3.0,,5.0,-68.0,0.0,-54.0,-1.3
666,66,1.0,,4.0,193.0,-13.0,67.0,1.6
666,67,1.0,,4.0,-297.0,61.0,-122.0,-2.92
666,68,1.0,,4.0,-271.0,-129.0,-204.0,-4.9
666,69,1.0,,5.0,-20.0,2.0,-13.0,-0.31
666,70,1.0,,5.0,-25.0,12.0,-2.0,-0.05
666,71,2.0,,1.0,-58.0,0.0,-37.0,-0.88
666,72,2.0,,4.0,-207.0,15.0,-115.0,-2.76
666,73,2.0,,4.0,-338.0,0.0,-192.0,-4.61
666,74,3.0,,4.0,-944.0,-753.0,-884.0,-21.22
666,75,3.0,,4.0,-766.0,-406.0,-617.0,-14.81
666,76,3.0,,5.0,-74.0,0.0,-55.0,-1.32
667,66,1.0,,4.0,215.0,-25.0,60.0,1.44
667,67,1.0,,4.0,-298.0,81.0,-124.0,-2.97
667,68,1.0,,4.0,-265.0,-125.0,-203.0,-4.87
667,69,1.0,,5.0,-22.0,-10.0,-16.0,-0.39
667,70,1.0,,5.0,13.0,-6.0,5.0,0.13
667,71,2.0,,1.0,-51.0,0.0,-34.0,-0.81
667,72,2.0,,4.0,206.0,6.0,146.0,3.5
667,73,2.0,,4.0,-289.0,4.0,-159.0,-3.82
667,74,3.0,,4.0,-945.0,-753.0,-907.0,-21.76
667,75,3.0,,4.0,-807.0,-464.0,-613.0,-14.72
667,76,3.0,,5.0,-71.0,0.0,-55.0,-1.32
668,66,1.0,,4.0,172.0,-9.0,55.0,1.31
668,67,1.0,,4.0,-282.0,84.0,-134.0,-3.21
668,68,1.0,,4.0,-253.0,-116.0,-205.0,-4.92
668,69,1.0,,5.0,-20.0,-7.0,-13.0,-0.32
668,70,1.0,,5.0,11.0,0.0,5.0,0.13
668,71,2.0,,1.0,-66.0,0.0,-35.0,-0.85
668,72,2.0,,4.0,-170.0,0.0,-143.0,-3.44
668,73,2.0,,4.0,-367.0,-4.0,-173.0,-4.15
668,74,3.0,,4.0,-948.0,-660.0,-861.0,-20.65
668,75,3.0,,4.0,-770.0,-402.0,-616.0,-14.78
668,76,3.0,,5.0,-72.0,0.0,-52.0,-1.25
669,66,1.0,,4.0,172.0,-14.0,58.0,1.39
669,67,1.0,,4.0,-275.0,92.0,-112.0,-2.69
669,68,1.0,,4.0,-272.0,-131.0,-207.0,-4.98
669,69,1.0,,5.0,-23.0,-2.0,-13.0,-0.31
669,70,1.0,,5.0,-22.0,0.0,0.0,-0.01
669,71,2.0,,1.0,-62.0,0.0,-35.0,-0.84
669,72,2.0,,4.0,-186.0,-31.0,-143.0,-3.44
669,73,2.0,,4.0,-412.0,-4.0,-204.0,-4.9
669,74,3.0,,4.0,-944.0,-564.0,-814.0,-19.53
669,75,3.0,,4.0,-764.0,-401.0,-617.0,-14.8
669,76,3.0,,5.0,-76.0,0.0,-53.0,-1.28
670,66,1.0,,4.0,172.0,-30.0,45.0,1.09
670,67,1.0,,4.0,-261.0,103.0,-115.0,-2.75
670,68,1.0,,4.0,-275.0,-110.0,-206.0,-4.96
670,69,1.0,,5.0,-26.0,-12.0,-18.0,-0.42
670,70,1.0,,5.0,7.0,0.0,1.0,0.02
670,71,2.0,,1.0,-51.0,0.0,-30.0,-0.72
670,72,2.0,,4.0,-182.0,-7.0,-137.0,-3.3
670,73,2.0,,4.0,-412.0,-4.0,-178.0,-4.26
670,74,3.0,,4.0,-929.0,-638.0,-821.0,-19.69
670,75,3.0,,4.0,-744.0,-399.0,-643.0,-15.43
670,76,3.0,,5.0,-76.0,0.0,-61.0,-1.47
671,66,1.0,,4.0,193.0,-18.0,53.0,1.27
671,67,1.0,,4.0,-285.0,99.0,-121.0,-2.89
671,68,1.0,,4.0,-280.0,-120.0,-210.0,-5.03
671,69,1.0,,5.0,-22.0,-9.0,-16.0,-0.39
671,70,1.0,,5.0,13.0,3.0,8.0,0.19
671,71,2.0,,1.0,0.0,0.0,0.0,-0.97
671,72,2.0,,4.0,-195.0,-90.0,-156.0,-3.74
671,73,2.0,,4.0,-358.0,3.0,-203.0,-4.88
671,74,3.0,,4.0,-930.0,-638.0,-842.0,-20.2
671,75,3.0,,4.0,-763.0,-401.0,-681.0,-16.35
671,76,3.0,,5.0,-73.0,0.0,-58.0,-1.4
672,66,1.0,,4.0,177.0,-149.0,53.0,1.28
672,67,1.0,,4.0,-293.0,100.0,-122.0,-2.92
672,68,1.0,,4.0,-275.0,-125.0,-215.0,-5.16
672,69,1.0,,5.0,-24.0,-12.0,-19.0,-0.45
672,70,1.0,,5.0,-8.0,5.0,-1.0,-0.01
672,71,2.0,,1.0,-68.0,0.0,-45.0,-1.07
672,72,2.0,,4.0,-197.0,0.0,-156.0,-3.75
672,73,2.0,,4.0,-386.0,-32.0,-223.0,-5.36
672,74,3.0,,4.0,-944.0,-640.0,-862.0,-20.69
672,75,3.0,,4.0,-1150.0,-202.0,-638.0,-15.3
672,76,3.0,,5.0,-74.0,0.0,-57.0,-1.37
673,66,1.0,,4.0,232.0,-14.0,72.0,1.72
673,67,1.0,,4.0,-297.0,122.0,-128.0,-3.07
673,68,1.0,,4.0,-372.0,-135.0,-245.0,-5.87
673,69,1.0,,5.0,-23.0,0.0,-13.0,-0.31
673,70,1.0,,5.0,9.0,0.0,5.0,0.12
673,71,2.0,,1.0,-68.0,0.0,-39.0,-0.94
673,72,2.0,,4.0,-231.0,-9.0,-146.0,-3.5
673,73,2.0,,4.0,-713.0,-186.0,-219.0,-5.26
673,74,3.0,,4.0,-944.0,-640.0,-865.0,-20.77
673,75,3.0,,4.0,-1148.0,-223.0,-666.0,-15.97
673,76,3.0,,5.0,-67.0,0.0,-53.0,-1.28
674,66,1.0,,4.0,166.0,-45.0,35.0,0.83
674,67,1.0,,4.0,-291.0,78.0,-130.0,-3.12
674,68,1.0,,4.0,-273.0,-122.0,-205.0,-4.93
674,69,1.0,,5.0,-29.0,0.0,-9.0,-0.22
674,70,1.0,,5.0,-16.0,7.0,-5.0,-0.11
674,71,2.0,,1.0,-61.0,0.0,-39.0,-0.94
674,72,2.0,,4.0,-181.0,-13.0,-140.0,-3.37
674,73,2.0,,4.0,-398.0,-8.0,-193.0,-4.64
674,74,3.0,,4.0,-933.0,-644.0,-862.0,-20.69
674,75,3.0,,4.0,-1151.0,-200.0,-660.0,-15.85
674,76,3.0,,5.0,-53.0,0.0,-43.0,-1.04
675,66,1.0,,4.0,155.0,-48.0,23.0,0.54
675,67,1.0,,4.0,-297.0,93.0,-132.0,-3.17
675,68,1.0,,4.0,-254.0,-127.0,-207.0,-4.96
675,69,1.0,,5.0,0.0,0.0,0.0,0.0
675,70,1.0,,5.0,-12.0,3.0,-5.0,-0.12
675,71,2.0,,1.0,-61.0,0.0,-43.0,-1.04
675,72,2.0,,4.0,-205.0,-22.0,-149.0,-3.58
675,73,2.0,,4.0,-395.0,0.0,-234.0,-5.62
675,74,3.0,,4.0,-936.0,-643.0,-862.0,-20.69
675,75,3.0,,4.0,-1152.0,-202.0,-693.0,-16.63
675,76,3.0,,5.0,-54.0,0.0,-42.0,-1.0
676,66,1.0,,4.0,198.0,-49.0,28.0,0.68
676,67,1.0,,4.0,-284.0,115.0,-117.0,-2.81
676,68,1.0,,4.0,-271.0,-114.0,-213.0,-5.1
676,69,1.0,,5.0,0.0,0.0,0.0,0.0
676,70,1.0,,5.0,-15.0,0.0,-8.0,-0.2
676,71,2.0,,1.0,-68.0,0.0,-43.0,-1.04
676,72,2.0,,4.0,-200.0,-18.0,-150.0,-3.6
676,73,2.0,,4.0,-425.0,6.0,-240.0,-5.76
676,74,3.0,,4.0,-944.0,-648.0,-842.0,-20.21
676,75,3.0,,4.0,-1149.0,-279.0,-680.0,-16.33
676,76,3.0,,5.0,-54.0,0.0,-42.0,-1.0
677,66,1.0,,4.0,175.0,-47.0,33.0,0.8
677,67,1.0,,4.0,-288.0,76.0,-133.0,-3.18
677,68,1.0,,4.0,-283.0,-130.0,-220.0,-5.28
677,69,1.0,,5.0,0.0,0.0,0.0,0.0
677,70,1.0,,5.0,-18.0,2.0,-5.0,-0.12
677,71,2.0,,1.0,-59.0,0.0,-42.0,-1.01
677,72,2.0,,4.0,-191.0,-35.0,-147.0,-3.54
677,73,2.0,,4.0,-411.0,19.0,-216.0,-5.18
677,74,3.0,,4.0,-945.0,-753.0,-885.0,-21.24
677,75,3.0,,4.0,-824.0,-200.0,-653.0,-15.66
677,76,3.0,,5.0,-54.0,0.0,-40.0,-0.96
678,66,1.0,,4.0,186.0,-160.0,18.0,0.43
678,67,1.0,,4.0,-278.0,91.0,-131.0,-3.15
678,68,1.0,,4.0,-287.0,-141.0,-228.0,-5.47
678,69,1.0,,5.0,0.0,0.0,0.0,0.0
678,70,1.0,,5.0,-18.0,0.0,-9.0,-0.22
678,71,2.0,,1.0,-64.0,0.0,-42.0,-1.02
678,72,2.0,,4.0,-187.0,-132.0,-159.0,-3.81
678,73,2.0,,4.0,-424.0,-8.0,-233.0,-5.58
678,74,3.0,,4.0,-945.0,-756.0,-907.0,-21.77
678,75,3.0,,4.0,-770.0,-402.0,-668.0,-16.03
678,76,3.0,,5.0,-59.0,0.0,-45.0,-1.08
679,66,1.0,,4.0,264.0,-45.0,46.0,1.11
679,67,1.0,,4.0,-272.0,117.0,-136.0,-3.27
679,68,1.0,,4.0,-363.0,-153.0,-253.0,-6.07
679,69,1.0,,5.0,0.0,0.0,0.0,0.0
679,70,1.0,,5.0,-17.0,7.0,-5.0,-0.11
679,71,2.0,,1.0,-65.0,0.0,-43.0,-1.04
679,72,2.0,,4.0,-183.0,-45.0,-147.0,-3.54
679,73,2.0,,4.0,-458.0,16.0,-244.0,-5.85
679,74,3.0,,4.0,-932.0,-741.0,-894.0,-21.45
679,75,3.0,,4.0,-762.0,-460.0,-678.0,-16.27
679,76,3.0,,5.0,-60.0,0.0,-43.0,-1.04
680,66,1.0,,4.0,314.0,63.0,130.0,3.13
680,67,1.0,,4.0,-301.0,103.0,-142.0,-3.42
680,68,1.0,,4.0,-391.0,-204.0,-315.0,-7.56
680,69,1.0,,5.0,0.0,0.0,0.0,0.0
680,70,1.0,,5.0,-13.0,13.0,0.0,-0.01
680,71,2.0,,1.0,-68.0,0.0,-43.0,-1.03
680,72,2.0,,4.0,-186.0,-19.0,-146.0,-3.49
680,73,2.0,,4.0,-468.0,0.0,-256.0,-6.14
680,74,3.0,,4.0,-940.0,-640.0,-897.0,-21.52
680,75,3.0,,4.0,-766.0,-413.0,-645.0,-15.47
680,76,3.0,,5.0,-58.0,0.0,-44.0,-1.06
681,66,1.0,,4.0,339.0,72.0,137.0,3.28
681,67,1.0,,4.0,-336.0,116.0,-171.0,-4.1
681,68,1.0,,4.0,-404.0,-200.0,-317.0,-7.61
681,69,1.0,,5.0,0.0,0.0,0.0,0.0
681,70,1.0,,5.0,-13.0,6.0,-4.0,-0.11
681,71,2.0,,1.0,-66.0,0.0,-45.0,-1.09
681,72,2.0,,4.0,-179.0,-15.0,-143.0,-3.42
681,73,2.0,,4.0,-424.0,0.0,-265.0,-6.37
681,74,3.0,,4.0,-941.0,-749.0,-905.0,-21.73
681,75,3.0,,4.0,-770.0,-548.0,-718.0,-17.24
681,76,3.0,,5.0,-106.0,0.0,-59.0,-1.42
683,66,1.0,,4.0,306.0,101.0,177.0,4.24
683,67,1.0,,4.0,-313.0,74.0,-158.0,-3.8
683,68,1.0,,4.0,-404.0,-234.0,-332.0,-7.98
683,69,1.0,,5.0,-15.0,14.0,-4.0,-0.09
683,70,1.0,,5.0,-44.0,6.0,-12.0,-0.28
683,71,2.0,,1.0,-66.0,0.0,-43.0,-1.04
683,72,2.0,,4.0,-199.0,-15.0,-149.0,-3.57
683,73,2.0,,4.0,-502.0,2.0,-275.0,-6.61
683,74,3.0,,4.0,-944.0,-752.0,-901.0,-21.62
683,75,3.0,,4.0,-764.0,-615.0,-730.0,-17.52
683,76,3.0,,5.0,-60.0,0.0,-52.0,-1.24
684,66,1.0,,4.0,345.0,82.0,171.0,4.11
684,67,1.0,,4.0,-287.0,106.0,-148.0,-3.55
684,68,1.0,,4.0,-398.0,-229.0,-326.0,-7.82
684,69,1.0,,5.0,13.0,-13.0,-2.0,-0.05
684,70,1.0,,5.0,-48.0,10.0,-20.0,-0.48
684,71,2.0,,1.0,-69.0,0.0,-42.0,-1.02
684,72,2.0,,4.0,-177.0,-58.0,-154.0,-3.69
684,73,2.0,,4.0,-472.0,10.0,-273.0,-6.56
684,74,3.0,,4.0,-944.0,-660.0,-878.0,-21.08
684,75,3.0,,4.0,-765.0,-407.0,-604.0,-14.49
684,76,3.0,,5.0,-58.0,0.0,-49.0,-1.18
685,66,1.0,,4.0,370.0,84.0,167.0,4.01
685,67,1.0,,4.0,-284.0,68.0,-155.0,-3.72
685,68,1.0,,4.0,-384.0,-212.0,-320.0,-7.68
685,69,1.0,,5.0,-12.0,19.0,-1.0,-0.03
685,70,1.0,,5.0,-44.0,-2.0,-17.0,-0.41
685,71,2.0,,1.0,-65.0,0.0,-42.0,-1.01
685,72,2.0,,4.0,-197.0,-50.0,-59.0,-1.43
685,73,2.0,,4.0,-494.0,-182.0,-280.0,-6.72
685,74,3.0,,4.0,-948.0,-756.0,-906.0,-21.74
685,75,3.0,,4.0,-769.0,-405.0,-674.0,-16.17
685,76,3.0,,5.0,-74.0,0.0,-61.0,-1.46
686,66,1.0,,4.0,290.0,63.0,166.0,3.98
686,67,1.0,,4.0,-303.0,81.0,-133.0,-3.19
686,68,1.0,,4.0,-389.0,-221.0,-313.0,-7.51
686,69,1.0,,5.0,-8.0,0.0,-4.0,-0.09
686,70,1.0,,5.0,8.0,0.0,3.0,0.06
686,71,2.0,,1.0,-62.0,0.0,-44.0,-1.05
686,72,2.0,,4.0,-215.0,-22.0,-161.0,-3.87
686,73,2.0,,4.0,-520.0,-160.0,-306.0,-7.34
686,74,3.0,,4.0,-945.0,-757.0,-899.0,-21.57
686,75,3.0,,4.0,-771.0,-622.0,-733.0,-17.59
686,76,3.0,,5.0,-77.0,0.0,-65.0,-1.56
687,66,1.0,,4.0,427.0,-29.0,158.0,3.79
687,67,1.0,,4.0,-309.0,122.0,-130.0,-3.12
687,68,1.0,,4.0,-421.0,-223.0,-341.0,-8.17
687,69,1.0,,5.0,-20.0,3.0,-7.0,-0.17
687,70,1.0,,5.0,-13.0,3.0,-3.0,-0.07
687,71,2.0,,1.0,0.0,0.0,0.0,-1.08
687,72,2.0,,4.0,-213.0,-17.0,-155.0,-3.72
687,73,2.0,,4.0,-504.0,7.0,-291.0,-6.98
687,74,3.0,,4.0,-951.0,-759.0,-901.0,-21.63
687,75,3.0,,4.0,-764.0,-602.0,-737.0,-17.69
687,76,3.0,,5.0,-82.0,0.0,-69.0,-1.65
688,66,1.0,,4.0,318.0,-24.0,138.0,3.31
688,67,1.0,,4.0,-353.0,62.0,-184.0,-4.41
688,68,1.0,,4.0,-383.0,-238.0,-323.0,-7.76
688,69,1.0,,5.0,6.0,-16.0,-8.0,-0.18
688,70,1.0,,5.0,8.0,0.0,-1.0,-0.02
688,71,2.0,,1.0,-68.0,0.0,-42.0,-1.02
688,72,2.0,,4.0,-185.0,-66.0,-155.0,-3.72
688,73,2.0,,4.0,-518.0,0.0,-302.0,-7.25
688,74,3.0,,4.0,-950.0,-896.0,-939.0,-22.53
688,75,3.0,,4.0,-768.0,-743.0,-757.0,-18.16
688,76,3.0,,5.0,-84.0,0.0,-68.0,-1.64
689,66,1.0,,4.0,268.0,65.0,132.0,3.17
689,67,1.0,,4.0,-300.0,84.0,-156.0,-3.73
689,68,1.0,,4.0,-373.0,-239.0,-323.0,-7.74
689,69,1.0,,5.0,-14.0,0.0,-8.0,-0.19
689,70,1.0,,5.0,11.0,-8.0,2.0,0.04
689,71,2.0,,1.0,-66.0,0.0,-48.0,-1.16
689,72,2.0,,4.0,-193.0,-57.0,-152.0,-3.65
689,73,2.0,,4.0,520.0,4.0,-300.0,-7.21
689,74,3.0,,4.0,-952.0,-890.0,-938.0,-22.51
689,75,3.0,,4.0,-766.0,-740.0,-757.0,-18.16
689,76,3.0,,5.0,-87.0,0.0,-70.0,-1.68
690,66,1.0,,4.0,269.0,68.0,140.0,3.36
690,67,1.0,,4.0,-307.0,81.0,-250.0,-5.99
690,68,1.0,,4.0,-389.0,-233.0,-326.0,-7.83
690,69,1.0,,5.0,-13.0,0.0,-8.0,-0.18
690,70,1.0,,5.0,13.0,-4.0,5.0,0.11
690,71,2.0,,1.0,-71.0,0.0,-45.0,-1.09
690,72,2.0,,4.0,-203.0,-10.0,-153.0,-3.66
690,73,2.0,,4.0,-492.0,0.0,-313.0,-7.52
690,74,3.0,,4.0,-950.0,-840.0,-905.0,-21.72
690,75,3.0,,4.0,-769.0,-649.0,-734.0,-17.61
690,76,3.0,,5.0,-68.0,0.0,-61.0,-1.46
691,66,1.0,,4.0,273.0,71.0,143.0,3.43
691,67,1.0,,4.0,-291.0,77.0,-150.0,-3.61
691,68,1.0,,4.0,-370.0,-237.0,-319.0,-7.67
691,69,1.0,,5.0,-15.0,1.0,-6.0,-0.15
691,70,1.0,,5.0,10.0,-2.0,5.0,0.11
691,71,2.0,,1.0,-59.0,0.0,-39.0,-0.93
691,72,2.0,,4.0,-194.0,-33.0,-148.0,-3.56
691,73,2.0,,4.0,-448.0,-4.0,-263.0,-6.3
691,74,3.0,,4.0,-949.0,-760.0,-888.0,-21.32
691,75,3.0,,4.0,-768.0,-600.0,-698.0,-16.75
691,76,3.0,,5.0,-74.0,0.0,-57.0,-1.36
692,66,1.0,,4.0,366.0,4.0,163.0,3.92
692,67,1.0,,4.0,-292.0,68.0,-139.0,-3.33
692,68,1.0,,4.0,-386.0,-212.0,-320.0,-7.68
692,69,1.0,,5.0,-19.0,3.0,-37.0,-0.89
692,70,1.0,,5.0,9.0,-3.0,4.0,0.09
692,71,2.0,,1.0,-69.0,0.0,-46.0,-1.11
692,72,2.0,,4.0,-210.0,-86.0,-162.0,-3.88
692,73,2.0,,4.0,-469.0,-150.0,-279.0,-6.69
692,74,3.0,,4.0,-942.0,-890.0,-932.0,-22.36
692,75,3.0,,4.0,-767.0,-675.0,-735.0,-17.64
692,76,3.0,,5.0,-78.0,0.0,-63.0,-1.52
693,66,1.0,,4.0,288.0,-118.0,121.0,2.91
693,67,1.0,,4.0,373.0,-296.0,-127.0,-3.04
693,68,1.0,,4.0,-387.0,-76.0,-289.0,-6.93
693,69,1.0,,5.0,-35.0,-1.0,-10.0,-0.25
693,70,1.0,,5.0,18.0,-5.0,6.0,0.15
693,71,2.0,,1.0,-68.0,0.0,-44.0,-1.06
693,72,2.0,,4.0,-181.0,-70.0,-152.0,-3.66
693,73,2.0,,4.0,-564.0,0.0,-290.0,-6.96
693,74,3.0,,4.0,-945.0,-893.0,-935.0,-22.45
693,75,3.0,,4.0,-771.0,-551.0,-715.0,-17.16
693,76,3.0,,5.0,-79.0,0.0,-63.0,-1.52
694,66,1.0,,4.0,275.0,-106.0,31.0,0.75
694,67,1.0,,4.0,-248.0,109.0,-94.0,-2.27
694,68,1.0,,4.0,-303.0,-109.0,-202.0,-4.85
694,69,1.0,,5.0,-25.0,5.0,-14.0,-0.33
694,70,1.0,,5.0,12.0,2.0,4.0,0.1
694,71,2.0,,1.0,-70.0,0.0,-45.0,-1.07
694,72,2.0,,4.0,-220.0,-15.0,-167.0,-4.01
694,73,2.0,,4.0,-516.0,15.0,-298.0,-7.15
694,74,3.0,,4.0,-946.0,-890.0,-933.0,-22.39
694,75,3.0,,4.0,-764.0,-595.0,-729.0,-17.5
694,76,3.0,,5.0,-82.0,0.0,-63.0,-1.52
695,66,1.0,,4.0,168.0,-51.0,40.0,0.96
695,67,1.0,,4.0,-278.0,95.0,-115.0,-2.75
695,68,1.0,,4.0,-268.0,-124.0,-206.0,-4.93
695,69,1.0,,5.0,-22.0,-4.0,-13.0,-0.3
695,70,1.0,,5.0,-32.0,14.0,0.0,-0.01
695,71,2.0,,1.0,0.0,0.0,0.0,0.0
695,72,2.0,,4.0,-190.0,0.0,-158.0,-3.79
695,73,2.0,,4.0,-377.0,18.0,-237.0,-5.69
695,74,3.0,,4.0,-945.0,-897.0,-936.0,-22.46
695,75,3.0,,4.0,-761.0,-64.0,-341.0,-8.19
695,76,3.0,,5.0,-82.0,0.0,-57.0,-1.36
696,66,1.0,,4.0,183.0,-124.0,48.0,1.15
696,67,1.0,,4.0,-279.0,61.0,-140.0,-3.35
696,68,1.0,,4.0,-264.0,-122.0,-204.0,-4.9
696,69,1.0,,5.0,-20.0,0.0,-12.0,-0.28
696,70,1.0,,5.0,7.0,0.0,0.0,0.01
696,71,2.0,,1.0,-60.0,0.0,-42.0,-1.0
696,72,2.0,,4.0,-211.0,-100.0,-163.0,-3.9
696,73,2.0,,4.0,-416.0,5.0,-255.0,-6.12
696,74,3.0,,4.0,-949.0,-896.0,-937.0,-22.5
696,75,3.0,,4.0,-766.0,-186.0,-695.0,-16.68
696,76,3.0,,5.0,-83.0,0.0,-67.0,-1.6
697,66,1.0,,4.0,182.0,-29.0,75.0,1.79
697,67,1.0,,4.0,-271.0,45.0,-136.0,-3.26
697,68,1.0,,4.0,-256.0,-123.0,-195.0,-4.67
697,69,1.0,,5.0,-19.0,0.0,-14.0,-0.33
697,70,1.0,,5.0,10.0,-6.0,3.0,0.08
697,71,2.0,,1.0,-67.0,0.0,-44.0,-1.05
697,72,2.0,,4.0,-203.0,-52.0,-163.0,-3.9
697,73,2.0,,4.0,-417.0,-150.0,-230.0,-5.52
697,74,3.0,,4.0,-948.0,-464.0,-702.0,-16.84
697,75,3.0,,4.0,-765.0,-650.0,-733.0,-17.6
697,76,3.0,,5.0,-74.0,0.0,-64.0,-1.54
698,66,1.0,,4.0,184.0,-107.0,48.0,1.15
698,67,1.0,,4.0,-259.0,76.0,-121.0,-2.91
698,68,1.0,,4.0,-240.0,-114.0,-177.0,-4.25
698,69,1.0,,5.0,-18.0,-7.0,-14.0,-0.33
698,70,1.0,,5.0,16.0,0.0,5.0,0.11
698,71,2.0,,1.0,-62.0,0.0,-30.0,-0.72
698,72,2.0,,4.0,-193.0,-101.0,-159.0,-3.82
698,73,2.0,,4.0,-317.0,-162.0,-183.0,-4.4
698,74,3.0,,4.0,-949.0,-897.0,-938.0,-22.52
698,75,3.0,,4.0,-763.0,-412.0,-661.0,-15.86
698,76,3.0,,5.0,-86.0,0.0,-68.0,-1.62
699,66,1.0,,4.0,180.0,-31.0,71.0,1.7
699,67,1.0,,4.0,-275.0,51.0,-109.0,-2.62
699,68,1.0,,4.0,-262.0,-133.0,-184.0,-4.42
699,69,1.0,,5.0,-21.0,0.0,-15.0,-0.37
699,70,1.0,,5.0,15.0,-3.0,7.0,0.17
699,71,2.0,,1.0,-70.0,0.0,-40.0,-0.97
699,72,2.0,,4.0,-184.0,-117.0,-158.0,-3.8
699,73,2.0,,4.0,-478.0,35.0,-243.0,-5.82
699,74,3.0,,4.0,-950.0,-894.0,-934.0,-22.43
699,75,3.0,,4.0,-1372.0,-507.0,-798.0,-19.16
699,76,3.0,,5.0,-92.0,0.0,-75.0,-1.8
700,66,1.0,,4.0,175.0,-28.0,89.0,2.13
700,67,1.0,,4.0,-260.0,95.0,-112.0,-2.7
700,68,1.0,,4.0,-248.0,-121.0,-184.0,-4.43
700,69,1.0,,5.0,-18.0,0.0,-13.0,-0.32
700,70,1.0,,5.0,19.0,-2.0,12.0,0.28
700,71,2.0,,1.0,-68.0,0.0,-39.0,-0.94
700,72,2.0,,4.0,-205.0,-65.0,-158.0,-3.79
700,73,2.0,,4.0,-488.0,8.0,-256.0,-6.14
700,74,3.0,,4.0,-944.0,-894.0,-933.0,-22.4
700,75,3.0,,4.0,-1374.0,-909.0,-1165.0,-27.97
700,76,3.0,,5.0,-111.0,0.0,-67.0,-1.6
701,66,1.0,,4.0,197.0,13.0,101.0,2.43
701,67,1.0,,4.0,-275.0,64.0,-110.0,-2.63
701,68,1.0,,4.0,-249.0,-104.0,-183.0,-4.4
701,69,1.0,,5.0,-19.0,-8.0,-15.0,-0.37
701,70,1.0,,5.0,23.0,5.0,14.0,0.34
701,71,2.0,,1.0,-65.0,0.0,-40.0,-0.95
701,72,2.0,,4.0,-218.0,-36.0,-162.0,-3.88
701,73,2.0,,4.0,-494.0,-30.0,-276.0,-6.62
701,74,3.0,,4.0,-942.0,-844.0,-931.0,-22.35
701,75,3.0,,4.0,-1121.0,-804.0,-867.0,-20.8
701,76,3.0,,5.0,-63.0,0.0,-54.0,-1.3
702,66,1.0,,4.0,229.0,-46.0,96.0,2.3
702,67,1.0,,4.0,-286.0,49.0,-118.0,-2.83
702,68,1.0,,4.0,-251.0,-130.0,-187.0,-4.49
702,69,1.0,,5.0,-23.0,-6.0,-14.0,-0.34
702,70,1.0,,5.0,26.0,6.0,14.0,0.34
702,71,2.0,,1.0,-68.0,0.0,-45.0,-1.07
702,72,2.0,,4.0,-205.0,-46.0,-156.0,-3.74
702,73,2.0,,4.0,-518.0,18.0,-303.0,-7.27
702,74,3.0,,4.0,-945.0,-844.0,-934.0,-22.41
702,75,3.0,,4.0,-1127.0,-824.0,-879.0,-21.09
702,76,3.0,,5.0,-62.0,0.0,-53.0,-1.26
704,69,1.0,,5.0,-20.0,-11.0,-16.0,-0.39
704,70,1.0,,5.0,13.0,1.0,8.0,0.2
704,72,2.0,,4.0,-210.0,-46.0,-154.0,-3.71
704,74,3.0,,4.0,-942.0,-886.0,-929.0,-22.31
704,75,3.0,,4.0,-924.0,-806.0,-824.0,-19.78
704,84,3.0,,5.0,-58.0,0.0,-46.0,-1.1
705,66,1.0,,4.0,177.0,-44.0,70.0,1.68
705,67,1.0,,4.0,-299.0,53.0,-129.0,-3.09
705,68,1.0,,4.0,-257.0,-126.0,-191.0,-4.57
705,69,1.0,,5.0,-20.0,-8.0,-15.0,-0.35
705,70,1.0,,5.0,11.0,-3.0,3.0,0.07
705,71,2.0,,1.0,-58.0,0.0,-39.0,-0.94
705,72,2.0,,4.0,-237.0,-58.0,-158.0,-3.8
705,73,2.0,,4.0,-448.0,-10.0,-231.0,-5.55
705,74,3.0,,4.0,-945.0,-892.0,-933.0,-22.38
705,75,3.0,,4.0,-1283.0,-811.0,-944.0,-22.65
705,76,3.0,,5.0,-52.0,0.0,-44.0,-1.06
706,66,1.0,,4.0,199.0,-46.0,60.0,1.45
706,67,1.0,,4.0,-298.0,138.0,-133.0,-3.19
706,68,1.0,,4.0,-260.0,-127.0,-206.0,-4.93
706,69,1.0,,5.0,-21.0,0.0,16.0,0.38
706,70,1.0,,5.0,28.0,-11.0,-3.0,-0.08
706,71,2.0,,1.0,-73.0,0.0,-45.0,-1.07
706,72,2.0,,4.0,-192.0,-133.0,-162.0,-3.9
706,73,2.0,,4.0,-470.0,-4.0,-263.0,-6.31
706,74,3.0,,4.0,-946.0,-895.0,-935.0,-22.43
706,75,3.0,,4.0,-1368.0,-814.0,-1047.0,-25.13
706,76,3.0,,5.0,-68.0,0.0,-53.0,-1.26
707,66,1.0,,4.0,183.0,-132.0,38.0,0.91
707,67,1.0,,4.0,-245.0,70.0,-120.0,-2.89
707,68,1.0,,4.0,-242.0,-98.0,-174.0,-4.17
707,69,1.0,,5.0,-22.0,0.0,-17.0,-0.4
707,70,1.0,,5.0,-8.0,7.0,3.0,0.06
707,71,2.0,,1.0,-70.0,0.0,-46.0,-1.1
707,72,2.0,,4.0,-219.0,-142.0,-170.0,-4.08
707,73,2.0,,4.0,-514.0,0.0,-305.0,-7.33
707,74,3.0,,4.0,-946.0,-896.0,-937.0,-22.48
707,75,3.0,,4.0,-1372.0,-814.0,-1073.0,-25.76
707,76,3.0,,5.0,-66.0,0.0,-57.0,-1.36
708,66,1.0,,4.0,167.0,-149.0,24.0,0.58
708,67,1.0,,4.0,-239.0,65.0,-118.0,-2.82
708,68,1.0,,4.0,-207.0,-98.0,-156.0,-3.75
708,69,1.0,,5.0,-26.0,-2.0,-14.0,-0.35
708,70,1.0,,5.0,-29.0,19.0,-4.0,-0.09
708,71,2.0,,1.0,-67.0,0.0,-43.0,-1.04
708,72,2.0,,4.0,-235.0,-43.0,-163.0,-3.91
708,73,2.0,,4.0,-530.0,0.0,-309.0,-7.41
708,74,3.0,,4.0,-946.0,-886.0,-932.0,-22.38
708,75,3.0,,4.0,-1372.0,-799.0,-1170.0,-28.09
708,76,3.0,,5.0,-67.0,0.0,-58.0,-1.4
709,66,1.0,,4.0,185.0,-34.0,-92.0,-2.2
709,67,1.0,,4.0,-275.0,89.0,-23.0,-0.54
709,68,1.0,,4.0,-228.0,0.0,-83.0,-1.98
709,69,1.0,,5.0,-22.0,-11.0,-18.0,-0.43
709,70,1.0,,5.0,17.0,-7.0,4.0,0.11
709,71,2.0,,1.0,-69.0,0.0,-45.0,-1.09
709,72,2.0,,4.0,-197.0,-60.0,-160.0,-3.83
709,73,2.0,,4.0,-534.0,-6.0,-300.0,-7.21
709,74,3.0,,4.0,-946.0,-886.0,-927.0,-22.24
709,75,3.0,,4.0,-1384.0,-808.0,-1169.0,-28.04
709,76,3.0,,5.0,-72.0,0.0,-59.0,-1.42
710,66,1.0,,4.0,242.0,-145.0,61.0,1.47
710,67,1.0,,4.0,-270.0,75.0,-80.0,-1.92
710,68,1.0,,4.0,-223.0,-107.0,-158.0,-3.78
710,69,1.0,,5.0,-28.0,0.0,-4.0,-0.1
710,70,1.0,,5.0,-27.0,-1.0,-4.0,-0.09
710,71,2.0,,1.0,-52.0,0.0,-34.0,-0.82
710,72,2.0,,4.0,-163.0,-95.0,-134.0,-3.22
710,73,2.0,,4.0,-375.0,-17.0,-188.0,-4.52
710,74,3.0,,4.0,-948.0,-887.0,-930.0,-22.31
710,75,3.0,,4.0,-1368.0,-909.0,-1194.0,-28.65
710,76,3.0,,5.0,-68.0,0.0,-63.0,-1.51
711,66,1.0,,4.0,199.0,34.0,120.0,2.88
711,67,1.0,,4.0,-203.0,80.0,-48.0,-1.15
711,68,1.0,,4.0,-218.0,-123.0,-169.0,-4.05
711,69,1.0,,5.0,-18.0,0.0,-12.0,-0.29
711,70,1.0,,5.0,-13.0,0.0,0.0,-0.01
711,71,2.0,,1.0,-51.0,0.0,-25.0,-0.59
711,72,2.0,,4.0,-158.0,-61.0,-108.0,-2.58
711,73,2.0,,4.0,-122.0,-5.0,-21.0,-0.5
711,74,3.0,,4.0,-951.0,-886.0,-932.0,-22.36
711,75,3.0,,4.0,-1372.0,-958.0,-1225.0,-29.4
711,76,3.0,,5.0,-74.0,0.0,-64.0,-1.54
712,66,1.0,,4.0,354.0,10.0,267.0,6.42
712,67,1.0,,4.0,-266.0,61.0,-113.0,-2.7
712,68,1.0,,4.0,-377.0,-145.0,-280.0,-6.72
712,69,1.0,,5.0,20.0,-6.0,6.0,0.14
712,70,1.0,,5.0,-12.0,9.0,-3.0,-0.08
712,71,2.0,,1.0,-68.0,0.0,-15.0,-0.35
712,72,2.0,,4.0,-205.0,-51.0,-106.0,-2.55
712,73,2.0,,4.0,-224.0,-30.0,-102.0,-2.45
712,74,3.0,,4.0,-946.0,-890.0,-934.0,-22.43
712,75,3.0,,4.0,-1371.0,-1010.0,-1247.0,-29.92
712,76,3.0,,5.0,-78.0,0.0,-63.0,-1.5
713,66,1.0,,4.0,322.0,146.0,252.0,6.05
713,67,1.0,,4.0,-288.0,53.0,-129.0,-3.09
713,68,1.0,,4.0,-393.0,-252.0,-324.0,-7.79
713,69,1.0,,5.0,7.0,0.0,2.0,0.04
713,70,1.0,,5.0,17.0,1.0,11.0,0.26
713,71,2.0,,1.0,-67.0,0.0,-43.0,-1.03
713,72,2.0,,4.0,-205.0,-3.0,-93.0,-2.23
713,73,2.0,,4.0,-545.0,-1.0,-260.0,-6.23
713,74,3.0,,4.0,-946.0,-889.0,-930.0,-22.32
713,75,3.0,,4.0,-1384.0,-1107.0,-1304.0,-31.29
713,76,3.0,,5.0,-82.0,0.0,-69.0,-1.66
714,66,1.0,,4.0,381.0,133.0,277.0,6.65
714,67,1.0,,4.0,-276.0,15.0,-100.0,-2.41
714,68,1.0,,4.0,-355.0,-247.0,-299.0,-7.17
714,69,1.0,,5.0,9.0,-2.0,13.0,0.31
714,70,1.0,,5.0,22.0,0.0,13.0,0.31
714,71,2.0,,1.0,-70.0,0.0,-40.0,-0.95
714,72,2.0,,4.0,-210.0,-6.0,-105.0,-2.52
714,73,2.0,,4.0,-538.0,-12.0,-240.0,-5.76
714,74,3.0,,4.0,-935.0,-884.0,-925.0,-22.21
714,75,3.0,,4.0,-1376.0,-811.0,-1149.0,-27.57
714,76,3.0,,5.0,-80.0,0.0,-72.0,-1.72
715,66,1.0,,4.0,366.0,160.0,273.0,6.55
715,67,1.0,,4.0,-246.0,65.0,-112.0,-2.7
715,68,1.0,,4.0,-353.0,-234.0,-302.0,-7.25
715,69,1.0,,5.0,9.0,-2.0,3.0,0.07
715,70,1.0,,5.0,23.0,-2.0,10.0,0.23
715,71,2.0,,1.0,-74.0,0.0,-42.0,-1.02
715,72,2.0,,4.0,-250.0,-1.0,-168.0,-4.04
715,73,2.0,,4.0,-534.0,-10.0,-258.0,-6.18
715,74,3.0,,4.0,-933.0,-882.0,-920.0,-22.08
715,75,3.0,,4.0,-1522.0,903.0,-1165.0,-27.97
715,76,3.0,,5.0,-84.0,0.0,-71.0,-1.7
716,66,1.0,,4.0,434.0,116.0,243.0,5.83
716,67,1.0,,4.0,-269.0,31.0,-121.0,-2.91
716,68,1.0,,4.0,-351.0,-254.0,-305.0,-7.32
716,69,1.0,,5.0,19.0,-3.0,4.0,0.09
716,70,1.0,,5.0,17.0,-29.0,7.0,0.17
716,71,2.0,,1.0,0.0,0.0,0.0,0.0
716,72,2.0,,4.0,-284.0,-7.0,-167.0,-4.0
716,73,2.0,,4.0,-601.0,4.0,-265.0,-6.35
716,74,3.0,,4.0,-924.0,-918.0,-920.0,-22.09
716,75,3.0,,4.0,-1376.0,-945.0,-1191.0,-28.58
716,76,3.0,,5.0,-82.0,0.0,-69.0,-1.66
717,66,1.0,,4.0,421.0,67.0,262.0,6.28
717,67,1.0,,4.0,-309.0,39.0,-124.0,-2.97
717,68,1.0,,4.0,-366.0,-235.0,-308.0,-7.39
717,69,1.0,,5.0,4.0,-6.0,2.0,0.05
717,70,1.0,,5.0,19.0,-4.0,5.0,0.13
717,71,2.0,,1.0,-69.0,0.0,-43.0,-1.04
717,72,2.0,,4.0,-294.0,-1.0,-161.0,-3.87
717,73,2.0,,4.0,-590.0,8.0,-260.0,-6.23
717,74,3.0,,4.0,-923.0,-868.0,-907.0,-21.76
717,75,3.0,,4.0,-1368.0,-1001.0,-1235.0,-29.63
717,76,3.0,,5.0,-84.0,0.0,-71.0,-1.7
718,66,1.0,,4.0,512.0,119.0,256.0,6.15
718,67,1.0,,4.0,-324.0,11.0,-150.0,-3.6
718,68,1.0,,4.0,-365.0,-240.0,-313.0,-7.52
718,69,1.0,,5.0,7.0,-4.0,2.0,0.05
718,70,1.0,,5.0,9.0,-5.0,1.0,0.02
718,71,2.0,,1.0,-70.0,0.0,-39.0,-0.93
718,72,2.0,,4.0,-339.0,0.0,-168.0,-4.04
718,73,2.0,,4.0,-587.0,0.0,-278.0,-6.68
718,74,3.0,,4.0,-930.0,-875.0,-915.0,-21.97
718,75,3.0,,4.0,-1264.0,-813.0,-905.0,-21.73
718,76,3.0,,5.0,-76.0,0.0,-64.0,-1.54
719,66,1.0,,4.0,375.0,138.0,262.0,6.3
719,67,1.0,,4.0,-316.0,57.0,-168.0,-4.03
719,68,1.0,,4.0,-384.0,-35.0,-300.0,-7.2
719,69,1.0,,5.0,8.0,0.0,2.0,0.05
719,70,1.0,,5.0,10.0,-2.0,5.0,0.12
719,71,2.0,,1.0,-65.0,0.0,-32.0,-0.77
719,72,2.0,,4.0,-263.0,-116.0,-194.0,-4.66
719,73,2.0,,4.0,-484.0,9.0,-211.0,-5.07
719,74,3.0,,4.0,-931.0,-875.0,-919.0,-22.05
719,75,3.0,,4.0,-1356.0,-810.0,-909.0,-21.81
719,76,3.0,,5.0,-70.0,0.0,-58.0,-1.4
720,66,1.0,,4.0,387.0,99.0,244.0,5.85
720,67,1.0,,4.0,-298.0,6.0,-157.0,-3.76
720,68,1.0,,4.0,-291.0,-203.0,-245.0,-5.87
720,69,1.0,,5.0,-10.0,3.0,-4.0,-0.09
720,70,1.0,,5.0,8.0,-7.0,2.0,0.04
720,71,2.0,,1.0,-73.0,0.0,-34.0,-0.82
720,72,2.0,,4.0,-306.0,-67.0,-194.0,-4.67
720,73,2.0,,4.0,-514.0,-140.0,-181.0,-4.34
720,74,3.0,,4.0,-938.0,-878.0,-926.0,-22.22
720,75,3.0,,4.0,-1082.0,-809.0,-919.0,-22.06
720,76,3.0,,5.0,71.0,0.0,-59.0,-1.42
721,66,1.0,,4.0,402.0,64.0,209.0,5.02
721,67,1.0,,4.0,-315.0,36.0,-139.0,-3.33
721,68,1.0,,4.0,-376.0,-210.0,-300.0,-7.21
721,69,1.0,,5.0,-9.0,3.0,-4.0,-0.09
721,70,1.0,,5.0,-13.0,5.0,-3.0,-0.06
721,71,2.0,,1.0,-74.0,0.0,-41.0,-0.98
721,72,2.0,,4.0,-300.0,-9.0,-167.0,-4.02
721,73,2.0,,4.0,-566.0,-5.0,-269.0,-6.46
721,74,3.0,,4.0,-942.0,-885.0,-930.0,-22.33
721,75,3.0,,4.0,-1324.0,-810.0,-1022.0,-24.54
721,76,3.0,,5.0,-74.0,0.0,-60.0,-1.44
722,66,1.0,,4.0,441.0,-6.0,176.0,4.23
722,67,1.0,,4.0,-341.0,55.0,-176.0,-4.22
722,68,1.0,,4.0,-391.0,-129.0,-273.0,-6.56
722,69,1.0,,5.0,-18.0,5.0,-5.0,-0.13
722,70,1.0,,5.0,15.0,-7.0,5.0,0.13
722,71,2.0,,1.0,-71.0,0.0,-39.0,-0.93
722,72,2.0,,4.0,-280.0,0.0,-152.0,-3.66
722,73,2.0,,4.0,-576.0,0.0,-273.0,-6.54
722,74,3.0,,4.0,-942.0,-889.0,-931.0,-22.35
722,75,3.0,,4.0,-1373.0,-543.0,-1010.0,-24.25
722,76,3.0,,5.0,-80.0,0.0,-64.0,-1.54
723,66,1.0,,4.0,332.0,-37.0,118.0,2.83
723,67,1.0,,4.0,-294.0,28.0,-157.0,-3.76
723,68,1.0,,4.0,-238.0,-115.0,-203.0,-4.88
723,69,1.0,,5.0,-23.0,0.0,-17.0,-0.4
723,70,1.0,,5.0,11.0,-10.0,0.0,0.01
723,71,2.0,,1.0,0.0,0.0,0.0,-0.92
723,72,2.0,,4.0,-313.0,0.0,-168.0,-4.03
723,73,2.0,,4.0,-586.0,14.0,-275.0,-6.61
723,74,3.0,,4.0,-942.0,-890.0,-933.0,-22.39
723,75,3.0,,4.0,-1373.0,-811.0,-1077.0,-25.84
723,76,3.0,,5.0,-67.0,0.0,-43.0,-1.04
724,66,1.0,,4.0,290.0,60.0,179.0,4.29
724,67,1.0,,4.0,-288.0,40.0,-126.0,-3.03
724,68,1.0,,4.0,-228.0,-113.0,-202.0,-4.85
724,69,1.0,,5.0,-23.0,-6.0,-14.0,-0.33
724,70,1.0,,5.0,24.0,-7.0,7.0,0.17
724,71,2.0,,1.0,-67.0,0.0,-34.0,-0.82
724,72,2.0,,4.0,-285.0,-4.0,-172.0,-4.14
724,73,2.0,,4.0,-551.0,19.0,-254.0,-6.1
724,74,3.0,,4.0,-944.0,-912.0,-935.0,-22.44
724,75,3.0,,4.0,-1580.0,-1008.0,-1293.0,-31.04
724,76,3.0,,5.0,-44.0,0.0,-35.0,-0.84
725,66,1.0,,4.0,292.0,58.0,180.0,4.32
725,67,1.0,,4.0,-271.0,55.0,-116.0,-2.78
725,68,1.0,,4.0,-220.0,-98.0,-173.0,-4.16
725,69,1.0,,5.0,-18.0,-1.0,-10.0,-0.24
725,70,1.0,,5.0,21.0,-5.0,8.0,0.18
725,71,2.0,,1.0,-70.0,0.0,-40.0,-0.96
725,72,2.0,,4.0,-271.0,-15.0,-165.0,-3.95
725,73,2.0,,4.0,-563.0,14.0,-287.0,-6.89
725,74,3.0,,4.0,-938.0,-912.0,-933.0,-22.4
725,75,3.0,,4.0,-1380.0,-997.0,-1232.0,-29.56
725,76,3.0,,5.0,-38.0,0.0,-33.0,-0.78
726,66,1.0,,4.0,242.0,62.0,142.0,3.41
726,67,1.0,,4.0,-295.0,38.0,-136.0,-3.26
726,68,1.0,,4.0,-237.0,-110.0,-196.0,-4.7
726,69,1.0,,5.0,-15.0,0.0,-9.0,-0.22
726,70,1.0,,5.0,16.0,-3.0,5.0,0.13
726,71,2.0,,1.0,-69.0,0.0,-40.0,-0.96
726,72,2.0,,4.0,-274.0,0.0,-162.0,-3.89
726,73,2.0,,4.0,-499.0,-10.0,-250.0,-6.01
726,74,3.0,,4.0,-938.0,-878.0,-920.0,-22.08
726,75,3.0,,4.0,-1376.0,-844.0,-1164.0,-27.93
726,76,3.0,,5.0,-46.0,0.0,-35.0,-0.84
727,66,1.0,,4.0,285.0,60.0,182.0,4.36
727,67,1.0,,4.0,-274.0,29.0,-117.0,-2.82
727,68,1.0,,4.0,-253.0,-118.0,-179.0,-4.3
727,69,1.0,,5.0,-17.0,0.0,-10.0,-0.23
727,70,1.0,,5.0,21.0,0.0,9.0,0.22
727,71,2.0,,1.0,-72.0,0.0,-42.0,-1.01
727,72,2.0,,4.0,-273.0,0.0,-164.0,-3.94
727,73,2.0,,4.0,-589.0,8.0,-288.0,-6.91
727,74,3.0,,4.0,-926.0,-879.0,-917.0,-22.02
727,75,3.0,,4.0,-1368.0,-808.0,-957.0,-22.97
727,76,3.0,,5.0,-46.0,0.0,-38.0,-0.9
728,66,1.0,,4.0,357.0,-13.0,184.0,4.42
728,67,1.0,,4.0,-251.0,83.0,-102.0,-2.45
728,68,1.0,,4.0,-231.0,-107.0,-170.0,-4.09
728,69,1.0,,5.0,-18.0,0.0,-10.0,-0.23
728,70,1.0,,5.0,28.0,2.0,11.0,0.26
728,71,2.0,,1.0,-74.0,0.0,-43.0,-1.03
728,72,2.0,,4.0,-291.0,0.0,-167.0,-4.01
728,73,2.0,,4.0,-608.0,4.0,-221.0,-5.31
728,74,3.0,,4.0,-933.0,-878.0,-919.0,-22.06
728,75,3.0,,4.0,-1015.0,-804.0,-850.0,-20.4
728,76,3.0,,5.0,36.0,0.0,-28.0,-0.66
729,66,1.0,,4.0,371.0,111.0,219.0,5.25
729,67,1.0,,4.0,-277.0,38.0,-125.0,-2.99
729,68,1.0,,4.0,-253.0,-128.0,-194.0,-4.66
729,69,1.0,,5.0,-26.0,0.0,-13.0,-0.32
729,70,1.0,,5.0,12.0,8.0,8.0,0.2
729,71,2.0,,1.0,-69.0,0.0,-48.0,-1.16
729,72,2.0,,4.0,-318.0,0.0,-138.0,-3.31
729,73,2.0,,4.0,-580.0,1.0,-328.0,-7.86
729,74,3.0,,4.0,-934.0,-878.0,-920.0,-22.08
729,75,3.0,,4.0,-1374.0,-799.0,-942.0,-22.61
729,76,3.0,,5.0,-29.0,0.0,-25.0,-0.6
730,66,1.0,,4.0,293.0,16.0,172.0,4.13
730,67,1.0,,4.0,-306.0,4.0,-130.0,-3.11
730,68,1.0,,4.0,-230.0,-149.0,-187.0,-4.49
730,69,1.0,,5.0,-24.0,0.0,-15.0,-0.36
730,70,1.0,,5.0,11.0,0.0,2.0,0.05
730,71,2.0,,1.0,-69.0,0.0,-45.0,-1.09
730,72,2.0,,4.0,-289.0,0.0,-133.0,-3.19
730,73,2.0,,4.0,-605.0,-21.0,-334.0,-8.01
730,74,3.0,,4.0,-931.0,-871.0,-912.0,-21.9
730,75,3.0,,4.0,-1367.0,-897.0,-1112.0,-26.69
730,76,3.0,,5.0,-28.0,0.0,-24.0,-0.58
731,66,1.0,,4.0,379.0,-15.0,186.0,4.45
731,67,1.0,,4.0,-311.0,-22.0,-173.0,-4.15
731,68,1.0,,4.0,-238.0,-154.0,-182.0,-4.37
731,69,1.0,,5.0,-16.0,0.0,-10.0,-0.23
731,70,1.0,,5.0,13.0,-5.0,5.0,0.11
731,71,2.0,,1.0,-69.0,0.0,-46.0,-1.1
731,72,2.0,,4.0,-278.0,0.0,-130.0,-3.11
731,73,2.0,,4.0,-592.0,12.0,-313.0,-7.51
731,74,3.0,,4.0,-923.0,-862.0,-904.0,-21.69
731,75,3.0,,4.0,-1391.0,-951.0,-1205.0,-28.91
731,76,3.0,,5.0,-28.0,0.0,-25.0,-0.6
732,66,1.0,,4.0,347.0,8.0,208.0,5.0
732,67,1.0,,4.0,-280.0,35.0,-135.0,-3.24
732,68,1.0,,4.0,-242.0,-151.0,-190.0,-4.57
732,69,1.0,,5.0,-21.0,-5.0,-11.0,-0.26
732,70,1.0,,5.0,12.0,-6.0,5.0,0.12
732,71,2.0,,1.0,0.0,0.0,0.0,0.0
732,72,2.0,,4.0,-298.0,-3.0,-136.0,-3.27
732,73,2.0,,4.0,-613.0,28.0,-332.0,-7.97
732,74,3.0,,4.0,-944.0,-894.0,-908.0,-21.79
732,75,3.0,,4.0,-1371.0,-898.0,-1094.0,-26.25
732,76,3.0,,5.0,-32.0,0.0,-27.0,-0.64
733,66,1.0,,4.0,311.0,12.0,176.0,4.23
733,67,1.0,,4.0,-298.0,-6.0,-145.0,-3.48
733,68,1.0,,4.0,-254.0,-163.0,-199.0,-4.79
733,69,1.0,,5.0,-29.0,-10.0,-17.0,-0.4
733,70,1.0,,5.0,19.0,-12.0,3.0,0.07
733,71,2.0,,1.0,-71.0,0.0,-47.0,-1.13
733,72,2.0,,4.0,-287.0,-14.0,-138.0,-3.32
733,73,2.0,,4.0,-451.0,17.0,-282.0,-6.76
733,74,3.0,,4.0,-937.0,-887.0,-926.0,-22.22
733,75,3.0,,4.0,-1383.0,-909.0,-1187.0,-28.48
733,76,3.0,,5.0,-38.0,0.0,-32.0,-0.76
734,66,1.0,,4.0,331.0,-129.0,106.0,2.54
734,67,1.0,,4.0,-315.0,-3.0,-139.0,-3.34
734,68,1.0,,4.0,-269.0,-121.0,-204.0,-4.91
734,69,1.0,,5.0,-33.0,-4.0,-23.0,-0.55
734,70,1.0,,5.0,-17.0,3.0,0.0,-0.01
734,71,2.0,,1.0,-72.0,0.0,-48.0,-1.16
734,72,2.0,,4.0,-255.0,0.0,-132.0,-3.17
734,73,2.0,,4.0,-586.0,-21.0,-336.0,-8.07
734,74,3.0,,4.0,-950.0,-889.0,-932.0,-22.37
734,75,3.0,,4.0,-1377.0,-1098.0,-1283.0,-30.79
734,76,3.0,,5.0,-44.0,0.0,-36.0,-0.86
735,66,1.0,,4.0,290.0,-138.0,102.0,2.45
735,67,1.0,,4.0,-311.0,-16.0,-158.0,-3.79
735,68,1.0,,4.0,-255.0,-104.0,-181.0,-4.35
735,69,1.0,,5.0,-21.0,-7.0,-13.0,-0.3
735,70,1.0,,5.0,7.0,0.0,3.0,0.07
735,71,2.0,,1.0,-73.0,0.0,-45.0,-1.09
735,72,2.0,,4.0,-310.0,0.0,-149.0,-3.59
735,73,2.0,,4.0,-618.0,-14.0,-371.0,-8.9
735,74,3.0,,4.0,-938.0,-882.0,-923.0,-22.15
735,75,3.0,,4.0,-1375.0,-806.0,-1120.0,-26.88
735,76,3.0,,5.0,-44.0,0.0,-33.0,-0.8
736,66,1.0,,4.0,259.0,-100.0,77.0,1.85
736,67,1.0,,4.0,-309.0,-20.0,-164.0,-3.93
736,68,1.0,,4.0,-246.0,-88.0,-175.0,-4.19
736,69,1.0,,5.0,-20.0,0.0,-6.0,-0.15
736,70,1.0,,5.0,28.0,0.0,13.0,0.3
736,71,2.0,,1.0,-76.0,0.0,-57.0,-1.37
736,72,2.0,,4.0,-243.0,-5.0,-135.0,-3.24
736,73,2.0,,4.0,-622.0,-6.0,-394.0,-9.45
736,74,3.0,,4.0,-933.0,-882.0,-924.0,-22.18
736,75,3.0,,4.0,-1379.0,-718.0,-967.0,-23.21
736,76,3.0,,5.0,-48.0,0.0,-38.0,-0.92
737,66,1.0,,4.0,273.0,-90.0,113.0,2.7
737,67,1.0,,4.0,-310.0,5.0,-158.0,-3.79
737,68,1.0,,4.0,-264.0,-97.0,-184.0,-4.4
737,69,1.0,,5.0,-23.0,0.0,-13.0,-0.3
737,70,1.0,,5.0,21.0,0.0,6.0,0.15
737,71,2.0,,1.0,-73.0,0.0,-51.0,-1.23
737,72,2.0,,4.0,-312.0,0.0,-133.0,-3.2
737,73,2.0,,4.0,-567.0,-10.0,-333.0,-7.99
737,74,3.0,,4.0,-938.0,-870.0,-922.0,-22.12
737,75,3.0,,4.0,-763.0,-730.0,-750.0,-18.0
737,76,3.0,,5.0,-50.0,0.0,-40.0,-0.96
738,66,1.0,,4.0,351.0,-126.0,164.0,3.93
738,67,1.0,,4.0,-282.0,34.0,-140.0,-3.35
738,68,1.0,,4.0,-316.0,-68.0,-192.0,-4.61
738,69,1.0,,5.0,-23.0,0.0,-10.0,-0.24
738,70,1.0,,5.0,22.0,-16.0,6.0,0.14
738,71,2.0,,1.0,-41.0,0.0,-4.0,-0.09
738,72,2.0,,4.0,-267.0,0.0,-169.0,-4.05
738,73,2.0,,4.0,-357.0,20.0,-156.0,-3.74
738,74,3.0,,4.0,-948.0,-889.0,-931.0,-22.35
738,75,3.0,,4.0,-766.0,-506.0,-749.0,-17.98
738,76,3.0,,5.0,-50.0,0.0,-41.0,-0.98
739,66,1.0,,4.0,374.0,35.0,210.0,5.05
739,67,1.0,,4.0,-286.0,13.0,-95.0,-2.27
739,68,1.0,,4.0,-209.0,0.0,-133.0,-3.19
739,69,1.0,,5.0,-14.0,7.0,-5.0,-0.12
739,70,1.0,,5.0,-34.0,20.0,0.0,-0.01
739,71,2.0,,1.0,-66.0,0.0,-35.0,-0.83
739,72,2.0,,4.0,-339.0,0.0,-129.0,-3.1
739,73,2.0,,4.0,-524.0,0.0,-183.0,-4.39
739,74,3.0,,4.0,-929.0,-870.0,-917.0,-22.01
739,75,3.0,,4.0,-765.0,-410.0,-602.0,-14.44
739,76,3.0,,5.0,-44.0,0.0,-37.0,-0.88
740,66,1.0,,4.0,308.0,21.0,232.0,5.56
740,67,1.0,,4.0,-296.0,-3.0,-124.0,-2.99
740,68,1.0,,4.0,-245.0,-150.0,-184.0,-4.41
740,69,1.0,,5.0,19.0,-6.0,8.0,0.19
740,70,1.0,,5.0,-19.0,-3.0,-9.0,-0.22
740,71,2.0,,1.0,-67.0,0.0,-38.0,-0.91
740,72,2.0,,4.0,-281.0,0.0,-125.0,-3.0
740,73,2.0,,4.0,-427.0,0.0,-215.0,-5.17
740,74,3.0,,4.0,-926.0,-874.0,-917.0,-22.02
740,75,3.0,,4.0,-741.0,52.0,-78.0,-1.86
740,76,3.0,,5.0,-54.0,0.0,-39.0,-0.93
741,66,1.0,,4.0,496.0,63.0,307.0,7.37
741,67,1.0,,4.0,-250.0,36.0,-70.0,-1.68
741,68,1.0,,4.0,-287.0,-153.0,-206.0,-4.94
741,69,1.0,,5.0,-23.0,7.0,-10.0,-0.25
741,70,1.0,,5.0,20.0,-2.0,9.0,0.2
741,71,2.0,,1.0,-71.0,0.0,-45.0,-1.07
741,72,2.0,,4.0,-277.0,-47.0,-144.0,-3.45
741,73,2.0,,4.0,-485.0,12.0,-292.0,-7.01
741,74,3.0,,4.0,-929.0,-878.0,-920.0,-22.09
741,75,3.0,,4.0,-770.0,-510.0,-698.0,-16.76
741,76,3.0,,5.0,-46.0,0.0,-38.0,-0.92
742,66,1.0,,4.0,211.0,183.0,189.0,4.53
742,67,1.0,,4.0,-300.0,36.0,-110.0,-2.63
742,68,1.0,,4.0,-252.0,-154.0,-195.0,-4.68
742,69,1.0,,5.0,-24.0,5.0,-13.0,-0.32
742,70,1.0,,5.0,14.0,-3.0,4.0,0.1
742,71,2.0,,1.0,-71.0,0.0,-43.0,-1.03
742,72,2.0,,4.0,-266.0,-2.0,-122.0,-2.93
742,73,2.0,,4.0,-367.0,14.0,-202.0,-4.85
742,74,3.0,,4.0,-949.0,-882.0,-923.0,-22.14
742,75,3.0,,4.0,-772.0,-605.0,-742.0,-17.8
742,76,3.0,,5.0,-36.0,0.0,-31.0,-0.74
743,66,1.0,,4.0,271.0,-74.0,147.0,3.54
743,67,1.0,,4.0,-270.0,81.0,-144.0,-3.45
743,68,1.0,,4.0,-254.0,-154.0,-205.0,-4.93
743,69,1.0,,5.0,-24.0,-10.0,-16.0,-0.38
743,70,1.0,,5.0,-9.0,3.0,-3.0,-0.08
743,71,2.0,,1.0,-69.0,0.0,-42.0,-1.02
743,72,2.0,,4.0,-289.0,0.0,-175.0,-4.2
743,73,2.0,,4.0,-503.0,0.0,-271.0,-6.51
743,74,3.0,,4.0,-940.0,-870.0,-918.0,-22.04
743,75,3.0,,4.0,-1381.0,-400.0,-836.0,-20.07
743,76,3.0,,5.0,-41.0,0.0,-34.0,-0.82
744,66,1.0,,4.0,261.0,-83.0,120.0,2.87
744,67,1.0,,4.0,-310.0,38.0,-141.0,-3.39
744,68,1.0,,4.0,-253.0,-122.0,-196.0,-4.71
744,69,1.0,,5.0,-25.0,0.0,-17.0,-0.4
744,70,1.0,,5.0,-11.0,7.0,-1.0,-0.03
744,71,2.0,,1.0,-71.0,0.0,-50.0,-1.19
744,72,2.0,,4.0,201.0,0.0,106.0,2.54
744,73,2.0,,4.0,-548.0,-17.0,-278.0,-6.66
744,74,3.0,,4.0,-918.0,-814.0,-906.0,-21.75
744,75,3.0,,4.0,-1377.0,-809.0,-1223.0,-29.35
744,76,3.0,,5.0,-38.0,0.0,-29.0,-0.7
745,66,1.0,,4.0,263.0,-62.0,130.0,3.13
745,67,1.0,,4.0,-275.0,77.0,-122.0,-2.94
745,68,1.0,,4.0,-261.0,-140.0,-201.0,-4.84
745,69,1.0,,5.0,-27.0,0.0,-20.0,-0.48
745,70,1.0,,5.0,-16.0,0.0,-2.0,-0.04
745,71,2.0,,1.0,-70.0,0.0,-48.0,-1.15
745,72,2.0,,4.0,-207.0,0.0,-94.0,-2.25
745,73,2.0,,4.0,-481.0,7.0,-310.0,-7.43
745,74,3.0,,4.0,-936.0,-874.0,-917.0,-22.0
745,75,3.0,,4.0,-1230.0,-808.0,-928.0,-22.27
745,76,3.0,,5.0,,0.0,0.0,0.0
746,66,1.0,,4.0,381.0,36.0,157.0,3.76
746,67,1.0,,4.0,-271.0,23.0,-133.0,-3.19
746,68,1.0,,4.0,-272.0,-151.0,-202.0,-4.84
746,69,1.0,,5.0,19.0,-35.0,-14.0,-0.34
746,70,1.0,,5.0,19.0,-9.0,4.0,0.09
746,71,2.0,,1.0,-71.0,0.0,-46.0,-1.1
746,72,2.0,,4.0,231.0,0.0,127.0,3.04
746,73,2.0,,4.0,-479.0,6.0,-266.0,-6.38
746,74,3.0,,4.0,-940.0,-886.0,-928.0,-22.27
746,75,3.0,,4.0,-982.0,-802.0,-846.0,-20.31
746,76,3.0,,5.0,-78.0,0.0,-56.0,-1.34
747,66,1.0,,4.0,439.0,44.0,213.0,5.11
747,67,1.0,,4.0,-186.0,38.0,-66.0,-1.59
747,68,1.0,,4.0,-226.0,-136.0,-163.0,-3.92
747,69,1.0,,5.0,0.0,-23.0,-13.0,-0.32
747,70,1.0,,5.0,22.0,0.0,14.0,0.34
747,71,2.0,,1.0,-58.0,0.0,-32.0,-0.76
747,72,2.0,,4.0,188.0,0.0,110.0,2.63
747,73,2.0,,4.0,-358.0,0.0,-192.0,-4.6
747,74,3.0,,4.0,-936.0,-885.0,-926.0,-22.23
747,75,3.0,,4.0,-1384.0,-811.0,-990.0,-23.77
747,76,3.0,,5.0,-92.0,0.0,-73.0,-1.76
748,66,1.0,,4.0,433.0,117.0,308.0,7.4
748,67,1.0,,4.0,-276.0,57.0,-78.0,-1.88
748,68,1.0,,4.0,-248.0,-119.0,-169.0,-4.05
748,69,1.0,,5.0,-16.0,1.0,-9.0,-0.22
748,70,1.0,,5.0,27.0,2.0,16.0,0.39
748,71,2.0,,1.0,0.0,0.0,0.0,-1.26
748,72,2.0,,4.0,-198.0,0.0,-95.0,-2.27
748,73,2.0,,4.0,-603.0,-2.0,-355.0,-8.51
748,74,3.0,,4.0,-933.0,-885.0,-926.0,-22.23
748,75,3.0,,4.0,-1374.0,-849.0,-1198.0,-28.76
748,76,3.0,,5.0,-104.0,0.0,-84.0,-2.02
749,66,1.0,,4.0,379.0,142.0,266.0,6.39
749,67,1.0,,4.0,-238.0,79.0,-73.0,-1.76
749,68,1.0,,4.0,-230.0,-132.0,-170.0,-4.09
749,69,1.0,,5.0,-21.0,-7.0,-13.0,-0.31
749,70,1.0,,5.0,18.0,-7.0,9.0,0.21
749,71,2.0,,1.0,-71.0,0.0,-52.0,-1.25
749,72,2.0,,4.0,-200.0,0.0,-88.0,-2.12
749,73,2.0,,4.0,-630.0,3.0,-365.0,-8.77
749,74,3.0,,4.0,-937.0,-863.0,-917.0,-22.0
749,75,3.0,,4.0,-1384.0,-912.0,-1278.0,-30.66
749,76,3.0,,5.0,-86.0,0.0,-66.0,-1.58
750,66,1.0,,4.0,515.0,155.0,256.0,6.14
750,67,1.0,,4.0,-287.0,83.0,-63.0,-1.52
750,68,1.0,,4.0,-306.0,-128.0,-170.0,-4.09
750,69,1.0,,5.0,-77.0,0.0,-14.0,-0.34
750,70,1.0,,5.0,18.0,-15.0,3.0,0.06
750,71,2.0,,1.0,-71.0,0.0,-53.0,-1.28
750,72,2.0,,4.0,-252.0,0.0,-100.0,-2.39
750,73,2.0,,4.0,-613.0,38.0,-313.0,-7.5
750,74,3.0,,4.0,-937.0,-744.0,-889.0,-21.35
750,75,3.0,,4.0,-1376.0,-1200.0,-1323.0,-31.75
750,76,3.0,,5.0,-84.0,0.0,-62.0,-1.48
751,66,1.0,,4.0,697.0,243.0,500.0,11.99
751,67,1.0,,4.0,295.0,-116.0,107.0,2.56
751,68,1.0,,4.0,-191.0,-30.0,-100.0,-2.41
751,69,1.0,,5.0,-26.0,4.0,-5.0,-0.13
751,70,1.0,,5.0,31.0,-4.0,11.0,0.26
751,71,2.0,,1.0,-72.0,0.0,-44.0,-1.05
751,72,2.0,,4.0,-298.0,0.0,-102.0,-2.46
751,73,2.0,,4.0,-605.0,8.0,-306.0,-7.34
751,74,3.0,,4.0,-938.0,-806.0,-905.0,-21.71
751,75,3.0,,4.0,-1385.0,-1197.0,-1339.0,-32.13
751,76,3.0,,5.0,-44.0,0.0,-38.0,-0.9
752,66,1.0,,4.0,398.0,167.0,305.0,7.33
752,67,1.0,,4.0,-129.0,76.0,-44.0,-1.07
752,68,1.0,,4.0,-204.0,-113.0,-153.0,-3.66
752,69,1.0,,5.0,-25.0,-2.0,-13.0,-0.3
752,70,1.0,,5.0,28.0,6.0,11.0,0.27
752,71,2.0,,1.0,0.0,0.0,0.0,-1.19
752,72,2.0,,4.0,-244.0,0.0,-96.0,-2.3
752,73,2.0,,4.0,-614.0,-12.0,-313.0,-7.52
752,74,3.0,,4.0,-941.0,-817.0,-910.0,-21.84
752,75,3.0,,4.0,-1376.0,-1248.0,-1357.0,-32.57
752,76,3.0,,5.0,-46.0,0.0,-39.0,-0.94
753,66,1.0,,4.0,465.0,200.0,320.0,7.67
753,67,1.0,,4.0,-191.0,27.0,-72.0,-1.73
753,68,1.0,,4.0,-177.0,-97.0,-146.0,-3.5
753,69,1.0,,5.0,-19.0,0.0,-4.0,-0.1
753,70,1.0,,5.0,28.0,0.0,11.0,0.27
753,71,2.0,,1.0,-74.0,0.0,-53.0,-1.27
753,72,2.0,,4.0,-270.0,0.0,-103.0,-2.47
753,73,2.0,,4.0,-700.0,-52.0,-353.0,-8.46
753,74,3.0,,4.0,-946.0,-801.0,-885.0,-21.23
753,75,3.0,,4.0,-1389.0,-1245.0,-1338.0,-32.12
753,76,3.0,,5.0,-45.0,0.0,-39.0,-0.94
754,66,1.0,,4.0,343.0,116.0,253.0,6.08
754,67,1.0,,4.0,-153.0,-55.0,-100.0,-2.39
754,68,1.0,,4.0,-186.0,-119.0,-152.0,-3.65
754,69,1.0,,5.0,-12.0,4.0,-4.0,-0.1
754,70,1.0,,5.0,28.0,9.0,17.0,0.4
754,71,2.0,,1.0,-72.0,0.0,-52.0,-1.26
754,72,2.0,,4.0,-293.0,0.0,-102.0,-2.44
754,73,2.0,,4.0,-618.0,0.0,-308.0,-7.4
754,74,3.0,,4.0,-936.0,-561.0,-831.0,-19.95
754,75,3.0,,4.0,-1389.0,-1244.0,-1340.0,-32.16
754,76,3.0,,5.0,-46.0,0.0,-40.0,-0.96
755,66,1.0,,4.0,355.0,56.0,263.0,6.32
755,67,1.0,,4.0,-140.0,27.0,-53.0,-1.28
755,68,1.0,,4.0,-197.0,-135.0,-164.0,-3.94
755,69,1.0,,5.0,-31.0,3.0,-8.0,-0.2
755,70,1.0,,5.0,38.0,-8.0,13.0,0.3
755,71,2.0,,1.0,-74.0,0.0,-52.0,-1.26
755,72,2.0,,4.0,-286.0,-18.0,-157.0,-3.78
755,73,2.0,,4.0,-624.0,12.0,-340.0,-8.17
755,74,3.0,,4.0,-942.0,-893.0,-932.0,-22.36
755,75,3.0,,4.0,-1394.0,-1245.0,-1349.0,-32.39
755,76,3.0,,5.0,-46.0,0.0,-39.0,-0.94
756,66,1.0,,4.0,354.0,168.0,258.0,6.18
756,67,1.0,,4.0,-134.0,81.0,-19.0,-0.45
756,68,1.0,,4.0,-299.0,-129.0,-193.0,-4.64
756,69,1.0,,5.0,16.0,-12.0,0.0,0.0
756,70,1.0,,5.0,39.0,4.0,18.0,0.43
756,71,2.0,,1.0,-74.0,0.0,-42.0,-1.02
756,72,2.0,,4.0,-227.0,0.0,-101.0,-2.43
756,73,2.0,,4.0,-446.0,12.0,-192.0,-4.6
756,74,3.0,,4.0,-945.0,-801.0,-915.0,-21.95
756,75,3.0,,4.0,-1583.0,-854.0,-1261.0,-30.27
756,76,3.0,,5.0,-44.0,0.0,-33.0,-0.78
757,66,1.0,,4.0,343.0,146.0,206.0,4.95
757,67,1.0,,4.0,154.0,-81.0,-3.0,-0.07
757,68,1.0,,4.0,-188.0,-135.0,-157.0,-3.77
757,69,1.0,,5.0,-21.0,3.0,-7.0,-0.16
757,70,1.0,,5.0,16.0,2.0,10.0,0.23
757,71,2.0,,1.0,-73.0,0.0,-47.0,-1.14
757,72,2.0,,4.0,-227.0,0.0,-132.0,-3.16
757,73,2.0,,4.0,-548.0,-10.0,-268.0,-6.43
757,74,3.0,,4.0,-948.0,-752.0,-898.0,-21.55
757,75,3.0,,4.0,-1581.0,-807.0,-1064.0,-25.53
757,76,3.0,,5.0,-40.0,0.0,-30.0,-0.72
758,66,1.0,,4.0,419.0,183.0,272.0,6.53
758,67,1.0,,4.0,-80.0,19.0,-23.0,-0.55
758,68,1.0,,4.0,-179.0,-112.0,-141.0,-3.39
758,69,1.0,,5.0,-19.0,8.0,-5.0,-0.13
758,70,1.0,,5.0,22.0,-14.0,-1.0,-0.03
758,71,2.0,,1.0,-71.0,0.0,-55.0,-1.33
758,72,2.0,,4.0,-253.0,0.0,-146.0,-3.51
758,73,2.0,,4.0,-536.0,-15.0,-306.0,-7.34
758,74,3.0,,4.0,-948.0,-739.0,-896.0,-21.5
758,75,3.0,,4.0,-1371.0,-859.0,-1165.0,-27.97
758,76,3.0,,5.0,-40.0,0.0,-33.0,-0.8
759,66,1.0,,4.0,549.0,237.0,367.0,8.81
759,67,1.0,,4.0,238.0,-11.0,123.0,2.95
759,68,1.0,,4.0,-150.0,-76.0,-115.0,-2.77
759,69,1.0,,5.0,-20.0,0.0,-12.0,-0.28
759,70,1.0,,5.0,19.0,-8.0,7.0,0.17
759,71,2.0,,1.0,-67.0,0.0,-45.0,-1.09
759,72,2.0,,4.0,-217.0,0.0,-138.0,-3.32
759,73,2.0,,4.0,-332.0,22.0,-170.0,-4.07
759,74,3.0,,4.0,-937.0,-743.0,-924.0,-22.18
759,75,3.0,,4.0,-1378.0,-808.0,-880.0,-21.12
759,76,3.0,,5.0,-40.0,0.0,-33.0,-0.8
760,66,1.0,,4.0,441.0,213.0,316.0,7.57
760,67,1.0,,4.0,93.0,-47.0,25.0,0.61
760,68,1.0,,4.0,-163.0,-101.0,-124.0,-2.97
760,69,1.0,,5.0,-22.0,-2.0,-10.0,-0.23
760,70,1.0,,5.0,23.0,1.0,14.0,0.34
760,71,2.0,,1.0,-72.0,0.0,-47.0,-1.14
760,72,2.0,,4.0,-193.0,0.0,-129.0,-3.1
760,73,2.0,,4.0,-543.0,-10.0,-278.0,-6.68
760,74,3.0,,4.0,-943.0,-884.0,-928.0,-22.26
760,75,3.0,,4.0,-1225.0,-803.0,-907.0,-21.77
760,76,3.0,,5.0,-36.0,0.0,-31.0,-0.75
761,66,1.0,,4.0,449.0,163.0,287.0,6.89
761,67,1.0,,4.0,143.0,-67.0,-2.0,-0.04
761,68,1.0,,4.0,-143.0,-101.0,-120.0,-2.89
761,69,1.0,,5.0,19.0,0.0,-7.0,-0.17
761,70,1.0,,5.0,20.0,0.0,13.0,0.3
761,71,2.0,,1.0,-72.0,0.0,-50.0,-1.19
761,72,2.0,,4.0,-219.0,0.0,-124.0,-2.98
761,73,2.0,,4.0,455.0,14.0,-267.0,-6.41
761,74,3.0,,4.0,-943.0,-886.0,-930.0,-22.32
761,75,3.0,,4.0,-1380.0,-807.0,-995.0,-23.89
761,76,3.0,,5.0,-40.0,0.0,-26.0,-0.62
762,66,1.0,,4.0,433.0,167.0,281.0,6.75
762,67,1.0,,4.0,-71.0,48.0,-15.0,-0.36
762,68,1.0,,4.0,-170.0,-95.0,-134.0,-3.23
762,69,1.0,,5.0,-13.0,4.0,-5.0,-0.12
762,70,1.0,,5.0,26.0,0.0,12.0,0.28
762,71,2.0,,1.0,-71.0,0.0,-40.0,-0.96
762,72,2.0,,4.0,-200.0,0.0,-129.0,-3.1
762,73,2.0,,4.0,-394.0,32.0,-210.0,-5.05
762,74,3.0,,4.0,-946.0,-893.0,-934.0,-22.42
762,75,3.0,,4.0,-1376.0,-913.0,-1215.0,-29.17
762,76,3.0,,5.0,-40.0,0.0,-35.0,-0.84
763,66,1.0,,4.0,633.0,269.0,435.0,10.44
763,67,1.0,,4.0,88.0,-7.0,35.0,0.83
763,68,1.0,,4.0,-200.0,-101.0,-143.0,-3.43
763,69,1.0,,5.0,-61.0,9.0,-19.0,-0.45
763,70,1.0,,5.0,34.0,-5.0,14.0,0.34
763,71,2.0,,1.0,-73.0,0.0,-45.0,-1.08
763,72,2.0,,4.0,-205.0,0.0,-135.0,-3.23
763,73,2.0,,4.0,-502.0,2.0,-227.0,-5.44
763,74,3.0,,4.0,-945.0,-894.0,-922.0,-22.13
763,75,3.0,,4.0,-1371.0,-997.0,-1188.0,-28.51
763,76,3.0,,5.0,-45.0,0.0,-38.0,-0.9
764,66,1.0,,4.0,333.0,228.0,299.0,7.17
764,67,1.0,,4.0,77.0,-35.0,48.0,1.15
764,68,1.0,,4.0,-165.0,-98.0,-128.0,-3.08
764,69,1.0,,5.0,-16.0,0.0,-7.0,-0.17
764,70,1.0,,5.0,17.0,-3.0,11.0,0.27
764,71,2.0,,1.0,-68.0,0.0,-41.0,-0.98
764,72,2.0,,4.0,-196.0,0.0,-134.0,-3.21
764,73,2.0,,4.0,-410.0,24.0,-190.0,-4.57
764,74,3.0,,4.0,-945.0,-886.0,-930.0,-22.33
764,75,3.0,,4.0,-1379.0,-912.0,-1136.0,-27.27
764,76,3.0,,5.0,-44.0,0.0,-36.0,-0.86
765,66,1.0,,4.0,390.0,229.0,310.0,7.44
765,67,1.0,,4.0,-65.0,35.0,-15.0,-0.37
765,68,1.0,,4.0,-158.0,-102.0,-133.0,-3.18
765,69,1.0,,5.0,-11.0,2.0,-5.0,-0.11
765,70,1.0,,5.0,27.0,0.0,16.0,0.39
765,71,2.0,,1.0,-73.0,0.0,-52.0,-1.25
765,72,2.0,,4.0,-215.0,0.0,-93.0,-2.24
765,73,2.0,,4.0,-550.0,-8.0,-273.0,-6.55
765,74,3.0,,4.0,-946.0,-886.0,-934.0,-22.41
765,75,3.0,,4.0,-1374.0,-813.0,-1158.0,-27.8
765,76,3.0,,5.0,-46.0,0.0,-38.0,-0.9
766,66,1.0,,4.0,439.0,141.0,296.0,7.1
766,67,1.0,,4.0,-85.0,39.0,-20.0,-0.48
766,68,1.0,,4.0,-182.0,-88.0,-127.0,-3.06
766,69,1.0,,5.0,-16.0,3.0,-5.0,-0.13
766,70,1.0,,5.0,20.0,-3.0,10.0,0.25
766,71,2.0,,1.0,-73.0,0.0,-55.0,-1.33
766,72,2.0,,4.0,-201.0,0.0,-116.0,-2.78
766,73,2.0,,4.0,-592.0,16.0,-325.0,-7.79
766,74,3.0,,4.0,-946.0,-897.0,-938.0,-22.51
766,75,3.0,,4.0,-1387.0,-1152.0,-1310.0,-31.44
766,76,3.0,,5.0,-46.0,0.0,-41.0,-0.98
767,66,1.0,,4.0,432.0,92.0,299.0,7.18
767,67,1.0,,4.0,186.0,-151.0,-18.0,-0.44
767,68,1.0,,4.0,-205.0,-18.0,-114.0,-2.73
767,69,1.0,,5.0,22.0,-12.0,1.0,0.02
767,70,1.0,,5.0,23.0,-10.0,5.0,0.11
767,71,2.0,,1.0,0.0,0.0,0.0,-0.94
767,72,2.0,,4.0,-204.0,0.0,-125.0,-3.0
767,73,2.0,,4.0,-603.0,-4.0,-318.0,-7.63
767,74,3.0,,4.0,-944.0,-848.0,-925.0,-22.19
767,75,3.0,,4.0,-1386.0,-1043.0,-1281.0,-30.74
767,76,3.0,,5.0,-50.0,0.0,-41.0,-0.98
768,66,1.0,,4.0,449.0,37.0,271.0,6.51
768,67,1.0,,4.0,414.0,-200.0,8.0,0.2
768,68,1.0,,4.0,-197.0,91.0,-100.0,-2.39
768,69,1.0,,5.0,-20.0,0.0,-5.0,-0.11
768,70,1.0,,5.0,20.0,1.0,12.0,0.28
768,71,2.0,,1.0,-73.0,0.0,-48.0,-1.16
768,72,2.0,,4.0,-265.0,0.0,-111.0,-2.66
768,73,2.0,,4.0,-528.0,-18.0,-310.0,-7.44
768,74,3.0,,4.0,-948.0,-796.0,-911.0,-21.87
768,75,3.0,,4.0,-1381.0,-1331.0,-1361.0,-32.68
768,76,3.0,,5.0,-52.0,0.0,-45.0,-1.08
769,66,1.0,,4.0,542.0,337.0,425.0,10.21
769,67,1.0,,4.0,105.0,-11.0,32.0,0.77
769,68,1.0,,4.0,-162.0,-75.0,-124.0,-2.98
769,69,1.0,,5.0,-17.0,0.0,-9.0,-0.21
769,70,1.0,,5.0,18.0,0.0,0.0,0.01
769,71,2.0,,1.0,-71.0,0.0,-43.0,-1.04
769,72,2.0,,4.0,-198.0,0.0,-90.0,-2.17
769,73,2.0,,4.0,-542.0,-12.0,-310.0,-7.44
769,74,3.0,,4.0,-943.0,-796.0,-934.0,-22.4
769,75,3.0,,4.0,-1465.0,-1248.0,-1381.0,-33.15
769,76,3.0,,5.0,-53.0,0.0,-43.0,-1.02
770,66,1.0,,4.0,421.0,333.0,377.0,9.04
770,67,1.0,,4.0,89.0,-24.0,32.0,0.76
770,68,1.0,,4.0,-177.0,-83.0,-135.0,-3.25
770,69,1.0,,5.0,-10.0,8.0,-3.0,-0.08
770,70,1.0,,5.0,22.0,1.0,14.0,0.33
770,71,2.0,,1.0,-68.0,0.0,-50.0,-1.2
770,72,2.0,,4.0,-309.0,0.0,-68.0,-1.62
770,73,2.0,,4.0,-457.0,-38.0,-271.0,-6.5
770,74,3.0,,4.0,-946.0,-792.0,-909.0,-21.81
770,75,3.0,,4.0,-1477.0,-1200.0,-1352.0,-32.45
770,76,3.0,,5.0,-50.0,0.0,-37.0,-0.88
771,66,1.0,,4.0,1072.0,397.0,613.0,14.71
771,67,1.0,,4.0,317.0,56.0,251.0,6.01
771,68,1.0,,4.0,-106.0,-9.0,-59.0,-1.42
771,69,1.0,,5.0,-44.0,18.0,-8.0,-0.18
771,70,1.0,,5.0,61.0,-7.0,14.0,0.35
771,71,2.0,,1.0,-72.0,0.0,-44.0,-1.05
771,72,2.0,,4.0,-221.0,0.0,-127.0,-3.06
771,73,2.0,,4.0,-520.0,20.0,-246.0,-5.9
771,74,3.0,,4.0,-942.0,-888.0,-933.0,-22.4
771,75,3.0,,4.0,-1470.0,-1396.0,-1445.0,-34.67
771,76,3.0,,5.0,-59.0,0.0,-39.0,-0.94
772,72,2.0,,1.0,-71.0,0.0,-44.0,-1.05
772,79,,,,0.0,-57.0,-1.36,
772,74,,,4.0,-944.0,-818.0,-926.0,-22.23
772,76,,,5.0,-54.0,0.0,-35.0,-0.84
773,66,1.0,,4.0,811.0,230.0,661.0,15.87
773,67,1.0,,4.0,553.0,-39.0,298.0,7.15
773,68,1.0,,4.0,-148.0,-4.0,-43.0,-1.04
773,69,1.0,,5.0,13.0,0.0,5.0,0.11
773,70,1.0,,5.0,36.0,13.0,24.0,0.57
773,71,2.0,,1.0,-74.0,0.0,-53.0,-1.27
773,72,2.0,,4.0,-293.0,0.0,-113.0,-2.71
773,73,2.0,,4.0,-514.0,90.0,-238.0,-5.72
773,74,3.0,,4.0,-944.0,-885.0,-929.0,-22.29
773,75,3.0,,4.0,-1476.0,-1259.0,-1410.0,-33.85
773,76,3.0,,5.0,-56.0,0.0,-45.0,-1.08
774,66,1.0,,4.0,1131.0,670.0,868.0,20.82
774,67,1.0,,4.0,611.0,106.0,351.0,8.41
774,68,1.0,,4.0,-155.0,6.0,-45.0,-1.09
774,69,1.0,,5.0,-67.0,16.0,-1.0,-0.02
774,70,1.0,,5.0,41.0,2.0,29.0,0.69
774,71,2.0,,1.0,-73.0,0.0,-47.0,-1.13
774,72,2.0,,4.0,-272.0,0.0,-116.0,-2.79
774,73,2.0,,4.0,-410.0,257.0,-23.0,-0.56
774,74,3.0,,4.0,-941.0,-882.0,-926.0,-22.22
774,75,3.0,,4.0,-1468.0,-1000.0,-1285.0,-30.85
774,76,3.0,,5.0,-42.0,0.0,-38.0,-0.9
775,66,1.0,,4.0,907.0,595.0,690.0,16.56
775,67,1.0,,4.0,453.0,129.0,241.0,5.79
775,68,1.0,,4.0,-115.0,0.0,-27.0,-0.64
775,69,1.0,,5.0,-4.0,0.0,-4.0,-0.09
775,70,1.0,,5.0,41.0,0.0,32.0,0.76
775,71,2.0,,1.0,-64.0,0.0,-34.0,-0.82
775,72,2.0,,4.0,-169.0,0.0,-74.0,-1.76
775,73,2.0,,4.0,209.0,-21.0,62.0,1.49
775,74,3.0,,4.0,-952.0,-893.0,-936.0,-22.47
775,75,3.0,,4.0,-1423.0,-812.0,-943.0,-22.64
775,76,3.0,,5.0,-50.0,0.0,-36.0,-0.86
776,66,1.0,,4.0,718.0,385.0,578.0,13.88
776,67,1.0,,4.0,224.0,18.0,142.0,3.41
776,68,1.0,,4.0,-146.0,-106.0,-125.0,-3.0
776,69,1.0,,5.0,16.0,-6.0,2.0,0.05
776,70,1.0,,5.0,34.0,0.0,26.0,0.62
776,71,2.0,,1.0,0.0,0.0,0.0,-0.97
776,72,2.0,,4.0,-172.0,0.0,-82.0,-1.97
776,73,2.0,,4.0,-270.0,23.0,-50.0,-1.19
776,74,3.0,,4.0,-944.0,-896.0,-935.0,-22.43
776,75,3.0,,4.0,-1420.0,-809.0,-1035.0,-24.83
776,76,3.0,,5.0,-38.0,0.0,-31.0,-0.74
777,66,1.0,,4.0,711.0,447.0,554.0,13.3
777,67,1.0,,4.0,228.0,39.0,114.0,2.73
777,68,1.0,,4.0,-221.0,-101.0,-144.0,-3.46
777,69,1.0,,5.0,-3.0,0.0,-13.0,-0.3
777,70,1.0,,5.0,33.0,0.0,22.0,0.52
777,71,2.0,,1.0,0.0,0.0,0.0,-0.85
777,72,2.0,,4.0,-183.0,0.0,-75.0,-1.8
777,73,2.0,,4.0,180.0,-44.0,-8.0,-0.19
777,74,3.0,,4.0,-948.0,-898.0,-938.0,-22.5
777,75,3.0,,4.0,-1423.0,-799.0,-1036.0,-24.87
777,76,3.0,,5.0,-38.0,0.0,-33.0,-0.79
778,66,1.0,,4.0,823.0,382.0,635.0,15.23
778,67,1.0,,4.0,344.0,89.0,182.0,4.38
778,68,1.0,,4.0,-144.0,-3.0,-86.0,-2.05
778,69,1.0,,5.0,24.0,-1.0,9.0,0.22
778,70,1.0,,5.0,38.0,21.0,33.0,0.8
778,71,2.0,,1.0,-59.0,0.0,-26.0,-0.63
778,72,2.0,,4.0,-187.0,0.0,-73.0,-1.75
778,73,2.0,,4.0,225.0,45.0,73.0,1.75
778,74,3.0,,4.0,-948.0,-896.0,-938.0,-22.52
778,75,3.0,,4.0,-1414.0,-850.0,-1048.0,-25.15
778,76,3.0,,5.0,-42.0,0.0,-63.0,-1.52
779,66,1.0,,4.0,980.0,672.0,786.0,18.87
779,67,1.0,,4.0,345.0,46.0,209.0,5.02
779,68,1.0,,4.0,-124.0,-56.0,-88.0,-2.12
779,69,1.0,,5.0,15.0,-6.0,5.0,0.12
779,70,1.0,,5.0,46.0,18.0,30.0,0.73
779,71,2.0,,1.0,-52.0,0.0,-7.0,-0.16
779,72,2.0,,4.0,0.0,0.0,0.0,0.0
779,73,2.0,,4.0,195.0,-38.0,34.0,0.81
779,74,3.0,,4.0,-956.0,-896.0,-938.0,-22.52
779,75,3.0,,4.0,-1323.0,-902.0,-1108.0,-26.58
779,76,3.0,,5.0,-62.0,0.0,-33.0,-0.78
780,66,1.0,,4.0,963.0,-121.0,748.0,17.95
780,67,1.0,,4.0,530.0,73.0,269.0,6.46
780,68,1.0,,4.0,-149.0,20.0,-58.0,-1.4
780,69,1.0,,5.0,23.0,-32.0,8.0,0.2
780,70,1.0,,5.0,40.0,-6.0,26.0,0.63
780,71,2.0,,1.0,-68.0,0.0,-44.0,-1.06
780,72,2.0,,4.0,-146.0,0.0,-32.0,-0.77
780,73,2.0,,4.0,-290.0,210.0,6.0,0.14
780,74,3.0,,4.0,-946.0,-826.0,-927.0,-22.24
780,75,3.0,,4.0,-1468.0,-811.0,-1070.0,-25.67
780,76,3.0,,5.0,-54.0,0.0,-42.0,-1.01
781,66,1.0,,4.0,821.0,573.0,670.0,16.07
781,67,1.0,,4.0,276.0,61.0,170.0,4.08
781,68,1.0,,4.0,-104.0,-43.0,-70.0,-1.68
781,69,1.0,,5.0,36.0,0.0,16.0,0.38
781,70,1.0,,5.0,47.0,0.0,31.0,0.74
781,71,2.0,,1.0,-67.0,0.0,-46.0,-1.11
781,72,2.0,,4.0,-172.0,0.0,-71.0,-1.7
781,73,2.0,,4.0,-360.0,7.0,-120.0,-2.87
781,74,3.0,,4.0,-961.0,-697.0,-921.0,-22.11
781,75,3.0,,4.0,-1465.0,-818.0,-1120.0,-26.88
781,76,3.0,,5.0,-43.0,0.0,-37.0,-0.89
782,66,1.0,,4.0,905.0,300.0,695.0,16.67
782,67,1.0,,4.0,213.0,41.0,127.0,3.05
782,68,1.0,,4.0,-123.0,-43.0,-88.0,-2.12
782,69,1.0,,5.0,19.0,-4.0,11.0,0.26
782,70,1.0,,5.0,43.0,20.0,33.0,0.79
782,71,2.0,,1.0,-63.0,0.0,-42.0,-1.0
782,72,2.0,,4.0,-134.0,0.0,-47.0,-1.13
782,73,2.0,,4.0,160.0,-14.0,42.0,1.01
782,74,3.0,,4.0,-948.0,-697.0,-923.0,-22.14
782,75,3.0,,4.0,-1476.0,-811.0,-1177.0,-28.25
782,76,3.0,,5.0,-44.0,0.0,-38.0,-0.9
783,66,1.0,,4.0,900.0,518.0,650.0,15.6
783,67,1.0,,4.0,285.0,92.0,169.0,4.05
783,68,1.0,,4.0,-110.0,63.0,-66.0,-1.58
783,69,1.0,,5.0,20.0,0.0,10.0,0.24
783,70,1.0,,5.0,44.0,0.0,34.0,0.82
783,71,2.0,,1.0,-69.0,0.0,-56.0,-1.34
783,72,2.0,,4.0,-158.0,0.0,-66.0,-1.59
783,73,2.0,,4.0,-492.0,12.0,-50.0,-1.19
783,74,3.0,,4.0,-940.0,-890.0,-929.0,-22.29
783,75,3.0,,4.0,-1472.0,-1127.0,-1293.0,-31.04
783,76,3.0,,5.0,-49.0,0.0,-43.0,-1.04
784,66,1.0,,4.0,753.0,405.0,638.0,15.31
784,67,1.0,,4.0,317.0,108.0,194.0,4.65
784,68,1.0,,4.0,-121.0,-23.0,-67.0,-1.62
784,69,1.0,,5.0,21.0,0.0,11.0,0.26
784,70,1.0,,5.0,45.0,0.0,28.0,0.66
784,71,2.0,,1.0,-72.0,0.0,-47.0,-1.14
784,72,2.0,,4.0,-160.0,0.0,-71.0,-1.71
784,73,2.0,,4.0,-358.0,0.0,-4.0,-0.09
784,74,3.0,,4.0,-952.0,-465.0,-751.0,-18.02
784,75,3.0,,4.0,-1469.0,-1149.0,-1340.0,-32.16
784,76,3.0,,5.0,-48.0,0.0,-39.0,-0.94
785,66,1.0,,4.0,1110.0,701.0,904.0,21.7
785,67,1.0,,4.0,655.0,177.0,422.0,10.12
785,68,1.0,,4.0,50.0,-50.0,-8.0,-0.2
785,69,1.0,,5.0,43.0,0.0,23.0,0.54
785,70,1.0,,5.0,52.0,0.0,31.0,0.75
785,71,2.0,,1.0,0.0,0.0,0.0,-1.14
785,72,2.0,,4.0,-154.0,0.0,-67.0,-1.61
785,73,2.0,,4.0,384.0,19.0,191.0,4.57
785,74,3.0,,4.0,-948.0,-800.0,-908.0,-21.79
785,75,3.0,,4.0,-1165.0,-571.0,-1148.0,-27.56
785,76,3.0,,5.0,-52.0,0.0,-40.0,-0.96
786,66,1.0,,4.0,1262.0,742.0,949.0,22.79
786,67,1.0,,4.0,654.0,146.0,403.0,9.68
786,68,1.0,,4.0,-118.0,56.0,-25.0,-0.6
786,69,1.0,,5.0,48.0,0.0,27.0,0.65
786,70,1.0,,5.0,49.0,-6.0,33.0,0.78
786,71,2.0,,1.0,-68.0,0.0,-43.0,-1.04
786,72,2.0,,4.0,-114.0,0.0,-15.0,-0.36
786,73,2.0,,4.0,214.0,-229.0,91.0,2.17
786,74,3.0,,4.0,-944.0,-808.0,-935.0,-22.43
786,75,3.0,,4.0,-1140.0,-485.0,-1023.0,-24.54
786,76,3.0,,5.0,-42.0,0.0,-35.0,-0.84
787,66,1.0,,4.0,1160.0,647.0,951.0,22.83
787,67,1.0,,4.0,614.0,140.0,445.0,10.67
787,68,1.0,,4.0,63.0,-46.0,7.0,0.17
787,69,1.0,,5.0,30.0,10.0,20.0,0.48
787,70,1.0,,5.0,36.0,15.0,26.0,0.63
787,71,2.0,,1.0,-72.0,0.0,-45.0,-1.09
787,72,2.0,,4.0,-54.0,0.0,-16.0,-0.39
787,73,2.0,,4.0,300.0,-151.0,126.0,3.02
787,74,3.0,,4.0,-956.0,-901.0,-942.0,-22.6
787,75,3.0,,4.0,-1112.0,-814.0,-916.0,-21.99
787,76,3.0,,5.0,-40.0,0.0,-12.0,-0.28
788,66,1.0,,4.0,1572.0,1014.0,1293.0,31.03
788,67,1.0,,4.0,889.0,543.0,763.0,18.31
788,68,1.0,,4.0,107.0,-6.0,63.0,1.52
788,69,1.0,,5.0,49.0,0.0,31.0,0.74
788,70,1.0,,5.0,34.0,0.0,18.0,0.42
788,71,2.0,,1.0,-74.0,0.0,-50.0,-1.19
788,72,2.0,,4.0,0.0,0.0,0.0,0.0
788,73,2.0,,4.0,117.0,0.0,117.0,5.2
788,74,3.0,,4.0,-959.0,-462.0,-743.0,-17.83
788,75,3.0,,4.0,-1027.0,-812.0,-891.0,-21.37
788,76,3.0,,5.0,-21.0,0.0,-10.0,-0.23
789,66,1.0,,4.0,1489.0,594.0,1116.0,26.78
789,67,1.0,,4.0,952.0,624.0,827.0,19.85
789,68,1.0,,4.0,166.0,-42.0,82.0,1.98
789,69,1.0,,5.0,47.0,0.0,27.0,0.65
789,70,1.0,,5.0,43.0,0.0,28.0,0.68
789,71,2.0,,1.0,-76.0,0.0,-50.0,-1.2
789,72,2.0,,4.0,0.0,0.0,0.0,0.0
789,73,2.0,,4.0,386.0,94.0,268.0,6.42
789,74,3.0,,4.0,-945.0,-645.0,-884.0,-21.22
789,75,3.0,,4.0,-1228.0,-822.0,-1002.0,-24.04
789,76,3.0,,5.0,-40.0,0.0,-25.0,-0.6
790,66,1.0,,4.0,1196.0,875.0,1009.0,24.22
790,67,1.0,,4.0,866.0,441.0,625.0,15.01
790,68,1.0,,4.0,96.0,41.0,63.0,1.52
790,69,1.0,,5.0,29.0,9.0,16.0,0.39
790,70,1.0,,5.0,39.0,0.0,17.0,0.4
790,71,2.0,,1.0,-73.0,0.0,-55.0,-1.32
790,72,2.0,,4.0,-110.0,0.0,-29.0,-0.69
790,73,2.0,,4.0,378.0,-156.0,185.0,4.43
790,74,3.0,,4.0,-941.0,-890.0,-931.0,-22.34
790,75,3.0,,4.0,-1847.0,-462.0,-1080.0,-25.91
790,76,3.0,,5.0,-42.0,0.0,-34.0,-0.82
791,66,1.0,,4.0,1028.0,762.0,965.0,23.16
791,67,1.0,,4.0,746.0,300.0,467.0,11.21
791,68,1.0,,4.0,60.0,-38.0,14.0,0.34
791,69,1.0,,5.0,39.0,8.0,21.0,0.51
791,70,1.0,,5.0,45.0,5.0,17.0,0.41
791,71,2.0,,1.0,0.0,0.0,0.0,-1.36
791,72,2.0,,4.0,-184.0,0.0,-34.0,-0.83
791,73,2.0,,4.0,522.0,-176.0,195.0,4.69
791,74,3.0,,4.0,-950.0,-901.0,-939.0,-22.55
791,75,3.0,,4.0,-1912.0,-603.0,-1048.0,-25.16
791,76,3.0,,5.0,-38.0,0.0,-33.0,-0.8
792,66,1.0,,4.0,1090.0,849.0,891.0,21.37
792,67,1.0,,4.0,384.0,172.0,300.0,7.2
792,68,1.0,,4.0,-83.0,-1.0,-39.0,-0.94
792,69,1.0,,5.0,32.0,0.0,19.0,0.46
792,70,1.0,,5.0,48.0,0.0,31.0,0.74
792,71,2.0,,1.0,-71.0,0.0,-55.0,-1.32
792,72,2.0,,4.0,-97.0,0.0,-37.0,-0.89
792,73,2.0,,4.0,214.0,-216.0,38.0,0.9
792,74,3.0,,4.0,-908.0,-524.0,-818.0,-19.64
792,75,3.0,,4.0,-1794.0,-487.0,-995.0,-23.88
792,76,3.0,,5.0,-54.0,0.0,-39.0,-0.94
793,66,1.0,,4.0,1019.0,904.0,968.0,23.22
793,67,1.0,,4.0,313.0,155.0,226.0,5.43
793,68,1.0,,4.0,-103.0,-27.0,-61.0,-1.46
793,69,1.0,,5.0,33.0,0.0,26.0,0.62
793,70,1.0,,5.0,44.0,0.0,32.0,0.76
793,71,2.0,,1.0,-71.0,0.0,-55.0,-1.32
793,72,2.0,,4.0,-94.0,0.0,-42.0,-1.02
793,73,2.0,,4.0,16.0,-224.0,113.0,2.71
793,74,3.0,,4.0,-846.0,-727.0,-809.0,-19.42
793,75,3.0,,4.0,-1431.0,-821.0,-1067.0,-25.61
793,76,3.0,,5.0,-54.0,0.0,-44.0,-1.06
794,66,1.0,,4.0,944.0,721.0,846.0,20.3
794,67,1.0,,4.0,343.0,148.0,229.0,5.48
794,68,1.0,,4.0,-90.0,-21.0,-52.0,-1.25
794,69,1.0,,5.0,22.0,8.0,16.0,0.39
794,70,1.0,,5.0,41.0,15.0,29.0,0.68
794,71,2.0,,1.0,-71.0,0.0,-50.0,-1.2
794,72,2.0,,4.0,-100.0,0.0,-41.0,-0.98
794,73,2.0,,4.0,174.0,-226.0,87.0,2.1
794,74,3.0,,4.0,-842.0,-789.0,-828.0,-19.87
794,75,3.0,,4.0,-1421.0,-814.0,-931.0,-22.35
794,76,3.0,,5.0,-39.0,0.0,-30.0,-0.72
795,66,1.0,,4.0,1022.0,738.0,907.0,21.78
795,67,1.0,,4.0,411.0,188.0,294.0,7.06
795,68,1.0,,4.0,-46.0,24.0,-8.0,-0.19
795,69,1.0,,5.0,29.0,0.0,21.0,0.51
795,70,1.0,,5.0,45.0,0.0,38.0,0.9
795,71,2.0,,1.0,-71.0,0.0,-56.0,-1.34
795,72,2.0,,4.0,-100.0,0.0,-38.0,-0.91
795,73,2.0,,4.0,160.0,-62.0,31.0,0.74
795,74,3.0,,4.0,-878.0,-694.0,-824.0,-19.78
795,75,3.0,,4.0,-937.0,-798.0,-848.0,-20.35
795,76,3.0,,5.0,-38.0,0.0,-33.0,-0.8
796,66,1.0,,4.0,913.0,701.0,794.0,19.05
796,67,1.0,,4.0,268.0,28.0,163.0,3.9
796,68,1.0,,4.0,-139.0,-7.0,-53.0,-1.27
796,69,1.0,,5.0,35.0,13.0,20.0,0.49
796,70,1.0,,5.0,52.0,30.0,42.0,1.0
796,71,2.0,,1.0,-73.0,0.0,-57.0,-1.36
796,72,2.0,,4.0,-80.0,0.0,-38.0,-0.91
796,73,2.0,,4.0,184.0,-187.0,41.0,0.98
796,74,3.0,,4.0,-878.0,-394.0,-734.0,-17.62
796,75,3.0,,4.0,-897.0,-408.0,-594.0,-14.26
796,76,3.0,,5.0,-42.0,0.0,-31.0,-0.74
797,66,1.0,,4.0,830.0,573.0,672.0,16.12
797,67,1.0,,4.0,331.0,34.0,186.0,4.47
797,68,1.0,,4.0,-103.0,-1.0,-36.0,-0.87
797,69,1.0,,5.0,29.0,5.0,17.0,0.41
797,70,1.0,,5.0,49.0,7.0,36.0,0.86
797,71,2.0,,1.0,-74.0,0.0,-49.0,-1.18
797,72,2.0,,4.0,-106.0,0.0,-47.0,-1.14
797,73,2.0,,4.0,205.0,-360.0,16.0,0.38
797,74,3.0,,4.0,-935.0,-394.0,-762.0,-18.29
797,75,3.0,,4.0,-681.0,-406.0,-482.0,-11.56
797,76,3.0,,5.0,-38.0,0.0,-33.0,-0.78
798,66,1.0,,4.0,630.0,460.0,613.0,14.7
798,67,1.0,,4.0,204.0,40.0,150.0,3.59
798,68,1.0,,4.0,-78.0,41.0,-8.0,-0.2
798,69,1.0,,5.0,33.0,0.0,18.0,0.43
798,70,1.0,,5.0,49.0,0.0,35.0,0.84
798,71,2.0,,1.0,-73.0,0.0,-57.0,-1.38
798,72,2.0,,4.0,-199.0,0.0,-89.0,-2.13
798,73,2.0,,4.0,-406.0,176.0,-18.0,-0.43
798,74,3.0,,4.0,-952.0,-904.0,-942.0,-22.61
798,75,3.0,,4.0,-1015.0,-205.0,-577.0,-13.85
798,76,3.0,,5.0,-42.0,0.0,-35.0,-0.84
799,66,1.0,,4.0,718.0,378.0,597.0,14.33
799,67,1.0,,4.0,180.0,-27.0,61.0,1.46
799,68,1.0,,4.0,-98.0,21.0,-41.0,-0.99
799,69,1.0,,5.0,37.0,-5.0,20.0,0.48
799,70,1.0,,5.0,46.0,0.0,37.0,0.88
799,71,2.0,,1.0,-70.0,0.0,-45.0,-1.09
799,72,2.0,,4.0,207.0,0.0,-89.0,-2.13
799,73,2.0,,4.0,200.0,-26.0,4.0,0.09
799,74,3.0,,4.0,-952.0,-874.0,-936.0,-22.47
799,75,3.0,,4.0,-767.0,-403.0,-595.0,-14.27
799,76,3.0,,5.0,-42.0,0.0,-36.0,-0.86
800,66,1.0,,4.0,724.0,642.0,688.0,16.51
800,67,1.0,,4.0,64.0,-41.0,26.0,0.63
800,68,1.0,,4.0,-157.0,-64.0,-118.0,-2.82
800,69,1.0,,5.0,41.0,24.0,30.0,0.71
800,70,1.0,,5.0,67.0,25.0,43.0,1.02
800,71,2.0,,1.0,-66.0,0.0,-46.0,-1.11
800,72,2.0,,4.0,-122.0,0.0,-32.0,-0.76
800,73,2.0,,4.0,220.0,-9.0,43.0,1.04
800,74,3.0,,4.0,-952.0,-838.0,-910.0,-21.83
800,75,3.0,,4.0,-764.0,-410.0,-612.0,-14.68
800,76,3.0,,5.0,-42.0,0.0,-36.0,-0.86
801,66,1.0,,4.0,860.0,687.0,783.0,18.79
801,67,1.0,,4.0,149.0,-15.0,44.0,1.05
801,68,1.0,,4.0,-204.0,-61.0,-126.0,-3.03
801,69,1.0,,5.0,43.0,-8.0,29.0,0.69
801,70,1.0,,5.0,64.0,2.0,36.0,0.85
801,71,2.0,,1.0,0.0,0.0,0.0,-1.08
801,72,2.0,,4.0,-56.0,0.0,-24.0,-0.57
801,73,2.0,,4.0,458.0,-96.0,222.0,5.33
801,74,3.0,,4.0,-911.0,-796.0,-889.0,-21.33
801,75,3.0,,4.0,-762.0,-456.0,-650.0,-15.59
801,76,3.0,,5.0,-46.0,0.0,-38.0,-0.9
802,66,1.0,,4.0,796.0,574.0,724.0,17.38
802,67,1.0,,4.0,145.0,-55.0,13.0,0.31
802,68,1.0,,4.0,-185.0,-64.0,-117.0,-2.82
802,69,1.0,,5.0,42.0,0.0,35.0,0.83
802,70,1.0,,5.0,61.0,0.0,45.0,1.08
802,71,2.0,,1.0,-66.0,0.0,-31.0,-0.75
802,72,2.0,,4.0,-146.0,0.0,-36.0,-0.86
802,73,2.0,,4.0,448.0,-22.0,270.0,6.48
802,74,3.0,,4.0,-895.0,-682.0,-770.0,-18.49
802,75,3.0,,4.0,-766.0,-649.0,-734.0,-17.61
802,76,3.0,,5.0,-46.0,0.0,-40.0,-0.97
803,66,1.0,,4.0,859.0,694.0,759.0,18.2
803,67,1.0,,4.0,63.0,-41.0,6.0,0.14
803,68,1.0,,4.0,-173.0,-92.0,-128.0,-3.08
803,69,1.0,,5.0,68.0,30.0,37.0,0.89
803,70,1.0,,5.0,65.0,0.0,49.0,1.18
803,71,2.0,,1.0,-70.0,0.0,-39.0,-0.94
803,72,2.0,,4.0,0.0,0.0,0.0,0.0
803,73,2.0,,4.0,416.0,143.0,280.0,6.73
803,74,3.0,,4.0,-894.0,-749.0,-857.0,-20.58
803,75,3.0,,4.0,-1465.0,-750.0,-941.0,-22.58
803,76,3.0,,5.0,-48.0,0.0,-40.0,-0.96
804,66,1.0,,4.0,1147.0,782.0,968.0,23.23
804,67,1.0,,4.0,315.0,-12.0,73.0,1.75
804,68,1.0,,4.0,-189.0,38.0,-122.0,-2.92
804,69,1.0,,5.0,56.0,0.0,42.0,1.01
804,70,1.0,,5.0,72.0,0.0,59.0,1.41
804,71,2.0,,1.0,-72.0,0.0,-38.0,-0.9
804,72,2.0,,4.0,116.0,60.0,96.0,2.31
804,73,2.0,,4.0,512.0,100.0,320.0,7.69
804,74,3.0,,4.0,-954.0,-798.0,-925.0,-22.21
804,75,3.0,,4.0,-1459.0,-1195.0,-1329.0,-31.9
804,76,3.0,,5.0,-56.0,0.0,-41.0,-0.98
805,66,1.0,,4.0,1400.0,-83.0,1131.0,27.14
805,67,1.0,,4.0,384.0,56.0,234.0,5.62
805,68,1.0,,4.0,-128.0,-23.0,-83.0,-1.99
805,69,1.0,,5.0,64.0,-36.0,48.0,1.14
805,70,1.0,,5.0,69.0,-10.0,50.0,1.2
805,71,2.0,,1.0,0.0,0.0,0.0,-0.88
805,72,2.0,,4.0,124.0,102.0,111.0,2.66
805,73,2.0,,4.0,542.0,306.0,428.0,10.27
805,74,3.0,,4.0,-983.0,-798.0,-959.0,-23.02
805,75,3.0,,4.0,-1455.0,-911.0,-1185.0,-28.45
805,76,3.0,,5.0,-44.0,0.0,-36.0,-0.86
806,66,1.0,,4.0,1419.0,1074.0,1317.0,31.6
806,67,1.0,,4.0,586.0,185.0,398.0,9.56
806,68,1.0,,4.0,-80.0,29.0,-22.0,-0.52
806,69,1.0,,5.0,57.0,44.0,50.0,1.21
806,70,1.0,,5.0,69.0,36.0,50.0,1.21
806,71,2.0,,1.0,-64.0,0.0,-25.0,-0.6
806,72,2.0,,4.0,123.0,31.0,107.0,2.58
806,73,2.0,,4.0,573.0,338.0,443.0,10.63
806,74,3.0,,4.0,-985.0,-443.0,-813.0,-19.51
806,75,3.0,,4.0,-1471.0,-845.0,-1159.0,-27.82
806,76,3.0,,5.0,-42.0,0.0,-31.0,-0.74
807,66,1.0,,4.0,1553.0,1248.0,1435.0,34.45
807,67,1.0,,4.0,599.0,268.0,547.0,13.12
807,68,1.0,,4.0,-99.0,26.0,-4.0,-0.09
807,69,1.0,,5.0,56.0,0.0,34.0,0.82
807,70,1.0,,5.0,65.0,13.0,48.0,1.15
807,71,2.0,,1.0,-62.0,0.0,-28.0,-0.68
807,72,2.0,,4.0,135.0,38.0,112.0,2.7
807,73,2.0,,4.0,533.0,363.0,469.0,11.26
807,74,3.0,,4.0,-985.0,-517.0,-894.0,-21.47
807,75,3.0,,4.0,-1468.0,-807.0,-1207.0,-28.98
807,76,3.0,,5.0,-34.0,0.0,-28.0,-0.68
808,66,1.0,,4.0,1469.0,0.0,1344.0,32.26
808,67,1.0,,4.0,898.0,399.0,786.0,18.85
808,68,1.0,,4.0,129.0,8.0,55.0,1.32
808,69,1.0,,5.0,56.0,6.0,48.0,1.14
808,70,1.0,,5.0,61.0,0.0,48.0,1.14
808,71,2.0,,1.0,-67.0,0.0,-29.0,-0.7
808,72,2.0,,4.0,135.0,110.0,121.0,2.89
808,73,2.0,,4.0,600.0,470.0,540.0,12.96
808,74,3.0,,4.0,-991.0,-981.0,-985.0,-23.64
808,75,3.0,,4.0,-1459.0,-1191.0,-1349.0,-32.37
808,76,3.0,,5.0,-34.0,0.0,-28.0,-0.66
809,66,1.0,,4.0,1370.0,1312.0,1351.0,32.42
809,67,1.0,,4.0,925.0,835.0,879.0,21.1
809,68,1.0,,4.0,139.0,67.0,99.0,2.37
809,69,1.0,,5.0,55.0,0.0,45.0,1.07
809,70,1.0,,5.0,59.0,0.0,41.0,0.98
809,71,2.0,,1.0,0.0,0.0,0.0,-0.02
809,72,2.0,,4.0,128.0,106.0,112.0,2.69
809,73,2.0,,4.0,644.0,483.0,579.0,13.89
809,74,3.0,,4.0,-996.0,-993.0,-993.0,-23.84
809,75,3.0,,4.0,1469.0,1101.0,1313.0,31.52
809,76,3.0,,5.0,-34.0,0.0,-29.0,-0.7
810,66,1.0,,4.0,1361.0,1264.0,1333.0,31.99
810,67,1.0,,4.0,898.0,800.0,842.0,20.2
810,68,1.0,,4.0,183.0,101.0,127.0,3.06
810,69,1.0,,5.0,130.0,0.0,100.0,2.41
810,70,1.0,,5.0,66.0,0.0,51.0,1.22
810,71,2.0,,1.0,-36.0,0.0,-2.0,-0.05
810,72,2.0,,4.0,123.0,93.0,115.0,2.77
810,73,2.0,,4.0,615.0,437.0,544.0,13.07
810,74,3.0,,4.0,-993.0,-936.0,-965.0,-23.15
810,75,3.0,,4.0,-1460.0,-1116.0,-1322.0,-31.73
810,76,3.0,,5.0,-42.0,0.0,-30.0,-0.72
811,66,1.0,,4.0,1367.0,695.0,1344.0,32.25
811,67,1.0,,4.0,899.0,806.0,848.0,20.34
811,68,1.0,,4.0,207.0,108.0,138.0,3.3
811,69,1.0,,5.0,87.0,30.0,49.0,1.18
811,70,1.0,,5.0,61.0,35.0,49.0,1.17
811,71,2.0,,1.0,-61.0,0.0,-29.0,-0.69
811,72,2.0,,4.0,142.0,9.0,101.0,2.43
811,73,2.0,,4.0,544.0,254.0,461.0,11.07
811,74,3.0,,4.0,-941.0,-937.0,-937.0,-22.5
811,75,3.0,,4.0,-1467.0,-1206.0,-1354.0,-32.49
811,76,3.0,,5.0,-40.0,0.0,-33.0,-0.8
812,66,1.0,,4.0,1383.0,701.0,1167.0,28.02
812,67,1.0,,4.0,873.0,639.0,752.0,18.04
812,68,1.0,,4.0,162.0,98.0,128.0,3.07
812,69,1.0,,5.0,53.0,0.0,49.0,1.17
812,70,1.0,,5.0,61.0,0.0,49.0,1.17
812,71,2.0,,1.0,-21.0,0.0,0.0,-0.01
812,72,2.0,,4.0,133.0,117.0,125.0,2.99
812,73,2.0,,4.0,602.0,369.0,528.0,12.67
812,74,3.0,,4.0,-946.0,-937.0,-937.0,-22.49
812,75,3.0,,4.0,-1442.0,-854.0,-1178.0,-28.26
812,76,3.0,,5.0,-42.0,0.0,-36.0,-0.86
813,66,1.0,,4.0,1373.0,1140.0,1331.0,31.95
813,67,1.0,,4.0,880.0,690.0,831.0,19.94
813,68,1.0,,4.0,169.0,104.0,132.0,3.17
813,69,1.0,,5.0,56.0,39.0,45.0,1.07
813,70,1.0,,5.0,53.0,32.0,44.0,1.05
813,71,2.0,,1.0,-49.0,0.0,-2.0,-0.04
813,72,2.0,,4.0,138.0,81.0,125.0,3.0
813,73,2.0,,4.0,602.0,384.0,553.0,13.28
813,74,3.0,,4.0,-937.0,-403.0,-744.0,-17.85
813,75,3.0,,4.0,-1479.0,-850.0,-1248.0,-29.96
813,76,3.0,,5.0,-48.0,0.0,-39.0,-0.94
814,66,1.0,,4.0,1368.0,1294.0,1338.0,32.11
814,67,1.0,,4.0,898.0,811.0,851.0,20.43
814,68,1.0,,4.0,183.0,103.0,144.0,3.46
814,69,1.0,,5.0,54.0,32.0,40.0,0.96
814,70,1.0,,5.0,61.0,0.0,42.0,1.0
814,71,2.0,,1.0,-36.0,0.0,-1.0,-0.02
814,72,2.0,,4.0,136.0,115.0,127.0,3.05
814,73,2.0,,4.0,570.0,476.0,545.0,13.09
814,74,3.0,,4.0,-501.0,-380.0,-487.0,-11.7
814,75,3.0,,4.0,-1476.0,-1219.0,-1339.0,-32.14
814,76,3.0,,5.0,-50.0,0.0,-40.0,-0.96
815,66,1.0,,4.0,1350.0,1163.0,1341.0,32.19
815,67,1.0,,4.0,869.0,524.0,662.0,15.88
815,68,1.0,,4.0,179.0,96.0,126.0,3.01
815,69,1.0,,5.0,47.0,0.0,23.0,0.54
815,70,1.0,,5.0,67.0,0.0,53.0,1.28
815,71,2.0,,1.0,-32.0,0.0,-7.0,-0.17
815,72,2.0,,4.0,135.0,118.0,127.0,3.05
815,73,2.0,,4.0,547.0,465.0,510.0,12.23
815,74,3.0,,4.0,-516.0,-402.0,-493.0,-11.82
815,75,3.0,,4.0,-1467.0,-1202.0,-1383.0,-33.19
815,76,3.0,,5.0,-50.0,0.0,-36.0,-0.86
816,66,1.0,,4.0,1424.0,1110.0,1247.0,29.94
816,67,1.0,,4.0,745.0,556.0,630.0,15.12
816,68,1.0,,4.0,181.0,93.0,128.0,3.07
816,69,1.0,,5.0,51.0,4.0,40.0,0.96
816,70,1.0,,5.0,72.0,1.0,48.0,1.16
816,71,2.0,,1.0,-48.0,0.0,-19.0,-0.46
816,72,2.0,,4.0,132.0,122.0,126.0,3.02
816,73,2.0,,4.0,541.0,413.0,485.0,11.64
816,74,3.0,,4.0,-978.0,-440.0,-844.0,-20.25
816,75,3.0,,4.0,-1454.0,-813.0,-1091.0,-26.19
816,76,3.0,,5.0,50.0,0.0,-37.0,-0.88
817,66,1.0,,4.0,1354.0,1156.0,1309.0,31.43
817,67,1.0,,4.0,884.0,602.0,783.0,18.8
817,68,1.0,,4.0,162.0,107.0,134.0,3.21
817,69,1.0,,5.0,60.0,0.0,40.0,0.96
817,70,1.0,,5.0,54.0,8.0,45.0,1.07
817,71,2.0,,1.0,-43.0,0.0,-1.0,-0.02
817,72,2.0,,4.0,141.0,83.0,122.0,2.93
817,73,2.0,,4.0,-591.0,-413.0,491.0,11.79
817,74,3.0,,4.0,-977.0,-882.0,-974.0,-23.36
817,75,3.0,,4.0,-1441.0,-809.0,-1091.0,-26.19
817,76,3.0,,5.0,46.0,0.0,-38.0,-0.92
818,66,1.0,,4.0,1333.0,1148.0,1282.0,30.76
818,67,1.0,,4.0,859.0,545.0,664.0,15.94
818,68,1.0,,4.0,174.0,72.0,118.0,2.82
818,69,1.0,,5.0,44.0,36.0,41.0,0.98
818,70,1.0,,5.0,39.0,1.0,46.0,1.11
818,71,2.0,,1.0,-53.0,0.0,-3.0,-0.07
818,72,2.0,,4.0,134.0,103.0,126.0,3.02
818,73,2.0,,4.0,614.0,501.0,565.0,13.55
818,74,3.0,,4.0,-992.0,-882.0,-986.0,-23.65
818,75,3.0,,4.0,-1446.0,-855.0,-1178.0,-28.27
818,76,3.0,,5.0,-48.0,0.0,-38.0,-0.92
819,66,1.0,,4.0,1245.0,1179.0,1245.0,31.56
819,67,1.0,,4.0,872.0,404.0,650.0,15.59
819,68,1.0,,4.0,159.0,69.0,111.0,2.66
819,69,1.0,,5.0,56.0,27.0,39.0,0.93
819,70,1.0,,5.0,39.0,18.0,35.0,0.84
819,71,2.0,,1.0,0.0,0.0,0.0,0.74
819,72,2.0,,4.0,131.0,111.0,127.0,3.06
819,73,2.0,,4.0,640.0,530.0,581.0,13.95
819,74,3.0,,4.0,-989.0,-987.0,-987.0,-23.7
819,75,3.0,,4.0,-1559.0,0.0,-1186.0,-28.47
819,76,3.0,,5.0,-47.0,0.0,-39.0,-0.94
820,66,1.0,,4.0,1419.0,0.0,1172.0,28.13
820,67,1.0,,4.0,837.0,417.0,652.0,15.65
820,68,1.0,,4.0,174.0,37.0,116.0,2.78
820,69,1.0,,5.0,55.0,0.0,39.0,0.93
820,70,1.0,,5.0,39.0,0.0,38.0,0.92
820,71,2.0,,1.0,67.0,0.0,22.0,0.54
820,72,2.0,,4.0,130.0,92.0,126.0,3.03
820,73,2.0,,4.0,636.0,392.0,568.0,13.62
820,74,3.0,,4.0,-987.0,-956.0,-969.0,-23.25
820,75,3.0,,4.0,-1463.0,-1039.0,-1283.0,-30.8
820,76,3.0,,5.0,-52.0,0.0,-43.0,-1.04
821,66,1.0,,4.0,1357.0,1124.0,1293.0,31.04
821,67,1.0,,4.0,863.0,686.0,798.0,19.15
821,68,1.0,,4.0,175.0,116.0,144.0,3.46
821,69,1.0,,5.0,48.0,0.0,43.0,1.02
821,70,1.0,,5.0,39.0,0.0,44.0,1.05
821,71,2.0,,1.0,57.0,0.0,9.0,0.21
821,72,2.0,,4.0,138.0,1.0,114.0,2.73
821,73,2.0,,4.0,662.0,468.0,556.0,13.35
821,74,3.0,,4.0,-978.0,-945.0,-958.0,-22.99
821,75,3.0,,4.0,-1465.0,-1238.0,-1370.0,-32.89
821,76,3.0,,5.0,-50.0,0.0,-39.0,-0.94
822,66,1.0,,4.0,1370.0,986.0,1314.0,31.52
822,67,1.0,,4.0,872.0,601.0,716.0,17.19
822,68,1.0,,4.0,181.0,31.0,134.0,3.21
822,69,1.0,,5.0,50.0,25.0,38.0,0.91
822,70,1.0,,5.0,41.0,34.0,45.0,1.07
822,71,2.0,,1.0,-57.0,0.0,-2.0,-0.04
822,72,2.0,,4.0,129.0,42.0,119.0,2.85
822,73,2.0,,4.0,603.0,420.0,491.0,11.78
822,74,3.0,,4.0,-948.0,-945.0,-946.0,-22.72
822,75,3.0,,4.0,-1466.0,-1079.0,-1327.0,-31.86
822,76,3.0,,5.0,-51.0,0.0,-40.0,-0.96
823,66,1.0,,4.0,1328.0,652.0,990.0,23.76
823,67,1.0,,4.0,823.0,518.0,676.0,16.23
823,68,1.0,,4.0,176.0,70.0,129.0,3.09
823,69,1.0,,5.0,52.0,11.0,25.0,0.6
823,70,1.0,,5.0,61.0,0.0,34.0,0.82
823,71,2.0,,1.0,-32.0,0.0,-9.0,-0.21
823,72,2.0,,4.0,130.0,106.0,127.0,3.04
823,73,2.0,,4.0,614.0,400.0,535.0,12.83
823,74,3.0,,4.0,-952.0,-946.0,-948.0,-22.75
823,75,3.0,,4.0,-1419.0,-461.0,-1068.0,-25.64
823,76,3.0,,5.0,-60.0,0.0,-37.0,-0.88
824,66,1.0,,4.0,1411.0,1174.0,1307.0,31.37
824,67,1.0,,4.0,872.0,811.0,829.0,19.9
824,68,1.0,,4.0,153.0,90.0,123.0,2.94
824,69,1.0,,5.0,30.0,14.0,24.0,0.57
824,70,1.0,,5.0,39.0,39.0,39.0,0.94
824,71,2.0,,1.0,0.0,0.0,0.0,0.0
824,72,2.0,,4.0,138.0,80.0,133.0,3.19
824,73,2.0,,4.0,660.0,441.0,572.0,13.72
824,74,3.0,,4.0,-953.0,-948.0,-949.0,-22.77
824,75,3.0,,4.0,-1289.0,-850.0,-1058.0,-25.39
824,76,3.0,,5.0,-48.0,0.0,-38.0,-0.9
825,66,1.0,,4.0,1390.0,1116.0,1342.0,32.21
825,67,1.0,,4.0,898.0,816.0,856.0,20.55
825,68,1.0,,4.0,132.0,68.0,96.0,2.3
825,69,1.0,,5.0,-24.0,-16.0,-21.0,-0.5
825,70,1.0,,5.0,-40.0,-26.0,-37.0,-0.88
825,71,2.0,,1.0,54.0,0.0,6.0,0.15
825,72,2.0,,4.0,142.0,39.0,115.0,2.75
825,73,2.0,,4.0,650.0,250.0,556.0,13.35
825,74,3.0,,4.0,-953.0,-948.0,-949.0,-22.77
825,75,3.0,,4.0,-1252.0,-508.0,-1103.0,-26.48
825,76,3.0,,5.0,-46.0,0.0,-38.0,-0.92
826,66,1.0,,4.0,1353.0,524.0,1151.0,27.63
826,67,1.0,,4.0,878.0,532.0,694.0,16.65
826,68,1.0,,4.0,127.0,60.0,89.0,2.15
826,69,1.0,,5.0,24.0,6.0,17.0,0.4
826,70,1.0,,5.0,50.0,19.0,37.0,0.89
826,71,2.0,,1.0,-63.0,0.0,-5.0,-0.11
826,72,2.0,,4.0,128.0,83.0,123.0,2.96
826,73,2.0,,4.0,560.0,384.0,533.0,12.78
826,74,3.0,,4.0,-954.0,-948.0,-950.0,-22.8
826,75,3.0,,4.0,-1417.0,-577.0,-1163.0,-27.91
826,76,3.0,,5.0,-46.0,0.0,-35.0,-0.84
827,66,1.0,,4.0,1315.0,1101.0,1209.0,29.02
827,67,1.0,,4.0,707.0,456.0,552.0,13.24
827,68,1.0,,4.0,108.0,34.0,72.0,1.72
827,69,1.0,,5.0,24.0,8.0,17.0,0.4
827,70,1.0,,5.0,50.0,27.0,39.0,0.94
827,71,2.0,,1.0,-44.0,0.0,-8.0,-0.18
827,72,2.0,,4.0,136.0,116.0,124.0,2.98
827,73,2.0,,4.0,568.0,379.0,482.0,11.56
827,74,3.0,,4.0,-957.0,-935.0,-946.0,-22.71
827,75,3.0,,4.0,-1205.0,-818.0,-1002.0,-24.04
827,76,3.0,,5.0,-38.0,0.0,-31.0,-0.74
828,66,1.0,,4.0,1321.0,1035.0,1207.0,28.97
828,67,1.0,,4.0,663.0,453.0,581.0,13.94
828,68,1.0,,4.0,90.0,-33.0,58.0,1.4
828,69,1.0,,5.0,25.0,8.0,12.0,0.28
828,70,1.0,,5.0,49.0,0.0,36.0,0.86
828,71,2.0,,1.0,-63.0,0.0,-2.0,-0.04
828,72,2.0,,4.0,143.0,58.0,122.0,2.92
828,73,2.0,,4.0,627.0,306.0,479.0,11.5
828,74,3.0,,4.0,-968.0,-939.0,-953.0,-22.88
828,75,3.0,,4.0,-1063.0,-850.0,-927.0,-22.24
828,76,3.0,,5.0,-38.0,0.0,-30.0,-0.72
829,66,1.0,,4.0,1380.0,1135.0,1213.0,29.12
829,67,1.0,,4.0,817.0,470.0,560.0,13.44
829,68,1.0,,4.0,-279.0,96.0,60.0,1.44
829,69,1.0,,5.0,21.0,7.0,10.0,0.23
829,70,1.0,,5.0,47.0,20.0,41.0,0.98
829,71,2.0,,1.0,-18.0,0.0,-3.0,-0.08
829,72,2.0,,4.0,129.0,79.0,129.0,3.12
829,73,2.0,,4.0,514.0,108.0,250.0,6.0
829,74,3.0,,4.0,-970.0,-921.0,-926.0,-22.23
829,75,3.0,,4.0,-1060.0,-812.0,-904.0,-21.7
829,76,3.0,,5.0,-36.0,0.0,-29.0,-0.7
30,66,1.0,,4.0,95.0,-41.0,29.0,0.7
30,67,1.0,,4.0,338.0,173.0,253.0,6.08
30,68,1.0,,4.0,-247.0,-147.0,-200.0,-4.8
30,69,1.0,,5.0,-20.0,-6.0,-13.0,-0.3
30,70,1.0,,5.0,46.0,2.0,16.0,0.38
30,71,2.0,,1.0,-69.0,0.0,-58.0,-1.4
30,72,2.0,,4.0,-102.0,-49.0,-73.0,-1.75
30,73,2.0,,4.0,-445.0,-320.0,-388.0,-9.3
30,74,3.0,,4.0,-938.0,-499.0,-611.0,-14.67
30,75,3.0,,4.0,-464.0,0.0,-191.0,-4.59
30,76,3.0,,5.0,-153.0,0.0,-129.0,-3.1
247,66,1.0,,4.0,-178.0,10.0,-81.0,-1.94
247,67,1.0,,4.0,294.0,60.0,143.0,3.42
247,68,1.0,,4.0,-287.0,-150.0,-251.0,-6.03
247,69,1.0,,5.0,-35.0,-16.0,-25.0,-0.6
247,70,1.0,,5.0,16.0,-4.0,5.0,0.11
247,71,2.0,,1.0,0.0,0.0,0.0,0.13
247,72,2.0,,4.0,0.0,0.0,0.0,0.0
247,73,2.0,,4.0,128.0,-36.0,8.0,0.2
247,74,3.0,,4.0,-458.0,-220.0,-443.0,-10.64
247,75,3.0,,4.0,-763.0,-498.0,-713.0,-17.11
247,76,3.0,,5.0,133.0,0.0,-110.0,-2.64
703,66,1.0,,4.0,176.0,-41.0,68.0,1.64
703,67,1.0,,4.0,-301.0,64.0,-123.0,-2.95
703,68,1.0,,4.0,-225.0,-91.0,-166.0,-3.98
703,69,1.0,,5.0,-20.0,-11.0,-16.0,-0.39
703,70,1.0,,5.0,13.0,0.0,8.0,0.2
703,71,2.0,,1.0,0.0,0.0,0.0,-0.96
703,72,2.0,,4.0,-220.0,-48.0,-168.0,-4.03
703,73,2.0,,4.0,-534.0,-12.0,-308.0,-7.4
703,74,3.0,,4.0,-941.0,-886.0,-932.0,-22.36
703,75,3.0,,4.0,-1219.0,-804.0,-892.0,-21.41
703,76,3.0,,5.0,-62.0,0.0,-51.0,-1.22
