DateID,RegionID,GenerationSourceID,GenerationAmount
1,4,8,27.0
1,4,10,3.55
1,4,1,654.0
1,4,2,0.0
1,4,9,0.0
1,4,6,0.0
1,4,14,4.0
1,5,8,7.0
1,5,10,0.25
1,5,1,11.0
1,5,2,0.0
1,5,9,0.0
1,5,6,31.0
1,5,14,0.0
1,1,8,116.0
1,1,11,15.0
1,1,10,135.9
1,1,1,553.0
1,1,2,27.0
1,1,9,31.0
1,1,6,5.0
1,1,14,175.0
1,3,8,61.0
1,3,11,40.0
1,3,10,127.37
1,3,1,659.0
1,3,2,70.0
1,3,9,74.0
1,3,6,5.0
1,3,14,195.0
1,6,8,232.0
1,6,11,145.0
1,6,10,333.0
1,6,1,3216.0
1,6,2,118.0
1,6,9,139.0
1,6,6,56.0
1,6,14,532.0
1,2,8,20.0
1,2,11,90.0
1,2,10,65.6
1,2,1,1339.0
1,2,2,21.0
1,2,9,34.0
1,2,6,15.0
1,2,14,157.0
2,4,8,29.0
2,4,10,3.31
2,4,1,643.0
2,4,2,0.0
2,4,9,0.0
2,4,6,0.0
2,4,14,4.0
2,5,8,11.0
2,5,10,0.71
2,5,1,11.0
2,5,2,0.0
2,5,9,0.0
2,5,6,31.0
2,5,14,1.0
2,1,8,119.0
2,1,11,35.0
2,1,10,139.92
2,1,1,543.0
2,1,2,26.0
2,1,9,30.0
2,1,6,7.0
2,1,14,200.0
2,3,8,58.0
2,3,11,47.0
2,3,10,128.45
2,3,1,621.0
2,3,2,68.0
2,3,9,71.0
2,3,6,5.0
2,3,14,201.0
2,6,8,235.0
2,6,11,162.0
2,6,10,340.0
2,6,1,3131.0
2,6,2,115.0
2,6,9,135.0
2,6,6,55.0
2,6,14,554.0
2,2,8,19.0
2,2,11,80.0
2,2,10,67.75
2,2,1,1312.0
2,2,2,21.0
2,2,9,34.0
2,2,6,12.0
2,2,14,148.0
3,4,8,35.0
3,4,10,2.03
3,4,1,680.0
3,4,2,0.0
3,4,9,0.0
3,4,6,0.0
3,4,14,3.0
3,5,8,11.0
3,5,10,0.63
3,5,1,13.0
3,5,2,0.0
3,5,9,0.0
3,5,6,31.0
3,5,14,1.0
3,1,8,121.0
3,1,11,49.0
3,1,10,133.83
3,1,1,566.0
3,1,2,25.0
3,1,9,30.0
3,1,6,7.0
3,1,14,207.0
3,3,8,74.0
3,3,11,32.0
3,3,10,127.44
3,3,1,654.0
3,3,2,72.0
3,3,9,70.0
3,3,6,6.0
3,3,14,188.0
3,6,8,276.0
3,6,11,189.0
3,6,10,331.0
3,6,1,3293.0
3,6,2,118.0
3,6,9,134.0
3,6,6,59.0
3,6,14,575.0
3,2,8,35.0
3,2,11,108.0
3,2,10,67.34
3,2,1,1379.0
3,2,2,21.0
3,2,9,34.0
3,2,6,15.0
3,2,14,177.0
4,4,8,41.0
4,4,10,2.57
4,4,1,706.0
4,4,2,0.0
4,4,9,0.0
4,4,6,0.0
4,4,14,3.0
4,5,8,11.0
4,5,10,0.6
4,5,1,16.0
4,5,2,0.0
4,5,9,0.0
4,5,6,31.0
4,5,14,1.0
4,1,8,126.0
4,1,11,13.0
4,1,10,140.4
4,1,1,609.0
4,1,2,24.0
4,1,9,30.0
4,1,6,8.0
4,1,14,173.0
4,3,8,70.0
4,3,11,29.0
4,3,10,117.53
4,3,1,698.0
4,3,2,71.0
4,3,9,70.0
4,3,6,7.0
4,3,14,174.0
4,6,8,291.0
4,6,11,132.0
4,6,10,326.0
4,6,1,3437.0
4,6,2,117.0
4,6,9,134.0
4,6,6,62.0
4,6,14,507.0
4,2,8,43.0
4,2,11,90.0
4,2,10,64.86
4,2,1,1410.0
4,2,2,22.0
4,2,9,34.0
4,2,6,16.0
4,2,14,156.0
5,4,8,43.0
5,4,10,6.03
5,4,1,715.0
5,4,2,0.0
5,4,9,0.0
5,4,6,0.0
5,4,14,6.0
5,5,8,15.0
5,5,10,0.93
5,5,1,15.0
5,5,2,0.0
5,5,9,0.0
5,5,6,31.0
5,5,14,1.0
5,1,8,122.0
5,1,11,17.0
5,1,10,141.68
5,1,1,627.0
5,1,2,22.0
5,1,9,30.0
5,1,6,8.0
5,1,14,179.0
5,3,8,73.0
5,3,11,28.0
5,3,10,126.2
5,3,1,712.0
5,3,2,69.0
5,3,9,70.0
5,3,6,7.0
5,3,14,180.0
5,6,8,321.0
5,6,11,178.0
5,6,10,334.0
5,6,1,3388.0
5,6,2,113.0
5,6,9,134.0
5,6,6,60.0
5,6,14,559.0
5,2,8,69.0
5,2,11,132.0
5,2,10,58.85
5,2,1,1319.0
5,2,2,22.0
5,2,9,34.0
5,2,6,15.0
5,2,14,192.0
6,4,8,38.0
6,4,10,5.31
6,4,1,732.0
6,4,2,0.0
6,4,9,0.0
6,4,6,0.0
6,4,14,6.0
6,5,8,10.0
6,5,10,1.2
6,5,1,17.0
6,5,2,0.0
6,5,9,0.0
6,5,6,31.0
6,5,14,1.0
6,1,8,119.0
6,1,11,41.0
6,1,10,138.56
6,1,1,643.0
6,1,2,23.0
6,1,9,30.0
6,1,6,7.0
6,1,14,200.0
6,3,8,80.0
6,3,11,32.0
6,3,10,120.88
6,3,1,711.0
6,3,2,68.0
6,3,9,70.0
6,3,6,7.0
6,3,14,178.0
6,6,8,314.0
6,6,11,184.0
6,6,10,326.0
6,6,1,3436.0
6,6,2,112.0
6,6,9,134.0
6,6,6,58.0
6,6,14,558.0
6,2,8,67.0
6,2,11,111.0
6,2,10,59.81
6,2,1,1334.0
6,2,2,22.0
6,2,9,33.0
6,2,6,13.0
6,2,14,172.0
7,4,8,40.0
7,4,10,6.07
7,4,1,733.0
7,4,2,0.0
7,4,9,0.0
7,4,6,0.0
7,4,14,7.0
7,5,8,11.0
7,5,10,1.2
7,5,1,17.0
7,5,2,0.0
7,5,9,0.0
7,5,6,31.0
7,5,14,1.0
7,1,8,116.0
7,1,11,44.0
7,1,10,142.49
7,1,1,674.0
7,1,2,22.0
7,1,9,30.0
7,1,6,7.0
7,1,14,207.0
7,3,8,72.0
7,3,11,33.0
7,3,10,113.54
7,3,1,698.0
7,3,2,64.0
7,3,9,69.0
7,3,6,7.0
7,3,14,173.0
7,6,8,287.0
7,6,11,183.0
7,6,10,315.0
7,6,1,3506.0
7,6,2,107.0
7,6,9,133.0
7,6,6,58.0
7,6,14,548.0
7,2,8,49.0
7,2,11,106.0
7,2,10,51.98
7,2,1,1384.0
7,2,2,21.0
7,2,9,33.0
7,2,6,14.0
7,2,14,160.0
8,4,8,41.0
8,4,10,6.07
8,4,1,704.0
8,4,2,0.0
8,4,9,0.0
8,4,6,0.0
8,4,14,7.0
8,5,8,10.0
8,5,10,1.23
8,5,1,17.0
8,5,2,0.0
8,5,9,0.0
8,5,6,29.0
8,5,14,1.0
8,1,8,113.0
8,1,11,30.0
8,1,10,138.98
8,1,1,685.0
8,1,2,25.0
8,1,9,30.0
8,1,6,7.0
8,1,14,189.0
8,3,8,70.0
8,3,11,49.0
8,3,10,121.59
8,3,1,667.0
8,3,2,65.0
8,3,9,63.0
8,3,6,6.0
8,3,14,201.0
8,6,8,266.0
8,6,11,143.0
8,6,10,323.0
8,6,1,3530.0
8,6,2,110.0
8,6,9,127.0
8,6,6,59.0
8,6,14,519.0
8,2,8,31.0
8,2,11,63.0
8,2,10,55.28
8,2,1,1457.0
8,2,2,20.0
8,2,9,34.0
8,2,6,17.0
8,2,14,120.0
9,4,8,39.0
9,4,10,3.22
9,4,1,687.0
9,4,2,0.0
9,4,9,0.0
9,4,6,0.0
9,4,14,4.0
9,5,8,9.0
9,5,10,1.12
9,5,1,15.0
9,5,2,0.0
9,5,9,0.0
9,5,6,30.0
9,5,14,1.0
9,1,8,117.0
9,1,11,20.0
9,1,10,141.36
9,1,1,658.0
9,1,2,27.0
9,1,9,30.0
9,1,6,7.0
9,1,14,181.0
9,3,8,65.0
9,3,11,47.0
9,3,10,123.26
9,3,1,644.0
9,3,2,62.0
9,3,9,70.0
9,3,6,6.0
9,3,14,198.0
9,6,8,259.0
9,6,11,121.0
9,6,10,332.0
9,6,1,3458.0
9,6,2,108.0
9,6,9,134.0
9,6,6,54.0
9,6,14,503.0
9,2,8,28.0
9,2,11,55.0
9,2,10,62.94
9,2,1,1454.0
9,2,2,18.0
9,2,9,34.0
9,2,6,11.0
9,2,14,119.0
10,4,8,40.0
10,4,10,3.21
10,4,1,739.0
10,4,2,0.0
10,4,9,0.0
10,4,6,0.0
10,4,14,4.0
10,5,8,9.0
10,5,10,1.24
10,5,1,16.0
10,5,2,0.0
10,5,9,0.0
10,5,6,30.0
10,5,14,1.0
10,1,8,119.0
10,1,11,22.0
10,1,10,127.23
10,1,1,704.0
10,1,2,26.0
10,1,9,30.0
10,1,6,7.0
10,1,14,170.0
10,3,8,71.0
10,3,11,55.0
10,3,10,132.54
10,3,1,681.0
10,3,2,65.0
10,3,9,70.0
10,3,6,6.0
10,3,14,218.0
10,6,8,279.0
10,6,11,125.0
10,6,10,329.0
10,6,1,3646.0
10,6,2,108.0
10,6,9,135.0
10,6,6,61.0
10,6,14,507.0
10,2,8,40.0
10,2,11,49.0
10,2,10,64.71
10,2,1,1506.0
10,2,2,17.0
10,2,9,35.0
10,2,6,17.0
10,2,14,115.0
11,4,8,39.0
11,4,10,2.9
11,4,1,760.0
11,4,2,0.0
11,4,9,0.0
11,4,6,0.0
11,4,14,3.0
11,5,8,8.0
11,5,10,1.2
11,5,1,16.0
11,5,2,0.0
11,5,9,0.0
11,5,6,30.0
11,5,14,1.0
11,1,8,125.0
11,1,11,17.0
11,1,10,100.13
11,1,1,752.0
11,1,2,25.0
11,1,9,30.0
11,1,6,9.0
11,1,14,136.0
11,3,8,80.0
11,3,11,41.0
11,3,10,133.58
11,3,1,717.0
11,3,2,64.0
11,3,9,70.0
11,3,6,6.0
11,3,14,207.0
11,6,8,316.0
11,6,11,115.0
11,6,10,302.0
11,6,1,3755.0
11,6,2,107.0
11,6,9,135.0
11,6,6,64.0
11,6,14,470.0
11,2,8,65.0
11,2,11,57.0
11,2,10,64.47
11,2,1,1509.0
11,2,2,17.0
11,2,9,35.0
11,2,6,18.0
11,2,14,123.0
12,4,8,35.0
12,4,10,2.87
12,4,1,756.0
12,4,2,0.0
12,4,9,0.0
12,4,6,0.0
12,4,14,3.0
12,5,8,9.0
12,5,10,1.12
12,5,1,16.0
12,5,2,0.0
12,5,9,0.0
12,5,6,32.0
12,5,14,1.0
12,1,8,124.0
12,1,11,16.0
12,1,10,140.77
12,1,1,785.0
12,1,2,24.0
12,1,9,30.0
12,1,6,11.0
12,1,14,177.0
12,3,8,83.0
12,3,11,37.0
12,3,10,131.74
12,3,1,727.0
12,3,2,64.0
12,3,9,69.0
12,3,6,6.0
12,3,14,201.0
12,6,8,300.0
12,6,11,122.0
12,6,10,343.0
12,6,1,3823.0
12,6,2,104.0
12,6,9,135.0
12,6,6,68.0
12,6,14,520.0
12,2,8,49.0
12,2,11,69.0
12,2,10,66.85
12,2,1,1539.0
12,2,2,16.0
12,2,9,35.0
12,2,6,19.0
12,2,14,138.0
13,4,8,41.0
13,4,10,5.37
13,4,1,744.0
13,4,2,0.0
13,4,9,0.0
13,4,6,0.0
13,4,14,6.0
13,5,8,9.0
13,5,10,1.06
13,5,1,17.0
13,5,2,0.0
13,5,9,0.0
13,5,6,31.0
13,5,14,1.0
13,1,8,134.0
13,1,11,9.0
13,1,10,139.53
13,1,1,774.0
13,1,2,22.0
13,1,9,30.0
13,1,6,10.0
13,1,14,169.0
13,3,8,91.0
13,3,11,28.0
13,3,10,126.43
13,3,1,750.0
13,3,2,64.0
13,3,9,69.0
13,3,6,6.0
13,3,14,185.0
13,6,8,320.0
13,6,11,120.0
13,6,10,330.0
13,6,1,3849.0
13,6,2,101.0
13,6,9,135.0
13,6,6,68.0
13,6,14,503.0
13,2,8,45.0
13,2,11,83.0
13,2,10,57.19
13,2,1,1565.0
13,2,2,16.0
13,2,9,35.0
13,2,6,20.0
13,2,14,142.0
14,4,8,47.0
14,4,10,5.22
14,4,1,723.0
14,4,2,0.0
14,4,9,0.0
14,4,6,0.0
14,4,14,6.0
14,5,8,8.0
14,5,10,1.06
14,5,1,17.0
14,5,2,0.0
14,5,9,0.0
14,5,6,31.0
14,5,14,1.0
14,1,8,144.0
14,1,11,14.0
14,1,10,136.85
14,1,1,799.0
14,1,2,15.0
14,1,9,30.0
14,1,6,9.0
14,1,14,170.0
14,3,8,76.0
14,3,11,32.0
14,3,10,118.18
14,3,1,758.0
14,3,2,64.0
14,3,9,70.0
14,3,6,6.0
14,3,14,182.0
14,6,8,309.0
14,6,11,149.0
14,6,10,325.0
14,6,1,3856.0
14,6,2,95.0
14,6,9,135.0
14,6,6,56.0
14,6,14,527.0
14,2,8,34.0
14,2,11,103.0
14,2,10,63.33
14,2,1,1558.0
14,2,2,16.0
14,2,9,35.0
14,2,6,9.0
14,2,14,168.0
15,4,8,51.0
15,4,10,5.84
15,4,1,716.0
15,4,2,0.0
15,4,9,0.0
15,4,6,0.0
15,4,14,7.0
15,5,8,8.0
15,5,10,1.02
15,5,1,17.0
15,5,2,0.0
15,5,9,0.0
15,5,6,29.0
15,5,14,1.0
15,1,8,160.0
15,1,11,24.0
15,1,10,130.6
15,1,1,809.0
15,1,2,13.0
15,1,9,30.0
15,1,6,9.0
15,1,14,179.0
15,3,8,79.0
15,3,11,43.0
15,3,10,117.82
15,3,1,711.0
15,3,2,65.0
15,3,9,70.0
15,3,6,6.0
15,3,14,191.0
15,6,8,327.0
15,6,11,153.0
15,6,10,317.0
15,6,1,3814.0
15,6,2,93.0
15,6,9,135.0
15,6,6,52.0
15,6,14,526.0
15,2,8,33.0
15,2,11,85.0
15,2,10,61.48
15,2,1,1560.0
15,2,2,15.0
15,2,9,35.0
15,2,6,7.0
15,2,14,148.0
16,4,8,44.0
16,4,10,5.14
16,4,1,701.0
16,4,2,0.0
16,4,9,0.0
16,4,6,0.0
16,4,14,6.0
16,5,8,9.0
16,5,10,0.93
16,5,1,16.0
16,5,2,0.0
16,5,9,0.0
16,5,6,31.0
16,5,14,1.0
16,1,8,155.0
16,1,11,20.0
16,1,10,137.53
16,1,1,806.0
16,1,2,12.0
16,1,9,30.0
16,1,6,16.0
16,1,14,177.0
16,3,8,77.0
16,3,11,28.0
16,3,10,131.03
16,3,1,706.0
16,3,2,65.0
16,3,9,70.0
16,3,6,6.0
16,3,14,159.0
16,6,8,317.0
16,6,11,127.0
16,6,10,343.0
16,6,1,3745.0
16,6,2,92.0
16,6,9,135.0
16,6,6,58.0
16,6,14,492.0
16,2,8,31.0
16,2,11,80.0
16,2,10,68.08
16,2,1,1517.0
16,2,2,16.0
16,2,9,35.0
16,2,6,4.0
16,2,14,150.0
17,4,8,44.0
17,4,10,3.34
17,4,1,717.0
17,4,2,0.0
17,4,9,0.0
17,4,6,0.0
17,4,14,4.0
17,5,8,9.0
17,5,10,1.02
17,5,1,17.0
17,5,2,0.0
17,5,9,0.0
17,5,6,31.0
17,5,14,1.0
17,1,8,160.0
17,1,11,27.0
17,1,10,139.44
17,1,1,836.0
17,1,2,16.0
17,1,9,30.0
17,1,6,34.0
17,1,14,186.0
17,3,8,89.0
17,3,11,40.0
17,3,10,129.62
17,3,1,744.0
17,3,2,65.0
17,3,9,70.0
17,3,6,6.0
17,3,14,201.0
17,6,8,350.0
17,6,11,143.0
17,6,10,341.0
17,6,1,3886.0
17,6,2,96.0
17,6,9,135.0
17,6,6,111.0
17,6,14,537.0
17,2,8,47.0
17,2,11,76.0
17,2,10,67.58
17,2,1,1572.0
17,2,2,15.0
17,2,9,35.0
17,2,6,39.0
17,2,14,145.0
18,4,8,46.0
18,4,10,2.66
18,4,1,720.0
18,4,2,0.0
18,4,9,0.0
18,4,6,0.0
18,4,14,3.0
18,5,8,11.0
18,5,10,0.93
18,5,1,17.0
18,5,2,0.0
18,5,9,0.0
18,5,6,31.0
18,5,14,1.0
18,1,8,162.0
18,1,11,33.0
18,1,10,135.77
18,1,1,855.0
18,1,2,22.0
18,1,9,30.0
18,1,6,41.0
18,1,14,188.0
18,3,8,92.0
18,3,11,31.0
18,3,10,127.66
18,3,1,773.0
18,3,2,66.0
18,3,9,69.0
18,3,6,6.0
18,3,14,191.0
18,6,8,358.0
18,6,11,137.0
18,6,10,333.0
18,6,1,3988.0
18,6,2,102.0
18,6,9,134.0
18,6,6,132.0
18,6,14,524.0
18,2,8,47.0
18,2,11,73.0
18,2,10,65.96
18,2,1,1624.0
18,2,2,15.0
18,2,9,35.0
18,2,6,53.0
18,2,14,141.0
19,4,8,48.0
19,4,10,2.65
19,4,1,715.0
19,4,2,0.0
19,4,9,0.0
19,4,6,0.0
19,4,14,3.0
19,5,8,9.0
19,5,10,0.98
19,5,1,17.0
19,5,2,0.0
19,5,9,0.0
19,5,6,30.0
19,5,14,1.0
19,1,8,188.0
19,1,11,15.0
19,1,10,122.53
19,1,1,821.0
19,1,2,25.0
19,1,9,30.0
19,1,6,42.0
19,1,14,156.0
19,3,8,78.0
19,3,11,33.0
19,3,10,125.23
19,3,1,770.0
19,3,2,67.0
19,3,9,69.0
19,3,6,6.0
19,3,14,192.0
19,6,8,369.0
19,6,11,165.0
19,6,10,317.0
19,6,1,3906.0
19,6,2,107.0
19,6,9,134.0
19,6,6,129.0
19,6,14,536.0
19,2,8,46.0
19,2,11,117.0
19,2,10,65.53
19,2,1,1583.0
19,2,2,15.0
19,2,9,35.0
19,2,6,50.0
19,2,14,184.0
20,4,8,54.0
20,4,10,2.66
20,4,1,688.0
20,4,2,0.0
20,4,9,0.0
20,4,6,0.0
20,4,14,3.0
20,5,8,14.0
20,5,10,1.08
20,5,1,16.0
20,5,2,0.0
20,5,9,0.0
20,5,6,31.0
20,5,14,1.0
20,1,8,219.0
20,1,11,21.0
20,1,10,132.92
20,1,1,817.0
20,1,2,25.0
20,1,9,30.0
20,1,6,22.0
20,1,14,174.0
20,3,8,76.0
20,3,11,61.0
20,3,10,121.84
20,3,1,771.0
20,3,2,61.0
20,3,9,51.0
20,3,6,6.0
20,3,14,216.0
20,6,8,401.0
20,6,11,199.0
20,6,10,322.0
20,6,1,3872.0
20,6,2,102.0
20,6,9,116.0
20,6,6,71.0
20,6,14,576.0
20,2,8,39.0
20,2,11,117.0
20,2,10,63.88
20,2,1,1579.0
20,2,2,17.0
20,2,9,34.0
20,2,6,11.0
20,2,14,182.0
21,4,8,47.0
21,4,10,4.78
21,4,1,658.0
21,4,2,0.0
21,4,9,0.0
21,4,6,0.0
21,4,14,5.0
21,5,8,13.0
21,5,10,0.83
21,5,1,15.0
21,5,2,0.0
21,5,9,0.0
21,5,6,29.0
21,5,14,1.0
21,1,8,218.0
21,1,11,11.0
21,1,10,146.71
21,1,1,764.0
21,1,2,25.0
21,1,9,30.0
21,1,6,17.0
21,1,14,177.0
21,3,8,65.0
21,3,11,62.0
21,3,10,117.48
21,3,1,751.0
21,3,2,60.0
21,3,9,45.0
21,3,6,6.0
21,3,14,211.0
21,6,8,374.0
21,6,11,175.0
21,6,10,337.0
21,6,1,3740.0
21,6,2,102.0
21,6,9,110.0
21,6,6,73.0
21,6,14,565.0
21,2,8,32.0
21,2,11,102.0
21,2,10,67.03
21,2,1,1553.0
21,2,2,18.0
21,2,9,35.0
21,2,6,20.0
21,2,14,170.0
22,4,8,42.0
22,4,10,2.53
22,4,1,641.0
22,4,2,0.0
22,4,9,0.0
22,4,6,0.0
22,4,14,3.0
22,5,8,13.0
22,5,10,1.14
22,5,1,13.0
22,5,2,0.0
22,5,9,0.0
22,5,6,30.0
22,5,14,1.0
22,1,8,193.0
22,1,11,16.0
22,1,10,143.89
22,1,1,750.0
22,1,2,24.0
22,1,9,30.0
22,1,6,18.0
22,1,14,178.0
22,3,8,52.0
22,3,11,41.0
22,3,10,109.85
22,3,1,722.0
22,3,2,60.0
22,3,9,45.0
22,3,6,6.0
22,3,14,180.0
22,6,8,326.0
22,6,11,165.0
22,6,10,322.0
22,6,1,3636.0
22,6,2,99.0
22,6,9,110.0
22,6,6,69.0
22,6,14,537.0
22,2,8,25.0
22,2,11,108.0
22,2,10,64.73
22,2,1,1509.0
22,2,2,15.0
22,2,9,35.0
22,2,6,15.0
22,2,14,174.0
23,4,8,43.0
23,4,10,5.15
23,4,1,601.0
23,4,2,0.0
23,4,9,0.0
23,4,6,0.0
23,4,14,6.0
23,5,8,10.0
23,5,10,0.52
23,5,1,11.0
23,5,2,0.0
23,5,9,0.0
23,5,6,30.0
23,5,14,1.0
23,1,8,173.0
23,1,11,26.0
23,1,10,142.63
23,1,1,676.0
23,1,2,21.0
23,1,9,30.0
23,1,6,18.0
23,1,14,188.0
23,3,8,53.0
23,3,11,38.0
23,3,10,127.91
23,3,1,658.0
23,3,2,40.0
23,3,9,45.0
23,3,6,6.0
23,3,14,191.0
23,6,8,297.0
23,6,11,159.0
23,6,10,340.0
23,6,1,3324.0
23,6,2,77.0
23,6,9,111.0
23,6,6,68.0
23,6,14,545.0
23,2,8,19.0
23,2,11,95.0
23,2,10,63.33
23,2,1,1378.0
23,2,2,16.0
23,2,9,36.0
23,2,6,15.0
23,2,14,159.0
24,4,8,40.0
24,4,10,5.53
24,4,1,642.0
24,4,2,0.0
24,4,9,0.0
24,4,6,0.0
24,4,14,6.0
24,5,8,10.0
24,5,10,1.38
24,5,1,13.0
24,5,2,0.0
24,5,9,0.0
24,5,6,30.0
24,5,14,1.0
24,1,8,163.0
24,1,11,18.0
24,1,10,141.76
24,1,1,715.0
24,1,2,23.0
24,1,9,30.0
24,1,6,18.0
24,1,14,179.0
24,3,8,70.0
24,3,11,32.0
24,3,10,126.17
24,3,1,682.0
24,3,2,52.0
24,3,9,45.0
24,3,6,6.0
24,3,14,188.0
24,6,8,315.0
24,6,11,108.0
24,6,10,339.0
24,6,1,3526.0
24,6,2,94.0
24,6,9,111.0
24,6,6,72.0
24,6,14,498.0
24,2,8,33.0
24,2,11,58.0
24,2,10,64.47
24,2,1,1474.0
24,2,2,19.0
24,2,9,36.0
24,2,6,18.0
24,2,14,124.0
25,4,8,33.0
25,4,10,2.72
25,4,1,691.0
25,4,2,0.0
25,4,9,0.0
25,4,6,0.0
25,4,14,3.0
25,5,8,10.0
25,5,10,1.35
25,5,1,14.0
25,5,2,0.0
25,5,9,0.0
25,5,6,29.0
25,5,14,1.0
25,1,8,166.0
25,1,11,14.0
25,1,10,140.51
25,1,1,723.0
25,1,2,26.0
25,1,9,29.0
25,1,6,18.0
25,1,14,174.0
25,3,8,69.0
25,3,11,32.0
25,3,10,109.55
25,3,1,715.0
25,3,2,60.0
25,3,9,45.0
25,3,6,7.0
25,3,14,171.0
25,6,8,303.0
25,6,11,126.0
25,6,10,319.0
25,6,1,3637.0
25,6,2,105.0
25,6,9,111.0
25,6,6,69.0
25,6,14,495.0
25,2,8,26.0
25,2,11,81.0
25,2,10,64.6
25,2,1,1493.0
25,2,2,19.0
25,2,9,37.0
25,2,6,16.0
25,2,14,146.0
26,4,8,38.0
26,4,10,3.09
26,4,1,694.0
26,4,2,0.0
26,4,9,0.0
26,4,6,0.0
26,4,14,3.0
26,5,8,10.0
26,5,10,1.28
26,5,1,15.0
26,5,2,0.0
26,5,9,0.0
26,5,6,30.0
26,5,14,1.0
26,1,8,175.0
26,1,11,26.0
26,1,10,120.29
26,1,1,763.0
26,1,2,27.0
26,1,9,29.0
26,1,6,18.0
26,1,14,167.0
26,3,8,67.0
26,3,11,24.0
26,3,10,112.45
26,3,1,703.0
26,3,2,59.0
26,3,9,45.0
26,3,6,7.0
26,3,14,164.0
26,6,8,316.0
26,6,11,157.0
26,6,10,297.0
26,6,1,3662.0
26,6,2,106.0
26,6,9,111.0
26,6,6,72.0
26,6,14,503.0
26,2,8,26.0
26,2,11,107.0
26,2,10,59.41
26,2,1,1486.0
26,2,2,20.0
26,2,9,37.0
26,2,6,18.0
26,2,14,167.0
27,4,8,37.0
27,4,10,2.53
27,4,1,704.0
27,4,2,0.0
27,4,9,0.0
27,4,6,0.0
27,4,14,3.0
27,5,8,8.0
27,5,10,1.16
27,5,1,16.0
27,5,2,0.0
27,5,9,0.0
27,5,6,29.0
27,5,14,1.0
27,1,8,179.0
27,1,11,15.0
27,1,10,100.29
27,1,1,765.0
27,1,2,26.0
27,1,9,29.0
27,1,6,16.0
27,1,14,135.0
27,3,8,76.0
27,3,11,32.0
27,3,10,109.48
27,3,1,708.0
27,3,2,58.0
27,3,9,48.0
27,3,6,6.0
27,3,14,168.0
27,6,8,327.0
27,6,11,116.0
27,6,10,277.0
27,6,1,3683.0
27,6,2,104.0
27,6,9,113.0
27,6,6,72.0
27,6,14,442.0
27,2,8,27.0
27,2,11,70.0
27,2,10,63.97
27,2,1,1491.0
27,2,2,21.0
27,2,9,37.0
27,2,6,21.0
27,2,14,135.0
28,4,8,40.0
28,4,10,2.64
28,4,1,701.0
28,4,2,0.0
28,4,9,0.0
28,4,6,0.0
28,4,14,3.0
28,5,8,9.0
28,5,10,1.11
28,5,1,15.0
28,5,2,0.0
28,5,9,0.0
28,5,6,29.0
28,5,14,1.0
28,1,8,189.0
28,1,11,19.0
28,1,10,103.44
28,1,1,773.0
28,1,2,29.0
28,1,9,29.0
28,1,6,15.0
28,1,14,142.0
28,3,8,72.0
28,3,11,30.0
28,3,10,107.99
28,3,1,685.0
28,3,2,61.0
28,3,9,61.0
28,3,6,7.0
28,3,14,167.0
28,6,8,332.0
28,6,11,106.0
28,6,10,269.0
28,6,1,3642.0
28,6,2,113.0
28,6,9,127.0
28,6,6,71.0
28,6,14,425.0
28,2,8,22.0
28,2,11,57.0
28,2,10,54.02
28,2,1,1469.0
28,2,2,23.0
28,2,9,37.0
28,2,6,20.0
28,2,14,113.0
29,4,8,41.0
29,4,10,5.05
29,4,1,693.0
29,4,2,0.0
29,4,9,0.0
29,4,6,0.0
29,4,14,5.0
29,5,8,11.0
29,5,10,0.92
29,5,1,13.0
29,5,2,0.0
29,5,9,0.0
29,5,6,30.0
29,5,14,1.0
29,1,8,182.0
29,1,11,13.0
29,1,10,119.1
29,1,1,749.0
29,1,2,26.0
29,1,9,29.0
29,1,6,13.0
29,1,14,148.0
29,3,8,54.0
29,3,11,31.0
29,3,10,103.43
29,3,1,662.0
29,3,2,61.0
29,3,9,69.0
29,3,6,7.0
29,3,14,162.0
29,6,8,316.0
29,6,11,88.0
29,6,10,272.0
29,6,1,3537.0
29,6,2,109.0
29,6,9,136.0
29,6,6,69.0
29,6,14,405.0
29,2,8,28.0
29,2,11,44.0
29,2,10,43.2
29,2,1,1420.0
29,2,2,22.0
29,2,9,37.0
29,2,6,20.0
29,2,14,88.0
30,4,8,41.0
30,4,10,5.15
30,4,1,629.0
30,4,2,0.0
30,4,9,0.0
30,4,6,0.0
30,4,14,5.0
30,5,8,15.0
30,5,10,1.1
30,5,1,11.0
30,5,2,0.0
30,5,9,0.0
30,5,6,29.0
30,5,14,1.0
30,1,8,176.0
30,1,11,8.0
30,1,10,99.62
30,1,1,640.0
30,1,2,23.0
30,1,9,29.0
30,1,6,9.0
30,1,14,125.0
30,3,8,50.0
30,3,11,34.0
30,3,10,116.33
30,3,1,605.0
30,3,2,49.0
30,3,9,69.0
30,3,6,7.0
30,3,14,171.0
30,6,8,298.0
30,6,11,102.0
30,6,10,274.0
30,6,1,3184.0
30,6,2,92.0
30,6,9,131.0
30,6,6,63.0
30,6,14,415.0
30,2,8,17.0
30,2,11,60.0
30,2,10,51.48
30,2,1,1300.0
30,2,2,20.0
30,2,9,33.0
30,2,6,19.0
30,2,14,113.0
31,4,8,55.0
31,4,10,4.53
31,4,1,592.0
31,4,2,0.0
31,4,9,0.0
31,4,6,0.0
31,4,14,5.0
31,5,8,15.0
31,5,10,1.17
31,5,1,11.0
31,5,2,0.0
31,5,9,0.0
31,5,6,29.0
31,5,14,1.0
31,1,8,181.0
31,1,11,5.0
31,1,10,124.84
31,1,1,514.0
31,1,2,24.0
31,1,9,29.0
31,1,6,10.0
31,1,14,147.0
31,3,8,51.0
31,3,11,30.0
31,3,10,103.93
31,3,1,575.0
31,3,2,43.0
31,3,9,69.0
31,3,6,7.0
31,3,14,155.0
31,6,8,319.0
31,6,11,86.0
31,6,10,289.0
31,6,1,2937.0
31,6,2,89.0
31,6,9,130.0
31,6,6,62.0
31,6,14,414.0
31,2,8,18.0
31,2,11,50.0
31,2,10,54.8
31,2,1,1245.0
31,2,2,22.0
31,2,9,32.0
31,2,6,17.0
31,2,14,106.0
32,4,8,58.0
32,4,10,5.18
32,4,1,601.0
32,4,2,0.0
32,4,9,0.0
32,4,6,0.0
32,4,14,5.0
32,5,8,15.0
32,5,10,1.2
32,5,1,12.0
32,5,2,0.0
32,5,9,0.0
32,5,6,30.0
32,5,14,1.0
32,1,8,194.0
32,1,11,8.0
32,1,10,129.04
32,1,1,503.0
32,1,2,27.0
32,1,9,30.0
32,1,6,17.0
32,1,14,154.0
32,3,8,67.0
32,3,11,29.0
32,3,10,96.83
32,3,1,587.0
32,3,2,49.0
32,3,9,69.0
32,3,6,7.0
32,3,14,151.0
32,6,8,350.0
32,6,11,99.0
32,6,10,289.0
32,6,1,2976.0
32,6,2,96.0
32,6,9,133.0
32,6,6,70.0
32,6,14,432.0
32,2,8,17.0
32,2,11,63.0
32,2,10,56.51
32,2,1,1272.0
32,2,2,21.0
32,2,9,34.0
32,2,6,17.0
32,2,14,120.0
33,4,8,44.0
33,4,10,2.96
33,4,1,644.0
33,4,2,0.0
33,4,9,0.0
33,4,6,0.0
33,4,14,4.0
33,5,8,12.0
33,5,10,0.9
33,5,1,14.0
33,5,2,0.0
33,5,9,0.0
33,5,6,30.0
33,5,14,1.0
33,1,8,203.0
33,1,11,5.0
33,1,10,136.73
33,1,1,520.0
33,1,2,23.0
33,1,9,30.0
33,1,6,8.0
33,1,14,158.0
33,3,8,68.0
33,3,11,41.0
33,3,10,104.36
33,3,1,611.0
33,3,2,52.0
33,3,9,62.0
33,3,6,6.0
33,3,14,174.0
33,6,8,344.0
33,6,11,105.0
33,6,10,300.0
33,6,1,3057.0
33,6,2,94.0
33,6,9,128.0
33,6,6,61.0
33,6,14,452.0
33,2,8,18.0
33,2,11,59.0
33,2,10,55.36
33,2,1,1268.0
33,2,2,19.0
33,2,9,36.0
33,2,6,17.0
33,2,14,116.0
34,4,8,42.0
34,4,10,2.81
34,4,1,642.0
34,4,2,0.0
34,4,9,0.0
34,4,6,0.0
34,4,14,3.0
34,5,8,11.0
34,5,10,0.7
34,5,1,14.0
34,5,2,0.0
34,5,9,0.0
34,5,6,26.0
34,5,14,1.0
34,1,8,207.0
34,1,11,14.0
34,1,10,134.94
34,1,1,527.0
34,1,2,22.0
34,1,9,29.0
34,1,6,8.0
34,1,14,164.0
34,3,8,74.0
34,3,11,27.0
34,3,10,110.89
34,3,1,646.0
34,3,2,51.0
34,3,9,60.0
34,3,6,7.0
34,3,14,165.0
34,6,8,352.0
34,6,11,96.0
34,6,10,309.0
34,6,1,3127.0
34,6,2,83.0
34,6,9,126.0
34,6,6,59.0
34,6,14,448.0
34,2,8,19.0
34,2,11,55.0
34,2,10,60.13
34,2,1,1297.0
34,2,2,11.0
34,2,9,36.0
34,2,6,18.0
34,2,14,116.0
35,4,8,48.0
35,4,10,2.74
35,4,1,671.0
35,4,2,0.0
35,4,9,0.0
35,4,6,0.0
35,4,14,3.0
35,5,8,11.0
35,5,10,1.03
35,5,1,15.0
35,5,2,0.0
35,5,9,0.0
35,5,6,27.0
35,5,14,1.0
35,1,8,207.0
35,1,11,17.0
35,1,10,139.46
35,1,1,597.0
35,1,2,22.0
35,1,9,29.0
35,1,6,8.0
35,1,14,170.0
35,3,8,78.0
35,3,11,35.0
35,3,10,92.94
35,3,1,641.0
35,3,2,52.0
35,3,9,56.0
35,3,6,7.0
35,3,14,155.0
35,6,8,374.0
35,6,11,108.0
35,6,10,296.0
35,6,1,3239.0
35,6,2,92.0
35,6,9,122.0
35,6,6,70.0
35,6,14,447.0
35,2,8,30.0
35,2,11,56.0
35,2,10,60.11
35,2,1,1315.0
35,2,2,19.0
35,2,9,36.0
35,2,6,28.0
35,2,14,117.0
36,4,8,46.0
36,4,10,2.88
36,4,1,686.0
36,4,2,0.0
36,4,9,0.0
36,4,6,0.0
36,4,14,3.0
36,5,8,13.0
36,5,10,1.14
36,5,1,15.0
36,5,2,0.0
36,5,9,0.0
36,5,6,29.0
36,5,14,1.0
36,1,8,196.0
36,1,11,16.0
36,1,10,131.99
36,1,1,645.0
36,1,2,22.0
36,1,9,29.0
36,1,6,8.0
36,1,14,163.0
36,3,8,66.0
36,3,11,46.0
36,3,10,114.08
36,3,1,622.0
36,3,2,47.0
36,3,9,69.0
36,3,6,6.0
36,3,14,188.0
36,6,8,360.0
36,6,11,120.0
36,6,10,310.0
36,6,1,3326.0
36,6,2,88.0
36,6,9,135.0
36,6,6,72.0
36,6,14,475.0
36,2,8,40.0
36,2,11,59.0
36,2,10,60.25
36,2,1,1358.0
36,2,2,19.0
36,2,9,36.0
36,2,6,28.0
36,2,14,120.0
37,4,8,63.0
37,4,10,5.42
37,4,1,666.0
37,4,2,0.0
37,4,9,0.0
37,4,6,0.0
37,4,14,6.0
37,5,8,11.0
37,5,10,1.38
37,5,1,14.0
37,5,2,0.0
37,5,9,0.0
37,5,6,28.0
37,5,14,1.0
37,1,8,188.0
37,1,11,29.0
37,1,10,134.99
37,1,1,625.0
37,1,2,22.0
37,1,9,29.0
37,1,6,8.0
37,1,14,178.0
37,3,8,62.0
37,3,11,42.0
37,3,10,94.07
37,3,1,586.0
37,3,2,47.0
37,3,9,56.0
37,3,6,7.0
37,3,14,160.0
37,6,8,353.0
37,6,11,147.0
37,6,10,299.0
37,6,1,3229.0
37,6,2,89.0
37,6,9,122.0
37,6,6,47.0
37,6,14,485.0
37,2,8,29.0
37,2,11,77.0
37,2,10,62.82
37,2,1,1338.0
37,2,2,20.0
37,2,9,36.0
37,2,6,4.0
37,2,14,140.0
39,4,8,63.0
39,4,10,5.38
39,4,1,689.0
39,4,2,0.0
39,4,9,0.0
39,4,6,0.0
39,4,14,5.0
39,5,8,11.0
39,5,10,1.26
39,5,1,15.0
39,5,2,0.0
39,5,9,0.0
39,5,6,30.0
39,5,14,1.0
39,1,8,182.0
39,1,11,18.0
39,1,10,144.91
39,1,1,736.0
39,1,2,18.0
39,1,9,28.0
39,1,6,10.0
39,1,14,177.0
39,3,8,67.0
39,3,11,37.0
39,3,10,119.0
39,3,1,656.0
39,3,2,49.0
39,3,9,52.0
39,3,6,7.0
39,3,14,184.0
39,6,8,369.0
39,6,11,114.0
39,6,10,337.0
39,6,1,3617.0
39,6,2,87.0
39,6,9,116.0
39,6,6,72.0
39,6,14,495.0
39,2,8,47.0
39,2,11,60.0
39,2,10,66.89
39,2,1,1520.0
39,2,2,21.0
39,2,9,36.0
39,2,6,26.0
39,2,14,128.0
40,4,8,58.0
40,4,10,6.21
40,4,1,689.0
40,4,2,0.0
40,4,9,0.0
40,4,6,0.0
40,4,14,7.0
40,5,8,9.0
40,5,10,1.24
40,5,1,14.0
40,5,2,0.0
40,5,9,0.0
40,5,6,28.0
40,5,14,1.0
40,1,8,176.0
40,1,11,16.0
40,1,10,147.26
40,1,1,770.0
40,1,2,18.0
40,1,9,25.0
40,1,6,15.0
40,1,14,178.0
40,3,8,62.0
40,3,11,27.0
40,3,10,126.14
40,3,1,683.0
40,3,2,47.0
40,3,9,52.0
40,3,6,6.0
40,3,14,182.0
40,6,8,346.0
40,6,11,104.0
40,6,10,351.0
40,6,1,3685.0
40,6,2,84.0
40,6,9,123.0
40,6,6,77.0
40,6,14,499.0
40,2,8,41.0
40,2,11,60.0
40,2,10,70.35
40,2,1,1529.0
40,2,2,20.0
40,2,9,46.0
40,2,6,28.0
40,2,14,132.0
41,4,8,53.0
41,4,10,3.45
41,4,1,689.0
41,4,2,0.0
41,4,9,0.0
41,4,6,0.0
41,4,14,4.0
41,5,8,9.0
41,5,10,1.26
41,5,1,15.0
41,5,2,0.0
41,5,9,0.0
41,5,6,29.0
41,5,14,1.0
41,1,8,182.0
41,1,11,4.0
41,1,10,145.06
41,1,1,787.0
41,1,2,20.0
41,1,9,25.0
41,1,6,16.0
41,1,14,162.0
41,3,8,61.0
41,3,11,64.0
41,3,10,119.21
41,3,1,694.0
41,3,2,48.0
41,3,9,52.0
41,3,6,6.0
41,3,14,212.0
41,6,8,341.0
41,6,11,158.0
41,6,10,339.0
41,6,1,3700.0
41,6,2,89.0
41,6,9,125.0
41,6,6,91.0
41,6,14,540.0
41,2,8,36.0
41,2,11,89.0
41,2,10,70.22
41,2,1,1515.0
41,2,2,20.0
41,2,9,48.0
41,2,6,40.0
41,2,14,161.0
42,4,8,47.0
42,4,10,3.2
42,4,1,687.0
42,4,2,0.0
42,4,9,0.0
42,4,6,0.0
42,4,14,4.0
42,5,8,8.0
42,5,10,1.12
42,5,1,14.0
42,5,2,0.0
42,5,9,0.0
42,5,6,29.0
42,5,14,1.0
42,1,8,196.0
42,1,11,26.0
42,1,10,143.01
42,1,1,771.0
42,1,2,22.0
42,1,9,25.0
42,1,6,16.0
42,1,14,181.0
42,3,8,61.0
42,3,11,105.0
42,3,10,118.09
42,3,1,671.0
42,3,2,47.0
42,3,9,52.0
42,3,6,6.0
42,3,14,251.0
42,6,8,348.0
42,6,11,249.0
42,6,10,336.0
42,6,1,3687.0
42,6,2,89.0
42,6,9,123.0
42,6,6,91.0
42,6,14,627.0
42,2,8,36.0
42,2,11,118.0
42,2,10,70.69
42,2,1,1544.0
42,2,2,19.0
42,2,9,47.0
42,2,6,40.0
42,2,14,190.0
43,4,8,46.0
43,4,10,2.91
43,4,1,708.0
43,4,2,0.0
43,4,9,0.0
43,4,6,0.0
43,4,14,3.0
43,5,8,8.0
43,5,10,1.05
43,5,1,15.0
43,5,2,0.0
43,5,9,0.0
43,5,6,28.0
43,5,14,1.0
43,1,8,216.0
43,1,11,35.0
43,1,10,132.62
43,1,1,771.0
43,1,2,22.0
43,1,9,25.0
43,1,6,17.0
43,1,14,178.0
43,3,8,62.0
43,3,11,165.0
43,3,10,119.42
43,3,1,651.0
43,3,2,47.0
43,3,9,52.0
43,3,6,6.0
43,3,14,314.0
43,6,8,358.0
43,6,11,354.0
43,6,10,325.0
43,6,1,3650.0
43,6,2,89.0
43,6,9,123.0
43,6,6,70.0
43,6,14,721.0
43,2,8,27.0
43,2,11,155.0
43,2,10,69.41
43,2,1,1505.0
43,2,2,20.0
43,2,9,47.0
43,2,6,20.0
43,2,14,225.0
44,4,8,54.0
44,4,10,5.78
44,4,1,666.0
44,4,2,0.0
44,4,9,0.0
44,4,6,0.0
44,4,14,6.0
44,5,8,8.0
44,5,10,1.04
44,5,1,13.0
44,5,2,0.0
44,5,9,0.0
44,5,6,28.0
44,5,14,1.0
44,1,8,212.0
44,1,11,68.0
44,1,10,119.85
44,1,1,763.0
44,1,2,20.0
44,1,9,29.0
44,1,6,22.0
44,1,14,200.0
44,3,8,70.0
44,3,11,144.0
44,3,10,137.58
44,3,1,616.0
44,3,2,50.0
44,3,9,52.0
44,3,6,6.0
44,3,14,308.0
44,6,8,371.0
44,6,11,419.0
44,6,10,331.0
44,6,1,3524.0
44,6,2,87.0
44,6,9,126.0
44,6,6,76.0
44,6,14,789.0
44,2,8,27.0
44,2,11,206.0
44,2,10,66.85
44,2,1,1466.0
44,2,2,17.0
44,2,9,44.0
44,2,6,19.0
44,2,14,274.0
45,4,8,53.0
45,4,10,5.35
45,4,1,703.0
45,4,2,0.0
45,4,9,0.0
45,4,6,0.0
45,4,14,5.0
45,5,8,8.0
45,5,10,0.92
45,5,1,15.0
45,5,2,0.0
45,5,9,0.0
45,5,6,27.0
45,5,14,1.0
45,1,8,205.0
45,1,11,50.0
45,1,10,130.77
45,1,1,804.0
45,1,2,19.0
45,1,9,28.0
45,1,6,22.0
45,1,14,192.0
45,3,8,83.0
45,3,11,89.0
45,3,10,135.75
45,3,1,660.0
45,3,2,54.0
45,3,9,52.0
45,3,6,6.0
45,3,14,251.0
45,6,8,384.0
45,6,11,327.0
45,6,10,339.0
45,6,1,3675.0
45,6,2,90.0
45,6,9,124.0
45,6,6,79.0
45,6,14,705.0
45,2,8,35.0
45,2,11,188.0
45,2,10,65.94
45,2,1,1494.0
45,2,2,17.0
45,2,9,45.0
45,2,6,24.0
45,2,14,255.0
46,4,8,48.0
46,4,10,5.64
46,4,1,700.0
46,4,2,0.0
46,4,9,0.0
46,4,6,0.0
46,4,14,6.0
46,5,8,10.0
46,5,10,0.73
46,5,1,16.0
46,5,2,0.0
46,5,9,0.0
46,5,6,29.0
46,5,14,1.0
46,1,8,218.0
46,1,11,55.0
46,1,10,136.54
46,1,1,868.0
46,1,2,18.0
46,1,9,25.0
46,1,6,24.0
46,1,14,203.0
46,3,8,90.0
46,3,11,51.0
46,3,10,132.98
46,3,1,682.0
46,3,2,54.0
46,3,9,52.0
46,3,6,6.0
46,3,14,212.0
46,6,8,412.0
46,6,11,263.0
46,6,10,343.0
46,6,1,3801.0
46,6,2,90.0
46,6,9,121.0
46,6,6,99.0
46,6,14,648.0
46,2,8,48.0
46,2,11,157.0
46,2,10,67.09
46,2,1,1534.0
46,2,2,17.0
46,2,9,44.0
46,2,6,41.0
46,2,14,225.0
47,4,8,61.0
47,4,10,6.02
47,4,1,632.0
47,4,2,0.0
47,4,9,0.0
47,4,6,0.0
47,4,14,6.0
47,5,8,12.0
47,5,10,0.73
47,5,1,14.0
47,5,2,0.0
47,5,9,0.0
47,5,6,29.0
47,5,14,1.0
47,1,8,220.0
47,1,11,10.0
47,1,10,134.44
47,1,1,783.0
47,1,2,21.0
47,1,9,25.0
47,1,6,33.0
47,1,14,156.0
47,3,8,83.0
47,3,11,52.0
47,3,10,130.84
47,3,1,687.0
47,3,2,54.0
47,3,9,46.0
47,3,6,6.0
47,3,14,215.0
47,6,8,424.0
47,6,11,208.0
47,6,10,339.0
47,6,1,3636.0
47,6,2,94.0
47,6,9,115.0
47,6,6,118.0
47,6,14,592.0
47,2,8,48.0
47,2,11,146.0
47,2,10,66.57
47,2,1,1520.0
47,2,2,19.0
47,2,9,45.0
47,2,6,51.0
47,2,14,214.0
48,4,8,53.0
48,4,10,2.7
48,4,1,674.0
48,4,2,0.0
48,4,9,0.0
48,4,6,0.0
48,4,14,3.0
48,5,8,14.0
48,5,10,0.88
48,5,1,16.0
48,5,2,0.0
48,5,9,0.0
48,5,6,29.0
48,5,14,1.0
48,1,8,217.0
48,1,11,13.0
48,1,10,139.18
48,1,1,849.0
48,1,2,21.0
48,1,9,25.0
48,1,6,33.0
48,1,14,164.0
48,3,8,80.0
48,3,11,74.0
48,3,10,122.3
48,3,1,727.0
48,3,2,53.0
48,3,9,46.0
48,3,6,6.0
48,3,14,227.0
48,6,8,414.0
48,6,11,189.0
48,6,10,331.0
48,6,1,3865.0
48,6,2,94.0
48,6,9,115.0
48,6,6,102.0
48,6,14,563.0
48,2,8,51.0
48,2,11,102.0
48,2,10,65.61
48,2,1,1598.0
48,2,2,19.0
48,2,9,44.0
48,2,6,34.0
48,2,14,169.0
49,4,8,71.0
49,4,10,2.2
49,4,1,673.0
49,4,2,0.0
49,4,9,0.0
49,4,6,0.0
49,4,14,2.0
49,5,8,17.0
49,5,10,1.1
49,5,1,15.0
49,5,2,0.0
49,5,9,0.0
49,5,6,28.0
49,5,14,1.0
49,1,8,228.0
49,1,11,45.0
49,1,10,140.92
49,1,1,834.0
49,1,2,22.0
49,1,9,25.0
49,1,6,34.0
49,1,14,198.0
49,3,8,69.0
49,3,11,81.0
49,3,10,115.59
49,3,1,736.0
49,3,2,48.0
49,3,9,46.0
49,3,6,6.0
49,3,14,227.0
49,6,8,431.0
49,6,11,249.0
49,6,10,324.0
49,6,1,3813.0
49,6,2,89.0
49,6,9,115.0
49,6,6,107.0
49,6,14,617.0
49,2,8,47.0
49,2,11,123.0
49,2,10,64.58
49,2,1,1555.0
49,2,2,18.0
49,2,9,44.0
49,2,6,39.0
49,2,14,189.0
50,4,8,55.0
50,4,10,2.34
50,4,1,658.0
50,4,2,0.0
50,4,9,0.0
50,4,6,0.0
50,4,14,2.0
50,5,8,13.0
50,5,10,1.01
50,5,1,15.0
50,5,2,0.0
50,5,9,0.0
50,5,6,28.0
50,5,14,1.0
50,1,8,238.0
50,1,11,65.0
50,1,10,140.11
50,1,1,817.0
50,1,2,21.0
50,1,9,28.0
50,1,6,19.0
50,1,14,217.0
50,3,8,63.0
50,3,11,70.0
50,3,10,115.98
50,3,1,699.0
50,3,2,47.0
50,3,9,46.0
50,3,6,6.0
50,3,14,209.0
50,6,8,405.0
50,6,11,267.0
50,6,10,324.0
50,6,1,3694.0
50,6,2,85.0
50,6,9,109.0
50,6,6,59.0
50,6,14,627.0
50,2,8,35.0
50,2,11,132.0
50,2,10,64.74
50,2,1,1506.0
50,2,2,17.0
50,2,9,36.0
50,2,6,6.0
50,2,14,198.0
51,4,8,48.0
51,4,10,2.44
51,4,1,660.0
51,4,2,0.0
51,4,9,0.0
51,4,6,0.0
51,4,14,2.0
51,5,8,14.0
51,5,10,0.95
51,5,1,14.0
51,5,2,0.0
51,5,9,0.0
51,5,6,28.0
51,5,14,1.0
51,1,8,261.0
51,1,11,59.0
51,1,10,143.52
51,1,1,848.0
51,1,2,20.0
51,1,9,29.0
51,1,6,36.0
51,1,14,211.0
51,3,8,65.0
51,3,11,45.0
51,3,10,120.5
51,3,1,709.0
51,3,2,48.0
51,3,9,46.0
51,3,6,6.0
51,3,14,189.0
51,6,8,423.0
51,6,11,238.0
51,6,10,335.0
51,6,1,3778.0
51,6,2,84.0
51,6,9,113.0
51,6,6,111.0
51,6,14,608.0
51,2,8,36.0
51,2,11,135.0
51,2,10,68.03
51,2,1,1547.0
51,2,2,17.0
51,2,9,38.0
51,2,6,41.0
51,2,14,204.0
52,4,8,55.0
52,4,10,4.87
52,4,1,679.0
52,4,2,0.0
52,4,9,0.0
52,4,6,0.0
52,4,14,5.0
52,5,8,12.0
52,5,10,1.07
52,5,1,16.0
52,5,2,0.0
52,5,9,0.0
52,5,6,28.0
52,5,14,1.0
52,1,8,277.0
52,1,11,44.0
52,1,10,133.91
52,1,1,834.0
52,1,2,17.0
52,1,9,29.0
52,1,6,41.0
52,1,14,187.0
52,3,8,61.0
52,3,11,51.0
52,3,10,125.83
52,3,1,729.0
52,3,2,41.0
52,3,9,46.0
52,3,6,6.0
52,3,14,199.0
52,6,8,451.0
52,6,11,250.0
52,6,10,330.0
52,6,1,3826.0
52,6,2,78.0
52,6,9,113.0
52,6,6,116.0
52,6,14,613.0
52,2,8,46.0
52,2,11,156.0
52,2,10,64.58
52,2,1,1569.0
52,2,2,19.0
52,2,9,38.0
52,2,6,41.0
52,2,14,221.0
53,4,8,47.0
53,4,10,5.31
53,4,1,626.0
53,4,2,0.0
53,4,9,0.0
53,4,6,0.0
53,4,14,5.0
53,5,8,11.0
53,5,10,0.74
53,5,1,12.0
53,5,2,0.0
53,5,9,0.0
53,5,6,28.0
53,5,14,1.0
53,1,8,283.0
53,1,11,48.0
53,1,10,127.96
53,1,1,712.0
53,1,2,16.0
53,1,9,30.0
53,1,6,35.0
53,1,14,185.0
53,3,8,60.0
53,3,11,100.0
53,3,10,127.98
53,3,1,693.0
53,3,2,38.0
53,3,9,46.0
53,3,6,6.0
53,3,14,249.0
53,6,8,447.0
53,6,11,351.0
53,6,10,327.0
53,6,1,3496.0
53,6,2,74.0
53,6,9,111.0
53,6,6,116.0
53,6,14,709.0
53,2,8,46.0
53,2,11,202.0
53,2,10,65.43
53,2,1,1453.0
53,2,2,20.0
53,2,9,36.0
53,2,6,47.0
53,2,14,269.0
54,4,8,63.0
54,4,10,5.17
54,4,1,600.0
54,4,2,0.0
54,4,9,0.0
54,4,6,0.0
54,4,14,5.0
54,5,8,12.0
54,5,10,1.16
54,5,1,11.0
54,5,2,0.0
54,5,9,0.0
54,5,6,27.0
54,5,14,1.0
54,1,8,271.0
54,1,11,65.0
54,1,10,131.44
54,1,1,670.0
54,1,2,17.0
54,1,9,30.0
54,1,6,19.0
54,1,14,206.0
54,3,8,54.0
54,3,11,144.0
54,3,10,123.61
54,3,1,644.0
54,3,2,43.0
54,3,9,46.0
54,3,6,6.0
54,3,14,288.0
54,6,8,432.0
54,6,11,443.0
54,6,10,326.0
54,6,1,3321.0
54,6,2,79.0
54,6,9,114.0
54,6,6,69.0
54,6,14,799.0
54,2,8,32.0
54,2,11,233.0
54,2,10,64.73
54,2,1,1396.0
54,2,2,19.0
54,2,9,38.0
54,2,6,17.0
54,2,14,299.0
55,4,8,78.0
55,4,10,5.5
55,4,1,561.0
55,4,2,0.0
55,4,9,0.0
55,4,6,0.0
55,4,14,6.0
55,5,8,12.0
55,5,10,1.04
55,5,1,11.0
55,5,2,0.0
55,5,9,0.0
55,5,6,27.0
55,5,14,1.0
55,1,8,263.0
55,1,11,56.0
55,1,10,129.76
55,1,1,589.0
55,1,2,20.0
55,1,9,30.0
55,1,6,14.0
55,1,14,195.0
55,3,8,61.0
55,3,11,152.0
55,3,10,127.63
55,3,1,614.0
55,3,2,38.0
55,3,9,46.0
55,3,6,6.0
55,3,14,299.0
55,6,8,464.0
55,6,11,454.0
55,6,10,328.0
55,6,1,3118.0
55,6,2,77.0
55,6,9,114.0
55,6,6,63.0
55,6,14,812.0
55,2,8,50.0
55,2,11,246.0
55,2,10,64.03
55,2,1,1343.0
55,2,2,19.0
55,2,9,38.0
55,2,6,16.0
55,2,14,311.0
56,4,8,76.0
56,4,10,3.53
56,4,1,582.0
56,4,2,0.0
56,4,9,0.0
56,4,6,0.0
56,4,14,4.0
56,5,8,18.0
56,5,10,0.94
56,5,1,13.0
56,5,2,0.0
56,5,9,0.0
56,5,6,28.0
56,5,14,1.0
56,1,8,252.0
56,1,11,42.0
56,1,10,117.73
56,1,1,584.0
56,1,2,24.0
56,1,9,30.0
56,1,6,10.0
56,1,14,167.0
56,3,8,75.0
56,3,11,99.0
56,3,10,129.55
56,3,1,632.0
56,3,2,40.0
56,3,9,46.0
56,3,6,6.0
56,3,14,250.0
56,6,8,470.0
56,6,11,371.0
56,6,10,318.0
56,6,1,3166.0
56,6,2,81.0
56,6,9,113.0
56,6,6,59.0
56,6,14,718.0
56,2,8,49.0
56,2,11,230.0
56,2,10,65.94
56,2,1,1354.0
56,2,2,17.0
56,2,9,38.0
56,2,6,15.0
56,2,14,297.0
57,4,8,65.0
57,4,10,3.69
57,4,1,626.0
57,4,2,0.0
57,4,9,0.0
57,4,6,0.0
57,4,14,4.0
57,5,8,14.0
57,5,10,1.27
57,5,1,15.0
57,5,2,0.0
57,5,9,0.0
57,5,6,29.0
57,5,14,1.0
57,1,8,237.0
57,1,11,32.0
57,1,10,84.52
57,1,1,626.0
57,1,2,24.0
57,1,9,30.0
57,1,6,10.0
57,1,14,126.0
57,3,8,76.0
57,3,11,74.0
57,3,10,122.67
57,3,1,626.0
57,3,2,39.0
57,3,9,46.0
57,3,6,6.0
57,3,14,215.0
57,6,8,433.0
57,6,11,283.0
57,6,10,274.0
57,6,1,3277.0
57,6,2,79.0
57,6,9,114.0
57,6,6,50.0
57,6,14,587.0
57,2,8,41.0
57,2,11,178.0
57,2,10,61.56
57,2,1,1384.0
57,2,2,17.0
57,2,9,38.0
57,2,6,6.0
57,2,14,240.0
58,4,8,63.0
58,4,10,3.02
58,4,1,650.0
58,4,2,0.0
58,4,9,0.0
58,4,6,0.0
58,4,14,3.0
58,5,8,10.0
58,5,10,1.47
58,5,1,17.0
58,5,2,0.0
58,5,9,0.0
58,5,6,28.0
58,5,14,1.0
58,1,8,234.0
58,1,11,19.0
58,1,10,125.31
58,1,1,704.0
58,1,2,22.0
58,1,9,30.0
58,1,6,11.0
58,1,14,152.0
58,3,8,85.0
58,3,11,34.0
58,3,10,113.82
58,3,1,697.0
58,3,2,42.0
58,3,9,46.0
58,3,6,6.0
58,3,14,167.0
58,6,8,446.0
58,6,11,135.0
58,6,10,303.0
58,6,1,3566.0
58,6,2,79.0
58,6,9,113.0
58,6,6,51.0
58,6,14,466.0
58,2,8,53.0
58,2,11,82.0
58,2,10,59.55
58,2,1,1498.0
58,2,2,16.0
58,2,9,38.0
58,2,6,6.0
58,2,14,142.0
59,4,8,58.0
59,4,10,2.97
59,4,1,666.0
59,4,2,0.0
59,4,9,0.0
59,4,6,0.0
59,4,14,3.0
59,5,8,10.0
59,5,10,1.38
59,5,1,16.0
59,5,2,0.0
59,5,9,0.0
59,5,6,28.0
59,5,14,1.0
59,1,8,236.0
59,1,11,17.0
59,1,10,95.16
59,1,1,729.0
59,1,2,20.0
59,1,9,30.0
59,1,6,18.0
59,1,14,122.0
59,3,8,62.0
59,3,11,46.0
59,3,10,99.33
59,3,1,723.0
59,3,2,45.0
59,3,9,46.0
59,3,6,6.0
59,3,14,167.0
59,6,8,422.0
59,6,11,137.0
59,6,10,260.0
59,6,1,3645.0
59,6,2,78.0
59,6,9,112.0
59,6,6,63.0
59,6,14,429.0
59,2,8,55.0
59,2,11,73.0
59,2,10,61.53
59,2,1,1512.0
59,2,2,14.0
59,2,9,37.0
59,2,6,11.0
59,2,14,136.0
60,4,8,61.0
60,4,10,2.85
60,4,1,653.0
60,4,2,0.0
60,4,9,0.0
60,4,6,0.0
60,4,14,3.0
60,5,8,11.0
60,5,10,1.37
60,5,1,14.0
60,5,2,0.0
60,5,9,0.0
60,5,6,28.0
60,5,14,1.0
60,1,8,251.0
60,1,11,14.0
60,1,10,136.68
60,1,1,716.0
60,1,2,18.0
60,1,9,30.0
60,1,6,31.0
60,1,14,159.0
60,3,8,57.0
60,3,11,53.0
60,3,10,123.51
60,3,1,708.0
60,3,2,44.0
60,3,9,46.0
60,3,6,6.0
60,3,14,197.0
60,6,8,431.0
60,6,11,172.0
60,6,10,333.0
60,6,1,3571.0
60,6,2,78.0
60,6,9,112.0
60,6,6,88.0
60,6,14,537.0
60,2,8,52.0
60,2,11,106.0
60,2,10,68.2
60,2,1,1481.0
60,2,2,16.0
60,2,9,36.0
60,2,6,23.0
60,2,14,175.0
61,4,8,70.0
61,4,10,2.98
61,4,1,649.0
61,4,2,0.0
61,4,9,0.0
61,4,6,0.0
61,4,14,4.0
61,5,8,10.0
61,5,10,1.18
61,5,1,14.0
61,5,2,0.0
61,5,9,0.0
61,5,6,27.0
61,5,14,1.0
61,1,8,252.0
61,1,11,18.0
61,1,10,113.8
61,1,1,716.0
61,1,2,19.0
61,1,9,30.0
61,1,6,10.0
61,1,14,139.0
61,3,8,57.0
61,3,11,123.0
61,3,10,119.72
61,3,1,704.0
61,3,2,40.0
61,3,9,45.0
61,3,6,6.0
61,3,14,262.0
61,6,8,434.0
61,6,11,313.0
61,6,10,294.0
61,6,1,3522.0
61,6,2,72.0
61,6,9,111.0
61,6,6,52.0
61,6,14,636.0
61,2,8,45.0
61,2,11,173.0
61,2,10,56.32
61,2,1,1439.0
61,2,2,13.0
61,2,9,36.0
61,2,6,9.0
61,2,14,230.0
62,4,8,75.0
62,4,10,5.66
62,4,1,641.0
62,4,2,0.0
62,4,9,0.0
62,4,6,0.0
62,4,14,6.0
62,5,8,10.0
62,5,10,1.23
62,5,1,16.0
62,5,2,0.0
62,5,9,0.0
62,5,6,23.0
62,5,14,1.0
62,1,8,253.0
62,1,11,11.0
62,1,10,128.72
62,1,1,759.0
62,1,2,19.0
62,1,9,30.0
62,1,6,10.0
62,1,14,148.0
62,3,8,64.0
62,3,11,132.0
62,3,10,119.75
62,3,1,701.0
62,3,2,44.0
62,3,9,45.0
62,3,6,6.0
62,3,14,277.0
62,6,8,452.0
62,6,11,318.0
62,6,10,317.0
62,6,1,3569.0
62,6,2,79.0
62,6,9,112.0
62,6,6,45.0
62,6,14,670.0
62,2,8,50.0
62,2,11,175.0
62,2,10,61.74
62,2,1,1451.0
62,2,2,16.0
62,2,9,37.0
62,2,6,5.0
62,2,14,237.0
63,4,8,73.0
63,4,10,5.7
63,4,1,664.0
63,4,2,0.0
63,4,9,0.0
63,4,6,0.0
63,4,14,6.0
63,5,8,9.0
63,5,10,1.26
63,5,1,17.0
63,5,2,0.0
63,5,9,0.0
63,5,6,24.0
63,5,14,1.0
63,1,8,243.0
63,1,11,16.0
63,1,10,129.37
63,1,1,802.0
63,1,2,21.0
63,1,9,30.0
63,1,6,12.0
63,1,14,154.0
63,3,8,67.0
63,3,11,130.0
63,3,10,125.01
63,3,1,732.0
63,3,2,45.0
63,3,9,46.0
63,3,6,7.0
63,3,14,271.0
63,6,8,449.0
63,6,11,281.0
63,6,10,323.0
63,6,1,3713.0
63,6,2,83.0
63,6,9,112.0
63,6,6,61.0
63,6,14,630.0
63,2,8,57.0
63,2,11,135.0
63,2,10,61.61
63,2,1,1499.0
63,2,2,17.0
63,2,9,37.0
63,2,6,19.0
63,2,14,198.0
64,4,8,59.0
64,4,10,3.1
64,4,1,634.0
64,4,2,0.0
64,4,9,0.0
64,4,6,0.0
64,4,14,4.0
64,5,8,9.0
64,5,10,1.21
64,5,1,14.0
64,5,2,0.0
64,5,9,0.0
64,5,6,23.0
64,5,14,1.0
64,1,8,226.0
64,1,11,25.0
64,1,10,138.08
64,1,1,723.0
64,1,2,19.0
64,1,9,30.0
64,1,6,10.0
64,1,14,172.0
64,3,8,61.0
64,3,11,155.0
64,3,10,84.01
64,3,1,662.0
64,3,2,46.0
64,3,9,46.0
64,3,6,7.0
64,3,14,255.0
64,6,8,388.0
64,6,11,319.0
64,6,10,286.0
64,6,1,3427.0
64,6,2,81.0
64,6,9,112.0
64,6,6,53.0
64,6,14,631.0
64,2,8,33.0
64,2,11,139.0
64,2,10,59.34
64,2,1,1394.0
64,2,2,17.0
64,2,9,36.0
64,2,6,14.0
64,2,14,199.0
65,4,8,63.0
65,4,10,2.91
65,4,1,691.0
65,4,2,0.0
65,4,9,0.0
65,4,6,0.0
65,4,14,3.0
65,5,8,8.0
65,5,10,1.26
65,5,1,16.0
65,5,2,0.0
65,5,9,0.0
65,5,6,23.0
65,5,14,1.0
65,1,8,225.0
65,1,11,11.0
65,1,10,129.86
65,1,1,791.0
65,1,2,19.0
65,1,9,30.0
65,1,6,20.0
65,1,14,150.0
65,3,8,61.0
65,3,11,172.0
65,3,10,128.05
65,3,1,670.0
65,3,2,54.0
65,3,9,46.0
65,3,6,6.0
65,3,14,320.0
65,6,8,397.0
65,6,11,324.0
65,6,10,329.0
65,6,1,3646.0
65,6,2,91.0
65,6,9,107.0
65,6,6,75.0
65,6,14,683.0
65,2,8,39.0
65,2,11,140.0
65,2,10,66.73
65,2,1,1478.0
65,2,2,19.0
65,2,9,32.0
65,2,6,26.0
65,2,14,208.0
66,4,8,70.0
66,4,10,2.98
66,4,1,696.0
66,4,2,0.0
66,4,9,0.0
66,4,6,0.0
66,4,14,3.0
66,5,8,8.0
66,5,10,1.08
66,5,1,16.0
66,5,2,0.0
66,5,9,0.0
66,5,6,23.0
66,5,14,1.0
66,1,8,225.0
66,1,11,31.0
66,1,10,120.33
66,1,1,797.0
66,1,2,22.0
66,1,9,30.0
66,1,6,40.0
66,1,14,178.0
66,3,8,65.0
66,3,11,168.0
66,3,10,122.67
66,3,1,680.0
66,3,2,50.0
66,3,9,46.0
66,3,6,7.0
66,3,14,310.0
66,6,8,418.0
66,6,11,349.0
66,6,10,313.0
66,6,1,3682.0
66,6,2,91.0
66,6,9,107.0
66,6,6,114.0
66,6,14,711.0
66,2,8,51.0
66,2,11,150.0
66,2,10,66.4
66,2,1,1493.0
66,2,2,20.0
66,2,9,32.0
66,2,6,44.0
66,2,14,218.0
67,4,8,65.0
67,4,10,3.1
67,4,1,697.0
67,4,2,0.0
67,4,9,0.0
67,4,6,0.0
67,4,14,4.0
67,5,8,9.0
67,5,10,1.04
67,5,1,18.0
67,5,2,0.0
67,5,9,0.0
67,5,6,23.0
67,5,14,1.0
67,1,8,229.0
67,1,11,18.0
67,1,10,132.05
67,1,1,798.0
67,1,2,20.0
67,1,9,30.0
67,1,6,42.0
67,1,14,158.0
67,3,8,62.0
67,3,11,180.0
67,3,10,117.54
67,3,1,690.0
67,3,2,50.0
67,3,9,46.0
67,3,6,7.0
67,3,14,317.0
67,6,8,400.0
67,6,11,340.0
67,6,10,320.0
67,6,1,3746.0
67,6,2,91.0
67,6,9,107.0
67,6,6,115.0
67,6,14,688.0
67,2,8,35.0
67,2,11,141.0
67,2,10,66.49
67,2,1,1543.0
67,2,2,21.0
67,2,9,32.0
67,2,6,44.0
67,2,14,209.0
68,4,8,71.0
68,4,10,2.86
68,4,1,694.0
68,4,2,0.0
68,4,9,0.0
68,4,6,0.0
68,4,14,3.0
68,5,8,9.0
68,5,10,1.08
68,5,1,18.0
68,5,2,0.0
68,5,9,0.0
68,5,6,23.0
68,5,14,1.0
68,1,8,229.0
68,1,11,31.0
68,1,10,134.33
68,1,1,822.0
68,1,2,21.0
68,1,9,29.0
68,1,6,40.0
68,1,14,174.0
68,3,8,57.0
68,3,11,196.0
68,3,10,122.9
68,3,1,704.0
68,3,2,52.0
68,3,9,46.0
68,3,6,6.0
68,3,14,335.0
68,6,8,391.0
68,6,11,381.0
68,6,10,329.0
68,6,1,3811.0
68,6,2,93.0
68,6,9,107.0
68,6,6,113.0
68,6,14,735.0
68,2,8,26.0
68,2,11,154.0
68,2,10,67.45
68,2,1,1573.0
68,2,2,20.0
68,2,9,32.0
68,2,6,43.0
68,2,14,222.0
69,4,8,69.0
69,4,10,3.07
69,4,1,687.0
69,4,2,0.0
69,4,9,0.0
69,4,6,0.0
69,4,14,3.0
69,5,8,9.0
69,5,10,0.85
69,5,1,18.0
69,5,2,0.0
69,5,9,0.0
69,5,6,22.0
69,5,14,1.0
69,1,8,237.0
69,1,11,48.0
69,1,10,134.72
69,1,1,845.0
69,1,2,23.0
69,1,9,29.0
69,1,6,47.0
69,1,14,189.0
69,3,8,59.0
69,3,11,215.0
69,3,10,124.7
69,3,1,688.0
69,3,2,57.0
69,3,9,45.0
69,3,6,6.0
69,3,14,360.0
69,6,8,405.0
69,6,11,410.0
69,6,10,332.0
69,6,1,3780.0
69,6,2,100.0
69,6,9,106.0
69,6,6,151.0
69,6,14,770.0
69,2,8,32.0
69,2,11,147.0
69,2,10,68.25
69,2,1,1542.0
69,2,2,19.0
69,2,9,32.0
69,2,6,75.0
69,2,14,216.0
70,4,8,66.0
70,4,10,2.96
70,4,1,664.0
70,4,2,0.0
70,4,9,0.0
70,4,6,0.0
70,4,14,4.0
70,5,8,13.0
70,5,10,0.84
70,5,1,16.0
70,5,2,0.0
70,5,9,0.0
70,5,6,23.0
70,5,14,1.0
70,1,8,263.0
70,1,11,60.0
70,1,10,131.55
70,1,1,819.0
70,1,2,24.0
70,1,9,29.0
70,1,6,45.0
70,1,14,199.0
70,3,8,62.0
70,3,11,222.0
70,3,10,124.85
70,3,1,655.0
70,3,2,57.0
70,3,9,45.0
70,3,6,6.0
70,3,14,365.0
70,6,8,416.0
70,6,11,439.0
70,6,10,327.0
70,6,1,3714.0
70,6,2,99.0
70,6,9,106.0
70,6,6,135.0
70,6,14,793.0
70,2,8,24.0
70,2,11,157.0
70,2,10,66.71
70,2,1,1560.0
70,2,2,19.0
70,2,9,32.0
70,2,6,60.0
70,2,14,225.0
71,4,8,76.0
71,4,10,5.51
71,4,1,644.0
71,4,2,0.0
71,4,9,0.0
71,4,6,0.0
71,4,14,6.0
71,5,8,23.0
71,5,10,0.58
71,5,1,12.0
71,5,2,0.0
71,5,9,0.0
71,5,6,23.0
71,5,14,1.0
71,1,8,279.0
71,1,11,41.0
71,1,10,131.53
71,1,1,763.0
71,1,2,25.0
71,1,9,29.0
71,1,6,26.0
71,1,14,180.0
71,3,8,61.0
71,3,11,209.0
71,3,10,118.86
71,3,1,603.0
71,3,2,53.0
71,3,9,45.0
71,3,6,6.0
71,3,14,350.0
71,6,8,460.0
71,6,11,407.0
71,6,10,321.0
71,6,1,3505.0
71,6,2,97.0
71,6,9,106.0
71,6,6,73.0
71,6,14,761.0
71,2,8,21.0
71,2,11,158.0
71,2,10,64.88
71,2,1,1483.0
71,2,2,18.0
71,2,9,32.0
71,2,6,19.0
71,2,14,224.0
72,4,8,78.0
72,4,10,2.98
72,4,1,666.0
72,4,2,0.0
72,4,9,0.0
72,4,6,0.0
72,4,14,4.0
72,5,8,26.0
72,5,10,0.73
72,5,1,15.0
72,5,2,0.0
72,5,9,0.0
72,5,6,23.0
72,5,14,1.0
72,1,8,298.0
72,1,11,43.0
72,1,10,137.8
72,1,1,789.0
72,1,2,25.0
72,1,9,29.0
72,1,6,35.0
72,1,14,189.0
72,3,8,56.0
72,3,11,193.0
72,3,10,124.77
72,3,1,636.0
72,3,2,55.0
72,3,9,46.0
72,3,6,7.0
72,3,14,347.0
72,6,8,484.0
72,6,11,450.0
72,6,10,326.0
72,6,1,3591.0
72,6,2,100.0
72,6,9,106.0
72,6,6,108.0
72,6,14,816.0
72,2,8,26.0
72,2,11,214.0
72,2,10,60.15
72,2,1,1486.0
72,2,2,19.0
72,2,9,32.0
72,2,6,43.0
72,2,14,275.0
73,4,8,77.0
73,4,10,2.21
73,4,1,646.0
73,4,2,0.0
73,4,9,0.0
73,4,6,0.0
73,4,14,3.0
73,5,8,28.0
73,5,10,0.99
73,5,1,15.0
73,5,2,0.0
73,5,9,0.0
73,5,6,23.0
73,5,14,1.0
73,1,8,324.0
73,1,11,46.0
73,1,10,131.94
73,1,1,803.0
73,1,2,24.0
73,1,9,29.0
73,1,6,44.0
73,1,14,186.0
73,3,8,58.0
73,3,11,220.0
73,3,10,129.42
73,3,1,629.0
73,3,2,55.0
73,3,9,45.0
73,3,6,6.0
73,3,14,374.0
73,6,8,510.0
73,6,11,503.0
73,6,10,323.0
73,6,1,3570.0
73,6,2,97.0
73,6,9,107.0
73,6,6,135.0
73,6,14,861.0
73,2,8,23.0
73,2,11,237.0
73,2,10,58.77
73,2,1,1478.0
73,2,2,18.0
73,2,9,33.0
73,2,6,62.0
73,2,14,297.0
74,4,8,85.0
74,4,10,2.64
74,4,1,633.0
74,4,2,0.0
74,4,9,0.0
74,4,6,0.0
74,4,14,3.0
74,5,8,25.0
74,5,10,0.5
74,5,1,15.0
74,5,2,0.0
74,5,9,0.0
74,5,6,23.0
74,5,14,1.0
74,1,8,345.0
74,1,11,61.0
74,1,10,133.58
74,1,1,775.0
74,1,2,24.0
74,1,9,29.0
74,1,6,34.0
74,1,14,201.0
74,3,8,62.0
74,3,11,222.0
74,3,10,127.79
74,3,1,641.0
74,3,2,54.0
74,3,9,46.0
74,3,6,7.0
74,3,14,371.0
74,6,8,542.0
74,6,11,533.0
74,6,10,324.0
74,6,1,3478.0
74,6,2,96.0
74,6,9,107.0
74,6,6,101.0
74,6,14,886.0
74,2,8,26.0
74,2,11,249.0
74,2,10,59.68
74,2,1,1414.0
74,2,2,18.0
74,2,9,33.0
74,2,6,37.0
74,2,14,310.0
75,4,8,101.0
75,4,10,2.99
75,4,1,636.0
75,4,2,0.0
75,4,9,0.0
75,4,6,0.0
75,4,14,3.0
75,5,8,27.0
75,5,10,0.52
75,5,1,15.0
75,5,2,0.0
75,5,9,0.0
75,5,6,26.0
75,5,14,1.0
75,1,8,347.0
75,1,11,49.0
75,1,10,119.81
75,1,1,782.0
75,1,2,23.0
75,1,9,29.0
75,1,6,29.0
75,1,14,175.0
75,3,8,65.0
75,3,11,176.0
75,3,10,132.53
75,3,1,664.0
75,3,2,54.0
75,3,9,50.0
75,3,6,5.0
75,3,14,337.0
75,6,8,572.0
75,6,11,416.0
75,6,10,312.0
75,6,1,3530.0
75,6,2,94.0
75,6,9,110.0
75,6,6,84.0
75,6,14,762.0
75,2,8,34.0
75,2,11,190.0
75,2,10,56.05
75,2,1,1433.0
75,2,2,17.0
75,2,9,31.0
75,2,6,24.0
75,2,14,247.0
76,4,8,102.0
76,4,10,2.81
76,4,1,686.0
76,4,2,0.0
76,4,9,0.0
76,4,6,0.0
76,4,14,3.0
76,5,8,30.0
76,5,10,0.45
76,5,1,16.0
76,5,2,0.0
76,5,9,0.0
76,5,6,29.0
76,5,14,0.0
76,1,8,330.0
76,1,11,52.0
76,1,10,92.68
76,1,1,851.0
76,1,2,26.0
76,1,9,29.0
76,1,6,39.0
76,1,14,151.0
76,3,8,57.0
76,3,11,239.0
76,3,10,135.0
76,3,1,683.0
76,3,2,57.0
76,3,9,51.0
76,3,6,5.0
76,3,14,402.0
76,6,8,554.0
76,6,11,399.0
76,6,10,272.0
76,6,1,3626.0
76,6,2,99.0
76,6,9,108.0
76,6,6,120.0
76,6,14,705.0
76,2,8,36.0
76,2,11,107.0
76,2,10,41.12
76,2,1,1390.0
76,2,2,15.0
76,2,9,28.0
76,2,6,46.0
76,2,14,149.0
77,4,8,125.0
77,4,10,2.86
77,4,1,677.0
77,4,2,0.0
77,4,9,0.0
77,4,6,0.0
77,4,14,3.0
77,5,8,30.0
77,5,10,0.35
77,5,1,15.0
77,5,2,0.0
77,5,9,0.0
77,5,6,28.0
77,5,14,0.0
77,1,8,330.0
77,1,11,69.0
77,1,10,71.46
77,1,1,853.0
77,1,2,22.0
77,1,9,29.0
77,1,6,46.0
77,1,14,147.0
77,3,8,50.0
77,3,11,223.0
77,3,10,111.69
77,3,1,687.0
77,3,2,59.0
77,3,9,51.0
77,3,6,6.0
77,3,14,358.0
77,6,8,563.0
77,6,11,424.0
77,6,10,228.0
77,6,1,3631.0
77,6,2,96.0
77,6,9,109.0
77,6,6,135.0
77,6,14,683.0
77,2,8,28.0
77,2,11,131.0
77,2,10,41.53
77,2,1,1400.0
77,2,2,16.0
77,2,9,29.0
77,2,6,55.0
77,2,14,174.0
78,4,8,101.0
78,4,10,5.67
78,4,1,640.0
78,4,2,0.0
78,4,9,0.0
78,4,6,0.0
78,4,14,7.0
78,5,8,29.0
78,5,10,0.44
78,5,1,13.0
78,5,2,0.0
78,5,9,0.0
78,5,6,28.0
78,5,14,0.0
78,1,8,354.0
78,1,11,25.0
78,1,10,106.38
78,1,1,765.0
78,1,2,24.0
78,1,9,29.0
78,1,6,41.0
78,1,14,140.0
78,3,8,46.0
78,3,11,198.0
78,3,10,99.4
78,3,1,640.0
78,3,2,58.0
78,3,9,51.0
78,3,6,5.0
78,3,14,307.0
78,6,8,553.0
78,6,11,383.0
78,6,10,260.0
78,6,1,3418.0
78,6,2,99.0
78,6,9,111.0
78,6,6,123.0
78,6,14,663.0
78,2,8,23.0
78,2,11,160.0
78,2,10,47.81
78,2,1,1360.0
78,2,2,17.0
78,2,9,31.0
78,2,6,50.0
78,2,14,209.0
79,4,8,105.0
79,4,10,5.2
79,4,1,665.0
79,4,2,0.0
79,4,9,0.0
79,4,6,0.0
79,4,14,6.0
79,5,8,27.0
79,5,10,0.35
79,5,1,14.0
79,5,2,0.0
79,5,9,0.0
79,5,6,28.0
79,5,14,0.0
79,1,8,361.0
79,1,11,45.0
79,1,10,134.71
79,1,1,769.0
79,1,2,28.0
79,1,9,29.0
79,1,6,40.0
79,1,14,187.0
79,3,8,49.0
79,3,11,124.0
79,3,10,108.08
79,3,1,667.0
79,3,2,60.0
79,3,9,51.0
79,3,6,7.0
79,3,14,243.0
79,6,8,570.0
79,6,11,304.0
79,6,10,299.0
79,6,1,3560.0
79,6,2,105.0
79,6,9,112.0
79,6,6,130.0
79,6,14,623.0
79,2,8,27.0
79,2,11,135.0
79,2,10,50.67
79,2,1,1445.0
79,2,2,17.0
79,2,9,32.0
79,2,6,56.0
79,2,14,187.0
80,4,8,115.0
80,4,10,3.15
80,4,1,687.0
80,4,2,0.0
80,4,9,0.0
80,4,6,0.0
80,4,14,3.0
80,5,8,29.0
80,5,10,0.57
80,5,1,14.0
80,5,2,0.0
80,5,9,0.0
80,5,6,28.0
80,5,14,1.0
80,1,8,377.0
80,1,11,63.0
80,1,10,133.98
80,1,1,757.0
80,1,2,28.0
80,1,9,29.0
80,1,6,42.0
80,1,14,204.0
80,3,8,46.0
80,3,11,118.0
80,3,10,105.04
80,3,1,657.0
80,3,2,60.0
80,3,9,51.0
80,3,6,6.0
80,3,14,244.0
80,6,8,600.0
80,6,11,311.0
80,6,10,300.0
80,6,1,3563.0
80,6,2,106.0
80,6,9,112.0
80,6,6,126.0
80,6,14,640.0
80,2,8,33.0
80,2,11,130.0
80,2,10,57.23
80,2,1,1448.0
80,2,2,17.0
80,2,9,32.0
80,2,6,49.0
80,2,14,188.0
81,4,8,115.0
81,4,10,2.27
81,4,1,681.0
81,4,2,0.0
81,4,9,0.0
81,4,6,0.0
81,4,14,3.0
81,5,8,29.0
81,5,10,0.6
81,5,1,14.0
81,5,2,0.0
81,5,9,0.0
81,5,6,28.0
81,5,14,1.0
81,1,8,385.0
81,1,11,58.0
81,1,10,136.24
81,1,1,781.0
81,1,2,30.0
81,1,9,29.0
81,1,6,43.0
81,1,14,201.0
81,3,8,48.0
81,3,11,122.0
81,3,10,99.16
81,3,1,661.0
81,3,2,58.0
81,3,9,51.0
81,3,6,7.0
81,3,14,243.0
81,6,8,609.0
81,6,11,291.0
81,6,10,295.0
81,6,1,3618.0
81,6,2,106.0
81,6,9,115.0
81,6,6,129.0
81,6,14,617.0
81,2,8,32.0
81,2,11,112.0
81,2,10,56.42
81,2,1,1481.0
81,2,2,17.0
81,2,9,35.0
81,2,6,51.0
81,2,14,169.0
82,4,8,115.0
82,4,10,2.66
82,4,1,660.0
82,4,2,0.0
82,4,9,0.0
82,4,6,0.0
82,4,14,3.0
82,5,8,30.0
82,5,10,0.65
82,5,1,14.0
82,5,2,0.0
82,5,9,0.0
82,5,6,28.0
82,5,14,1.0
82,1,8,386.0
82,1,11,49.0
82,1,10,136.43
82,1,1,797.0
82,1,2,32.0
82,1,9,29.0
82,1,6,47.0
82,1,14,191.0
82,3,8,48.0
82,3,11,129.0
82,3,10,103.39
82,3,1,654.0
82,3,2,61.0
82,3,9,51.0
82,3,6,6.0
82,3,14,253.0
82,6,8,613.0
82,6,11,304.0
82,6,10,297.0
82,6,1,3615.0
82,6,2,110.0
82,6,9,125.0
82,6,6,135.0
82,6,14,629.0
82,2,8,33.0
82,2,11,126.0
82,2,10,54.12
82,2,1,1490.0
82,2,2,17.0
82,2,9,44.0
82,2,6,54.0
82,2,14,181.0
83,4,8,103.0
83,4,10,2.36
83,4,1,659.0
83,4,2,0.0
83,4,9,0.0
83,4,6,0.0
83,4,14,3.0
83,5,8,30.0
83,5,10,1.01
83,5,1,14.0
83,5,2,0.0
83,5,9,0.0
83,5,6,28.0
83,5,14,1.0
83,1,8,395.0
83,1,11,46.0
83,1,10,140.06
83,1,1,811.0
83,1,2,30.0
83,1,9,29.0
83,1,6,46.0
83,1,14,191.0
83,3,8,42.0
83,3,11,178.0
83,3,10,95.22
83,3,1,645.0
83,3,2,58.0
83,3,9,51.0
83,3,6,7.0
83,3,14,296.0
83,6,8,610.0
83,6,11,342.0
83,6,10,286.0
83,6,1,3609.0
83,6,2,104.0
83,6,9,125.0
83,6,6,134.0
83,6,14,657.0
83,2,8,40.0
83,2,11,118.0
83,2,10,46.94
83,2,1,1480.0
83,2,2,17.0
83,2,9,45.0
83,2,6,53.0
83,2,14,166.0
84,4,8,98.0
84,4,10,2.28
84,4,1,645.0
84,4,2,0.0
84,4,9,0.0
84,4,6,0.0
84,4,14,3.0
84,5,8,27.0
84,5,10,1.27
84,5,1,14.0
84,5,2,0.0
84,5,9,0.0
84,5,6,23.0
84,5,14,1.0
84,1,8,393.0
84,1,11,42.0
84,1,10,138.65
84,1,1,804.0
84,1,2,29.0
84,1,9,29.0
84,1,6,46.0
84,1,14,188.0
84,3,8,40.0
84,3,11,206.0
84,3,10,87.88
84,3,1,629.0
84,3,2,56.0
84,3,9,51.0
84,3,6,7.0
84,3,14,317.0
84,6,8,589.0
84,6,11,352.0
84,6,10,272.0
84,6,1,3525.0
84,6,2,103.0
84,6,9,127.0
84,6,6,124.0
84,6,14,657.0
84,2,8,31.0
84,2,11,105.0
84,2,10,42.09
84,2,1,1433.0
84,2,2,17.0
84,2,9,46.0
84,2,6,49.0
84,2,14,148.0
85,4,8,85.0
85,4,10,1.77
85,4,1,603.0
85,4,2,0.0
85,4,9,0.0
85,4,6,0.0
85,4,14,2.0
85,5,8,19.0
85,5,10,1.14
85,5,1,12.0
85,5,2,0.0
85,5,9,0.0
85,5,6,23.0
85,5,14,1.0
85,1,8,389.0
85,1,11,31.0
85,1,10,124.64
85,1,1,675.0
85,1,2,28.0
85,1,9,29.0
85,1,6,26.0
85,1,14,163.0
85,3,8,37.0
85,3,11,152.0
85,3,10,94.16
85,3,1,597.0
85,3,2,55.0
85,3,9,51.0
85,3,6,6.0
85,3,14,267.0
85,6,8,560.0
85,6,11,272.0
85,6,10,262.0
85,6,1,3213.0
85,6,2,97.0
85,6,9,128.0
85,6,6,78.0
85,6,14,562.0
85,2,8,30.0
85,2,11,88.0
85,2,10,40.32
85,2,1,1327.0
85,2,2,15.0
85,2,9,47.0
85,2,6,23.0
85,2,14,129.0
86,4,8,103.0
86,4,10,4.37
86,4,1,584.0
86,4,2,0.0
86,4,9,0.0
86,4,6,0.0
86,4,14,6.0
86,5,8,26.0
86,5,10,1.24
86,5,1,12.0
86,5,2,0.0
86,5,9,0.0
86,5,6,23.0
86,5,14,1.0
86,1,8,382.0
86,1,11,21.0
86,1,10,119.68
86,1,1,670.0
86,1,2,29.0
86,1,9,29.0
86,1,6,15.0
86,1,14,147.0
86,3,8,32.0
86,3,11,224.0
86,3,10,97.47
86,3,1,590.0
86,3,2,53.0
86,3,9,51.0
86,3,6,6.0
86,3,14,341.0
86,6,8,574.0
86,6,11,360.0
86,6,10,256.0
86,6,1,3194.0
86,6,2,91.0
86,6,9,127.0
86,6,6,57.0
86,6,14,644.0
86,2,8,31.0
86,2,11,115.0
86,2,10,33.04
86,2,1,1338.0
86,2,2,9.0
86,2,9,47.0
86,2,6,14.0
86,2,14,149.0
87,4,8,104.0
87,4,10,4.15
87,4,1,621.0
87,4,2,0.0
87,4,9,0.0
87,4,6,0.0
87,4,14,6.0
87,5,8,25.0
87,5,10,0.98
87,5,1,13.0
87,5,2,0.0
87,5,9,0.0
87,5,6,23.0
87,5,14,1.0
87,1,8,396.0
87,1,11,15.0
87,1,10,120.87
87,1,1,687.0
87,1,2,29.0
87,1,9,29.0
87,1,6,16.0
87,1,14,142.0
87,3,8,36.0
87,3,11,204.0
87,3,10,105.52
87,3,1,612.0
87,3,2,57.0
87,3,9,48.0
87,3,6,5.0
87,3,14,330.0
87,6,8,598.0
87,6,11,326.0
87,6,10,265.0
87,6,1,3259.0
87,6,2,97.0
87,6,9,125.0
87,6,6,54.0
87,6,14,621.0
87,2,8,37.0
87,2,11,108.0
87,2,10,33.38
87,2,1,1327.0
87,2,2,11.0
87,2,9,47.0
87,2,6,10.0
87,2,14,142.0
88,4,8,101.0
88,4,10,1.81
88,4,1,622.0
88,4,2,0.0
88,4,9,0.0
88,4,6,0.0
88,4,14,3.0
88,5,8,23.0
88,5,10,0.93
88,5,1,12.0
88,5,2,0.0
88,5,9,0.0
88,5,6,22.0
88,5,14,1.0
88,1,8,399.0
88,1,11,15.0
88,1,10,121.71
88,1,1,679.0
88,1,2,29.0
88,1,9,29.0
88,1,6,16.0
88,1,14,143.0
88,3,8,40.0
88,3,11,218.0
88,3,10,105.67
88,3,1,613.0
88,3,2,56.0
88,3,9,46.0
88,3,6,6.0
88,3,14,346.0
88,6,8,597.0
88,6,11,354.0
88,6,10,266.0
88,6,1,3269.0
88,6,2,98.0
88,6,9,122.0
88,6,6,55.0
88,6,14,650.0
88,2,8,35.0
88,2,11,121.0
88,2,10,35.66
88,2,1,1343.0
88,2,2,12.0
88,2,9,47.0
88,2,6,11.0
88,2,14,157.0
89,4,8,125.0
89,4,10,2.11
89,4,1,609.0
89,4,2,0.0
89,4,9,0.0
89,4,6,0.0
89,4,14,3.0
89,5,8,24.0
89,5,10,0.84
89,5,1,12.0
89,5,2,0.0
89,5,9,0.0
89,5,6,22.0
89,5,14,1.0
89,1,8,399.0
89,1,11,20.0
89,1,10,121.7
89,1,1,657.0
89,1,2,28.0
89,1,9,29.0
89,1,6,16.0
89,1,14,149.0
89,3,8,35.0
89,3,11,218.0
89,3,10,106.65
89,3,1,613.0
89,3,2,56.0
89,3,9,46.0
89,3,6,6.0
89,3,14,348.0
89,6,8,622.0
89,6,11,395.0
89,6,10,266.0
89,6,1,3115.0
89,6,2,98.0
89,6,9,122.0
89,6,6,51.0
89,6,14,692.0
89,2,8,38.0
89,2,11,156.0
89,2,10,34.81
89,2,1,1224.0
89,2,2,14.0
89,2,9,47.0
89,2,6,7.0
89,2,14,192.0
90,4,8,130.0
90,4,10,2.45
90,4,1,564.0
90,4,2,0.0
90,4,9,0.0
90,4,6,0.0
90,4,14,3.0
90,5,8,23.0
90,5,10,0.89
90,5,1,12.0
90,5,2,0.0
90,5,9,0.0
90,5,6,22.0
90,5,14,1.0
90,1,8,396.0
90,1,11,29.0
90,1,10,126.42
90,1,1,630.0
90,1,2,26.0
90,1,9,29.0
90,1,6,15.0
90,1,14,161.0
90,3,8,38.0
90,3,11,214.0
90,3,10,115.61
90,3,1,601.0
90,3,2,55.0
90,3,9,50.0
90,3,6,6.0
90,3,14,352.0
90,6,8,625.0
90,6,11,419.0
90,6,10,283.0
90,6,1,2993.0
90,6,2,93.0
90,6,9,127.0
90,6,6,52.0
90,6,14,732.0
90,2,8,38.0
90,2,11,176.0
90,2,10,37.22
90,2,1,1186.0
90,2,2,12.0
90,2,9,47.0
90,2,6,9.0
90,2,14,214.0
91,4,8,122.0
91,4,10,2.8
91,4,1,597.0
91,4,2,0.0
91,4,9,0.0
91,4,6,0.0
91,4,14,3.0
91,5,8,24.0
91,5,10,0.83
91,5,1,14.0
91,5,2,0.0
91,5,9,0.0
91,5,6,23.0
91,5,14,1.0
91,1,8,395.0
91,1,11,29.0
91,1,10,129.31
91,1,1,662.0
91,1,2,28.0
91,1,9,30.0
91,1,6,10.0
91,1,14,163.0
91,3,8,46.0
91,3,11,199.0
91,3,10,117.62
91,3,1,612.0
91,3,2,56.0
91,3,9,46.0
91,3,6,6.0
91,3,14,333.0
91,6,8,632.0
91,6,11,378.0
91,6,10,288.0
91,6,1,3122.0
91,6,2,97.0
91,6,9,123.0
91,6,6,47.0
91,6,14,689.0
91,2,8,44.0
91,2,11,150.0
91,2,10,37.25
91,2,1,1238.0
91,2,2,12.0
91,2,9,47.0
91,2,6,8.0
91,2,14,188.0
92,4,8,132.0
92,4,10,2.63
92,4,1,610.0
92,4,2,0.0
92,4,9,0.0
92,4,6,0.0
92,4,14,12.0
92,5,8,23.0
92,5,10,0.68
92,5,1,13.0
92,5,2,0.0
92,5,9,0.0
92,5,6,23.0
92,5,14,1.0
92,1,8,402.0
92,1,11,29.0
92,1,10,136.43
92,1,1,669.0
92,1,2,27.0
92,1,9,29.0
92,1,6,10.0
92,1,14,172.0
92,3,8,40.0
92,3,11,209.0
92,3,10,100.21
92,3,1,586.0
92,3,2,51.0
92,3,9,46.0
92,3,6,6.0
92,3,14,325.0
92,6,8,641.0
92,6,11,325.0
92,6,10,288.0
92,6,1,3149.0
92,6,2,90.0
92,6,9,123.0
92,6,6,48.0
92,6,14,646.0
92,2,8,45.0
92,2,11,88.0
92,2,10,48.26
92,2,1,1270.0
92,2,2,12.0
92,2,9,47.0
92,2,6,10.0
92,2,14,137.0
93,4,8,128.0
93,4,10,2.29
93,4,1,645.0
93,4,2,0.0
93,4,9,0.0
93,4,6,0.0
93,4,14,3.0
93,5,8,26.0
93,5,10,0.9
93,5,1,16.0
93,5,2,0.0
93,5,9,0.0
93,5,6,23.0
93,5,14,1.0
93,1,8,399.0
93,1,11,26.0
93,1,10,140.68
93,1,1,739.0
93,1,2,27.0
93,1,9,29.0
93,1,6,14.0
93,1,14,174.0
93,3,8,50.0
93,3,11,227.0
93,3,10,100.48
93,3,1,615.0
93,3,2,56.0
93,3,9,46.0
93,3,6,6.0
93,3,14,344.0
93,6,8,658.0
93,6,11,313.0
93,6,10,296.0
93,6,1,3392.0
93,6,2,94.0
93,6,9,122.0
93,6,6,62.0
93,6,14,635.0
93,2,8,54.0
93,2,11,61.0
93,2,10,51.77
93,2,1,1378.0
93,2,2,11.0
93,2,9,47.0
93,2,6,19.0
93,2,14,113.0
94,4,8,132.0
94,4,10,2.74
94,4,1,642.0
94,4,2,0.0
94,4,9,0.0
94,4,6,0.0
94,4,14,4.0
94,5,8,28.0
94,5,10,1.09
94,5,1,15.0
94,5,2,0.0
94,5,9,0.0
94,5,6,23.0
94,5,14,1.0
94,1,8,397.0
94,1,11,45.0
94,1,10,135.44
94,1,1,754.0
94,1,2,27.0
94,1,9,29.0
94,1,6,15.0
94,1,14,188.0
94,3,8,50.0
94,3,11,248.0
94,3,10,92.2
94,3,1,612.0
94,3,2,51.0
94,3,9,46.0
94,3,6,7.0
94,3,14,358.0
94,6,8,651.0
94,6,11,364.0
94,6,10,282.0
94,6,1,3451.0
94,6,2,90.0
94,6,9,122.0
94,6,6,68.0
94,6,14,673.0
94,2,8,45.0
94,2,11,72.0
94,2,10,50.18
94,2,1,1428.0
94,2,2,12.0
94,2,9,47.0
94,2,6,23.0
94,2,14,123.0
95,4,8,128.0
95,4,10,5.26
95,4,1,596.0
95,4,2,0.0
95,4,9,0.0
95,4,6,0.0
95,4,14,6.0
95,5,8,25.0
95,5,10,1.19
95,5,1,14.0
95,5,2,0.0
95,5,9,0.0
95,5,6,22.0
95,5,14,1.0
95,1,8,391.0
95,1,11,35.0
95,1,10,127.95
95,1,1,726.0
95,1,2,23.0
95,1,9,25.0
95,1,6,11.0
95,1,14,170.0
95,3,8,49.0
95,3,11,250.0
95,3,10,87.18
95,3,1,578.0
95,3,2,48.0
95,3,9,46.0
95,3,6,7.0
95,3,14,356.0
95,6,8,636.0
95,6,11,358.0
95,6,10,268.0
95,6,1,3341.0
95,6,2,85.0
95,6,9,116.0
95,6,6,67.0
95,6,14,654.0
95,2,8,44.0
95,2,11,73.0
95,2,10,46.18
95,2,1,1426.0
95,2,2,14.0
95,2,9,46.0
95,2,6,27.0
95,2,14,120.0
96,4,8,125.0
96,4,10,2.17
96,4,1,609.0
96,4,2,0.0
96,4,9,0.0
96,4,6,0.0
96,4,14,3.0
96,5,8,24.0
96,5,10,0.87
96,5,1,13.0
96,5,2,0.0
96,5,9,0.0
96,5,6,22.0
96,5,14,1.0
96,1,8,386.0
96,1,11,13.0
96,1,10,108.99
96,1,1,680.0
96,1,2,21.0
96,1,9,25.0
96,1,6,14.0
96,1,14,130.0
96,3,8,46.0
96,3,11,268.0
96,3,10,82.74
96,3,1,558.0
96,3,2,47.0
96,3,9,46.0
96,3,6,7.0
96,3,14,369.0
96,6,8,619.0
96,6,11,352.0
96,6,10,234.0
96,6,1,3241.0
96,6,2,81.0
96,6,9,116.0
96,6,6,68.0
96,6,14,615.0
96,2,8,38.0
96,2,11,71.0
96,2,10,39.39
96,2,1,1381.0
96,2,2,14.0
96,2,9,45.0
96,2,6,24.0
96,2,14,112.0
97,4,8,120.0
97,4,10,2.35
97,4,1,611.0
97,4,2,0.0
97,4,9,0.0
97,4,6,0.0
97,4,14,4.0
97,5,8,30.0
97,5,10,0.93
97,5,1,12.0
97,5,2,0.0
97,5,9,0.0
97,5,6,23.0
97,5,14,1.0
97,1,8,388.0
97,1,11,12.0
97,1,10,103.23
97,1,1,682.0
97,1,2,19.0
97,1,9,25.0
97,1,6,18.0
97,1,14,123.0
97,3,8,53.0
97,3,11,240.0
97,3,10,89.01
97,3,1,565.0
97,3,2,47.0
97,3,9,47.0
97,3,6,7.0
97,3,14,347.0
97,6,8,621.0
97,6,11,347.0
97,6,10,229.0
97,6,1,3267.0
97,6,2,79.0
97,6,9,118.0
97,6,6,67.0
97,6,14,604.0
97,2,8,30.0
97,2,11,94.0
97,2,10,33.96
97,2,1,1398.0
97,2,2,14.0
97,2,9,46.0
97,2,6,20.0
97,2,14,129.0
98,4,8,130.0
98,4,10,2.24
98,4,1,549.0
98,4,2,0.0
98,4,9,0.0
98,4,6,0.0
98,4,14,3.0
98,5,8,31.0
98,5,10,1.12
98,5,1,11.0
98,5,2,0.0
98,5,9,0.0
98,5,6,16.0
98,5,14,1.0
98,1,8,375.0
98,1,11,5.0
98,1,10,100.14
98,1,1,578.0
98,1,2,17.0
98,1,9,22.0
98,1,6,7.0
98,1,14,112.0
98,3,8,53.0
98,3,11,210.0
98,3,10,88.63
98,3,1,540.0
98,3,2,36.0
98,3,9,43.0
98,3,6,6.0
98,3,14,314.0
98,6,8,623.0
98,6,11,342.0
98,6,10,230.0
98,6,1,2900.0
98,6,2,65.0
98,6,9,108.0
98,6,6,43.0
98,6,14,597.0
98,2,8,34.0
98,2,11,128.0
98,2,10,37.9
98,2,1,1222.0
98,2,2,12.0
98,2,9,42.0
98,2,6,15.0
98,2,14,167.0
99,4,8,139.0
99,4,10,2.72
99,4,1,585.0
99,4,2,0.0
99,4,9,0.0
99,4,6,0.0
99,4,14,4.0
99,5,8,31.0
99,5,10,1.0
99,5,1,13.0
99,5,2,0.0
99,5,9,0.0
99,5,6,27.0
99,5,14,1.0
99,1,8,237.0
99,1,11,8.0
99,1,10,116.5
99,1,1,572.0
99,1,2,21.0
99,1,9,25.0
99,1,6,7.0
99,1,14,131.0
99,3,8,48.0
99,3,11,170.0
99,3,10,108.44
99,3,1,586.0
99,3,2,55.0
99,3,9,46.0
99,3,6,7.0
99,3,14,294.0
99,6,8,493.0
99,6,11,313.0
99,6,10,259.0
99,6,1,3008.0
99,6,2,90.0
99,6,9,118.0
99,6,6,51.0
99,6,14,595.0
99,2,8,38.0
99,2,11,135.0
99,2,10,30.36
99,2,1,1252.0
99,2,2,14.0
99,2,9,47.0
99,2,6,10.0
99,2,14,166.0
100,4,8,132.0
100,4,10,2.74
100,4,1,657.0
100,4,2,0.0
100,4,9,0.0
100,4,6,0.0
100,4,14,4.0
100,5,8,30.0
100,5,10,0.72
100,5,1,16.0
100,5,2,0.0
100,5,9,0.0
100,5,6,27.0
100,5,14,1.0
100,1,8,156.0
100,1,11,10.0
100,1,10,121.33
100,1,1,659.0
100,1,2,24.0
100,1,9,25.0
100,1,6,11.0
100,1,14,138.0
100,3,8,64.0
100,3,11,148.0
100,3,10,94.05
100,3,1,625.0
100,3,2,57.0
100,3,9,42.0
100,3,6,7.0
100,3,14,259.0
100,6,8,428.0
100,6,11,309.0
100,6,10,259.0
100,6,1,3333.0
100,6,2,94.0
100,6,9,114.0
100,6,6,58.0
100,6,14,593.0
100,2,8,46.0
100,2,11,151.0
100,2,10,40.03
100,2,1,1377.0
100,2,2,14.0
100,2,9,47.0
100,2,6,14.0
100,2,14,192.0
101,4,8,129.0
101,4,10,2.31
101,4,1,647.0
101,4,2,0.0
101,4,9,0.0
101,4,6,0.0
101,4,14,3.0
101,5,8,31.0
101,5,10,0.64
101,5,1,15.0
101,5,2,0.0
101,5,9,0.0
101,5,6,26.0
101,5,14,1.0
101,1,8,182.0
101,1,11,27.0
101,1,10,132.73
101,1,1,709.0
101,1,2,25.0
101,1,9,25.0
101,1,6,11.0
101,1,14,165.0
101,3,8,61.0
101,3,11,161.0
101,3,10,81.76
101,3,1,611.0
101,3,2,55.0
101,3,9,41.0
101,3,6,7.0
101,3,14,262.0
101,6,8,454.0
101,6,11,331.0
101,6,10,258.0
101,6,1,3381.0
101,6,2,96.0
101,6,9,113.0
101,6,6,59.0
101,6,14,615.0
101,2,8,50.0
101,2,11,143.0
101,2,10,40.5
101,2,1,1398.0
101,2,2,16.0
101,2,9,47.0
101,2,6,15.0
101,2,14,184.0
102,4,8,124.0
102,4,10,5.41
102,4,1,635.0
102,4,2,0.0
102,4,9,0.0
102,4,6,0.0
102,4,14,7.0
102,5,8,35.0
102,5,10,0.61
102,5,1,14.0
102,5,2,0.0
102,5,9,0.0
102,5,6,25.0
102,5,14,1.0
102,1,8,235.0
102,1,11,40.0
102,1,10,137.87
102,1,1,758.0
102,1,2,27.0
102,1,9,24.0
102,1,6,9.0
102,1,14,184.0
102,3,8,55.0
102,3,11,160.0
102,3,10,97.65
102,3,1,613.0
102,3,2,48.0
102,3,9,44.0
102,3,6,6.0
102,3,14,276.0
102,6,8,508.0
102,6,11,330.0
102,6,10,285.0
102,6,1,3428.0
102,6,2,91.0
102,6,9,116.0
102,6,6,57.0
102,6,14,642.0
102,2,8,60.0
102,2,11,130.0
102,2,10,43.2
102,2,1,1409.0
102,2,2,16.0
102,2,9,47.0
102,2,6,17.0
102,2,14,174.0
103,4,8,132.0
103,4,10,5.4
103,4,1,636.0
103,4,2,0.0
103,4,9,0.0
103,4,6,0.0
103,4,14,7.0
103,5,8,36.0
103,5,10,0.8
103,5,1,16.0
103,5,2,0.0
103,5,9,0.0
103,5,6,25.0
103,5,14,1.0
103,1,8,278.0
103,1,11,52.0
103,1,10,137.6
103,1,1,765.0
103,1,2,25.0
103,1,9,26.0
103,1,6,24.0
103,1,14,196.0
103,3,8,55.0
103,3,11,192.0
103,3,10,102.37
103,3,1,583.0
103,3,2,51.0
103,3,9,46.0
103,3,6,6.0
103,3,14,314.0
103,6,8,565.0
103,6,11,354.0
103,6,10,295.0
103,6,1,3397.0
103,6,2,93.0
103,6,9,119.0
103,6,6,83.0
103,6,14,677.0
103,2,8,62.0
103,2,11,110.0
103,2,10,49.23
103,2,1,1396.0
103,2,2,17.0
103,2,9,47.0
103,2,6,28.0
103,2,14,160.0
104,4,8,130.0
104,4,10,2.16
104,4,1,624.0
104,4,2,0.0
104,4,9,0.0
104,4,6,0.0
104,4,14,4.0
104,5,8,33.0
104,5,10,0.93
104,5,1,14.0
104,5,2,0.0
104,5,9,0.0
104,5,6,25.0
104,5,14,1.0
104,1,8,335.0
104,1,11,41.0
104,1,10,129.23
104,1,1,735.0
104,1,2,24.0
104,1,9,29.0
104,1,6,24.0
104,1,14,177.0
104,3,8,55.0
104,3,11,215.0
104,3,10,114.83
104,3,1,565.0
104,3,2,59.0
104,3,9,46.0
104,3,6,6.0
104,3,14,348.0
104,6,8,611.0
104,6,11,380.0
104,6,10,294.0
104,6,1,3355.0
104,6,2,100.0
104,6,9,122.0
104,6,6,85.0
104,6,14,700.0
104,2,8,58.0
104,2,11,124.0
104,2,10,46.56
104,2,1,1417.0
104,2,2,17.0
104,2,9,47.0
104,2,6,30.0
104,2,14,171.0
105,4,8,130.0
105,4,10,1.25
105,4,1,600.0
105,4,2,0.0
105,4,9,0.0
105,4,6,0.0
105,4,14,3.0
105,5,8,33.0
105,5,10,1.09
105,5,1,14.0
105,5,2,0.0
105,5,9,0.0
105,5,6,27.0
105,5,14,1.0
105,1,8,339.0
105,1,11,58.0
105,1,10,134.5
105,1,1,724.0
105,1,2,24.0
105,1,9,29.0
105,1,6,21.0
105,1,14,198.0
105,3,8,63.0
105,3,11,182.0
105,3,10,109.31
105,3,1,551.0
105,3,2,55.0
105,3,9,46.0
105,3,6,6.0
105,3,14,309.0
105,6,8,620.0
105,6,11,418.0
105,6,10,290.0
105,6,1,3289.0
105,6,2,96.0
105,6,9,122.0
105,6,6,83.0
105,6,14,733.0
105,2,8,55.0
105,2,11,178.0
105,2,10,43.94
105,2,1,1400.0
105,2,2,16.0
105,2,9,47.0
105,2,6,28.0
105,2,14,223.0
106,4,8,115.0
106,4,10,1.76
106,4,1,596.0
106,4,2,0.0
106,4,9,0.0
106,4,6,0.0
106,4,14,2.0
106,5,8,32.0
106,5,10,0.7
106,5,1,13.0
106,5,2,0.0
106,5,9,0.0
106,5,6,29.0
106,5,14,1.0
106,1,8,339.0
106,1,11,43.0
106,1,10,129.72
106,1,1,688.0
106,1,2,24.0
106,1,9,29.0
106,1,6,17.0
106,1,14,179.0
106,3,8,53.0
106,3,11,169.0
106,3,10,92.81
106,3,1,566.0
106,3,2,55.0
106,3,9,46.0
106,3,6,7.0
106,3,14,279.0
106,6,8,589.0
106,6,11,364.0
106,6,10,268.0
106,6,1,3199.0
106,6,2,94.0
106,6,9,122.0
106,6,6,63.0
106,6,14,658.0
106,2,8,50.0
106,2,11,153.0
106,2,10,43.42
106,2,1,1336.0
106,2,2,15.0
106,2,9,47.0
106,2,6,11.0
106,2,14,197.0
107,4,8,124.0
107,4,10,1.64
107,4,1,637.0
107,4,2,0.0
107,4,9,0.0
107,4,6,0.0
107,4,14,2.0
107,5,8,37.0
107,5,10,0.67
107,5,1,15.0
107,5,2,0.0
107,5,9,0.0
107,5,6,28.0
107,5,14,1.0
107,1,8,363.0
107,1,11,24.0
107,1,10,125.57
107,1,1,762.0
107,1,2,24.0
107,1,9,29.0
107,1,6,20.0
107,1,14,156.0
107,3,8,57.0
107,3,11,223.0
107,3,10,90.05
107,3,1,583.0
107,3,2,58.0
107,3,9,46.0
107,3,6,7.0
107,3,14,330.0
107,6,8,637.0
107,6,11,364.0
107,6,10,257.0
107,6,1,3372.0
107,6,2,98.0
107,6,9,122.0
107,6,6,73.0
107,6,14,646.0
107,2,8,56.0
107,2,11,117.0
107,2,10,39.16
107,2,1,1375.0
107,2,2,16.0
107,2,9,47.0
107,2,6,18.0
107,2,14,157.0
108,4,8,132.0
108,4,10,1.85
108,4,1,612.0
108,4,2,0.0
108,4,9,0.0
108,4,6,0.0
108,4,14,3.0
108,5,8,37.0
108,5,10,1.37
108,5,1,14.0
108,5,2,0.0
108,5,9,0.0
108,5,6,28.0
108,5,14,1.0
108,1,8,372.0
108,1,11,27.0
108,1,10,124.45
108,1,1,755.0
108,1,2,26.0
108,1,9,29.0
108,1,6,22.0
108,1,14,158.0
108,3,8,44.0
108,3,11,272.0
108,3,10,75.98
108,3,1,578.0
108,3,2,56.0
108,3,9,46.0
108,3,6,7.0
108,3,14,366.0
108,6,8,642.0
108,6,11,442.0
108,6,10,240.0
108,6,1,3312.0
108,6,2,97.0
108,6,9,122.0
108,6,6,82.0
108,6,14,708.0
108,2,8,57.0
108,2,11,143.0
108,2,10,36.1
108,2,1,1353.0
108,2,2,15.0
108,2,9,47.0
108,2,6,26.0
108,2,14,180.0
109,4,8,135.0
109,4,10,2.44
109,4,1,594.0
109,4,2,0.0
109,4,9,0.0
109,4,6,0.0
109,4,14,4.0
109,5,8,34.0
109,5,10,1.36
109,5,1,13.0
109,5,2,0.0
109,5,9,0.0
109,5,6,28.0
109,5,14,1.0
109,1,8,377.0
109,1,11,15.0
109,1,10,106.27
109,1,1,760.0
109,1,2,28.0
109,1,9,29.0
109,1,6,33.0
109,1,14,128.0
109,3,8,60.0
109,3,11,296.0
109,3,10,73.64
109,3,1,553.0
109,3,2,57.0
109,3,9,46.0
109,3,6,7.0
109,3,14,390.0
109,6,8,655.0
109,6,11,465.0
109,6,10,219.0
109,6,1,3241.0
109,6,2,97.0
109,6,9,125.0
109,6,6,94.0
109,6,14,714.0
109,2,8,50.0
109,2,11,154.0
109,2,10,35.67
109,2,1,1320.0
109,2,2,12.0
109,2,9,49.0
109,2,6,26.0
109,2,14,191.0
110,4,8,137.0
110,4,10,5.01
110,4,1,591.0
110,4,2,0.0
110,4,9,0.0
110,4,6,0.0
110,4,14,7.0
110,5,8,32.0
110,5,10,1.08
110,5,1,16.0
110,5,2,0.0
110,5,9,0.0
110,5,6,29.0
110,5,14,1.0
110,1,8,380.0
110,1,11,4.0
110,1,10,117.65
110,1,1,800.0
110,1,2,28.0
110,1,9,29.0
110,1,6,33.0
110,1,14,129.0
110,3,8,79.0
110,3,11,295.0
110,3,10,80.83
110,3,1,547.0
110,3,2,54.0
110,3,9,46.0
110,3,6,7.0
110,3,14,390.0
110,6,8,674.0
110,6,11,443.0
110,6,10,245.0
110,6,1,3319.0
110,6,2,93.0
110,6,9,127.0
110,6,6,89.0
110,6,14,712.0
110,2,8,46.0
110,2,11,144.0
110,2,10,40.67
110,2,1,1365.0
110,2,2,11.0
110,2,9,52.0
110,2,6,22.0
110,2,14,186.0
111,4,8,140.0
111,4,10,5.02
111,4,1,619.0
111,4,2,0.0
111,4,9,0.0
111,4,6,0.0
111,4,14,7.0
111,5,8,31.0
111,5,10,0.93
111,5,1,17.0
111,5,2,0.0
111,5,9,0.0
111,5,6,29.0
111,5,14,1.0
111,1,8,380.0
111,1,11,9.0
111,1,10,115.44
111,1,1,818.0
111,1,2,29.0
111,1,9,29.0
111,1,6,35.0
111,1,14,131.0
111,3,8,80.0
111,3,11,298.0
111,3,10,76.06
111,3,1,526.0
111,3,2,55.0
111,3,9,46.0
111,3,6,7.0
111,3,14,401.0
111,6,8,676.0
111,6,11,433.0
111,6,10,237.0
111,6,1,3373.0
111,6,2,94.0
111,6,9,127.0
111,6,6,92.0
111,6,14,707.0
111,2,8,46.0
111,2,11,126.0
111,2,10,39.91
111,2,1,1394.0
111,2,2,11.0
111,2,9,52.0
111,2,6,21.0
111,2,14,166.0
112,4,8,137.0
112,4,10,2.64
112,4,1,604.0
112,4,2,0.0
112,4,9,0.0
112,4,6,0.0
112,4,14,4.0
112,5,8,29.0
112,5,10,1.11
112,5,1,14.0
112,5,2,0.0
112,5,9,0.0
112,5,6,28.0
112,5,14,1.0
112,1,8,374.0
112,1,11,7.0
112,1,10,108.18
112,1,1,747.0
112,1,2,29.0
112,1,9,29.0
112,1,6,34.0
112,1,14,122.0
112,3,8,64.0
112,3,11,298.0
112,3,10,82.55
112,3,1,522.0
112,3,2,53.0
112,3,9,50.0
112,3,6,7.0
112,3,14,413.0
112,6,8,662.0
112,6,11,433.0
112,6,10,226.0
112,6,1,3238.0
112,6,2,92.0
112,6,9,131.0
112,6,6,93.0
112,6,14,701.0
112,2,8,57.0
112,2,11,129.0
112,2,10,31.09
112,2,1,1351.0
112,2,2,10.0
112,2,9,52.0
112,2,6,24.0
112,2,14,161.0
113,4,8,141.0
113,4,10,2.59
113,4,1,579.0
113,4,2,0.0
113,4,9,0.0
113,4,6,0.0
113,4,14,4.0
113,5,8,31.0
113,5,10,0.97
113,5,1,14.0
113,5,2,0.0
113,5,9,0.0
113,5,6,29.0
113,5,14,1.0
113,1,8,381.0
113,1,11,21.0
113,1,10,118.26
113,1,1,723.0
113,1,2,27.0
113,1,9,29.0
113,1,6,32.0
113,1,14,146.0
113,3,8,71.0
113,3,11,285.0
113,3,10,76.87
113,3,1,496.0
113,3,2,50.0
113,3,9,60.0
113,3,6,7.0
113,3,14,395.0
113,6,8,689.0
113,6,11,410.0
113,6,10,237.0
113,6,1,3090.0
113,6,2,87.0
113,6,9,141.0
113,6,6,81.0
113,6,14,689.0
113,2,8,65.0
113,2,11,103.0
113,2,10,37.98
113,2,1,1279.0
113,2,2,10.0
113,2,9,52.0
113,2,6,14.0
113,2,14,142.0
114,4,8,137.0
114,4,10,2.55
114,4,1,634.0
114,4,2,0.0
114,4,9,0.0
114,4,6,0.0
114,4,14,4.0
114,5,8,31.0
114,5,10,0.91
114,5,1,13.0
114,5,2,0.0
114,5,9,0.0
114,5,6,29.0
114,5,14,1.0
114,1,8,406.0
114,1,11,9.0
114,1,10,111.11
114,1,1,793.0
114,1,2,25.0
114,1,9,29.0
114,1,6,33.0
114,1,14,127.0
114,3,8,94.0
114,3,11,263.0
114,3,10,66.47
114,3,1,514.0
114,3,2,53.0
114,3,9,61.0
114,3,6,7.0
114,3,14,359.0
114,6,8,736.0
114,6,11,401.0
114,6,10,225.0
114,6,1,3284.0
114,6,2,88.0
114,6,9,139.0
114,6,6,85.0
114,6,14,665.0
114,2,8,69.0
114,2,11,129.0
114,2,10,43.84
114,2,1,1330.0
114,2,2,9.0
114,2,9,49.0
114,2,6,16.0
114,2,14,174.0
115,4,8,129.0
115,4,10,2.41
115,4,1,639.0
115,4,2,0.0
115,4,9,0.0
115,4,6,0.0
115,4,14,4.0
115,5,8,30.0
115,5,10,0.97
115,5,1,15.0
115,5,2,0.0
115,5,9,0.0
115,5,6,29.0
115,5,14,1.0
115,1,8,408.0
115,1,11,7.0
115,1,10,80.37
115,1,1,769.0
115,1,2,29.0
115,1,9,29.0
115,1,6,35.0
115,1,14,94.0
115,3,8,84.0
115,3,11,245.0
115,3,10,59.97
115,3,1,532.0
115,3,2,53.0
115,3,9,59.0
115,3,6,7.0
115,3,14,327.0
115,6,8,715.0
115,6,11,374.0
115,6,10,184.0
115,6,1,3310.0
115,6,2,92.0
115,6,9,140.0
115,6,6,90.0
115,6,14,589.0
115,2,8,64.0
115,2,11,123.0
115,2,10,39.78
115,2,1,1356.0
115,2,2,10.0
115,2,9,52.0
115,2,6,19.0
115,2,14,164.0
116,4,8,139.0
116,4,10,1.92
116,4,1,614.0
116,4,2,0.0
116,4,9,0.0
116,4,6,0.0
116,4,14,3.0
116,5,8,32.0
116,5,10,0.9
116,5,1,13.0
116,5,2,0.0
116,5,9,0.0
116,5,6,29.0
116,5,14,1.0
116,1,8,408.0
116,1,11,6.0
116,1,10,94.58
116,1,1,695.0
116,1,2,28.0
116,1,9,29.0
116,1,6,34.0
116,1,14,108.0
116,3,8,88.0
116,3,11,251.0
116,3,10,55.48
116,3,1,514.0
116,3,2,53.0
116,3,9,63.0
116,3,6,7.0
116,3,14,327.0
116,6,8,730.0
116,6,11,373.0
116,6,10,201.0
116,6,1,3153.0
116,6,2,91.0
116,6,9,144.0
116,6,6,88.0
116,6,14,604.0
116,2,8,63.0
116,2,11,116.0
116,2,10,47.96
116,2,1,1317.0
116,2,2,10.0
116,2,9,52.0
116,2,6,18.0
116,2,14,165.0
117,4,8,141.0
117,4,10,1.87
117,4,1,599.0
117,4,2,0.0
117,4,9,0.0
117,4,6,0.0
117,4,14,3.0
117,5,8,32.0
117,5,10,0.97
117,5,1,12.0
117,5,2,0.0
117,5,9,0.0
117,5,6,29.0
117,5,14,1.0
117,1,8,416.0
117,1,11,9.0
117,1,10,65.67
117,1,1,723.0
117,1,2,27.0
117,1,9,29.0
117,1,6,34.0
117,1,14,81.0
117,3,8,89.0
117,3,11,255.0
117,3,10,75.76
117,3,1,473.0
117,3,2,52.0
117,3,9,64.0
117,3,6,6.0
117,3,14,363.0
117,6,8,748.0
117,6,11,449.0
117,6,10,182.0
117,6,1,3074.0
117,6,2,87.0
117,6,9,145.0
117,6,6,88.0
117,6,14,672.0
117,2,8,71.0
117,2,11,184.0
117,2,10,38.15
117,2,1,1268.0
117,2,2,7.0
117,2,9,52.0
117,2,6,19.0
117,2,14,224.0
118,4,8,142.0
118,4,10,4.63
118,4,1,576.0
118,4,2,0.0
118,4,9,0.0
118,4,6,0.0
118,4,14,6.0
118,5,8,35.0
118,5,10,0.8
118,5,1,12.0
118,5,2,0.0
118,5,9,0.0
118,5,6,26.0
118,5,14,1.0
118,1,8,429.0
118,1,11,32.0
118,1,10,85.5
118,1,1,686.0
118,1,2,23.0
118,1,9,29.0
118,1,6,32.0
118,1,14,110.0
118,3,8,81.0
118,3,11,238.0
118,3,10,101.59
118,3,1,475.0
118,3,2,50.0
118,3,9,64.0
118,3,6,5.0
118,3,14,372.0
118,6,8,755.0
118,6,11,497.0
118,6,10,235.0
118,6,1,2936.0
118,6,2,78.0
118,6,9,143.0
118,6,6,75.0
118,6,14,759.0
118,2,8,69.0
118,2,11,227.0
118,2,10,42.09
118,2,1,1187.0
118,2,2,5.0
118,2,9,50.0
118,2,6,12.0
118,2,14,270.0
119,4,8,135.0
119,4,10,4.68
119,4,1,533.0
119,4,2,0.0
119,4,9,0.0
119,4,6,0.0
119,4,14,6.0
119,5,8,36.0
119,5,10,0.85
119,5,1,10.0
119,5,2,0.0
119,5,9,0.0
119,5,6,29.0
119,5,14,1.0
119,1,8,434.0
119,1,11,51.0
119,1,10,103.08
119,1,1,621.0
119,1,2,23.0
119,1,9,29.0
119,1,6,13.0
119,1,14,161.0
119,3,8,75.0
119,3,11,243.0
119,3,10,112.32
119,3,1,481.0
119,3,2,51.0
119,3,9,63.0
119,3,6,6.0
119,3,14,379.0
119,6,8,750.0
119,6,11,541.0
119,6,10,264.0
119,6,1,2780.0
119,6,2,79.0
119,6,9,143.0
119,6,6,59.0
119,6,14,839.0
119,2,8,70.0
119,2,11,246.0
119,2,10,43.0
119,2,1,1135.0
119,2,2,5.0
119,2,9,50.0
119,2,6,11.0
119,2,14,292.0
120,4,8,137.0
120,4,10,1.94
120,4,1,566.0
120,4,2,0.0
120,4,9,0.0
120,4,6,0.0
120,4,14,4.0
120,5,8,34.0
120,5,10,1.17
120,5,1,13.0
120,5,2,0.0
120,5,9,0.0
120,5,6,29.0
120,5,14,1.0
120,1,8,444.0
120,1,11,29.0
120,1,10,120.32
120,1,1,623.0
120,1,2,22.0
120,1,9,29.0
120,1,6,10.0
120,1,14,153.0
120,3,8,73.0
120,3,11,229.0
120,3,10,111.13
120,3,1,484.0
120,3,2,56.0
120,3,9,64.0
120,3,6,7.0
120,3,14,364.0
120,6,8,757.0
120,6,11,466.0
120,6,10,278.0
120,6,1,2842.0
120,6,2,85.0
120,6,9,143.0
120,6,6,55.0
120,6,14,778.0
120,2,8,69.0
120,2,11,209.0
120,2,10,43.88
120,2,1,1156.0
120,2,2,7.0
120,2,9,50.0
120,2,6,9.0
120,2,14,256.0
121,4,8,131.0
121,4,10,2.07
121,4,1,608.0
121,4,2,0.0
121,4,9,0.0
121,4,6,0.0
121,4,14,4.0
121,5,8,34.0
121,5,10,1.19
121,5,1,13.0
121,5,2,0.0
121,5,9,0.0
121,5,6,29.0
121,5,14,1.0
121,1,8,442.0
121,1,11,31.0
121,1,10,127.48
121,1,1,718.0
121,1,2,25.0
121,1,9,29.0
121,1,6,16.0
121,1,14,165.0
121,3,8,92.0
121,3,11,246.0
121,3,10,104.63
121,3,1,484.0
121,3,2,55.0
121,3,9,64.0
121,3,6,7.0
121,3,14,376.0
121,6,8,780.0
121,6,11,493.0
121,6,10,281.0
121,6,1,3056.0
121,6,2,87.0
121,6,9,143.0
121,6,6,67.0
121,6,14,809.0
121,2,8,81.0
121,2,11,215.0
121,2,10,45.31
121,2,1,1233.0
121,2,2,8.0
121,2,9,50.0
121,2,6,16.0
121,2,14,262.0
122,4,8,133.0
122,4,10,1.36
122,4,1,567.0
122,4,2,0.0
122,4,9,0.0
122,4,6,0.0
122,4,14,3.0
122,5,8,32.0
122,5,10,1.26
122,5,1,13.0
122,5,2,0.0
122,5,9,0.0
122,5,6,29.0
122,5,14,1.0
122,1,8,445.0
122,1,11,50.0
122,1,10,131.47
122,1,1,752.0
122,1,2,27.0
122,1,9,29.0
122,1,6,32.0
122,1,14,187.0
122,3,8,76.0
122,3,11,283.0
122,3,10,105.9
122,3,1,481.0
122,3,2,56.0
122,3,9,64.0
122,3,6,6.0
122,3,14,411.0
122,6,8,759.0
122,6,11,587.0
122,6,10,278.0
122,6,1,3035.0
122,6,2,93.0
122,6,9,143.0
122,6,6,88.0
122,6,14,895.0
122,2,8,73.0
122,2,11,253.0
122,2,10,38.36
122,2,1,1222.0
122,2,2,10.0
122,2,9,50.0
122,2,6,21.0
122,2,14,292.0
123,4,8,116.0
123,4,10,1.06
123,4,1,552.0
123,4,2,0.0
123,4,9,0.0
123,4,6,0.0
123,4,14,2.0
123,5,8,30.0
123,5,10,1.01
123,5,1,13.0
123,5,2,0.0
123,5,9,0.0
123,5,6,28.0
123,5,14,1.0
123,1,8,442.0
123,1,11,64.0
123,1,10,116.68
123,1,1,721.0
123,1,2,27.0
123,1,9,29.0
123,1,6,26.0
123,1,14,188.0
123,3,8,75.0
123,3,11,276.0
123,3,10,100.63
123,3,1,498.0
123,3,2,52.0
123,3,9,64.0
123,3,6,6.0
123,3,14,398.0
123,6,8,743.0
123,6,11,611.0
123,6,10,252.0
123,6,1,2960.0
123,6,2,89.0
123,6,9,143.0
123,6,6,79.0
123,6,14,893.0
123,2,8,79.0
123,2,11,270.0
123,2,10,32.41
123,2,1,1177.0
123,2,2,10.0
123,2,9,50.0
123,2,6,20.0
123,2,14,304.0
124,4,8,138.0
124,4,10,1.49
124,4,1,575.0
124,4,2,0.0
124,4,9,0.0
124,4,6,0.0
124,4,14,3.0
124,5,8,33.0
124,5,10,0.81
124,5,1,13.0
124,5,2,0.0
124,5,9,0.0
124,5,6,29.0
124,5,14,1.0
124,1,8,439.0
124,1,11,44.0
124,1,10,115.04
124,1,1,727.0
124,1,2,27.0
124,1,9,29.0
124,1,6,24.0
124,1,14,166.0
124,3,8,79.0
124,3,11,275.0
124,3,10,101.05
124,3,1,511.0
124,3,2,55.0
124,3,9,65.0
124,3,6,6.0
124,3,14,400.0
124,6,8,776.0
124,6,11,571.0
124,6,10,246.0
124,6,1,3004.0
124,6,2,92.0
124,6,9,144.0
124,6,6,78.0
124,6,14,850.0
124,2,8,87.0
124,2,11,252.0
124,2,10,28.06
124,2,1,1178.0
124,2,2,11.0
124,2,9,50.0
124,2,6,19.0
124,2,14,281.0
125,4,8,136.0
125,4,10,2.01
125,4,1,609.0
125,4,2,0.0
125,4,9,0.0
125,4,6,0.0
125,4,14,3.0
125,5,8,33.0
125,5,10,0.85
125,5,1,14.0
125,5,2,0.0
125,5,9,0.0
125,5,6,29.0
125,5,14,1.0
125,1,8,437.0
125,1,11,31.0
125,1,10,119.16
125,1,1,734.0
125,1,2,25.0
125,1,9,29.0
125,1,6,21.0
125,1,14,156.0
125,3,8,94.0
125,3,11,235.0
125,3,10,115.01
125,3,1,529.0
125,3,2,57.0
125,3,9,66.0
125,3,6,6.0
125,3,14,376.0
125,6,8,795.0
125,6,11,457.0
125,6,10,271.0
125,6,1,3119.0
125,6,2,92.0
125,6,9,146.0
125,6,6,74.0
125,6,14,763.0
125,2,8,96.0
125,2,11,191.0
125,2,10,33.94
125,2,1,1233.0
125,2,2,11.0
125,2,9,50.0
125,2,6,18.0
125,2,14,227.0
126,4,8,138.0
126,4,10,4.73
126,4,1,613.0
126,4,2,0.0
126,4,9,0.0
126,4,6,0.0
126,4,14,7.0
126,5,8,33.0
126,5,10,0.81
126,5,1,15.0
126,5,2,0.0
126,5,9,0.0
126,5,6,29.0
126,5,14,1.0
126,1,8,430.0
126,1,11,34.0
126,1,10,124.04
126,1,1,739.0
126,1,2,27.0
126,1,9,29.0
126,1,6,27.0
126,1,14,164.0
126,3,8,92.0
126,3,11,210.0
126,3,10,128.6
126,3,1,521.0
126,3,2,53.0
126,3,9,70.0
126,3,6,6.0
126,3,14,365.0
126,6,8,789.0
126,6,11,425.0
126,6,10,298.0
126,6,1,3141.0
126,6,2,90.0
126,6,9,150.0
126,6,6,81.0
126,6,14,760.0
126,2,8,97.0
126,2,11,181.0
126,2,10,40.15
126,2,1,1254.0
126,2,2,10.0
126,2,9,50.0
126,2,6,19.0
126,2,14,223.0
127,4,8,137.0
127,4,10,4.35
127,4,1,595.0
127,4,2,0.0
127,4,9,0.0
127,4,6,0.0
127,4,14,6.0
127,5,8,34.0
127,5,10,0.64
127,5,1,11.0
127,5,2,0.0
127,5,9,0.0
127,5,6,28.0
127,5,14,1.0
127,1,8,416.0
127,1,11,72.0
127,1,10,124.65
127,1,1,661.0
127,1,2,26.0
127,1,9,29.0
127,1,6,26.0
127,1,14,203.0
127,3,8,74.0
127,3,11,207.0
127,3,10,125.82
127,3,1,499.0
127,3,2,47.0
127,3,9,71.0
127,3,6,6.0
127,3,14,358.0
127,6,8,758.0
127,6,11,523.0
127,6,10,296.0
127,6,1,2952.0
127,6,2,81.0
127,6,9,150.0
127,6,6,72.0
127,6,14,854.0
127,2,8,98.0
127,2,11,244.0
127,2,10,40.09
127,2,1,1185.0
127,2,2,8.0
127,2,9,50.0
127,2,6,12.0
127,2,14,285.0
128,4,8,140.0
128,4,10,1.64
128,4,1,595.0
128,4,2,0.0
128,4,9,0.0
128,4,6,0.0
128,4,14,4.0
128,5,8,33.0
128,5,10,0.81
128,5,1,13.0
128,5,2,0.0
128,5,9,0.0
128,5,6,29.0
128,5,14,1.0
128,1,8,419.0
128,1,11,86.0
128,1,10,127.79
128,1,1,673.0
128,1,2,26.0
128,1,9,29.0
128,1,6,28.0
128,1,14,220.0
128,3,8,108.0
128,3,11,189.0
128,3,10,112.94
128,3,1,503.0
128,3,2,59.0
128,3,9,71.0
128,3,6,6.0
128,3,14,329.0
128,6,8,805.0
128,6,11,547.0
128,6,10,281.0
128,6,1,3022.0
128,6,2,94.0
128,6,9,150.0
128,6,6,83.0
128,6,14,866.0
128,2,8,105.0
128,2,11,273.0
128,2,10,37.41
128,2,1,1240.0
128,2,2,9.0
128,2,9,50.0
128,2,6,21.0
128,2,14,312.0
129,4,8,140.0
129,4,10,2.07
129,4,1,608.0
129,4,2,0.0
129,4,9,0.0
129,4,6,0.0
129,4,14,3.0
129,5,8,36.0
129,5,10,0.92
129,5,1,16.0
129,5,2,0.0
129,5,9,0.0
129,5,6,29.0
129,5,14,1.0
129,1,8,426.0
129,1,11,73.0
129,1,10,125.05
129,1,1,744.0
129,1,2,28.0
129,1,9,29.0
129,1,6,22.0
129,1,14,205.0
129,3,8,119.0
129,3,11,158.0
129,3,10,103.33
129,3,1,500.0
129,3,2,58.0
129,3,9,69.0
129,3,6,6.0
129,3,14,289.0
129,6,8,829.0
129,6,11,466.0
129,6,10,271.0
129,6,1,3188.0
129,6,2,92.0
129,6,9,149.0
129,6,6,85.0
129,6,14,775.0
129,2,8,107.0
129,2,11,235.0
129,2,10,40.06
129,2,1,1321.0
129,2,2,7.0
129,2,9,50.0
129,2,6,28.0
129,2,14,277.0
130,4,8,139.0
130,4,10,2.22
130,4,1,598.0
130,4,2,0.0
130,4,9,0.0
130,4,6,0.0
130,4,14,3.0
130,5,8,35.0
130,5,10,0.98
130,5,1,17.0
130,5,2,0.0
130,5,9,0.0
130,5,6,29.0
130,5,14,1.0
130,1,8,424.0
130,1,11,66.0
130,1,10,122.29
130,1,1,825.0
130,1,2,28.0
130,1,9,29.0
130,1,6,31.0
130,1,14,194.0
130,3,8,114.0
130,3,11,108.0
130,3,10,115.1
130,3,1,545.0
130,3,2,49.0
130,3,9,68.0
130,3,6,6.0
130,3,14,251.0
130,6,8,820.0
130,6,11,381.0
130,6,10,281.0
130,6,1,3342.0
130,6,2,84.0
130,6,9,147.0
130,6,6,113.0
130,6,14,699.0
130,2,8,109.0
130,2,11,207.0
130,2,10,40.52
130,2,1,1358.0
130,2,2,7.0
130,2,9,50.0
130,2,6,48.0
130,2,14,249.0
131,4,8,140.0
131,4,10,2.56
131,4,1,600.0
131,4,2,0.0
131,4,9,0.0
131,4,6,0.0
131,4,14,4.0
131,5,8,35.0
131,5,10,0.76
131,5,1,18.0
131,5,2,0.0
131,5,9,0.0
131,5,6,29.0
131,5,14,1.0
131,1,8,420.0
131,1,11,47.0
131,1,10,122.05
131,1,1,852.0
131,1,2,27.0
131,1,9,29.0
131,1,6,41.0
131,1,14,176.0
131,3,8,109.0
131,3,11,78.0
131,3,10,108.46
131,3,1,604.0
131,3,2,45.0
131,3,9,70.0
131,3,6,6.0
131,3,14,215.0
131,6,8,815.0
131,6,11,325.0
131,6,10,281.0
131,6,1,3406.0
131,6,2,80.0
131,6,9,149.0
131,6,6,145.0
131,6,14,644.0
131,2,8,112.0
131,2,11,200.0
131,2,10,47.33
131,2,1,1332.0
131,2,2,7.0
131,2,9,50.0
131,2,6,69.0
131,2,14,249.0
132,4,8,126.0
132,4,10,2.28
132,4,1,636.0
132,4,2,0.0
132,4,9,0.0
132,4,6,0.0
132,4,14,3.0
132,5,8,35.0
132,5,10,0.9
132,5,1,17.0
132,5,2,0.0
132,5,9,0.0
132,5,6,30.0
132,5,14,1.0
132,1,8,425.0
132,1,11,37.0
132,1,10,121.73
132,1,1,861.0
132,1,2,27.0
132,1,9,28.0
132,1,6,45.0
132,1,14,165.0
132,3,8,112.0
132,3,11,59.0
132,3,10,117.47
132,3,1,610.0
132,3,2,46.0
132,3,9,71.0
132,3,6,6.0
132,3,14,213.0
132,6,8,814.0
132,6,11,265.0
132,6,10,290.0
132,6,1,3559.0
132,6,2,81.0
132,6,9,149.0
132,6,6,146.0
132,6,14,600.0
132,2,8,116.0
132,2,11,170.0
132,2,10,48.03
132,2,1,1436.0
132,2,2,8.0
132,2,9,50.0
132,2,6,65.0
132,2,14,219.0
133,4,8,134.0
133,4,10,2.17
133,4,1,643.0
133,4,2,0.0
133,4,9,0.0
133,4,6,0.0
133,4,14,3.0
133,5,8,32.0
133,5,10,0.59
133,5,1,15.0
133,5,2,0.0
133,5,9,0.0
133,5,6,30.0
133,5,14,1.0
133,1,8,429.0
133,1,11,54.0
133,1,10,132.59
133,1,1,844.0
133,1,2,27.0
133,1,9,29.0
133,1,6,44.0
133,1,14,192.0
133,3,8,86.0
133,3,11,134.0
133,3,10,113.56
133,3,1,557.0
133,3,2,45.0
133,3,9,71.0
133,3,6,6.0
133,3,14,287.0
133,6,8,782.0
133,6,11,404.0
133,6,10,297.0
133,6,1,3471.0
133,6,2,81.0
133,6,9,150.0
133,6,6,131.0
133,6,14,747.0
133,2,8,101.0
133,2,11,216.0
133,2,10,47.89
133,2,1,1412.0
133,2,2,10.0
133,2,9,50.0
133,2,6,50.0
133,2,14,265.0
134,4,8,132.0
134,4,10,2.28
134,4,1,625.0
134,4,2,0.0
134,4,9,0.0
134,4,6,0.0
134,4,14,4.0
134,5,8,36.0
134,5,10,0.73
134,5,1,14.0
134,5,2,0.0
134,5,9,0.0
134,5,6,30.0
134,5,14,1.0
134,1,8,424.0
134,1,11,74.0
134,1,10,127.41
134,1,1,806.0
134,1,2,25.0
134,1,9,29.0
134,1,6,43.0
134,1,14,207.0
134,3,8,70.0
134,3,11,148.0
134,3,10,124.27
134,3,1,538.0
134,3,2,43.0
134,3,9,71.0
134,3,6,6.0
134,3,14,303.0
134,6,8,761.0
134,6,11,464.0
134,6,10,295.0
134,6,1,3355.0
134,6,2,80.0
134,6,9,150.0
134,6,6,105.0
134,6,14,799.0
134,2,8,100.0
134,2,11,242.0
134,2,10,40.77
134,2,1,1372.0
134,2,2,11.0
134,2,9,50.0
134,2,6,26.0
134,2,14,284.0
135,4,8,134.0
135,4,10,2.36
135,4,1,629.0
135,4,2,0.0
135,4,9,0.0
135,4,6,0.0
135,4,14,4.0
135,5,8,37.0
135,5,10,1.01
135,5,1,17.0
135,5,2,0.0
135,5,9,0.0
135,5,6,29.0
135,5,14,1.0
135,1,8,399.0
135,1,11,53.0
135,1,10,119.93
135,1,1,843.0
135,1,2,26.0
135,1,9,29.0
135,1,6,46.0
135,1,14,179.0
135,3,8,92.0
135,3,11,127.0
135,3,10,114.13
135,3,1,581.0
135,3,2,45.0
135,3,9,71.0
135,3,6,6.0
135,3,14,274.0
135,6,8,764.0
135,6,11,384.0
135,6,10,275.0
135,6,1,3502.0
135,6,2,81.0
135,6,9,150.0
135,6,6,112.0
135,6,14,701.0
135,2,8,102.0
135,2,11,205.0
135,2,10,37.22
135,2,1,1433.0
135,2,2,11.0
135,2,9,50.0
135,2,6,31.0
135,2,14,243.0
136,4,8,143.0
136,4,10,2.63
136,4,1,625.0
136,4,2,0.0
136,4,9,0.0
136,4,6,0.0
136,4,14,4.0
136,5,8,34.0
136,5,10,0.97
136,5,1,17.0
136,5,2,0.0
136,5,9,0.0
136,5,6,30.0
136,5,14,1.0
136,1,8,409.0
136,1,11,15.0
136,1,10,106.37
136,1,1,846.0
136,1,2,26.0
136,1,9,29.0
136,1,6,20.0
136,1,14,128.0
136,3,8,96.0
136,3,11,129.0
136,3,10,124.46
136,3,1,553.0
136,3,2,44.0
136,3,9,71.0
136,3,6,6.0
136,3,14,274.0
136,6,8,780.0
136,6,11,283.0
136,6,10,281.0
136,6,1,3494.0
136,6,2,80.0
136,6,9,150.0
136,6,6,83.0
136,6,14,594.0
136,2,8,99.0
136,2,11,139.0
136,2,10,46.12
136,2,1,1453.0
136,2,2,10.0
136,2,9,50.0
136,2,6,28.0
136,2,14,186.0
137,4,8,144.0
137,4,10,2.3
137,4,1,638.0
137,4,2,0.0
137,4,9,0.0
137,4,6,0.0
137,4,14,4.0
137,5,8,34.0
137,5,10,0.85
137,5,1,16.0
137,5,2,0.0
137,5,9,0.0
137,5,6,30.0
137,5,14,1.0
137,1,8,409.0
137,1,11,24.0
137,1,10,126.91
137,1,1,878.0
137,1,2,24.0
137,1,9,29.0
137,1,6,32.0
137,1,14,157.0
137,3,8,97.0
137,3,11,129.0
137,3,10,125.49
137,3,1,585.0
137,3,2,41.0
137,3,9,71.0
137,3,6,6.0
137,3,14,278.0
137,6,8,798.0
137,6,11,296.0
137,6,10,306.0
137,6,1,3614.0
137,6,2,75.0
137,6,9,150.0
137,6,6,121.0
137,6,14,636.0
137,2,8,114.0
137,2,11,144.0
137,2,10,50.12
137,2,1,1497.0
137,2,2,10.0
137,2,9,50.0
137,2,6,52.0
137,2,14,197.0
138,4,8,138.0
138,4,10,1.36
138,4,1,612.0
138,4,2,0.0
138,4,9,0.0
138,4,6,0.0
138,4,14,3.0
138,5,8,33.0
138,5,10,1.28
138,5,1,17.0
138,5,2,0.0
138,5,9,0.0
138,5,6,28.0
138,5,14,1.0
138,1,8,413.0
138,1,11,39.0
138,1,10,123.16
138,1,1,868.0
138,1,2,25.0
138,1,9,29.0
138,1,6,48.0
138,1,14,168.0
138,3,8,84.0
138,3,11,193.0
138,3,10,120.66
138,3,1,614.0
138,3,2,42.0
138,3,9,71.0
138,3,6,6.0
138,3,14,331.0
138,6,8,789.0
138,6,11,420.0
138,6,10,296.0
138,6,1,3607.0
138,6,2,76.0
138,6,9,150.0
138,6,6,140.0
138,6,14,742.0
138,2,8,120.0
138,2,11,187.0
138,2,10,49.59
138,2,1,1496.0
138,2,2,10.0
138,2,9,50.0
138,2,6,57.0
138,2,14,239.0
139,4,8,136.0
139,4,10,1.58
139,4,1,613.0
139,4,2,0.0
139,4,9,0.0
139,4,6,0.0
139,4,14,3.0
139,5,8,33.0
139,5,10,1.02
139,5,1,17.0
139,5,2,0.0
139,5,9,0.0
139,5,6,28.0
139,5,14,1.0
139,1,8,408.0
139,1,11,28.0
139,1,10,129.2
139,1,1,855.0
139,1,2,27.0
139,1,9,29.0
139,1,6,40.0
139,1,14,164.0
139,3,8,76.0
139,3,11,220.0
139,3,10,100.57
139,3,1,626.0
139,3,2,41.0
139,3,9,71.0
139,3,6,6.0
139,3,14,346.0
139,6,8,774.0
139,6,11,437.0
139,6,10,278.0
139,6,1,3589.0
139,6,2,78.0
139,6,9,150.0
139,6,6,130.0
139,6,14,749.0
139,2,8,121.0
139,2,11,189.0
139,2,10,45.19
139,2,1,1478.0
139,2,2,10.0
139,2,9,50.0
139,2,6,55.0
139,2,14,236.0
140,4,8,140.0
140,4,10,2.38
140,4,1,605.0
140,4,2,0.0
140,4,9,0.0
140,4,6,0.0
140,4,14,4.0
140,5,8,32.0
140,5,10,0.7
140,5,1,16.0
140,5,2,0.0
140,5,9,0.0
140,5,6,28.0
140,5,14,1.0
140,1,8,416.0
140,1,11,13.0
140,1,10,123.45
140,1,1,827.0
140,1,2,27.0
140,1,9,29.0
140,1,6,41.0
140,1,14,144.0
140,3,8,69.0
140,3,11,227.0
140,3,10,88.92
140,3,1,606.0
140,3,2,41.0
140,3,9,71.0
140,3,6,6.0
140,3,14,340.0
140,6,8,758.0
140,6,11,412.0
140,6,10,254.0
140,6,1,3510.0
140,6,2,77.0
140,6,9,150.0
140,6,6,133.0
140,6,14,699.0
140,2,8,101.0
140,2,11,171.0
140,2,10,38.89
140,2,1,1456.0
140,2,2,9.0
140,2,9,50.0
140,2,6,58.0
140,2,14,211.0
141,4,8,139.0
141,4,10,2.33
141,4,1,616.0
141,4,2,0.0
141,4,9,0.0
141,4,6,0.0
141,4,14,4.0
141,5,8,33.0
141,5,10,0.96
141,5,1,17.0
141,5,2,0.0
141,5,9,0.0
141,5,6,28.0
141,5,14,1.0
141,1,8,415.0
141,1,11,9.0
141,1,10,104.05
141,1,1,824.0
141,1,2,26.0
141,1,9,29.0
141,1,6,25.0
141,1,14,119.0
141,3,8,66.0
141,3,11,178.0
141,3,10,119.13
141,3,1,598.0
141,3,2,41.0
141,3,9,53.0
141,3,6,6.0
141,3,14,319.0
141,6,8,759.0
141,6,11,325.0
141,6,10,257.0
141,6,1,3550.0
141,6,2,76.0
141,6,9,132.0
141,6,6,86.0
141,6,14,613.0
141,2,8,106.0
141,2,11,138.0
141,2,10,30.41
141,2,1,1495.0
141,2,2,8.0
141,2,9,50.0
141,2,6,27.0
141,2,14,170.0
142,4,8,139.0
142,4,10,5.18
142,4,1,618.0
142,4,2,0.0
142,4,9,0.0
142,4,6,0.0
142,4,14,7.0
142,5,8,34.0
142,5,10,0.63
142,5,1,17.0
142,5,2,0.0
142,5,9,0.0
142,5,6,29.0
142,5,14,1.0
142,1,8,418.0
142,1,11,8.0
142,1,10,129.66
142,1,1,870.0
142,1,2,27.0
142,1,9,29.0
142,1,6,35.0
142,1,14,144.0
142,3,8,116.0
142,3,11,105.0
142,3,10,127.99
142,3,1,620.0
142,3,2,44.0
142,3,9,46.0
142,3,6,6.0
142,3,14,258.0
142,6,8,819.0
142,6,11,237.0
142,6,10,302.0
142,6,1,3620.0
142,6,2,79.0
142,6,9,125.0
142,6,6,124.0
142,6,14,576.0
142,2,8,112.0
142,2,11,124.0
142,2,10,39.03
142,2,1,1495.0
142,2,2,8.0
142,2,9,50.0
142,2,6,53.0
142,2,14,166.0
143,4,8,141.0
143,4,10,4.91
143,4,1,612.0
143,4,2,0.0
143,4,9,0.0
143,4,6,0.0
143,4,14,6.0
143,5,8,36.0
143,5,10,0.29
143,5,1,17.0
143,5,2,0.0
143,5,9,0.0
143,5,6,27.0
143,5,14,0.0
143,1,8,419.0
143,1,11,42.0
143,1,10,132.93
143,1,1,866.0
143,1,2,26.0
143,1,9,29.0
143,1,6,63.0
143,1,14,181.0
143,3,8,115.0
143,3,11,83.0
143,3,10,116.67
143,3,1,651.0
143,3,2,46.0
143,3,9,46.0
143,3,6,6.0
143,3,14,223.0
143,6,8,830.0
143,6,11,274.0
143,6,10,298.0
143,6,1,3606.0
143,6,2,80.0
143,6,9,126.0
143,6,6,171.0
143,6,14,606.0
143,2,8,119.0
143,2,11,149.0
143,2,10,42.98
143,2,1,1459.0
143,2,2,7.0
143,2,9,51.0
143,2,6,75.0
143,2,14,195.0
144,4,8,137.0
144,4,10,2.22
144,4,1,605.0
144,4,2,0.0
144,4,9,0.0
144,4,6,0.0
144,4,14,4.0
144,5,8,39.0
144,5,10,0.79
144,5,1,15.0
144,5,2,0.0
144,5,9,0.0
144,5,6,27.0
144,5,14,1.0
144,1,8,392.0
144,1,11,85.0
144,1,10,124.87
144,1,1,747.0
144,1,2,26.0
144,1,9,29.0
144,1,6,52.0
144,1,14,216.0
144,3,8,80.0
144,3,11,116.0
144,3,10,115.17
144,3,1,645.0
144,3,2,46.0
144,3,9,47.0
144,3,6,3.0
144,3,14,260.0
144,6,8,758.0
144,6,11,414.0
144,6,10,285.0
144,6,1,3414.0
144,6,2,82.0
144,6,9,127.0
144,6,6,137.0
144,6,14,737.0
144,2,8,109.0
144,2,11,212.0
144,2,10,41.47
144,2,1,1403.0
144,2,2,10.0
144,2,9,51.0
144,2,6,55.0
144,2,14,256.0
145,4,8,134.0
145,4,10,1.55
145,4,1,605.0
145,4,2,0.0
145,4,9,0.0
145,4,6,0.0
145,4,14,3.0
145,5,8,39.0
145,5,10,0.61
145,5,1,13.0
145,5,2,0.0
145,5,9,0.0
145,5,6,28.0
145,5,14,1.0
145,1,8,389.0
145,1,11,71.0
145,1,10,122.01
145,1,1,746.0
145,1,2,27.0
145,1,9,29.0
145,1,6,37.0
145,1,14,199.0
145,3,8,80.0
145,3,11,156.0
145,3,10,123.96
145,3,1,640.0
145,3,2,50.0
145,3,9,46.0
145,3,6,6.0
145,3,14,306.0
145,6,8,744.0
145,6,11,439.0
145,6,10,292.0
145,6,1,3385.0
145,6,2,88.0
145,6,9,127.0
145,6,6,123.0
145,6,14,768.0
145,2,8,103.0
145,2,11,212.0
145,2,10,44.01
145,2,1,1381.0
145,2,2,11.0
145,2,9,51.0
145,2,6,52.0
145,2,14,259.0
146,4,8,133.0
146,4,10,1.66
146,4,1,609.0
146,4,2,0.0
146,4,9,0.0
146,4,6,0.0
146,4,14,3.0
146,5,8,38.0
146,5,10,0.84
146,5,1,16.0
146,5,2,0.0
146,5,9,0.0
146,5,6,29.0
146,5,14,1.0
146,1,8,392.0
146,1,11,63.0
146,1,10,124.62
146,1,1,780.0
146,1,2,26.0
146,1,9,29.0
146,1,6,32.0
146,1,14,193.0
146,3,8,91.0
146,3,11,135.0
146,3,10,125.05
146,3,1,664.0
146,3,2,43.0
146,3,9,46.0
146,3,6,6.0
146,3,14,287.0
146,6,8,761.0
146,6,11,391.0
146,6,10,301.0
146,6,1,3486.0
146,6,2,80.0
146,6,9,127.0
146,6,6,117.0
146,6,14,728.0
146,2,8,108.0
146,2,11,193.0
146,2,10,49.26
146,2,1,1418.0
146,2,2,11.0
146,2,9,52.0
146,2,6,51.0
146,2,14,244.0
147,4,8,142.0
147,4,10,2.42
147,4,1,630.0
147,4,2,0.0
147,4,9,0.0
147,4,6,0.0
147,4,14,4.0
147,5,8,37.0
147,5,10,0.46
147,5,1,16.0
147,5,2,0.0
147,5,9,0.0
147,5,6,29.0
147,5,14,0.0
147,1,8,378.0
147,1,11,46.0
147,1,10,122.61
147,1,1,803.0
147,1,2,24.0
147,1,9,24.0
147,1,6,34.0
147,1,14,175.0
147,3,8,90.0
147,3,11,118.0
147,3,10,113.14
147,3,1,666.0
147,3,2,43.0
147,3,9,45.0
147,3,6,6.0
147,3,14,268.0
147,6,8,751.0
147,6,11,336.0
147,6,10,291.0
147,6,1,3552.0
147,6,2,80.0
147,6,9,122.0
147,6,6,119.0
147,6,14,676.0
147,2,8,104.0
147,2,11,172.0
147,2,10,52.84
147,2,1,1437.0
147,2,2,13.0
147,2,9,52.0
147,2,6,50.0
147,2,14,228.0
148,4,8,134.0
148,4,10,2.27
148,4,1,643.0
148,4,2,0.0
148,4,9,0.0
148,4,6,0.0
148,4,14,4.0
148,5,8,41.0
148,5,10,0.53
148,5,1,14.0
148,5,2,0.0
148,5,9,0.0
148,5,6,28.0
148,5,14,1.0
148,1,8,375.0
148,1,11,54.0
148,1,10,125.65
148,1,1,808.0
148,1,2,25.0
148,1,9,24.0
148,1,6,31.0
148,1,14,186.0
148,3,8,68.0
148,3,11,134.0
148,3,10,123.68
148,3,1,625.0
148,3,2,41.0
148,3,9,46.0
148,3,6,6.0
148,3,14,298.0
148,6,8,717.0
148,6,11,376.0
148,6,10,309.0
148,6,1,3534.0
148,6,2,79.0
148,6,9,123.0
148,6,6,105.0
148,6,14,736.0
148,2,8,99.0
148,2,11,188.0
148,2,10,56.45
148,2,1,1445.0
148,2,2,13.0
148,2,9,53.0
148,2,6,40.0
148,2,14,248.0
149,4,8,136.0
149,4,10,2.87
149,4,1,641.0
149,4,2,0.0
149,4,9,0.0
149,4,6,0.0
149,4,14,4.0
149,5,8,40.0
149,5,10,0.71
149,5,1,10.0
149,5,2,0.0
149,5,9,0.0
149,5,6,29.0
149,5,14,1.0
149,1,8,379.0
149,1,11,70.0
149,1,10,130.68
149,1,1,832.0
149,1,2,23.0
149,1,9,24.0
149,1,6,33.0
149,1,14,206.0
149,3,8,73.0
149,3,11,158.0
149,3,10,128.15
149,3,1,642.0
149,3,2,36.0
149,3,9,46.0
149,3,6,6.0
149,3,14,328.0
149,6,8,732.0
149,6,11,447.0
149,6,10,319.0
149,6,1,3564.0
149,6,2,71.0
149,6,9,123.0
149,6,6,123.0
149,6,14,816.0
149,2,8,104.0
149,2,11,219.0
149,2,10,56.34
149,2,1,1438.0
149,2,2,13.0
149,2,9,53.0
149,2,6,55.0
149,2,14,277.0
150,4,8,139.0
150,4,10,5.86
150,4,1,656.0
150,4,2,0.0
150,4,9,0.0
150,4,6,0.0
150,4,14,8.0
150,5,8,42.0
150,5,10,1.11
150,5,1,12.0
150,5,2,0.0
150,5,9,0.0
150,5,6,29.0
150,5,14,1.0
150,1,8,373.0
150,1,11,35.0
150,1,10,127.73
150,1,1,894.0
150,1,2,25.0
150,1,9,24.0
150,1,6,38.0
150,1,14,170.0
150,3,8,103.0
150,3,11,107.0
150,3,10,123.37
150,3,1,673.0
150,3,2,39.0
150,3,9,46.0
150,3,6,6.0
150,3,14,271.0
150,6,8,776.0
150,6,11,273.0
150,6,10,314.0
150,6,1,3731.0
150,6,2,77.0
150,6,9,124.0
150,6,6,142.0
150,6,14,637.0
150,2,8,119.0
150,2,11,131.0
150,2,10,56.37
150,2,1,1497.0
150,2,2,13.0
150,2,9,53.0
150,2,6,69.0
150,2,14,187.0
151,4,8,139.0
151,4,10,5.9
151,4,1,651.0
151,4,2,0.0
151,4,9,0.0
151,4,6,0.0
151,4,14,8.0
151,5,8,40.0
151,5,10,1.51
151,5,1,15.0
151,5,2,0.0
151,5,9,0.0
151,5,6,28.0
151,5,14,2.0
151,1,8,366.0
151,1,11,16.0
151,1,10,138.01
151,1,1,914.0
151,1,2,24.0
151,1,9,26.0
151,1,6,48.0
151,1,14,123.0
151,3,8,120.0
151,3,11,60.0
151,3,10,115.37
151,3,1,691.0
151,3,2,39.0
151,3,9,51.0
151,3,6,6.0
151,3,14,215.0
151,6,8,775.0
151,6,11,147.0
151,6,10,319.0
151,6,1,3790.0
151,6,2,76.0
151,6,9,131.0
151,6,6,153.0
151,6,14,480.0
151,2,8,110.0
151,2,11,71.0
151,2,10,58.3
151,2,1,1519.0
151,2,2,13.0
151,2,9,53.0
151,2,6,71.0
151,2,14,133.0
152,4,8,137.0
152,4,10,2.58
152,4,1,654.0
152,4,2,0.0
152,4,9,0.0
152,4,6,0.0
152,4,14,5.0
152,5,8,39.0
152,5,10,1.26
152,5,1,17.0
152,5,2,0.0
152,5,9,0.0
152,5,6,28.0
152,5,14,1.0
152,1,8,362.0
152,1,11,21.0
152,1,10,141.14
152,1,1,915.0
152,1,2,24.0
152,1,9,29.0
152,1,6,52.0
152,1,14,169.0
152,3,8,114.0
152,3,11,54.0
152,3,10,115.69
152,3,1,711.0
152,3,2,40.0
152,3,9,62.0
152,3,6,6.0
152,3,14,209.0
152,6,8,764.0
152,6,11,127.0
152,6,10,320.0
152,6,1,3852.0
152,6,2,77.0
152,6,9,144.0
152,6,6,171.0
152,6,14,499.0
152,2,8,112.0
152,2,11,52.0
152,2,10,59.7
152,2,1,1555.0
152,2,2,13.0
152,2,9,54.0
152,2,6,85.0
152,2,14,115.0
153,4,8,140.0
153,4,10,2.5
153,4,1,658.0
153,4,2,0.0
153,4,9,0.0
153,4,6,0.0
153,4,14,4.0
153,5,8,40.0
153,5,10,0.96
153,5,1,17.0
153,5,2,0.0
153,5,9,0.0
153,5,6,28.0
153,5,14,1.0
153,1,8,365.0
153,1,11,25.0
153,1,10,140.4
153,1,1,908.0
153,1,2,24.0
153,1,9,29.0
153,1,6,61.0
153,1,14,172.0
153,3,8,112.0
153,3,11,54.0
153,3,10,117.92
153,3,1,743.0
153,3,2,44.0
153,3,9,48.0
153,3,6,6.0
153,3,14,214.0
153,6,8,758.0
153,6,11,125.0
153,6,10,322.0
153,6,1,3938.0
153,6,2,80.0
153,6,9,131.0
153,6,6,205.0
153,6,14,499.0
153,2,8,102.0
153,2,11,47.0
153,2,10,59.95
153,2,1,1613.0
153,2,2,13.0
153,2,9,54.0
153,2,6,109.0
153,2,14,108.0
154,4,8,134.0
154,4,10,1.92
154,4,1,636.0
154,4,2,0.0
154,4,9,0.0
154,4,6,0.0
154,4,14,3.0
154,5,8,39.0
154,5,10,1.06
154,5,1,12.0
154,5,2,0.0
154,5,9,0.0
154,5,6,29.0
154,5,14,1.0
154,1,8,367.0
154,1,11,47.0
154,1,10,142.54
154,1,1,875.0
154,1,2,29.0
154,1,9,29.0
154,1,6,58.0
154,1,14,197.0
154,3,8,85.0
154,3,11,122.0
154,3,10,111.66
154,3,1,703.0
154,3,2,45.0
154,3,9,46.0
154,3,6,3.0
154,3,14,277.0
154,6,8,730.0
154,6,11,230.0
154,6,10,317.0
154,6,1,3932.0
154,6,2,85.0
154,6,9,129.0
154,6,6,168.0
154,6,14,599.0
154,2,8,105.0
154,2,11,61.0
154,2,10,60.25
154,2,1,1706.0
154,2,2,11.0
154,2,9,54.0
154,2,6,78.0
154,2,14,122.0
155,4,8,108.0
155,4,10,2.16
155,4,1,641.0
155,4,2,0.0
155,4,9,0.0
155,4,6,0.0
155,4,14,3.0
155,5,8,37.0
155,5,10,1.31
155,5,1,13.0
155,5,2,0.0
155,5,9,0.0
155,5,6,28.0
155,5,14,1.0
155,1,8,378.0
155,1,11,51.0
155,1,10,144.33
155,1,1,863.0
155,1,2,30.0
155,1,9,29.0
155,1,6,48.0
155,1,14,202.0
155,3,8,54.0
155,3,11,136.0
155,3,10,93.11
155,3,1,656.0
155,3,2,58.0
155,3,9,46.0
155,3,6,6.0
155,3,14,275.0
155,6,8,670.0
155,6,11,269.0
155,6,10,296.0
155,6,1,3743.0
155,6,2,99.0
155,6,9,129.0
155,6,6,153.0
155,6,14,622.0
155,2,8,94.0
155,2,11,83.0
155,2,10,54.65
155,2,1,1569.0
155,2,2,11.0
155,2,9,54.0
155,2,6,72.0
155,2,14,140.0
156,4,8,121.0
156,4,10,1.73
156,4,1,645.0
156,4,2,0.0
156,4,9,0.0
156,4,6,0.0
156,4,14,3.0
156,5,8,34.0
156,5,10,1.29
156,5,1,15.0
156,5,2,0.0
156,5,9,0.0
156,5,6,29.0
156,5,14,1.0
156,1,8,361.0
156,1,11,30.0
156,1,10,141.54
156,1,1,833.0
156,1,2,30.0
156,1,9,29.0
156,1,6,50.0
156,1,14,179.0
156,3,8,53.0
156,3,11,228.0
156,3,10,62.38
156,3,1,636.0
156,3,2,57.0
156,3,9,46.0
156,3,6,6.0
156,3,14,336.0
156,6,8,655.0
156,6,11,364.0
156,6,10,263.0
156,6,1,3656.0
156,6,2,100.0
156,6,9,129.0
156,6,6,176.0
156,6,14,683.0
156,2,8,87.0
156,2,11,106.0
156,2,10,55.76
156,2,1,1528.0
156,2,2,13.0
156,2,9,54.0
156,2,6,92.0
156,2,14,164.0
157,4,8,122.0
157,4,10,1.92
157,4,1,664.0
157,4,2,0.0
157,4,9,0.0
157,4,6,0.0
157,4,14,3.0
157,5,8,34.0
157,5,10,1.29
157,5,1,17.0
157,5,2,0.0
157,5,9,0.0
157,5,6,29.0
157,5,14,1.0
157,1,8,348.0
157,1,11,10.0
157,1,10,136.89
157,1,1,845.0
157,1,2,30.0
157,1,9,29.0
157,1,6,52.0
157,1,14,154.0
157,3,8,61.0
157,3,11,198.0
157,3,10,54.99
157,3,1,671.0
157,3,2,58.0
157,3,9,49.0
157,3,6,6.0
157,3,14,299.0
157,6,8,641.0
157,6,11,297.0
157,6,10,253.0
157,6,1,3726.0
157,6,2,103.0
157,6,9,132.0
157,6,6,182.0
157,6,14,606.0
157,2,8,76.0
157,2,11,88.0
157,2,10,58.39
157,2,1,1529.0
157,2,2,15.0
157,2,9,54.0
157,2,6,96.0
157,2,14,149.0
158,4,8,119.0
158,4,10,5.18
158,4,1,680.0
158,4,2,0.0
158,4,9,0.0
158,4,6,0.0
158,4,14,7.0
158,5,8,34.0
158,5,10,1.14
158,5,1,14.0
158,5,2,0.0
158,5,9,0.0
158,5,6,28.0
158,5,14,1.0
158,1,8,333.0
158,1,11,13.0
158,1,10,131.87
158,1,1,838.0
158,1,2,30.0
158,1,9,29.0
158,1,6,48.0
158,1,14,152.0
158,3,8,58.0
158,3,11,195.0
158,3,10,105.17
158,3,1,641.0
158,3,2,56.0
158,3,9,51.0
158,3,6,6.0
158,3,14,345.0
158,6,8,650.0
158,6,11,309.0
158,6,10,297.0
158,6,1,3662.0
158,6,2,100.0
158,6,9,134.0
158,6,6,160.0
158,6,14,660.0
158,2,8,107.0
158,2,11,100.0
158,2,10,53.47
158,2,1,1488.0
158,2,2,14.0
158,2,9,53.0
158,2,6,78.0
158,2,14,155.0
159,4,8,114.0
159,4,10,5.65
159,4,1,646.0
159,4,2,0.0
159,4,9,0.0
159,4,6,0.0
159,4,14,7.0
159,5,8,33.0
159,5,10,1.11
159,5,1,14.0
159,5,2,0.0
159,5,9,0.0
159,5,6,28.0
159,5,14,1.0
159,1,8,325.0
159,1,11,10.0
159,1,10,133.85
159,1,1,812.0
159,1,2,29.0
159,1,9,29.0
159,1,6,27.0
159,1,14,150.0
159,3,8,52.0
159,3,11,225.0
159,3,10,98.96
159,3,1,609.0
159,3,2,45.0
159,3,9,65.0
159,3,6,6.0
159,3,14,360.0
159,6,8,565.0
159,6,11,425.0
159,6,10,284.0
159,6,1,3477.0
159,6,2,87.0
159,6,9,148.0
159,6,6,114.0
159,6,14,756.0
159,2,8,42.0
159,2,11,190.0
159,2,10,44.76
159,2,1,1396.0
159,2,2,13.0
159,2,9,54.0
159,2,6,52.0
159,2,14,237.0
160,4,8,125.0
160,4,10,1.47
160,4,1,643.0
160,4,2,0.0
160,4,9,0.0
160,4,6,0.0
160,4,14,3.0
160,5,8,33.0
160,5,10,0.92
160,5,1,14.0
160,5,2,0.0
160,5,9,0.0
160,5,6,28.0
160,5,14,1.0
160,1,8,320.0
160,1,11,4.0
160,1,10,130.3
160,1,1,762.0
160,1,2,24.0
160,1,9,30.0
160,1,6,22.0
160,1,14,141.0
160,3,8,56.0
160,3,11,230.0
160,3,10,94.8
160,3,1,600.0
160,3,2,44.0
160,3,9,75.0
160,3,6,6.0
160,3,14,357.0
160,6,8,567.0
160,6,11,441.0
160,6,10,269.0
160,6,1,3391.0
160,6,2,81.0
160,6,9,159.0
160,6,6,100.0
160,6,14,752.0
160,2,8,34.0
160,2,11,207.0
160,2,10,41.68
160,2,1,1372.0
160,2,2,13.0
160,2,9,54.0
160,2,6,43.0
160,2,14,250.0
161,4,8,128.0
161,4,10,2.19
161,4,1,632.0
161,4,2,0.0
161,4,9,0.0
161,4,6,0.0
161,4,14,4.0
161,5,8,35.0
161,5,10,1.02
161,5,1,13.0
161,5,2,0.0
161,5,9,0.0
161,5,6,27.0
161,5,14,1.0
161,1,8,321.0
161,1,11,8.0
161,1,10,128.29
161,1,1,703.0
161,1,2,24.0
161,1,9,29.0
161,1,6,21.0
161,1,14,143.0
161,3,8,54.0
161,3,11,245.0
161,3,10,103.98
161,3,1,600.0
161,3,2,44.0
161,3,9,76.0
161,3,6,6.0
161,3,14,377.0
161,6,8,571.0
161,6,11,465.0
161,6,10,277.0
161,6,1,3316.0
161,6,2,82.0
161,6,9,159.0
161,6,6,81.0
161,6,14,782.0
161,2,8,32.0
161,2,11,212.0
161,2,10,41.94
161,2,1,1367.0
161,2,2,14.0
161,2,9,54.0
161,2,6,27.0
161,2,14,257.0
162,4,8,122.0
162,4,10,2.6
162,4,1,621.0
162,4,2,0.0
162,4,9,0.0
162,4,6,0.0
162,4,14,4.0
162,5,8,32.0
162,5,10,0.98
162,5,1,12.0
162,5,2,0.0
162,5,9,0.0
162,5,6,28.0
162,5,14,1.0
162,1,8,322.0
162,1,11,21.0
162,1,10,126.87
162,1,1,659.0
162,1,2,25.0
162,1,9,30.0
162,1,6,19.0
162,1,14,155.0
162,3,8,47.0
162,3,11,249.0
162,3,10,98.49
162,3,1,551.0
162,3,2,42.0
162,3,9,76.0
162,3,6,6.0
162,3,14,375.0
162,6,8,551.0
162,6,11,501.0
162,6,10,276.0
162,6,1,3138.0
162,6,2,81.0
162,6,9,159.0
162,6,6,80.0
162,6,14,817.0
162,2,8,27.0
162,2,11,231.0
162,2,10,47.47
162,2,1,1295.0
162,2,2,13.0
162,2,9,54.0
162,2,6,27.0
162,2,14,282.0
163,4,8,120.0
163,4,10,2.58
163,4,1,669.0
163,4,2,0.0
163,4,9,0.0
163,4,6,0.0
163,4,14,4.0
163,5,8,31.0
163,5,10,1.01
163,5,1,14.0
163,5,2,0.0
163,5,9,0.0
163,5,6,28.0
163,5,14,1.0
163,1,8,321.0
163,1,11,30.0
163,1,10,129.49
163,1,1,710.0
163,1,2,27.0
163,1,9,30.0
163,1,6,19.0
163,1,14,167.0
163,3,8,66.0
163,3,11,224.0
163,3,10,97.96
163,3,1,580.0
163,3,2,42.0
163,3,9,76.0
163,3,6,6.0
163,3,14,349.0
163,6,8,570.0
163,6,11,468.0
163,6,10,285.0
163,6,1,3384.0
163,6,2,83.0
163,6,9,159.0
163,6,6,86.0
163,6,14,791.0
163,2,8,32.0
163,2,11,214.0
163,2,10,53.75
163,2,1,1411.0
163,2,2,14.0
163,2,9,54.0
163,2,6,32.0
163,2,14,269.0
164,4,8,123.0
164,4,10,1.79
164,4,1,695.0
164,4,2,0.0
164,4,9,0.0
164,4,6,0.0
164,4,14,3.0
164,5,8,31.0
164,5,10,1.15
164,5,1,15.0
164,5,2,0.0
164,5,9,0.0
164,5,6,27.0
164,5,14,1.0
164,1,8,339.0
164,1,11,34.0
164,1,10,130.16
164,1,1,737.0
164,1,2,30.0
164,1,9,29.0
164,1,6,18.0
164,1,14,171.0
164,3,8,73.0
164,3,11,190.0
164,3,10,113.17
164,3,1,621.0
164,3,2,40.0
164,3,9,76.0
164,3,6,7.0
164,3,14,333.0
164,6,8,600.0
164,6,11,407.0
164,6,10,301.0
164,6,1,3539.0
164,6,2,84.0
164,6,9,159.0
164,6,6,85.0
164,6,14,747.0
164,2,8,34.0
164,2,11,183.0
164,2,10,54.43
164,2,1,1470.0
164,2,2,14.0
164,2,9,53.0
164,2,6,33.0
164,2,14,239.0
165,4,8,115.0
165,4,10,1.97
165,4,1,689.0
165,4,2,0.0
165,4,9,0.0
165,4,6,0.0
165,4,14,3.0
165,5,8,33.0
165,5,10,0.93
165,5,1,16.0
165,5,2,0.0
165,5,9,0.0
165,5,6,27.0
165,5,14,1.0
165,1,8,341.0
165,1,11,32.0
165,1,10,125.61
165,1,1,792.0
165,1,2,30.0
165,1,9,24.0
165,1,6,19.0
165,1,14,165.0
165,3,8,76.0
165,3,11,184.0
165,3,10,115.42
165,3,1,640.0
165,3,2,40.0
165,3,9,76.0
165,3,6,6.0
165,3,14,339.0
165,6,8,607.0
165,6,11,350.0
165,6,10,292.0
165,6,1,3674.0
165,6,2,82.0
165,6,9,153.0
165,6,6,89.0
165,6,14,691.0
165,2,8,42.0
165,2,11,134.0
165,2,10,47.96
165,2,1,1536.0
165,2,2,12.0
165,2,9,54.0
165,2,6,37.0
165,2,14,184.0
166,4,8,113.0
166,4,10,4.38
166,4,1,681.0
166,4,2,0.0
166,4,9,0.0
166,4,6,0.0
166,4,14,6.0
166,5,8,31.0
166,5,10,1.19
166,5,1,18.0
166,5,2,0.0
166,5,9,0.0
166,5,6,28.0
166,5,14,1.0
166,1,8,351.0
166,1,11,16.0
166,1,10,105.91
166,1,1,858.0
166,1,2,32.0
166,1,9,24.0
166,1,6,19.0
166,1,14,129.0
166,3,8,69.0
166,3,11,192.0
166,3,10,105.31
166,3,1,685.0
166,3,2,41.0
166,3,9,76.0
166,3,6,6.0
166,3,14,325.0
166,6,8,609.0
166,6,11,287.0
166,6,10,258.0
166,6,1,3781.0
166,6,2,86.0
166,6,9,153.0
166,6,6,99.0
166,6,14,585.0
166,2,8,45.0
166,2,11,80.0
166,2,10,41.35
166,2,1,1539.0
166,2,2,13.0
166,2,9,54.0
166,2,6,45.0
166,2,14,125.0
167,4,8,112.0
167,4,10,4.95
167,4,1,689.0
167,4,2,0.0
167,4,9,0.0
167,4,6,0.0
167,4,14,6.0
167,5,8,32.0
167,5,10,1.32
167,5,1,16.0
167,5,2,0.0
167,5,9,0.0
167,5,6,28.0
167,5,14,1.0
167,1,8,345.0
167,1,11,9.0
167,1,10,105.48
167,1,1,797.0
167,1,2,32.0
167,1,9,24.0
167,1,6,22.0
167,1,14,122.0
167,3,8,59.0
167,3,11,179.0
167,3,10,111.08
167,3,1,663.0
167,3,2,40.0
167,3,9,76.0
167,3,6,6.0
167,3,14,319.0
167,6,8,609.0
167,6,11,278.0
167,6,10,260.0
167,6,1,3660.0
167,6,2,86.0
167,6,9,153.0
167,6,6,96.0
167,6,14,578.0
167,2,8,61.0
167,2,11,89.0
167,2,10,37.43
167,2,1,1494.0
167,2,2,14.0
167,2,9,54.0
167,2,6,40.0
167,2,14,130.0
168,4,8,102.0
168,4,10,4.75
168,4,1,688.0
168,4,2,0.0
168,4,9,0.0
168,4,6,0.0
168,4,14,7.0
168,5,8,30.0
168,5,10,0.97
168,5,1,14.0
168,5,2,0.0
168,5,9,0.0
168,5,6,28.0
168,5,14,1.0
168,1,8,339.0
168,1,11,15.0
168,1,10,120.35
168,1,1,731.0
168,1,2,32.0
168,1,9,24.0
168,1,6,18.0
168,1,14,142.0
168,3,8,52.0
168,3,11,199.0
168,3,10,110.52
168,3,1,615.0
168,3,2,38.0
168,3,9,76.0
168,3,6,6.0
168,3,14,341.0
168,6,8,589.0
168,6,11,373.0
168,6,10,271.0
168,6,1,3428.0
168,6,2,81.0
168,6,9,153.0
168,6,6,84.0
168,6,14,685.0
168,2,8,66.0
168,2,11,159.0
168,2,10,34.16
168,2,1,1380.0
168,2,2,11.0
168,2,9,54.0
168,2,6,32.0
168,2,14,195.0
169,4,8,102.0
169,4,10,2.87
169,4,1,626.0
169,4,2,0.0
169,4,9,0.0
169,4,6,0.0
169,4,14,4.0
169,5,8,30.0
169,5,10,0.21
169,5,1,13.0
169,5,2,0.0
169,5,9,0.0
169,5,6,28.0
169,5,14,0.0
169,1,8,284.0
169,1,11,19.0
169,1,10,107.41
169,1,1,637.0
169,1,2,31.0
169,1,9,28.0
169,1,6,13.0
169,1,14,133.0
169,3,8,50.0
169,3,11,151.0
169,3,10,110.01
169,3,1,590.0
169,3,2,32.0
169,3,9,76.0
169,3,6,6.0
169,3,14,290.0
169,6,8,543.0
169,6,11,365.0
169,6,10,254.0
169,6,1,3121.0
169,6,2,73.0
169,6,9,157.0
169,6,6,72.0
169,6,14,658.0
169,2,8,77.0
169,2,11,194.0
169,2,10,33.94
169,2,1,1255.0
169,2,2,10.0
169,2,9,54.0
169,2,6,25.0
169,2,14,230.0
170,4,8,97.0
170,4,10,2.6
170,4,1,635.0
170,4,2,0.0
170,4,9,0.0
170,4,6,0.0
170,4,14,4.0
170,5,8,29.0
170,5,10,0.72
170,5,1,12.0
170,5,2,0.0
170,5,9,0.0
170,5,6,28.0
170,5,14,1.0
170,1,8,328.0
170,1,11,32.0
170,1,10,72.71
170,1,1,638.0
170,1,2,31.0
170,1,9,30.0
170,1,6,16.0
170,1,14,110.0
170,3,8,51.0
170,3,11,138.0
170,3,10,116.78
170,3,1,593.0
170,3,2,34.0
170,3,9,76.0
170,3,6,6.0
170,3,14,283.0
170,6,8,598.0
170,6,11,319.0
170,6,10,228.0
170,6,1,3209.0
170,6,2,76.0
170,6,9,159.0
170,6,6,78.0
170,6,14,584.0
170,2,8,92.0
170,2,11,150.0
170,2,10,35.16
170,2,1,1331.0
170,2,2,11.0
170,2,9,54.0
170,2,6,28.0
170,2,14,187.0
171,4,8,96.0
171,4,10,2.54
171,4,1,645.0
171,4,2,0.0
171,4,9,0.0
171,4,6,0.0
171,4,14,4.0
171,5,8,29.0
171,5,10,0.78
171,5,1,13.0
171,5,2,0.0
171,5,9,0.0
171,5,6,26.0
171,5,14,1.0
171,1,8,327.0
171,1,11,19.0
171,1,10,90.07
171,1,1,682.0
171,1,2,31.0
171,1,9,29.0
171,1,6,17.0
171,1,14,116.0
171,3,8,66.0
171,3,11,141.0
171,3,10,117.6
171,3,1,618.0
171,3,2,33.0
171,3,9,76.0
171,3,6,6.0
171,3,14,283.0
171,6,8,614.0
171,6,11,281.0
171,6,10,248.0
171,6,1,3313.0
171,6,2,76.0
171,6,9,158.0
171,6,6,81.0
171,6,14,566.0
171,2,8,95.0
171,2,11,121.0
171,2,10,37.4
171,2,1,1354.0
171,2,2,12.0
171,2,9,54.0
171,2,6,32.0
171,2,14,162.0
172,4,8,97.0
172,4,10,1.65
172,4,1,661.0
172,4,2,0.0
172,4,9,0.0
172,4,6,0.0
172,4,14,3.0
172,5,8,25.0
172,5,10,0.68
172,5,1,15.0
172,5,2,0.0
172,5,9,0.0
172,5,6,26.0
172,5,14,1.0
172,1,8,312.0
172,1,11,10.0
172,1,10,113.83
172,1,1,746.0
172,1,2,31.0
172,1,9,29.0
172,1,6,22.0
172,1,14,130.0
172,3,8,76.0
172,3,11,117.0
172,3,10,113.68
172,3,1,636.0
172,3,2,34.0
172,3,9,76.0
172,3,6,6.0
172,3,14,259.0
172,6,8,611.0
172,6,11,241.0
172,6,10,277.0
172,6,1,3482.0
172,6,2,74.0
172,6,9,159.0
172,6,6,86.0
172,6,14,556.0
172,2,8,101.0
172,2,11,114.0
172,2,10,47.32
172,2,1,1424.0
172,2,2,9.0
172,2,9,53.0
172,2,6,31.0
172,2,14,163.0
173,4,8,117.0
173,4,10,1.4
173,4,1,666.0
173,4,2,0.0
173,4,9,0.0
173,4,6,0.0
173,4,14,3.0
173,5,8,29.0
173,5,10,0.7
173,5,1,15.0
173,5,2,0.0
173,5,9,0.0
173,5,6,26.0
173,5,14,1.0
173,1,8,302.0
173,1,11,11.0
173,1,10,128.29
173,1,1,796.0
173,1,2,30.0
173,1,9,29.0
173,1,6,34.0
173,1,14,146.0
173,3,8,77.0
173,3,11,92.0
173,3,10,92.75
173,3,1,660.0
173,3,2,39.0
173,3,9,76.0
173,3,6,6.0
173,3,14,211.0
173,6,8,623.0
173,6,11,184.0
173,6,10,272.0
173,6,1,3541.0
173,6,2,81.0
173,6,9,159.0
173,6,6,124.0
173,6,14,493.0
173,2,8,98.0
173,2,11,81.0
173,2,10,49.02
173,2,1,1404.0
173,2,2,12.0
173,2,9,54.0
173,2,6,58.0
173,2,14,132.0
174,4,8,121.0
174,4,10,4.06
174,4,1,685.0
174,4,2,0.0
174,4,9,0.0
174,4,6,0.0
174,4,14,6.0
174,5,8,33.0
174,5,10,0.89
174,5,1,13.0
174,5,2,0.0
174,5,9,0.0
174,5,6,26.0
174,5,14,1.0
174,1,8,292.0
174,1,11,15.0
174,1,10,130.74
174,1,1,784.0
174,1,2,26.0
174,1,9,29.0
174,1,6,30.0
174,1,14,153.0
174,3,8,73.0
174,3,11,64.0
174,3,10,97.85
174,3,1,637.0
174,3,2,32.0
174,3,9,76.0
174,3,6,6.0
174,3,14,191.0
174,6,8,611.0
174,6,11,149.0
174,6,10,280.0
174,6,1,3496.0
174,6,2,72.0
174,6,9,159.0
174,6,6,117.0
174,6,14,468.0
174,2,8,93.0
174,2,11,70.0
174,2,10,46.83
174,2,1,1378.0
174,2,2,13.0
174,2,9,53.0
174,2,6,55.0
174,2,14,118.0
175,4,8,136.0
175,4,10,4.33
175,4,1,634.0
175,4,2,0.0
175,4,9,0.0
175,4,6,0.0
175,4,14,6.0
175,5,8,30.0
175,5,10,1.01
175,5,1,13.0
175,5,2,0.0
175,5,9,0.0
175,5,6,25.0
175,5,14,1.0
175,1,8,285.0
175,1,11,17.0
175,1,10,129.56
175,1,1,743.0
175,1,2,28.0
175,1,9,29.0
175,1,6,13.0
175,1,14,153.0
175,3,8,59.0
175,3,11,99.0
175,3,10,113.96
175,3,1,608.0
175,3,2,33.0
175,3,9,76.0
175,3,6,6.0
175,3,14,240.0
175,6,8,624.0
175,6,11,189.0
175,6,10,296.0
175,6,1,3319.0
175,6,2,74.0
175,6,9,158.0
175,6,6,81.0
175,6,14,522.0
175,2,8,112.0
175,2,11,73.0
175,2,10,46.85
175,2,1,1321.0
175,2,2,14.0
175,2,9,53.0
175,2,6,37.0
175,2,14,122.0
176,4,8,129.0
176,4,10,1.7
176,4,1,601.0
176,4,2,0.0
176,4,9,0.0
176,4,6,0.0
176,4,14,3.0
176,5,8,31.0
176,5,10,1.2
176,5,1,11.0
176,5,2,0.0
176,5,9,0.0
176,5,6,26.0
176,5,14,1.0
176,1,8,271.0
176,1,11,16.0
176,1,10,124.95
176,1,1,676.0
176,1,2,28.0
176,1,9,25.0
176,1,6,13.0
176,1,14,147.0
176,3,8,48.0
176,3,11,150.0
176,3,10,101.63
176,3,1,551.0
176,3,2,38.0
176,3,9,76.0
176,3,6,6.0
176,3,14,281.0
176,6,8,589.0
176,6,11,232.0
176,6,10,278.0
176,6,1,3090.0
176,6,2,80.0
176,6,9,154.0
176,6,6,71.0
176,6,14,549.0
176,2,8,111.0
176,2,11,67.0
176,2,10,48.26
176,2,1,1251.0
176,2,2,14.0
176,2,9,54.0
176,2,6,26.0
176,2,14,116.0
177,4,8,126.0
177,4,10,2.58
177,4,1,614.0
177,4,2,0.0
177,4,9,0.0
177,4,6,0.0
177,4,14,5.0
177,5,8,29.0
177,5,10,1.2
177,5,1,12.0
177,5,2,0.0
177,5,9,0.0
177,5,6,25.0
177,5,14,1.0
177,1,8,265.0
177,1,11,14.0
177,1,10,132.07
177,1,1,729.0
177,1,2,29.0
177,1,9,25.0
177,1,6,12.0
177,1,14,149.0
177,3,8,67.0
177,3,11,115.0
177,3,10,104.33
177,3,1,592.0
177,3,2,39.0
177,3,9,76.0
177,3,6,6.0
177,3,14,250.0
177,6,8,600.0
177,6,11,176.0
177,6,10,290.0
177,6,1,3278.0
177,6,2,82.0
177,6,9,154.0
177,6,6,78.0
177,6,14,505.0
177,2,8,113.0
177,2,11,46.0
177,2,10,50.24
177,2,1,1331.0
177,2,2,13.0
177,2,9,54.0
177,2,6,34.0
177,2,14,100.0
178,4,8,123.0
178,4,10,2.55
178,4,1,664.0
178,4,2,0.0
178,4,9,0.0
178,4,6,0.0
178,4,14,4.0
178,5,8,28.0
178,5,10,1.14
178,5,1,15.0
178,5,2,0.0
178,5,9,0.0
178,5,6,25.0
178,5,14,1.0
178,1,8,253.0
178,1,11,8.0
178,1,10,123.35
178,1,1,798.0
178,1,2,31.0
178,1,9,24.0
178,1,6,15.0
178,1,14,138.0
178,3,8,74.0
178,3,11,121.0
178,3,10,108.34
178,3,1,623.0
178,3,2,41.0
178,3,9,76.0
178,3,6,6.0
178,3,14,257.0
178,6,8,591.0
178,6,11,150.0
178,6,10,288.0
178,6,1,3477.0
178,6,2,88.0
178,6,9,154.0
178,6,6,87.0
178,6,14,477.0
178,2,8,113.0
178,2,11,22.0
178,2,10,52.56
178,2,1,1377.0
178,2,2,16.0
178,2,9,53.0
178,2,6,40.0
178,2,14,77.0
179,4,8,118.0
179,4,10,2.54
179,4,1,670.0
179,4,2,0.0
179,4,9,0.0
179,4,6,0.0
179,4,14,4.0
179,5,8,29.0
179,5,10,1.2
179,5,1,16.0
179,5,2,0.0
179,5,9,0.0
179,5,6,26.0
179,5,14,1.0
179,1,8,243.0
179,1,11,4.0
179,1,10,118.15
179,1,1,828.0
179,1,2,34.0
179,1,9,25.0
179,1,6,18.0
179,1,14,129.0
179,3,8,78.0
179,3,11,139.0
179,3,10,103.03
179,3,1,633.0
179,3,2,39.0
179,3,9,76.0
179,3,6,6.0
179,3,14,270.0
179,6,8,581.0
179,6,11,170.0
179,6,10,279.0
179,6,1,3553.0
179,6,2,90.0
179,6,9,154.0
179,6,6,82.0
179,6,14,487.0
179,2,8,113.0
179,2,11,27.0
179,2,10,54.25
179,2,1,1407.0
179,2,2,17.0
179,2,9,54.0
179,2,6,32.0
179,2,14,82.0
180,4,8,115.0
180,4,10,2.29
180,4,1,666.0
180,4,2,0.0
180,4,9,0.0
180,4,6,0.0
180,4,14,4.0
180,5,8,27.0
180,5,10,1.29
180,5,1,16.0
180,5,2,0.0
180,5,9,0.0
180,5,6,25.0
180,5,14,1.0
180,1,8,237.0
180,1,11,4.0
180,1,10,129.18
180,1,1,843.0
180,1,2,33.0
180,1,9,29.0
180,1,6,16.0
180,1,14,140.0
180,3,8,72.0
180,3,11,147.0
180,3,10,109.25
180,3,1,630.0
180,3,2,40.0
180,3,9,76.0
180,3,6,6.0
180,3,14,284.0
180,6,8,546.0
180,6,11,191.0
180,6,10,296.0
180,6,1,3551.0
180,6,2,87.0
180,6,9,159.0
180,6,6,68.0
180,6,14,527.0
180,2,8,95.0
180,2,11,40.0
180,2,10,54.47
180,2,1,1396.0
180,2,2,14.0
180,2,9,54.0
180,2,6,21.0
180,2,14,98.0
181,4,8,107.0
181,4,10,2.49
181,4,1,661.0
181,4,2,0.0
181,4,9,0.0
181,4,6,0.0
181,4,14,4.0
181,5,8,26.0
181,5,10,1.16
181,5,1,16.0
181,5,2,0.0
181,5,9,0.0
181,5,6,26.0
181,5,14,1.0
181,1,8,234.0
181,1,11,9.0
181,1,10,131.61
181,1,1,850.0
181,1,2,34.0
181,1,9,30.0
181,1,6,15.0
181,1,14,148.0
181,3,8,62.0
181,3,11,149.0
181,3,10,106.82
181,3,1,637.0
181,3,2,41.0
181,3,9,66.0
181,3,6,6.0
181,3,14,284.0
181,6,8,510.0
181,6,11,205.0
181,6,10,298.0
181,6,1,3575.0
181,6,2,89.0
181,6,9,150.0
181,6,6,79.0
181,6,14,542.0
181,2,8,82.0
181,2,11,46.0
181,2,10,55.45
181,2,1,1413.0
181,2,2,14.0
181,2,9,54.0
181,2,6,32.0
181,2,14,105.0
182,4,8,100.0
182,4,10,5.2
182,4,1,629.0
182,4,2,0.0
182,4,9,0.0
182,4,6,0.0
182,4,14,7.0
182,5,8,25.0
182,5,10,1.08
182,5,1,15.0
182,5,2,0.0
182,5,9,0.0
182,5,6,25.0
182,5,14,1.0
182,1,8,234.0
182,1,11,14.0
182,1,10,127.78
182,1,1,808.0
182,1,2,33.0
182,1,9,30.0
182,1,6,15.0
182,1,14,148.0
182,3,8,59.0
182,3,11,154.0
182,3,10,103.04
182,3,1,648.0
182,3,2,36.0
182,3,9,71.0
182,3,6,6.0
182,3,14,285.0
182,6,8,495.0
182,6,11,223.0
182,6,10,296.0
182,6,1,3501.0
182,6,2,84.0
182,6,9,155.0
182,6,6,75.0
182,6,14,558.0
182,2,8,75.0
182,2,11,54.0
182,2,10,59.22
182,2,1,1401.0
182,2,2,15.0
182,2,9,53.0
182,2,6,30.0
182,2,14,117.0
183,4,8,99.0
183,4,10,4.94
183,4,1,631.0
183,4,2,0.0
183,4,9,0.0
183,4,6,0.0
183,4,14,7.0
183,5,8,24.0
183,5,10,0.84
183,5,1,13.0
183,5,2,0.0
183,5,9,0.0
183,5,6,27.0
183,5,14,1.0
183,1,8,104.0
183,1,11,11.0
183,1,10,120.98
183,1,1,699.0
183,1,2,29.0
183,1,9,27.0
183,1,6,13.0
183,1,14,138.0
183,3,8,53.0
183,3,11,192.0
183,3,10,98.59
183,3,1,575.0
183,3,2,36.0
183,3,9,76.0
183,3,6,6.0
183,3,14,316.0
183,6,8,406.0
183,6,11,265.0
183,6,10,284.0
183,6,1,3255.0
183,6,2,82.0
183,6,9,156.0
183,6,6,65.0
183,6,14,586.0
183,2,8,125.0
183,2,11,62.0
183,2,10,59.13
183,2,1,1336.0
183,2,2,16.0
183,2,9,54.0
183,2,6,19.0
183,2,14,124.0
184,4,8,113.0
184,4,10,1.69
184,4,1,609.0
184,4,2,0.0
184,4,9,0.0
184,4,6,0.0
184,4,14,3.0
184,5,8,23.0
184,5,10,1.05
184,5,1,13.0
184,5,2,0.0
184,5,9,0.0
184,5,6,28.0
184,5,14,1.0
184,1,8,213.0
184,1,11,4.0
184,1,10,131.7
184,1,1,670.0
184,1,2,29.0
184,1,9,22.0
184,1,6,13.0
184,1,14,143.0
184,3,8,63.0
184,3,11,158.0
184,3,10,95.14
184,3,1,565.0
184,3,2,38.0
184,3,9,76.0
184,3,6,6.0
184,3,14,281.0
184,6,8,486.0
184,6,11,225.0
184,6,10,290.0
184,6,1,3181.0
184,6,2,87.0
184,6,9,152.0
184,6,6,78.0
184,6,14,552.0
184,2,8,72.0
184,2,11,62.0
184,2,10,60.6
184,2,1,1325.0
184,2,2,20.0
184,2,9,54.0
184,2,6,31.0
184,2,14,124.0
185,4,8,127.0
185,4,10,1.73
185,4,1,619.0
185,4,2,0.0
185,4,9,0.0
185,4,6,0.0
185,4,14,4.0
185,5,8,26.0
185,5,10,0.94
185,5,1,14.0
185,5,2,0.0
185,5,9,0.0
185,5,6,27.0
185,5,14,1.0
185,1,8,209.0
185,1,11,10.0
185,1,10,140.12
185,1,1,738.0
185,1,2,32.0
185,1,9,25.0
185,1,6,17.0
185,1,14,156.0
185,3,8,79.0
185,3,11,118.0
185,3,10,114.74
185,3,1,609.0
185,3,2,38.0
185,3,9,71.0
185,3,6,6.0
185,3,14,262.0
185,6,8,500.0
185,6,11,184.0
185,6,10,320.0
185,6,1,3423.0
185,6,2,90.0
185,6,9,149.0
185,6,6,73.0
185,6,14,544.0
185,2,8,59.0
185,2,11,56.0
185,2,10,62.21
185,2,1,1442.0
185,2,2,19.0
185,2,9,53.0
185,2,6,23.0
185,2,14,122.0
186,4,8,84.0
186,4,10,1.99
186,4,1,617.0
186,4,2,0.0
186,4,9,0.0
186,4,6,0.0
186,4,14,4.0
186,5,8,28.0
186,5,10,0.88
186,5,1,16.0
186,5,2,0.0
186,5,9,0.0
186,5,6,27.0
186,5,14,1.0
186,1,8,206.0
186,1,11,22.0
186,1,10,137.38
186,1,1,782.0
186,1,2,30.0
186,1,9,25.0
186,1,6,19.0
186,1,14,165.0
186,3,8,92.0
186,3,11,95.0
186,3,10,116.78
186,3,1,657.0
186,3,2,35.0
186,3,9,66.0
186,3,6,6.0
186,3,14,239.0
186,6,8,493.0
186,6,11,179.0
186,6,10,324.0
186,6,1,3526.0
186,6,2,83.0
186,6,9,143.0
186,6,6,77.0
186,6,14,539.0
186,2,8,83.0
186,2,11,61.0
186,2,10,66.64
186,2,1,1453.0
186,2,2,17.0
186,2,9,53.0
186,2,6,24.0
186,2,14,130.0
187,4,8,93.0
187,4,10,2.32
187,4,1,599.0
187,4,2,0.0
187,4,9,0.0
187,4,6,0.0
187,4,14,4.0
187,5,8,30.0
187,5,10,0.54
187,5,1,17.0
187,5,2,0.0
187,5,9,0.0
187,5,6,27.0
187,5,14,1.0
187,1,8,198.0
187,1,11,32.0
187,1,10,138.01
187,1,1,801.0
187,1,2,30.0
187,1,9,25.0
187,1,6,23.0
187,1,14,173.0
187,3,8,77.0
187,3,11,68.0
187,3,10,119.36
187,3,1,672.0
187,3,2,37.0
187,3,9,67.0
187,3,6,6.0
187,3,14,214.0
187,6,8,488.0
187,6,11,177.0
187,6,10,327.0
187,6,1,3555.0
187,6,2,82.0
187,6,9,144.0
187,6,6,107.0
187,6,14,538.0
187,2,8,91.0
187,2,11,77.0
187,2,10,66.74
187,2,1,1466.0
187,2,2,15.0
187,2,9,53.0
187,2,6,51.0
187,2,14,147.0
188,4,8,90.0
188,4,10,2.43
188,4,1,591.0
188,4,2,0.0
188,4,9,0.0
188,4,6,0.0
188,4,14,4.0
188,5,8,32.0
188,5,10,0.37
188,5,1,16.0
188,5,2,0.0
188,5,9,0.0
188,5,6,28.0
188,5,14,0.0
188,1,8,197.0
188,1,11,46.0
188,1,10,136.66
188,1,1,811.0
188,1,2,29.0
188,1,9,25.0
188,1,6,35.0
188,1,14,188.0
188,3,8,94.0
188,3,11,57.0
188,3,10,127.69
188,3,1,687.0
188,3,2,40.0
188,3,9,58.0
188,3,6,5.0
188,3,14,214.0
188,6,8,494.0
188,6,11,190.0
188,6,10,334.0
188,6,1,3624.0
188,6,2,83.0
188,6,9,136.0
188,6,6,120.0
188,6,14,561.0
188,2,8,80.0
188,2,11,87.0
188,2,10,67.12
188,2,1,1518.0
188,2,2,14.0
188,2,9,53.0
188,2,6,52.0
188,2,14,156.0
189,4,8,86.0
189,4,10,2.77
189,4,1,590.0
189,4,2,0.0
189,4,9,0.0
189,4,6,0.0
189,4,14,4.0
189,5,8,33.0
189,5,10,0.54
189,5,1,17.0
189,5,2,0.0
189,5,9,0.0
189,5,6,28.0
189,5,14,1.0
189,1,8,205.0
189,1,11,46.0
189,1,10,135.87
189,1,1,804.0
189,1,2,24.0
189,1,9,25.0
189,1,6,38.0
189,1,14,187.0
189,3,8,102.0
189,3,11,34.0
189,3,10,123.92
189,3,1,716.0
189,3,2,39.0
189,3,9,46.0
189,3,6,6.0
189,3,14,188.0
189,6,8,511.0
189,6,11,146.0
189,6,10,330.0
189,6,1,3650.0
189,6,2,77.0
189,6,9,124.0
189,6,6,143.0
189,6,14,514.0
189,2,8,85.0
189,2,11,65.0
189,2,10,66.4
189,2,1,1523.0
189,2,2,14.0
189,2,9,53.0
189,2,6,71.0
189,2,14,134.0
190,4,8,84.0
190,4,10,5.21
190,4,1,620.0
190,4,2,0.0
190,4,9,0.0
190,4,6,0.0
190,4,14,7.0
190,5,8,33.0
190,5,10,0.72
190,5,1,17.0
190,5,2,0.0
190,5,9,0.0
190,5,6,28.0
190,5,14,1.0
190,1,8,204.0
190,1,11,44.0
190,1,10,132.95
190,1,1,798.0
190,1,2,24.0
190,1,9,25.0
190,1,6,42.0
190,1,14,182.0
190,3,8,83.0
190,3,11,28.0
190,3,10,118.18
190,3,1,702.0
190,3,2,33.0
190,3,9,58.0
190,3,6,6.0
190,3,14,176.0
190,6,8,478.0
190,6,11,126.0
190,6,10,323.0
190,6,1,3673.0
190,6,2,72.0
190,6,9,130.0
190,6,6,140.0
190,6,14,488.0
190,2,8,74.0
190,2,11,54.0
190,2,10,66.15
190,2,1,1536.0
190,2,2,14.0
190,2,9,48.0
190,2,6,64.0
190,2,14,122.0
191,4,8,81.0
191,4,10,5.36
191,4,1,641.0
191,4,2,0.0
191,4,9,0.0
191,4,6,0.0
191,4,14,7.0
191,5,8,38.0
191,5,10,0.87
191,5,1,17.0
191,5,2,0.0
191,5,9,0.0
191,5,6,29.0
191,5,14,1.0
191,1,8,199.0
191,1,11,44.0
191,1,10,133.09
191,1,1,809.0
191,1,2,22.0
191,1,9,24.0
191,1,6,52.0
191,1,14,182.0
191,3,8,101.0
191,3,11,23.0
191,3,10,110.63
191,3,1,706.0
191,3,2,31.0
191,3,9,68.0
191,3,6,6.0
191,3,14,164.0
191,6,8,482.0
191,6,11,143.0
191,6,10,317.0
191,6,1,3738.0
191,6,2,67.0
191,6,9,146.0
191,6,6,179.0
191,6,14,498.0
191,2,8,64.0
191,2,11,76.0
191,2,10,66.57
191,2,1,1564.0
191,2,2,14.0
191,2,9,53.0
191,2,6,92.0
191,2,14,144.0
192,4,8,79.0
192,4,10,2.79
192,4,1,649.0
192,4,2,0.0
192,4,9,0.0
192,4,6,0.0
192,4,14,4.0
192,5,8,35.0
192,5,10,1.09
192,5,1,17.0
192,5,2,0.0
192,5,9,0.0
192,5,6,28.0
192,5,14,1.0
192,1,8,198.0
192,1,11,26.0
192,1,10,133.7
192,1,1,804.0
192,1,2,21.0
192,1,9,24.0
192,1,6,58.0
192,1,14,165.0
192,3,8,91.0
192,3,11,26.0
192,3,10,111.24
192,3,1,700.0
192,3,2,35.0
192,3,9,69.0
192,3,6,6.0
192,3,14,167.0
192,6,8,477.0
192,6,11,132.0
192,6,10,314.0
192,6,1,3752.0
192,6,2,72.0
192,6,9,147.0
192,6,6,204.0
192,6,14,484.0
192,2,8,73.0
192,2,11,80.0
192,2,10,64.99
192,2,1,1581.0
192,2,2,16.0
192,2,9,54.0
192,2,6,112.0
192,2,14,147.0
193,4,8,75.0
193,4,10,3.0
193,4,1,664.0
193,4,2,0.0
193,4,9,0.0
193,4,6,0.0
193,4,14,5.0
193,5,8,35.0
193,5,10,1.04
193,5,1,17.0
193,5,2,0.0
193,5,9,0.0
193,5,6,28.0
193,5,14,1.0
193,1,8,193.0
193,1,11,8.0
193,1,10,131.42
193,1,1,794.0
193,1,2,22.0
193,1,9,24.0
193,1,6,65.0
193,1,14,144.0
193,3,8,89.0
193,3,11,39.0
193,3,10,109.87
193,3,1,732.0
193,3,2,34.0
193,3,9,70.0
193,3,6,6.0
193,3,14,177.0
193,6,8,484.0
193,6,11,80.0
193,6,10,308.0
193,6,1,3818.0
193,6,2,73.0
193,6,9,147.0
193,6,6,200.0
193,6,14,425.0
193,2,8,92.0
193,2,11,34.0
193,2,10,63.16
193,2,1,1610.0
193,2,2,17.0
193,2,9,53.0
193,2,6,101.0
193,2,14,98.0
194,4,8,74.0
194,4,10,2.95
194,4,1,663.0
194,4,2,0.0
194,4,9,0.0
194,4,6,0.0
194,4,14,4.0
194,5,8,31.0
194,5,10,1.12
194,5,1,18.0
194,5,2,0.0
194,5,9,0.0
194,5,6,28.0
194,5,14,1.0
194,1,8,184.0
194,1,11,18.0
194,1,10,129.9
194,1,1,790.0
194,1,2,22.0
194,1,9,25.0
194,1,6,63.0
194,1,14,172.0
194,3,8,78.0
194,3,11,39.0
194,3,10,116.29
194,3,1,744.0
194,3,2,33.0
194,3,9,70.0
194,3,6,6.0
194,3,14,184.0
194,6,8,471.0
194,6,11,87.0
194,6,10,311.0
194,6,1,3816.0
194,6,2,73.0
194,6,9,148.0
194,6,6,181.0
194,6,14,455.0
194,2,8,104.0
194,2,11,31.0
194,2,10,60.75
194,2,1,1602.0
194,2,2,18.0
194,2,9,54.0
194,2,6,85.0
194,2,14,93.0
195,4,8,75.0
195,4,10,2.91
195,4,1,663.0
195,4,2,0.0
195,4,9,0.0
195,4,6,0.0
195,4,14,4.0
195,5,8,30.0
195,5,10,1.14
195,5,1,16.0
195,5,2,0.0
195,5,9,0.0
195,5,6,27.0
195,5,14,1.0
195,1,8,179.0
195,1,11,22.0
195,1,10,133.75
195,1,1,783.0
195,1,2,21.0
195,1,9,24.0
195,1,6,60.0
195,1,14,161.0
195,3,8,68.0
195,3,11,31.0
195,3,10,119.6
195,3,1,765.0
195,3,2,42.0
195,3,9,70.0
195,3,6,6.0
195,3,14,179.0
195,6,8,456.0
195,6,11,85.0
195,6,10,317.0
195,6,1,3835.0
195,6,2,82.0
195,6,9,147.0
195,6,6,183.0
195,6,14,438.0
195,2,8,104.0
195,2,11,32.0
195,2,10,59.64
195,2,1,1608.0
195,2,2,18.0
195,2,9,53.0
195,2,6,90.0
195,2,14,93.0
196,4,8,62.0
196,4,10,2.79
196,4,1,680.0
196,4,2,0.0
196,4,9,0.0
196,4,6,0.0
196,4,14,4.0
196,5,8,30.0
196,5,10,1.11
196,5,1,17.0
196,5,2,0.0
196,5,9,0.0
196,5,6,28.0
196,5,14,1.0
196,1,8,173.0
196,1,11,41.0
196,1,10,130.2
196,1,1,774.0
196,1,2,22.0
196,1,9,25.0
196,1,6,47.0
196,1,14,176.0
196,3,8,70.0
196,3,11,26.0
196,3,10,114.51
196,3,1,729.0
196,3,2,50.0
196,3,9,71.0
196,3,6,6.0
196,3,14,172.0
196,6,8,431.0
196,6,11,104.0
196,6,10,305.0
196,6,1,3756.0
196,6,2,88.0
196,6,9,144.0
196,6,6,149.0
196,6,14,447.0
196,2,8,95.0
196,2,11,37.0
196,2,10,56.18
196,2,1,1555.0
196,2,2,17.0
196,2,9,49.0
196,2,6,67.0
196,2,14,94.0
197,4,8,60.0
197,4,10,2.85
197,4,1,670.0
197,4,2,0.0
197,4,9,0.0
197,4,6,0.0
197,4,14,4.0
197,5,8,27.0
197,5,10,1.05
197,5,1,15.0
197,5,2,0.0
197,5,9,0.0
197,5,6,27.0
197,5,14,1.0
197,1,8,171.0
197,1,11,24.0
197,1,10,123.71
197,1,1,768.0
197,1,2,24.0
197,1,9,25.0
197,1,6,29.0
197,1,14,150.0
197,3,8,60.0
197,3,11,25.0
197,3,10,115.04
197,3,1,708.0
197,3,2,42.0
197,3,9,71.0
197,3,6,6.0
197,3,14,169.0
197,6,8,408.0
197,6,11,98.0
197,6,10,301.0
197,6,1,3687.0
197,6,2,82.0
197,6,9,149.0
197,6,6,93.0
197,6,14,432.0
197,2,8,91.0
197,2,11,48.0
197,2,10,58.24
197,2,1,1526.0
197,2,2,15.0
197,2,9,54.0
197,2,6,30.0
197,2,14,109.0
198,4,8,63.0
198,4,10,5.43
198,4,1,673.0
198,4,2,0.0
198,4,9,0.0
198,4,6,0.0
198,4,14,6.0
198,5,8,30.0
198,5,10,1.22
198,5,1,15.0
198,5,2,0.0
198,5,9,0.0
198,5,6,28.0
198,5,14,1.0
198,1,8,166.0
198,1,11,32.0
198,1,10,84.54
198,1,1,737.0
198,1,2,22.0
198,1,9,25.0
198,1,6,37.0
198,1,14,122.0
198,3,8,65.0
198,3,11,31.0
198,3,10,99.91
198,3,1,713.0
198,3,2,49.0
198,3,9,70.0
198,3,6,6.0
198,3,14,160.0
198,6,8,415.0
198,6,11,115.0
198,6,10,248.0
198,6,1,3635.0
198,6,2,81.0
198,6,9,148.0
198,6,6,125.0
198,6,14,399.0
198,2,8,91.0
198,2,11,52.0
198,2,10,57.26
198,2,1,1497.0
198,2,2,10.0
198,2,9,54.0
198,2,6,54.0
198,2,14,110.0
199,4,8,65.0
199,4,10,5.34
199,4,1,617.0
199,4,2,0.0
199,4,9,0.0
199,4,6,0.0
199,4,14,6.0
199,5,8,26.0
199,5,10,1.23
199,5,1,14.0
199,5,2,0.0
199,5,9,0.0
199,5,6,27.0
199,5,14,1.0
199,1,8,177.0
199,1,11,31.0
199,1,10,99.44
199,1,1,697.0
199,1,2,22.0
199,1,9,25.0
199,1,6,22.0
199,1,14,134.0
199,3,8,65.0
199,3,11,22.0
199,3,10,114.08
199,3,1,706.0
199,3,2,47.0
199,3,9,70.0
199,3,6,6.0
199,3,14,168.0
199,6,8,409.0
199,6,11,98.0
199,6,10,279.0
199,6,1,3603.0
199,6,2,85.0
199,6,9,148.0
199,6,6,99.0
199,6,14,415.0
199,2,8,76.0
199,2,11,46.0
199,2,10,58.43
199,2,1,1569.0
199,2,2,16.0
199,2,9,54.0
199,2,6,44.0
199,2,14,105.0
200,4,8,60.0
200,4,10,2.68
200,4,1,610.0
200,4,2,0.0
200,4,9,0.0
200,4,6,0.0
200,4,14,4.0
200,5,8,24.0
200,5,10,1.01
200,5,1,16.0
200,5,2,0.0
200,5,9,0.0
200,5,6,28.0
200,5,14,1.0
200,1,8,169.0
200,1,11,12.0
200,1,10,131.76
200,1,1,752.0
200,1,2,21.0
200,1,9,25.0
200,1,6,27.0
200,1,14,147.0
200,3,8,72.0
200,3,11,23.0
200,3,10,121.44
200,3,1,737.0
200,3,2,47.0
200,3,9,71.0
200,3,6,6.0
200,3,14,174.0
200,6,8,386.0
200,6,11,77.0
200,6,10,316.0
200,6,1,3706.0
200,6,2,84.0
200,6,9,149.0
200,6,6,100.0
200,6,14,430.0
200,2,8,61.0
200,2,11,42.0
200,2,10,59.46
200,2,1,1592.0
200,2,2,17.0
200,2,9,53.0
200,2,6,40.0
200,2,14,104.0
201,4,8,60.0
201,4,10,2.88
201,4,1,641.0
201,4,2,0.0
201,4,9,0.0
201,4,6,0.0
201,4,14,4.0
201,5,8,24.0
201,5,10,1.13
201,5,1,18.0
201,5,2,0.0
201,5,9,0.0
201,5,6,29.0
201,5,14,1.0
201,1,8,161.0
201,1,11,4.0
201,1,10,127.41
201,1,1,753.0
201,1,2,19.0
201,1,9,25.0
201,1,6,24.0
201,1,14,137.0
201,3,8,72.0
201,3,11,21.0
201,3,10,116.71
201,3,1,761.0
201,3,2,47.0
201,3,9,71.0
201,3,6,6.0
201,3,14,168.0
201,6,8,373.0
201,6,11,61.0
201,6,10,308.0
201,6,1,3787.0
201,6,2,85.0
201,6,9,149.0
201,6,6,96.0
201,6,14,408.0
201,2,8,56.0
201,2,11,36.0
201,2,10,59.43
201,2,1,1615.0
201,2,2,19.0
201,2,9,54.0
201,2,6,37.0
201,2,14,98.0
202,4,8,57.0
202,4,10,2.81
202,4,1,645.0
202,4,2,0.0
202,4,9,0.0
202,4,6,0.0
202,4,14,4.0
202,5,8,23.0
202,5,10,1.24
202,5,1,16.0
202,5,2,0.0
202,5,9,0.0
202,5,6,28.0
202,5,14,1.0
202,1,8,159.0
202,1,11,8.0
202,1,10,125.37
202,1,1,729.0
202,1,2,20.0
202,1,9,25.0
202,1,6,24.0
202,1,14,137.0
202,3,8,65.0
202,3,11,25.0
202,3,10,114.25
202,3,1,782.0
202,3,2,47.0
202,3,9,71.0
202,3,6,5.0
202,3,14,168.0
202,6,8,359.0
202,6,11,74.0
202,6,10,303.0
202,6,1,3777.0
202,6,2,87.0
202,6,9,149.0
202,6,6,95.0
202,6,14,412.0
202,2,8,55.0
202,2,11,40.0
202,2,10,59.74
202,2,1,1605.0
202,2,2,19.0
202,2,9,54.0
202,2,6,38.0
202,2,14,101.0
203,4,8,46.0
203,4,10,2.91
203,4,1,667.0
203,4,2,0.0
203,4,9,0.0
203,4,6,0.0
203,4,14,4.0
203,5,8,22.0
203,5,10,1.28
203,5,1,15.0
203,5,2,0.0
203,5,9,0.0
203,5,6,28.0
203,5,14,1.0
203,1,8,164.0
203,1,11,12.0
203,1,10,120.51
203,1,1,698.0
203,1,2,23.0
203,1,9,25.0
203,1,6,25.0
203,1,14,137.0
203,3,8,58.0
203,3,11,28.0
203,3,10,117.08
203,3,1,752.0
203,3,2,53.0
203,3,9,71.0
203,3,6,5.0
203,3,14,176.0
203,6,8,338.0
203,6,11,74.0
203,6,10,306.0
203,6,1,3728.0
203,6,2,95.0
203,6,9,149.0
203,6,6,91.0
203,6,14,418.0
203,2,8,47.0
203,2,11,34.0
203,2,10,63.93
203,2,1,1596.0
203,2,2,19.0
203,2,9,54.0
203,2,6,34.0
203,2,14,100.0
204,4,8,50.0
204,4,10,2.81
204,4,1,667.0
204,4,2,0.0
204,4,9,0.0
204,4,6,0.0
204,4,14,4.0
204,5,8,21.0
204,5,10,1.29
204,5,1,14.0
204,5,2,0.0
204,5,9,0.0
204,5,6,27.0
204,5,14,1.0
204,1,8,162.0
204,1,11,12.0
204,1,10,113.5
204,1,1,664.0
204,1,2,23.0
204,1,9,25.0
204,1,6,14.0
204,1,14,131.0
204,3,8,54.0
204,3,11,28.0
204,3,10,118.96
204,3,1,726.0
204,3,2,58.0
204,3,9,71.0
204,3,6,5.0
204,3,14,177.0
204,6,8,327.0
204,6,11,77.0
204,6,10,300.0
204,6,1,3608.0
204,6,2,100.0
204,6,9,150.0
204,6,6,67.0
204,6,14,415.0
204,2,8,41.0
204,2,11,37.0
204,2,10,63.35
204,2,1,1536.0
204,2,2,19.0
204,2,9,54.0
204,2,6,20.0
204,2,14,103.0
205,4,8,46.0
205,4,10,2.63
205,4,1,655.0
205,4,2,0.0
205,4,9,0.0
205,4,6,0.0
205,4,14,4.0
205,5,8,21.0
205,5,10,0.96
205,5,1,12.0
205,5,2,0.0
205,5,9,0.0
205,5,6,28.0
205,5,14,1.0
205,1,8,164.0
205,1,11,10.0
205,1,10,123.4
205,1,1,692.0
205,1,2,24.0
205,1,9,21.0
205,1,6,14.0
205,1,14,137.0
205,3,8,50.0
205,3,11,35.0
205,3,10,120.27
205,3,1,696.0
205,3,2,57.0
205,3,9,71.0
205,3,6,6.0
205,3,14,183.0
205,6,8,320.0
205,6,11,88.0
205,6,10,311.0
205,6,1,3566.0
205,6,2,100.0
205,6,9,146.0
205,6,6,69.0
205,6,14,434.0
205,2,8,40.0
205,2,11,43.0
205,2,10,64.17
205,2,1,1511.0
205,2,2,19.0
205,2,9,54.0
205,2,6,22.0
205,2,14,109.0
206,4,8,45.0
206,4,10,5.7
206,4,1,628.0
206,4,2,0.0
206,4,9,0.0
206,4,6,0.0
206,4,14,7.0
206,5,8,20.0
206,5,10,0.65
206,5,1,12.0
206,5,2,0.0
206,5,9,0.0
206,5,6,28.0
206,5,14,1.0
206,1,8,164.0
206,1,11,9.0
206,1,10,119.36
206,1,1,675.0
206,1,2,25.0
206,1,9,20.0
206,1,6,10.0
206,1,14,134.0
206,3,8,48.0
206,3,11,26.0
206,3,10,124.41
206,3,1,684.0
206,3,2,56.0
206,3,9,71.0
206,3,6,6.0
206,3,14,178.0
206,6,8,314.0
206,6,11,70.0
206,6,10,313.0
206,6,1,3461.0
206,6,2,98.0
206,6,9,144.0
206,6,6,56.0
206,6,14,421.0
206,2,8,37.0
206,2,11,36.0
206,2,10,63.34
206,2,1,1463.0
206,2,2,17.0
206,2,9,53.0
206,2,6,12.0
206,2,14,101.0
207,4,8,44.0
207,4,10,5.28
207,4,1,667.0
207,4,2,0.0
207,4,9,0.0
207,4,6,0.0
207,4,14,6.0
207,5,8,20.0
207,5,10,0.71
207,5,1,14.0
207,5,2,0.0
207,5,9,0.0
207,5,6,28.0
207,5,14,1.0
207,1,8,160.0
207,1,11,3.0
207,1,10,123.58
207,1,1,711.0
207,1,2,27.0
207,1,9,16.0
207,1,6,13.0
207,1,14,132.0
207,3,8,57.0
207,3,11,34.0
207,3,10,121.36
207,3,1,715.0
207,3,2,54.0
207,3,9,71.0
207,3,6,6.0
207,3,14,184.0
207,6,8,320.0
207,6,11,69.0
207,6,10,314.0
207,6,1,3641.0
207,6,2,98.0
207,6,9,140.0
207,6,6,68.0
207,6,14,421.0
207,2,8,38.0
207,2,11,33.0
207,2,10,63.32
207,2,1,1535.0
207,2,2,16.0
207,2,9,53.0
207,2,6,21.0
207,2,14,98.0
208,4,8,45.0
208,4,10,2.92
208,4,1,690.0
208,4,2,0.0
208,4,9,0.0
208,4,6,0.0
208,4,14,5.0
208,5,8,21.0
208,5,10,1.11
208,5,1,16.0
208,5,2,0.0
208,5,9,0.0
208,5,6,28.0
208,5,14,1.0
208,1,8,156.0
208,1,11,4.0
208,1,10,125.61
208,1,1,735.0
208,1,2,28.0
208,1,9,15.0
208,1,6,13.0
208,1,14,135.0
208,3,8,62.0
208,3,11,41.0
208,3,10,124.72
208,3,1,738.0
208,3,2,56.0
208,3,9,71.0
208,3,6,6.0
208,3,14,195.0
208,6,8,327.0
208,6,11,78.0
208,6,10,319.0
208,6,1,3763.0
208,6,2,99.0
208,6,9,139.0
208,6,6,68.0
208,6,14,434.0
208,2,8,44.0
208,2,11,33.0
208,2,10,64.2
208,2,1,1584.0
208,2,2,16.0
208,2,9,53.0
208,2,6,21.0
208,2,14,98.0
209,4,8,42.0
209,4,10,3.27
209,4,1,676.0
209,4,2,0.0
209,4,9,0.0
209,4,6,0.0
209,4,14,5.0
209,5,8,20.0
209,5,10,1.18
209,5,1,16.0
209,5,2,0.0
209,5,9,0.0
209,5,6,28.0
209,5,14,1.0
209,1,8,150.0
209,1,11,10.0
209,1,10,121.72
209,1,1,721.0
209,1,2,27.0
209,1,9,15.0
209,1,6,14.0
209,1,14,137.0
209,3,8,64.0
209,3,11,41.0
209,3,10,123.63
209,3,1,754.0
209,3,2,58.0
209,3,9,71.0
209,3,6,6.0
209,3,14,194.0
209,6,8,313.0
209,6,11,83.0
209,6,10,316.0
209,6,1,3757.0
209,6,2,99.0
209,6,9,139.0
209,6,6,72.0
209,6,14,437.0
209,2,8,37.0
209,2,11,32.0
209,2,10,66.37
209,2,1,1590.0
209,2,2,13.0
209,2,9,53.0
209,2,6,24.0
209,2,14,100.0
210,4,8,44.0
210,4,10,2.81
210,4,1,664.0
210,4,2,0.0
210,4,9,0.0
210,4,6,0.0
210,4,14,4.0
210,5,8,20.0
210,5,10,1.25
210,5,1,17.0
210,5,2,0.0
210,5,9,0.0
210,5,6,28.0
210,5,14,1.0
210,1,8,151.0
210,1,11,15.0
210,1,10,99.39
210,1,1,702.0
210,1,2,29.0
210,1,9,15.0
210,1,6,10.0
210,1,14,117.0
210,3,8,67.0
210,3,11,34.0
210,3,10,112.53
210,3,1,771.0
210,3,2,61.0
210,3,9,71.0
210,3,6,6.0
210,3,14,176.0
210,6,8,326.0
210,6,11,72.0
210,6,10,277.0
210,6,1,3754.0
210,6,2,103.0
210,6,9,139.0
210,6,6,60.0
210,6,14,384.0
210,2,8,45.0
210,2,11,23.0
210,2,10,61.02
210,2,1,1600.0
210,2,2,13.0
210,2,9,53.0
210,2,6,16.0
210,2,14,86.0
211,4,8,38.0
211,4,10,2.9
211,4,1,651.0
211,4,2,0.0
211,4,9,0.0
211,4,6,0.0
211,4,14,4.0
211,5,8,19.0
211,5,10,1.24
211,5,1,14.0
211,5,2,0.0
211,5,9,0.0
211,5,6,28.0
211,5,14,1.0
211,1,8,144.0
211,1,11,6.0
211,1,10,119.52
211,1,1,669.0
211,1,2,28.0
211,1,9,15.0
211,1,6,9.0
211,1,14,131.0
211,3,8,46.0
211,3,11,41.0
211,3,10,100.0
211,3,1,711.0
211,3,2,62.0
211,3,9,71.0
211,3,6,6.0
211,3,14,173.0
211,6,8,281.0
211,6,11,76.0
211,6,10,289.0
211,6,1,3615.0
211,6,2,101.0
211,6,9,139.0
211,6,6,49.0
211,6,14,404.0
211,2,8,34.0
211,2,11,29.0
211,2,10,64.97
211,2,1,1569.0
211,2,2,11.0
211,2,9,53.0
211,2,6,6.0
211,2,14,95.0
212,4,8,45.0
212,4,10,2.64
212,4,1,672.0
212,4,2,0.0
212,4,9,0.0
212,4,6,0.0
212,4,14,3.0
212,5,8,19.0
212,5,10,1.28
212,5,1,15.0
212,5,2,0.0
212,5,9,0.0
212,5,6,28.0
212,5,14,1.0
212,1,8,144.0
212,1,11,7.0
212,1,10,112.02
212,1,1,708.0
212,1,2,28.0
212,1,9,15.0
212,1,6,14.0
212,1,14,124.0
212,3,8,57.0
212,3,11,41.0
212,3,10,96.22
212,3,1,707.0
212,3,2,63.0
212,3,9,71.0
212,3,6,4.0
212,3,14,170.0
212,6,8,309.0
212,6,11,97.0
212,6,10,274.0
212,6,1,3686.0
212,6,2,102.0
212,6,9,139.0
212,6,6,65.0
212,6,14,412.0
212,2,8,44.0
212,2,11,49.0
212,2,10,61.91
212,2,1,1584.0
212,2,2,12.0
212,2,9,53.0
212,2,6,18.0
212,2,14,113.0
213,4,8,45.0
213,4,10,2.71
213,4,1,673.0
213,4,2,0.0
213,4,9,0.0
213,4,6,0.0
213,4,14,4.0
213,5,8,18.0
213,5,10,1.28
213,5,1,16.0
213,5,2,0.0
213,5,9,0.0
213,5,6,28.0
213,5,14,1.0
213,1,8,148.0
213,1,11,22.0
213,1,10,102.26
213,1,1,730.0
213,1,2,26.0
213,1,9,15.0
213,1,6,12.0
213,1,14,131.0
213,3,8,56.0
213,3,11,35.0
213,3,10,96.9
213,3,1,730.0
213,3,2,62.0
213,3,9,71.0
213,3,6,4.0
213,3,14,168.0
213,6,8,315.0
213,6,11,104.0
213,6,10,265.0
213,6,1,3743.0
213,6,2,102.0
213,6,9,139.0
213,6,6,61.0
213,6,14,414.0
213,2,8,47.0
213,2,11,46.0
213,2,10,61.68
213,2,1,1594.0
213,2,2,13.0
213,2,9,53.0
213,2,6,17.0
213,2,14,111.0
214,4,8,45.0
214,4,10,5.08
214,4,1,681.0
214,4,2,0.0
214,4,9,0.0
214,4,6,0.0
214,4,14,7.0
214,5,8,18.0
214,5,10,1.33
214,5,1,17.0
214,5,2,0.0
214,5,9,0.0
214,5,6,28.0
214,5,14,1.0
214,1,8,143.0
214,1,11,10.0
214,1,10,100.74
214,1,1,753.0
214,1,2,25.0
214,1,9,15.0
214,1,6,12.0
214,1,14,119.0
214,3,8,44.0
214,3,11,36.0
214,3,10,95.89
214,3,1,738.0
214,3,2,63.0
214,3,9,71.0
214,3,6,4.0
214,3,14,164.0
214,6,8,287.0
214,6,11,79.0
214,6,10,264.0
214,6,1,3770.0
214,6,2,101.0
214,6,9,139.0
214,6,6,66.0
214,6,14,387.0
214,2,8,37.0
214,2,11,33.0
214,2,10,60.91
214,2,1,1581.0
214,2,2,13.0
214,2,9,54.0
214,2,6,22.0
214,2,14,97.0
215,4,8,39.0
215,4,10,5.24
215,4,1,694.0
215,4,2,0.0
215,4,9,0.0
215,4,6,0.0
215,4,14,6.0
215,5,8,18.0
215,5,10,1.28
215,5,1,17.0
215,5,2,0.0
215,5,9,0.0
215,5,6,28.0
215,5,14,1.0
215,1,8,135.0
215,1,11,5.0
215,1,10,106.21
215,1,1,757.0
215,1,2,28.0
215,1,9,15.0
215,1,6,12.0
215,1,14,121.0
215,3,8,55.0
215,3,11,34.0
215,3,10,103.2
215,3,1,742.0
215,3,2,59.0
215,3,9,71.0
215,3,6,4.0
215,3,14,171.0
215,6,8,292.0
215,6,11,70.0
215,6,10,275.0
215,6,1,3777.0
215,6,2,103.0
215,6,9,140.0
215,6,6,64.0
215,6,14,392.0
215,2,8,44.0
215,2,11,31.0
215,2,10,59.25
215,2,1,1568.0
215,2,2,16.0
215,2,9,54.0
215,2,6,20.0
215,2,14,91.0
216,4,8,42.0
216,4,10,2.97
216,4,1,709.0
216,4,2,0.0
216,4,9,0.0
216,4,6,0.0
216,4,14,5.0
216,5,8,17.0
216,5,10,1.19
216,5,1,17.0
216,5,2,0.0
216,5,9,0.0
216,5,6,29.0
216,5,14,1.0
216,1,8,131.0
216,1,11,4.0
216,1,10,103.89
216,1,1,757.0
216,1,2,22.0
216,1,9,19.0
216,1,6,14.0
216,1,14,117.0
216,3,8,53.0
216,3,11,37.0
216,3,10,95.43
216,3,1,724.0
216,3,2,52.0
216,3,9,71.0
216,3,6,4.0
216,3,14,166.0
216,6,8,283.0
216,6,11,74.0
216,6,10,259.0
216,6,1,3802.0
216,6,2,89.0
216,6,9,144.0
216,6,6,65.0
216,6,14,381.0
216,2,8,40.0
216,2,11,33.0
216,2,10,55.97
216,2,1,1595.0
216,2,2,15.0
216,2,9,53.0
216,2,6,18.0
216,2,14,92.0
217,4,8,36.0
217,4,10,3.01
217,4,1,702.0
217,4,2,0.0
217,4,9,0.0
217,4,6,0.0
217,4,14,5.0
217,5,8,18.0
217,5,10,1.04
217,5,1,12.0
217,5,2,0.0
217,5,9,0.0
217,5,6,29.0
217,5,14,1.0
217,1,8,132.0
217,1,11,4.0
217,1,10,101.8
217,1,1,750.0
217,1,2,23.0
217,1,9,20.0
217,1,6,12.0
217,1,14,116.0
217,3,8,50.0
217,3,11,33.0
217,3,10,90.08
217,3,1,676.0
217,3,2,52.0
217,3,9,71.0
217,3,6,4.0
217,3,14,154.0
217,6,8,274.0
217,6,11,75.0
217,6,10,253.0
217,6,1,3759.0
217,6,2,88.0
217,6,9,143.0
217,6,6,64.0
217,6,14,372.0
217,2,8,40.0
217,2,11,38.0
217,2,10,56.7
217,2,1,1619.0
217,2,2,13.0
217,2,9,52.0
217,2,6,20.0
217,2,14,97.0
218,4,8,34.0
218,4,10,2.63
218,4,1,668.0
218,4,2,0.0
218,4,9,0.0
218,4,6,0.0
218,4,14,4.0
218,5,8,17.0
218,5,10,1.17
218,5,1,13.0
218,5,2,0.0
218,5,9,0.0
218,5,6,28.0
218,5,14,1.0
218,1,8,133.0
218,1,11,4.0
218,1,10,106.33
218,1,1,682.0
218,1,2,24.0
218,1,9,20.0
218,1,6,10.0
218,1,14,119.0
218,3,8,39.0
218,3,11,34.0
218,3,10,89.03
218,3,1,617.0
218,3,2,53.0
218,3,9,71.0
218,3,6,4.0
218,3,14,155.0
218,6,8,250.0
218,6,11,79.0
218,6,10,257.0
218,6,1,3572.0
218,6,2,94.0
218,6,9,143.0
218,6,6,50.0
218,6,14,379.0
218,2,8,27.0
218,2,11,41.0
218,2,10,57.89
218,2,1,1592.0
218,2,2,18.0
218,2,9,52.0
218,2,6,9.0
218,2,14,100.0
219,4,8,33.0
219,4,10,2.62
219,4,1,673.0
219,4,2,0.0
219,4,9,0.0
219,4,6,0.0
219,4,14,4.0
219,5,8,17.0
219,5,10,1.18
219,5,1,14.0
219,5,2,0.0
219,5,9,0.0
219,5,6,27.0
219,5,14,1.0
219,1,8,133.0
219,1,11,4.0
219,1,10,105.23
219,1,1,698.0
219,1,2,26.0
219,1,9,20.0
219,1,6,13.0
219,1,14,119.0
219,3,8,43.0
219,3,11,24.0
219,3,10,91.01
219,3,1,640.0
219,3,2,59.0
219,3,9,73.0
219,3,6,4.0
219,3,14,152.0
219,6,8,258.0
219,6,11,67.0
219,6,10,251.0
219,6,1,3637.0
219,6,2,103.0
219,6,9,145.0
219,6,6,57.0
219,6,14,367.0
219,2,8,32.0
219,2,11,38.0
219,2,10,51.44
219,2,1,1611.0
219,2,2,18.0
219,2,9,53.0
219,2,6,14.0
219,2,14,92.0
220,4,8,37.0
220,4,10,2.91
220,4,1,656.0
220,4,2,0.0
220,4,9,0.0
220,4,6,0.0
220,4,14,4.0
220,5,8,17.0
220,5,10,0.99
220,5,1,15.0
220,5,2,0.0
220,5,9,0.0
220,5,6,26.0
220,5,14,1.0
220,1,8,132.0
220,1,11,5.0
220,1,10,99.45
220,1,1,698.0
220,1,2,28.0
220,1,9,18.0
220,1,6,13.0
220,1,14,119.0
220,3,8,51.0
220,3,11,23.0
220,3,10,80.88
220,3,1,641.0
220,3,2,63.0
220,3,9,71.0
220,3,6,4.0
220,3,14,142.0
220,6,8,279.0
220,6,11,53.0
220,6,10,241.0
220,6,1,3646.0
220,6,2,110.0
220,6,9,142.0
220,6,6,60.0
220,6,14,350.0
220,2,8,40.0
220,2,11,25.0
220,2,10,56.63
220,2,1,1637.0
220,2,2,19.0
220,2,9,53.0
220,2,6,17.0
220,2,14,84.0
221,4,8,32.0
221,4,10,3.23
221,4,1,654.0
221,4,2,0.0
221,4,9,0.0
221,4,6,0.0
221,4,14,4.0
221,5,8,17.0
221,5,10,1.08
221,5,1,16.0
221,5,2,0.0
221,5,9,0.0
221,5,6,24.0
221,5,14,1.0
221,1,8,134.0
221,1,11,2.0
221,1,10,88.02
221,1,1,728.0
221,1,2,27.0
221,1,9,20.0
221,1,6,12.0
221,1,14,106.0
221,3,8,48.0
221,3,11,25.0
221,3,10,82.08
221,3,1,631.0
221,3,2,62.0
221,3,9,71.0
221,3,6,4.0
221,3,14,145.0
221,6,8,276.0
221,6,11,47.0
221,6,10,228.0
221,6,1,3661.0
221,6,2,108.0
221,6,9,144.0
221,6,6,59.0
221,6,14,332.0
221,2,8,44.0
221,2,11,19.0
221,2,10,53.51
221,2,1,1632.0
221,2,2,19.0
221,2,9,53.0
221,2,6,20.0
221,2,14,76.0
222,4,8,35.0
222,4,10,6.2
222,4,1,679.0
222,4,2,0.0
222,4,9,0.0
222,4,6,0.0
222,4,14,7.0
222,5,8,16.0
222,5,10,1.11
222,5,1,16.0
222,5,2,0.0
222,5,9,0.0
222,5,6,27.0
222,5,14,1.0
222,1,8,128.0
222,1,11,8.0
222,1,10,73.75
222,1,1,728.0
222,1,2,23.0
222,1,9,20.0
222,1,6,10.0
222,1,14,98.0
222,3,8,42.0
222,3,11,21.0
222,3,10,89.01
222,3,1,629.0
222,3,2,62.0
222,3,9,73.0
222,3,6,4.0
222,3,14,145.0
222,6,8,263.0
222,6,11,47.0
222,6,10,224.0
222,6,1,3652.0
222,6,2,103.0
222,6,9,147.0
222,6,6,57.0
222,6,14,325.0
222,2,8,42.0
222,2,11,18.0
222,2,10,54.01
222,2,1,1601.0
222,2,2,19.0
222,2,9,53.0
222,2,6,16.0
222,2,14,74.0
223,4,8,32.0
223,4,10,5.24
223,4,1,663.0
223,4,2,0.0
223,4,9,0.0
223,4,6,0.0
223,4,14,7.0
223,5,8,15.0
223,5,10,1.16
223,5,1,13.0
223,5,2,0.0
223,5,9,0.0
223,5,6,27.0
223,5,14,1.0
223,1,8,132.0
223,1,11,19.0
223,1,10,109.85
223,1,1,659.0
223,1,2,21.0
223,1,9,20.0
223,1,6,10.0
223,1,14,144.0
223,3,8,37.0
223,3,11,40.0
223,3,10,101.52
223,3,1,618.0
223,3,2,59.0
223,3,9,75.0
223,3,6,4.0
223,3,14,178.0
223,6,8,254.0
223,6,11,91.0
223,6,10,270.0
223,6,1,3512.0
223,6,2,99.0
223,6,9,149.0
223,6,6,56.0
223,6,14,416.0
223,2,8,39.0
223,2,11,32.0
223,2,10,52.45
223,2,1,1557.0
223,2,2,19.0
223,2,9,53.0
223,2,6,15.0
223,2,14,87.0
224,4,8,24.0
224,4,10,2.62
224,4,1,638.0
224,4,2,0.0
224,4,9,0.0
224,4,6,0.0
224,4,14,4.0
224,5,8,15.0
224,5,10,1.16
224,5,1,11.0
224,5,2,0.0
224,5,9,0.0
224,5,6,27.0
224,5,14,1.0
224,1,8,133.0
224,1,11,20.0
224,1,10,108.61
224,1,1,611.0
224,1,2,24.0
224,1,9,20.0
224,1,6,9.0
224,1,14,147.0
224,3,8,34.0
224,3,11,63.0
224,3,10,107.79
224,3,1,559.0
224,3,2,52.0
224,3,9,76.0
224,3,6,4.0
224,3,14,201.0
224,6,8,238.0
224,6,11,186.0
224,6,10,282.0
224,6,1,3236.0
224,6,2,91.0
224,6,9,149.0
224,6,6,53.0
224,6,14,519.0
224,2,8,33.0
224,2,11,102.0
224,2,10,61.43
224,2,1,1417.0
224,2,2,16.0
224,2,9,53.0
224,2,6,12.0
224,2,14,166.0
225,4,8,19.0
225,4,10,2.48
225,4,1,583.0
225,4,2,0.0
225,4,9,0.0
225,4,6,0.0
225,4,14,4.0
225,5,8,14.0
225,5,10,1.18
225,5,1,10.0
225,5,2,0.0
225,5,9,0.0
225,5,6,27.0
225,5,14,1.0
225,1,8,130.0
225,1,11,4.0
225,1,10,122.1
225,1,1,553.0
225,1,2,27.0
225,1,9,21.0
225,1,6,10.0
225,1,14,147.0
225,3,8,31.0
225,3,11,55.0
225,3,10,112.94
225,3,1,488.0
225,3,2,48.0
225,3,9,76.0
225,3,6,5.0
225,3,14,196.0
225,6,8,218.0
225,6,11,147.0
225,6,10,301.0
225,6,1,2897.0
225,6,2,90.0
225,6,9,148.0
225,6,6,46.0
225,6,14,501.0
225,2,8,25.0
225,2,11,88.0
225,2,10,62.76
225,2,1,1262.0
225,2,2,14.0
225,2,9,52.0
225,2,6,6.0
225,2,14,153.0
226,4,8,18.0
226,4,10,2.69
226,4,1,585.0
226,4,2,0.0
226,4,9,0.0
226,4,6,0.0
226,4,14,4.0
226,5,8,14.0
226,5,10,1.24
226,5,1,11.0
226,5,2,0.0
226,5,9,0.0
226,5,6,27.0
226,5,14,1.0
226,1,8,131.0
226,1,11,7.0
226,1,10,106.32
226,1,1,500.0
226,1,2,29.0
226,1,9,20.0
226,1,6,10.0
226,1,14,130.0
226,3,8,34.0
226,3,11,60.0
226,3,10,106.27
226,3,1,496.0
226,3,2,49.0
226,3,9,76.0
226,3,6,4.0
226,3,14,198.0
226,6,8,221.0
226,6,11,126.0
226,6,10,273.0
226,6,1,2825.0
226,6,2,92.0
226,6,9,148.0
226,6,6,45.0
226,6,14,451.0
226,2,8,25.0
226,2,11,60.0
226,2,10,56.2
226,2,1,1233.0
226,2,2,14.0
226,2,9,52.0
226,2,6,5.0
226,2,14,119.0
227,4,8,20.0
227,4,10,2.39
227,4,1,619.0
227,4,2,0.0
227,4,9,0.0
227,4,6,0.0
227,4,14,4.0
227,5,8,14.0
227,5,10,1.29
227,5,1,12.0
227,5,2,0.0
227,5,9,0.0
227,5,6,27.0
227,5,14,1.0
227,1,8,129.0
227,1,11,16.0
227,1,10,102.71
227,1,1,549.0
227,1,2,30.0
227,1,9,20.0
227,1,6,10.0
227,1,14,137.0
227,3,8,34.0
227,3,11,44.0
227,3,10,76.0
227,3,1,566.0
227,3,2,44.0
227,3,9,76.0
227,3,6,3.0
227,3,14,152.0
227,6,8,218.0
227,6,11,124.0
227,6,10,239.0
227,6,1,3040.0
227,6,2,89.0
227,6,9,148.0
227,6,6,44.0
227,6,14,417.0
227,2,8,22.0
227,2,11,64.0
227,2,10,56.97
227,2,1,1293.0
227,2,2,16.0
227,2,9,52.0
227,2,6,5.0
227,2,14,124.0
228,4,8,23.0
228,4,10,2.55
228,4,1,639.0
228,4,2,0.0
228,4,9,0.0
228,4,6,0.0
228,4,14,4.0
228,5,8,14.0
228,5,10,1.1
228,5,1,12.0
228,5,2,0.0
228,5,9,0.0
228,5,6,27.0
228,5,14,1.0
228,1,8,128.0
228,1,11,21.0
228,1,10,102.78
228,1,1,587.0
228,1,2,29.0
228,1,9,20.0
228,1,6,10.0
228,1,14,142.0
228,3,8,40.0
228,3,11,20.0
228,3,10,98.33
228,3,1,590.0
228,3,2,40.0
228,3,9,73.0
228,3,6,3.0
228,3,14,151.0
228,6,8,229.0
228,6,11,128.0
228,6,10,265.0
228,6,1,3143.0
228,6,2,84.0
228,6,9,146.0
228,6,6,45.0
228,6,14,448.0
228,2,8,24.0
228,2,11,87.0
228,2,10,60.06
228,2,1,1314.0
228,2,2,16.0
228,2,9,52.0
228,2,6,6.0
228,2,14,151.0
229,4,8,20.0
229,4,10,2.52
229,4,1,655.0
229,4,2,0.0
229,4,9,0.0
229,4,6,0.0
229,4,14,4.0
229,5,8,12.0
229,5,10,0.88
229,5,1,12.0
229,5,2,0.0
229,5,9,0.0
229,5,6,26.0
229,5,14,1.0
229,1,8,127.0
229,1,11,15.0
229,1,10,108.02
229,1,1,633.0
229,1,2,28.0
229,1,9,21.0
229,1,6,11.0
229,1,14,142.0
229,3,8,43.0
229,3,11,19.0
229,3,10,108.61
229,3,1,607.0
229,3,2,47.0
229,3,9,76.0
229,3,6,3.0
229,3,14,160.0
229,6,8,240.0
229,6,11,126.0
229,6,10,278.0
229,6,1,3248.0
229,6,2,90.0
229,6,9,148.0
229,6,6,49.0
229,6,14,457.0
229,2,8,37.0
229,2,11,91.0
229,2,10,57.65
229,2,1,1342.0
229,2,2,15.0
229,2,9,52.0
229,2,6,9.0
229,2,14,150.0
230,4,8,24.0
230,4,10,5.29
230,4,1,668.0
230,4,2,0.0
230,4,9,0.0
230,4,6,0.0
230,4,14,7.0
230,5,8,13.0
230,5,10,0.22
230,5,1,13.0
230,5,2,0.0
230,5,9,0.0
230,5,6,26.0
230,5,14,0.0
230,1,8,125.0
230,1,11,20.0
230,1,10,84.02
230,1,1,647.0
230,1,2,27.0
230,1,9,21.0
230,1,6,10.0
230,1,14,122.0
230,3,8,43.0
230,3,11,33.0
230,3,10,109.51
230,3,1,623.0
230,3,2,46.0
230,3,9,76.0
230,3,6,2.0
230,3,14,175.0
230,6,8,234.0
230,6,11,149.0
230,6,10,256.0
230,6,1,3356.0
230,6,2,87.0
230,6,9,148.0
230,6,6,47.0
230,6,14,462.0
230,2,8,30.0
230,2,11,96.0
230,2,10,57.32
230,2,1,1405.0
230,2,2,14.0
230,2,9,52.0
230,2,6,9.0
230,2,14,157.0
231,4,8,23.0
231,4,10,5.24
231,4,1,697.0
231,4,2,0.0
231,4,9,0.0
231,4,6,0.0
231,4,14,7.0
231,5,8,14.0
231,5,10,0.84
231,5,1,15.0
231,5,2,0.0
231,5,9,0.0
231,5,6,27.0
231,5,14,1.0
231,1,8,125.0
231,1,11,12.0
231,1,10,89.62
231,1,1,649.0
231,1,2,22.0
231,1,9,21.0
231,1,6,10.0
231,1,14,119.0
231,3,8,45.0
231,3,11,37.0
231,3,10,106.4
231,3,1,638.0
231,3,2,52.0
231,3,9,76.0
231,3,6,2.0
231,3,14,176.0
231,6,8,247.0
231,6,11,104.0
231,6,10,257.0
231,6,1,3455.0
231,6,2,87.0
231,6,9,148.0
231,6,6,49.0
231,6,14,414.0
231,2,8,40.0
231,2,11,55.0
231,2,10,54.64
231,2,1,1456.0
231,2,2,13.0
231,2,9,52.0
231,2,6,10.0
231,2,14,111.0
232,4,8,20.0
232,4,10,2.53
232,4,1,690.0
232,4,2,0.0
232,4,9,0.0
232,4,6,0.0
232,4,14,4.0
232,5,8,14.0
232,5,10,1.22
232,5,1,12.0
232,5,2,0.0
232,5,9,0.0
232,5,6,27.0
232,5,14,1.0
232,1,8,126.0
232,1,11,15.0
232,1,10,84.12
232,1,1,612.0
232,1,2,23.0
232,1,9,20.0
232,1,6,10.0
232,1,14,125.0
232,3,8,34.0
232,3,11,49.0
232,3,10,95.19
232,3,1,612.0
232,3,2,53.0
232,3,9,76.0
232,3,6,2.0
232,3,14,176.0
232,6,8,224.0
232,6,11,138.0
232,6,10,234.0
232,6,1,3334.0
232,6,2,90.0
232,6,9,148.0
232,6,6,48.0
232,6,14,433.0
232,2,8,31.0
232,2,11,74.0
232,2,10,51.41
232,2,1,1409.0
232,2,2,14.0
232,2,9,52.0
232,2,6,9.0
232,2,14,127.0
233,4,8,21.0
233,4,10,2.35
233,4,1,682.0
233,4,2,0.0
233,4,9,0.0
233,4,6,0.0
233,4,14,4.0
233,5,8,14.0
233,5,10,1.19
233,5,1,13.0
233,5,2,0.0
233,5,9,0.0
233,5,6,27.0
233,5,14,1.0
233,1,8,123.0
233,1,11,28.0
233,1,10,93.7
233,1,1,626.0
233,1,2,25.0
233,1,9,20.0
233,1,6,13.0
233,1,14,139.0
233,3,8,45.0
233,3,11,41.0
233,3,10,110.2
233,3,1,629.0
233,3,2,52.0
233,3,9,76.0
233,3,6,2.0
233,3,14,183.0
233,6,8,239.0
233,6,11,163.0
233,6,10,261.0
233,6,1,3413.0
233,6,2,92.0
233,6,9,149.0
233,6,6,58.0
233,6,14,479.0
233,2,8,36.0
233,2,11,94.0
233,2,10,53.55
233,2,1,1464.0
233,2,2,15.0
233,2,9,52.0
233,2,6,17.0
233,2,14,152.0
234,4,8,22.0
234,4,10,2.45
234,4,1,680.0
234,4,2,0.0
234,4,9,0.0
234,4,6,0.0
234,4,14,4.0
234,5,8,14.0
234,5,10,0.77
234,5,1,14.0
234,5,2,0.0
234,5,9,0.0
234,5,6,26.0
234,5,14,1.0
234,1,8,124.0
234,1,11,21.0
234,1,10,93.43
234,1,1,662.0
234,1,2,27.0
234,1,9,20.0
234,1,6,13.0
234,1,14,132.0
234,3,8,47.0
234,3,11,33.0
234,3,10,88.79
234,3,1,649.0
234,3,2,52.0
234,3,9,76.0
234,3,6,2.0
234,3,14,154.0
234,6,8,242.0
234,6,11,142.0
234,6,10,240.0
234,6,1,3510.0
234,6,2,93.0
234,6,9,149.0
234,6,6,59.0
234,6,14,435.0
234,2,8,35.0
234,2,11,87.0
234,2,10,54.68
234,2,1,1504.0
234,2,2,14.0
234,2,9,53.0
234,2,6,17.0
234,2,14,144.0
235,4,8,23.0
235,4,10,2.55
235,4,1,681.0
235,4,2,0.0
235,4,9,0.0
235,4,6,0.0
235,4,14,4.0
235,5,8,14.0
235,5,10,0.98
235,5,1,14.0
235,5,2,0.0
235,5,9,0.0
235,5,6,27.0
235,5,14,1.0
235,1,8,116.0
235,1,11,3.0
235,1,10,103.97
235,1,1,691.0
235,1,2,28.0
235,1,9,21.0
235,1,6,14.0
235,1,14,125.0
235,3,8,49.0
235,3,11,28.0
235,3,10,79.32
235,3,1,650.0
235,3,2,48.0
235,3,9,76.0
235,3,6,4.0
235,3,14,138.0
235,6,8,244.0
235,6,11,67.0
235,6,10,244.0
235,6,1,3564.0
235,6,2,88.0
235,6,9,149.0
235,6,6,61.0
235,6,14,362.0
235,2,8,42.0
235,2,11,35.0
235,2,10,56.77
235,2,1,1528.0
235,2,2,13.0
235,2,9,53.0
235,2,6,17.0
235,2,14,94.0
236,4,8,24.0
236,4,10,2.31
236,4,1,685.0
236,4,2,0.0
236,4,9,0.0
236,4,6,0.0
236,4,14,4.0
236,5,8,13.0
236,5,10,1.14
236,5,1,14.0
236,5,2,0.0
236,5,9,0.0
236,5,6,27.0
236,5,14,1.0
236,1,8,118.0
236,1,11,4.0
236,1,10,104.11
236,1,1,681.0
236,1,2,30.0
236,1,9,21.0
236,1,6,13.0
236,1,14,126.0
236,3,8,48.0
236,3,11,25.0
236,3,10,71.42
236,3,1,647.0
236,3,2,45.0
236,3,9,76.0
236,3,6,5.0
236,3,14,127.0
236,6,8,242.0
236,6,11,55.0
236,6,10,235.0
236,6,1,3565.0
236,6,2,89.0
236,6,9,150.0
236,6,6,64.0
236,6,14,341.0
236,2,8,39.0
236,2,11,26.0
236,2,10,55.86
236,2,1,1538.0
236,2,2,14.0
236,2,9,53.0
236,2,6,19.0
236,2,14,84.0
237,4,8,19.0
237,4,10,2.13
237,4,1,680.0
237,4,2,0.0
237,4,9,0.0
237,4,6,0.0
237,4,14,4.0
237,5,8,13.0
237,5,10,1.2
237,5,1,13.0
237,5,2,0.0
237,5,9,0.0
237,5,6,27.0
237,5,14,1.0
237,1,8,117.0
237,1,11,17.0
237,1,10,105.04
237,1,1,653.0
237,1,2,32.0
237,1,9,21.0
237,1,6,13.0
237,1,14,139.0
237,3,8,45.0
237,3,11,40.0
237,3,10,70.76
237,3,1,632.0
237,3,2,52.0
237,3,9,76.0
237,3,6,4.0
237,3,14,145.0
237,6,8,240.0
237,6,11,142.0
237,6,10,233.0
237,6,1,3469.0
237,6,2,97.0
237,6,9,149.0
237,6,6,62.0
237,6,14,428.0
237,2,8,46.0
237,2,11,84.0
237,2,10,53.73
237,2,1,1492.0
237,2,2,13.0
237,2,9,53.0
237,2,6,18.0
237,2,14,140.0
238,4,8,19.0
238,4,10,5.08
238,4,1,647.0
238,4,2,0.0
238,4,9,0.0
238,4,6,0.0
238,4,14,7.0
238,5,8,14.0
238,5,10,1.2
238,5,1,12.0
238,5,2,0.0
238,5,9,0.0
238,5,6,27.0
238,5,14,1.0
238,1,8,112.0
238,1,11,26.0
238,1,10,84.5
238,1,1,636.0
238,1,2,31.0
238,1,9,21.0
238,1,6,12.0
238,1,14,129.0
238,3,8,36.0
238,3,11,60.0
238,3,10,82.51
238,3,1,605.0
238,3,2,52.0
238,3,9,76.0
238,3,6,4.0
238,3,14,174.0
238,6,8,220.0
238,6,11,188.0
238,6,10,223.0
238,6,1,3391.0
238,6,2,102.0
238,6,9,149.0
238,6,6,58.0
238,6,14,465.0
238,2,8,39.0
238,2,11,102.0
238,2,10,49.93
238,2,1,1491.0
238,2,2,19.0
238,2,9,52.0
238,2,6,16.0
238,2,14,154.0
239,4,8,14.0
239,4,10,5.24
239,4,1,615.0
239,4,2,0.0
239,4,9,0.0
239,4,6,0.0
239,4,14,8.0
239,5,8,13.0
239,5,10,1.12
239,5,1,10.0
239,5,2,0.0
239,5,9,0.0
239,5,6,27.0
239,5,14,1.0
239,1,8,109.0
239,1,11,19.0
239,1,10,29.45
239,1,1,606.0
239,1,2,32.0
239,1,9,21.0
239,1,6,10.0
239,1,14,66.0
239,3,8,32.0
239,3,11,95.0
239,3,10,93.79
239,3,1,538.0
239,3,2,44.0
239,3,9,76.0
239,3,6,5.0
239,3,14,217.0
239,6,8,203.0
239,6,11,218.0
239,6,10,157.0
239,6,1,3178.0
239,6,2,95.0
239,6,9,149.0
239,6,6,47.0
239,6,14,428.0
239,2,8,35.0
239,2,11,105.0
239,2,10,27.47
239,2,1,1409.0
239,2,2,19.0
239,2,9,52.0
239,2,6,5.0
239,2,14,135.0
240,4,8,16.0
240,4,10,2.31
240,4,1,635.0
240,4,2,0.0
240,4,9,0.0
240,4,6,0.0
240,4,14,4.0
240,5,8,13.0
240,5,10,1.17
240,5,1,11.0
240,5,2,0.0
240,5,9,0.0
240,5,6,26.0
240,5,14,1.0
240,1,8,108.0
240,1,11,15.0
240,1,10,44.13
240,1,1,574.0
240,1,2,29.0
240,1,9,20.0
240,1,6,10.0
240,1,14,78.0
240,3,8,38.0
240,3,11,59.0
240,3,10,80.0
240,3,1,560.0
240,3,2,49.0
240,3,9,76.0
240,3,6,5.0
240,3,14,173.0
240,6,8,214.0
240,6,11,125.0
240,6,10,159.0
240,6,1,3137.0
240,6,2,95.0
240,6,9,149.0
240,6,6,50.0
240,6,14,341.0
240,2,8,39.0
240,2,11,51.0
240,2,10,31.48
240,2,1,1357.0
240,2,2,16.0
240,2,9,53.0
240,2,6,9.0
240,2,14,85.0
241,4,8,18.0
241,4,10,2.52
241,4,1,642.0
241,4,2,0.0
241,4,9,0.0
241,4,6,0.0
241,4,14,5.0
241,5,8,13.0
241,5,10,1.14
241,5,1,11.0
241,5,2,0.0
241,5,9,0.0
241,5,6,26.0
241,5,14,1.0
241,1,8,107.0
241,1,11,11.0
241,1,10,71.77
241,1,1,571.0
241,1,2,28.0
241,1,9,21.0
241,1,6,10.0
241,1,14,99.0
241,3,8,36.0
241,3,11,49.0
241,3,10,91.96
241,3,1,581.0
241,3,2,50.0
241,3,9,76.0
241,3,6,5.0
241,3,14,173.0
241,6,8,201.0
241,6,11,129.0
241,6,10,209.0
241,6,1,3188.0
241,6,2,95.0
241,6,9,150.0
241,6,6,52.0
241,6,14,390.0
241,2,8,27.0
241,2,11,68.0
241,2,10,41.6
241,2,1,1383.0
241,2,2,17.0
241,2,9,53.0
241,2,6,11.0
241,2,14,112.0
242,4,8,19.0
242,4,10,2.87
242,4,1,649.0
242,4,2,0.0
242,4,9,0.0
242,4,6,0.0
242,4,14,4.0
242,5,8,13.0
242,5,10,0.86
242,5,1,14.0
242,5,2,0.0
242,5,9,0.0
242,5,6,26.0
242,5,14,1.0
242,1,8,107.0
242,1,11,8.0
242,1,10,79.31
242,1,1,600.0
242,1,2,27.0
242,1,9,21.0
242,1,6,11.0
242,1,14,106.0
242,3,8,35.0
242,3,11,55.0
242,3,10,94.44
242,3,1,599.0
242,3,2,42.0
242,3,9,76.0
242,3,6,5.0
242,3,14,183.0
242,6,8,200.0
242,6,11,131.0
242,6,10,224.0
242,6,1,3233.0
242,6,2,86.0
242,6,9,150.0
242,6,6,54.0
242,6,14,409.0
242,2,8,27.0
242,2,11,67.0
242,2,10,46.71
242,2,1,1370.0
242,2,2,18.0
242,2,9,53.0
242,2,6,13.0
242,2,14,115.0
243,4,8,19.0
243,4,10,2.91
243,4,1,630.0
243,4,2,0.0
243,4,9,0.0
243,4,6,0.0
243,4,14,4.0
243,5,8,12.0
243,5,10,1.16
243,5,1,12.0
243,5,2,0.0
243,5,9,0.0
243,5,6,26.0
243,5,14,1.0
243,1,8,106.0
243,1,11,7.0
243,1,10,90.64
243,1,1,578.0
243,1,2,26.0
243,1,9,21.0
243,1,6,11.0
243,1,14,116.0
243,3,8,34.0
243,3,11,56.0
243,3,10,96.04
243,3,1,581.0
243,3,2,42.0
243,3,9,76.0
243,3,6,5.0
243,3,14,182.0
243,6,8,209.0
243,6,11,130.0
243,6,10,238.0
243,6,1,3134.0
243,6,2,85.0
243,6,9,150.0
243,6,6,59.0
243,6,14,420.0
243,2,8,38.0
243,2,11,68.0
243,2,10,47.24
243,2,1,1333.0
243,2,2,18.0
243,2,9,53.0
243,2,6,17.0
243,2,14,116.0
244,4,8,15.0
244,4,10,2.08
244,4,1,636.0
244,4,2,0.0
244,4,9,0.0
244,4,6,0.0
244,4,14,3.0
244,5,8,12.0
244,5,10,1.15
244,5,1,12.0
244,5,2,0.0
244,5,9,0.0
244,5,6,27.0
244,5,14,1.0
244,1,8,107.0
244,1,11,31.0
244,1,10,86.23
244,1,1,606.0
244,1,2,23.0
244,1,9,21.0
244,1,6,12.0
244,1,14,136.0
244,3,8,40.0
244,3,11,29.0
244,3,10,94.49
244,3,1,594.0
244,3,2,44.0
244,3,9,76.0
244,3,6,5.0
244,3,14,155.0
244,6,8,198.0
244,6,11,184.0
244,6,10,225.0
244,6,1,3148.0
244,6,2,80.0
244,6,9,150.0
244,6,6,59.0
244,6,14,461.0
244,2,8,24.0
244,2,11,123.0
244,2,10,41.19
244,2,1,1300.0
244,2,2,13.0
244,2,9,53.0
244,2,6,16.0
244,2,14,166.0
245,4,8,16.0
245,4,10,2.23
245,4,1,627.0
245,4,2,0.0
245,4,9,0.0
245,4,6,0.0
245,4,14,4.0
245,5,8,12.0
245,5,10,1.0
245,5,1,12.0
245,5,2,0.0
245,5,9,0.0
245,5,6,27.0
245,5,14,1.0
245,1,8,106.0
245,1,11,36.0
245,1,10,102.04
245,1,1,595.0
245,1,2,24.0
245,1,9,21.0
245,1,6,12.0
245,1,14,160.0
245,3,8,35.0
245,3,11,40.0
245,3,10,99.34
245,3,1,557.0
245,3,2,44.0
245,3,9,76.0
245,3,6,5.0
245,3,14,172.0
245,6,8,189.0
245,6,11,227.0
245,6,10,250.0
245,6,1,3080.0
245,6,2,85.0
245,6,9,150.0
245,6,6,59.0
245,6,14,534.0
245,2,8,21.0
245,2,11,151.0
245,2,10,44.93
245,2,1,1288.0
245,2,2,17.0
245,2,9,53.0
245,2,6,16.0
245,2,14,198.0
246,4,8,19.0
246,4,10,4.63
246,4,1,586.0
246,4,2,0.0
246,4,9,0.0
246,4,6,0.0
246,4,14,7.0
246,5,8,11.0
246,5,10,1.04
246,5,1,11.0
246,5,2,0.0
246,5,9,0.0
246,5,6,27.0
246,5,14,1.0
246,1,8,109.0
246,1,11,27.0
246,1,10,108.78
246,1,1,556.0
246,1,2,26.0
246,1,9,20.0
246,1,6,9.0
246,1,14,158.0
246,3,8,33.0
246,3,11,48.0
246,3,10,79.87
246,3,1,513.0
246,3,2,43.0
246,3,9,76.0
246,3,6,5.0
246,3,14,156.0
246,6,8,192.0
246,6,11,215.0
246,6,10,242.0
246,6,1,2953.0
246,6,2,88.0
246,6,9,149.0
246,6,6,50.0
246,6,14,511.0
246,2,8,20.0
246,2,11,140.0
246,2,10,47.47
246,2,1,1286.0
246,2,2,19.0
246,2,9,53.0
246,2,6,9.0
246,2,14,189.0
247,4,8,16.0
247,4,10,4.48
247,4,1,598.0
247,4,2,0.0
247,4,9,0.0
247,4,6,0.0
247,4,14,6.0
247,5,8,12.0
247,5,10,1.05
247,5,1,12.0
247,5,2,0.0
247,5,9,0.0
247,5,6,27.0
247,5,14,1.0
247,1,8,107.0
247,1,11,11.0
247,1,10,109.05
247,1,1,568.0
247,1,2,27.0
247,1,9,21.0
247,1,6,9.0
247,1,14,144.0
247,3,8,37.0
247,3,11,61.0
247,3,10,60.32
247,3,1,546.0
247,3,2,44.0
247,3,9,76.0
247,3,6,4.0
247,3,14,148.0
247,6,8,194.0
247,6,11,225.0
247,6,10,222.0
247,6,1,3011.0
247,6,2,89.0
247,6,9,149.0
247,6,6,53.0
247,6,14,500.0
247,2,8,22.0
247,2,11,153.0
247,2,10,46.91
247,2,1,1287.0
247,2,2,18.0
247,2,9,53.0
247,2,6,12.0
247,2,14,201.0
248,4,8,13.0
248,4,10,3.43
248,4,1,611.0
248,4,2,0.0
248,4,9,0.0
248,4,6,0.0
248,4,14,6.0
248,5,8,11.0
248,5,10,0.63
248,5,1,12.0
248,5,2,0.0
248,5,9,0.0
248,5,6,26.0
248,5,14,1.0
248,1,8,111.0
248,1,11,19.0
248,1,10,111.23
248,1,1,579.0
248,1,2,25.0
248,1,9,21.0
248,1,6,10.0
248,1,14,154.0
248,3,8,47.0
248,3,11,55.0
248,3,10,67.46
248,3,1,525.0
248,3,2,47.0
248,3,9,76.0
248,3,6,5.0
248,3,14,144.0
248,6,8,203.0
248,6,11,224.0
248,6,10,227.0
248,6,1,3026.0
248,6,2,91.0
248,6,9,149.0
248,6,6,55.0
248,6,14,501.0
248,2,8,21.0
248,2,11,150.0
248,2,10,44.45
248,2,1,1299.0
248,2,2,19.0
248,2,9,53.0
248,2,6,14.0
248,2,14,198.0
249,4,8,16.0
249,4,10,0.6
249,4,1,611.0
249,4,2,0.0
249,4,9,0.0
249,4,6,0.0
249,4,14,3.0
249,5,8,11.0
249,5,10,0.85
249,5,1,13.0
249,5,2,0.0
249,5,9,0.0
249,5,6,26.0
249,5,14,1.0
249,1,8,114.0
249,1,11,29.0
249,1,10,107.65
249,1,1,586.0
249,1,2,26.0
249,1,9,21.0
249,1,6,14.0
249,1,14,157.0
249,3,8,52.0
249,3,11,21.0
249,3,10,76.78
249,3,1,589.0
249,3,2,48.0
249,3,9,69.0
249,3,6,5.0
249,3,14,121.0
249,6,8,220.0
249,6,11,174.0
249,6,10,232.0
249,6,1,3122.0
249,6,2,93.0
249,6,9,130.0
249,6,6,60.0
249,6,14,453.0
249,2,8,25.0
249,2,11,123.0
249,2,10,45.72
249,2,1,1323.0
249,2,2,18.0
249,2,9,40.0
249,2,6,16.0
249,2,14,172.0
250,4,8,17.0
250,4,10,1.1
250,4,1,626.0
250,4,2,0.0
250,4,9,0.0
250,4,6,0.0
250,4,14,3.0
250,5,8,11.0
250,5,10,0.31
250,5,1,13.0
250,5,2,0.0
250,5,9,0.0
250,5,6,25.0
250,5,14,0.0
250,1,8,110.0
250,1,11,21.0
250,1,10,109.18
250,1,1,608.0
250,1,2,26.0
250,1,9,21.0
250,1,6,15.0
250,1,14,153.0
250,3,8,51.0
250,3,11,19.0
250,3,10,86.38
250,3,1,601.0
250,3,2,50.0
250,3,9,62.0
250,3,6,5.0
250,3,14,128.0
250,6,8,214.0
250,6,11,132.0
250,6,10,241.0
250,6,1,3226.0
250,6,2,94.0
250,6,9,123.0
250,6,6,64.0
250,6,14,422.0
250,2,8,24.0
250,2,11,92.0
250,2,10,44.47
250,2,1,1378.0
250,2,2,18.0
250,2,9,40.0
250,2,6,20.0
250,2,14,139.0
251,4,8,18.0
251,4,10,1.71
251,4,1,635.0
251,4,2,0.0
251,4,9,0.0
251,4,6,0.0
251,4,14,3.0
251,5,8,13.0
251,5,10,0.36
251,5,1,13.0
251,5,2,0.0
251,5,9,0.0
251,5,6,25.0
251,5,14,0.0
251,1,8,113.0
251,1,11,4.0
251,1,10,112.31
251,1,1,630.0
251,1,2,29.0
251,1,9,21.0
251,1,6,14.0
251,1,14,139.0
251,3,8,49.0
251,3,11,22.0
251,3,10,81.57
251,3,1,617.0
251,3,2,47.0
251,3,9,70.0
251,3,6,5.0
251,3,14,127.0
251,6,8,217.0
251,6,11,81.0
251,6,10,251.0
251,6,1,3306.0
251,6,2,92.0
251,6,9,130.0
251,6,6,62.0
251,6,14,381.0
251,2,8,24.0
251,2,11,55.0
251,2,10,54.63
251,2,1,1411.0
251,2,2,16.0
251,2,9,40.0
251,2,6,18.0
251,2,14,111.0
252,4,8,19.0
252,4,10,2.15
252,4,1,634.0
252,4,2,0.0
252,4,9,0.0
252,4,6,0.0
252,4,14,4.0
252,5,8,14.0
252,5,10,0.68
252,5,1,13.0
252,5,2,0.0
252,5,9,0.0
252,5,6,25.0
252,5,14,1.0
252,1,8,112.0
252,1,11,5.0
252,1,10,113.41
252,1,1,624.0
252,1,2,30.0
252,1,9,21.0
252,1,6,14.0
252,1,14,142.0
252,3,8,45.0
252,3,11,34.0
252,3,10,83.3
252,3,1,589.0
252,3,2,45.0
252,3,9,75.0
252,3,6,5.0
252,3,14,142.0
252,6,8,213.0
252,6,11,87.0
252,6,10,260.0
252,6,1,3282.0
252,6,2,89.0
252,6,9,136.0
252,6,6,60.0
252,6,14,398.0
252,2,8,24.0
252,2,11,48.0
252,2,10,60.14
252,2,1,1422.0
252,2,2,15.0
252,2,9,40.0
252,2,6,17.0
252,2,14,110.0
253,4,8,20.0
253,4,10,2.25
253,4,1,586.0
253,4,2,0.0
253,4,9,0.0
253,4,6,0.0
253,4,14,4.0
253,5,8,12.0
253,5,10,0.8
253,5,1,12.0
253,5,2,0.0
253,5,9,0.0
253,5,6,25.0
253,5,14,1.0
253,1,8,107.0
253,1,11,4.0
253,1,10,111.66
253,1,1,611.0
253,1,2,30.0
253,1,9,21.0
253,1,6,12.0
253,1,14,138.0
253,3,8,31.0
253,3,11,50.0
253,3,10,98.24
253,3,1,550.0
253,3,2,48.0
253,3,9,75.0
253,3,6,5.0
253,3,14,174.0
253,6,8,190.0
253,6,11,105.0
253,6,10,276.0
253,6,1,3151.0
253,6,2,92.0
253,6,9,136.0
253,6,6,47.0
253,6,14,432.0
253,2,8,19.0
253,2,11,52.0
253,2,10,62.69
253,2,1,1393.0
253,2,2,15.0
253,2,9,40.0
253,2,6,6.0
253,2,14,116.0
254,4,8,21.0
254,4,10,5.68
254,4,1,599.0
254,4,2,0.0
254,4,9,0.0
254,4,6,0.0
254,4,14,8.0
254,5,8,12.0
254,5,10,1.01
254,5,1,13.0
254,5,2,0.0
254,5,9,0.0
254,5,6,25.0
254,5,14,1.0
254,1,8,110.0
254,1,11,4.0
254,1,10,116.03
254,1,1,644.0
254,1,2,27.0
254,1,9,21.0
254,1,6,13.0
254,1,14,145.0
254,3,8,45.0
254,3,11,47.0
254,3,10,98.93
254,3,1,590.0
254,3,2,50.0
254,3,9,75.0
254,3,6,4.0
254,3,14,178.0
254,6,8,214.0
254,6,11,86.0
254,6,10,284.0
254,6,1,3312.0
254,6,2,91.0
254,6,9,136.0
254,6,6,55.0
254,6,14,432.0
254,2,8,26.0
254,2,11,35.0
254,2,10,62.26
254,2,1,1467.0
254,2,2,15.0
254,2,9,40.0
254,2,6,13.0
254,2,14,100.0
255,4,8,21.0
255,4,10,5.58
255,4,1,620.0
255,4,2,0.0
255,4,9,0.0
255,4,6,0.0
255,4,14,8.0
255,5,8,12.0
255,5,10,0.23
255,5,1,11.0
255,5,2,0.0
255,5,9,0.0
255,5,6,25.0
255,5,14,0.0
255,1,8,106.0
255,1,11,8.0
255,1,10,106.96
255,1,1,661.0
255,1,2,25.0
255,1,9,21.0
255,1,6,14.0
255,1,14,139.0
255,3,8,46.0
255,3,11,53.0
255,3,10,109.0
255,3,1,600.0
255,3,2,52.0
255,3,9,76.0
255,3,6,5.0
255,3,14,196.0
255,6,8,216.0
255,6,11,86.0
255,6,10,282.0
255,6,1,3405.0
255,6,2,92.0
255,6,9,137.0
255,6,6,60.0
255,6,14,431.0
255,2,8,30.0
255,2,11,25.0
255,2,10,60.04
255,2,1,1513.0
255,2,2,15.0
255,2,9,40.0
255,2,6,17.0
255,2,14,88.0
256,4,8,21.0
256,4,10,2.88
256,4,1,609.0
256,4,2,0.0
256,4,9,0.0
256,4,6,0.0
256,4,14,5.0
256,5,8,12.0
256,5,10,0.93
256,5,1,9.0
256,5,2,0.0
256,5,9,0.0
256,5,6,24.0
256,5,14,1.0
256,1,8,107.0
256,1,11,10.0
256,1,10,110.01
256,1,1,665.0
256,1,2,25.0
256,1,9,21.0
256,1,6,14.0
256,1,14,144.0
256,3,8,48.0
256,3,11,59.0
256,3,10,108.0
256,3,1,615.0
256,3,2,51.0
256,3,9,76.0
256,3,6,4.0
256,3,14,200.0
256,6,8,216.0
256,6,11,121.0
256,6,10,283.0
256,6,1,3419.0
256,6,2,91.0
256,6,9,137.0
256,6,6,57.0
256,6,14,465.0
256,2,8,29.0
256,2,11,52.0
256,2,10,60.79
256,2,1,1520.0
256,2,2,15.0
256,2,9,40.0
256,2,6,14.0
256,2,14,114.0
257,4,8,19.0
257,4,10,3.07
257,4,1,607.0
257,4,2,0.0
257,4,9,0.0
257,4,6,0.0
257,4,14,6.0
257,5,8,12.0
257,5,10,0.76
257,5,1,9.0
257,5,2,0.0
257,5,9,0.0
257,5,6,24.0
257,5,14,1.0
257,1,8,106.0
257,1,11,7.0
257,1,10,112.28
257,1,1,701.0
257,1,2,26.0
257,1,9,21.0
257,1,6,12.0
257,1,14,144.0
257,3,8,48.0
257,3,11,69.0
257,3,10,111.44
257,3,1,598.0
257,3,2,50.0
257,3,9,76.0
257,3,6,4.0
257,3,14,214.0
257,6,8,212.0
257,6,11,145.0
257,6,10,289.0
257,6,1,3428.0
257,6,2,94.0
257,6,9,137.0
257,6,6,56.0
257,6,14,497.0
257,2,8,27.0
257,2,11,69.0
257,2,10,61.78
257,2,1,1514.0
257,2,2,18.0
257,2,9,40.0
257,2,6,16.0
257,2,14,132.0
258,4,8,18.0
258,4,10,2.71
258,4,1,641.0
258,4,2,0.0
258,4,9,0.0
258,4,6,0.0
258,4,14,4.0
258,5,8,12.0
258,5,10,0.93
258,5,1,10.0
258,5,2,0.0
258,5,9,0.0
258,5,6,24.0
258,5,14,1.0
258,1,8,111.0
258,1,11,6.0
258,1,10,108.87
258,1,1,732.0
258,1,2,27.0
258,1,9,21.0
258,1,6,14.0
258,1,14,139.0
258,3,8,51.0
258,3,11,55.0
258,3,10,81.53
258,3,1,622.0
258,3,2,49.0
258,3,9,76.0
258,3,6,4.0
258,3,14,168.0
258,6,8,222.0
258,6,11,112.0
258,6,10,250.0
258,6,1,3541.0
258,6,2,95.0
258,6,9,136.0
258,6,6,64.0
258,6,14,423.0
258,2,8,31.0
258,2,11,51.0
258,2,10,56.31
258,2,1,1536.0
258,2,2,19.0
258,2,9,40.0
258,2,6,21.0
258,2,14,111.0
259,4,8,19.0
259,4,10,2.65
259,4,1,591.0
259,4,2,0.0
259,4,9,0.0
259,4,6,0.0
259,4,14,5.0
259,5,8,12.0
259,5,10,1.03
259,5,1,15.0
259,5,2,0.0
259,5,9,0.0
259,5,6,25.0
259,5,14,1.0
259,1,8,113.0
259,1,11,5.0
259,1,10,108.39
259,1,1,730.0
259,1,2,25.0
259,1,9,21.0
259,1,6,12.0
259,1,14,137.0
259,3,8,50.0
259,3,11,46.0
259,3,10,56.23
259,3,1,640.0
259,3,2,47.0
259,3,9,76.0
259,3,6,5.0
259,3,14,134.0
259,6,8,226.0
259,6,11,109.0
259,6,10,221.0
259,6,1,3520.0
259,6,2,91.0
259,6,9,136.0
259,6,6,58.0
259,6,14,390.0
259,2,8,33.0
259,2,11,58.0
259,2,10,52.71
259,2,1,1544.0
259,2,2,19.0
259,2,9,40.0
259,2,6,16.0
259,2,14,113.0
260,4,8,12.0
260,4,10,2.6
260,4,1,571.0
260,4,2,0.0
260,4,9,0.0
260,4,6,0.0
260,4,14,5.0
260,5,8,11.0
260,5,10,1.16
260,5,1,13.0
260,5,2,0.0
260,5,9,0.0
260,5,6,24.0
260,5,14,1.0
260,1,8,113.0
260,1,11,10.0
260,1,10,110.02
260,1,1,681.0
260,1,2,25.0
260,1,9,21.0
260,1,6,9.0
260,1,14,145.0
260,3,8,32.0
260,3,11,94.0
260,3,10,58.24
260,3,1,588.0
260,3,2,42.0
260,3,9,76.0
260,3,6,4.0
260,3,14,184.0
260,6,8,194.0
260,6,11,196.0
260,6,10,229.0
260,6,1,3311.0
260,6,2,86.0
260,6,9,137.0
260,6,6,47.0
260,6,14,485.0
260,2,8,27.0
260,2,11,92.0
260,2,10,56.68
260,2,1,1458.0
260,2,2,19.0
260,2,9,40.0
260,2,6,9.0
260,2,14,151.0
261,4,8,15.0
261,4,10,2.71
261,4,1,602.0
261,4,2,0.0
261,4,9,0.0
261,4,6,0.0
261,4,14,4.0
261,5,8,11.0
261,5,10,1.21
261,5,1,14.0
261,5,2,0.0
261,5,9,0.0
261,5,6,25.0
261,5,14,1.0
261,1,8,116.0
261,1,11,25.0
261,1,10,109.85
261,1,1,674.0
261,1,2,28.0
261,1,9,21.0
261,1,6,13.0
261,1,14,158.0
261,3,8,42.0
261,3,11,85.0
261,3,10,67.46
261,3,1,574.0
261,3,2,42.0
261,3,9,76.0
261,3,6,6.0
261,3,14,187.0
261,6,8,215.0
261,6,11,283.0
261,6,10,238.0
261,6,1,3301.0
261,6,2,87.0
261,6,9,137.0
261,6,6,58.0
261,6,14,584.0
261,2,8,31.0
261,2,11,173.0
261,2,10,56.58
261,2,1,1437.0
261,2,2,17.0
261,2,9,41.0
261,2,6,15.0
261,2,14,233.0
262,4,8,17.0
262,4,10,5.67
262,4,1,620.0
262,4,2,0.0
262,4,9,0.0
262,4,6,0.0
262,4,14,8.0
262,5,8,11.0
262,5,10,1.19
262,5,1,15.0
262,5,2,0.0
262,5,9,0.0
262,5,6,25.0
262,5,14,1.0
262,1,8,116.0
262,1,11,17.0
262,1,10,104.68
262,1,1,690.0
262,1,2,30.0
262,1,9,21.0
262,1,6,14.0
262,1,14,146.0
262,3,8,41.0
262,3,11,71.0
262,3,10,86.72
262,3,1,584.0
262,3,2,49.0
262,3,9,75.0
262,3,6,5.0
262,3,14,193.0
262,6,8,212.0
262,6,11,242.0
262,6,10,258.0
262,6,1,3395.0
262,6,2,96.0
262,6,9,148.0
262,6,6,62.0
262,6,14,564.0
262,2,8,27.0
262,2,11,155.0
262,2,10,59.29
262,2,1,1488.0
262,2,2,17.0
262,2,9,52.0
262,2,6,18.0
262,2,14,216.0
263,4,8,17.0
263,4,10,5.55
263,4,1,635.0
263,4,2,0.0
263,4,9,0.0
263,4,6,0.0
263,4,14,8.0
263,5,8,11.0
263,5,10,1.17
263,5,1,15.0
263,5,2,0.0
263,5,9,0.0
263,5,6,25.0
263,5,14,1.0
263,1,8,115.0
263,1,11,9.0
263,1,10,105.29
263,1,1,702.0
263,1,2,29.0
263,1,9,21.0
263,1,6,15.0
263,1,14,138.0
263,3,8,52.0
263,3,11,70.0
263,3,10,89.0
263,3,1,596.0
263,3,2,49.0
263,3,9,76.0
263,3,6,7.0
263,3,14,194.0
263,6,8,224.0
263,6,11,199.0
263,6,10,258.0
263,6,1,3480.0
263,6,2,96.0
263,6,9,143.0
263,6,6,67.0
263,6,14,520.0
263,2,8,29.0
263,2,11,120.0
263,2,10,56.63
263,2,1,1532.0
263,2,2,18.0
263,2,9,47.0
263,2,6,20.0
263,2,14,179.0
264,4,8,21.0
264,4,10,2.91
264,4,1,624.0
264,4,2,0.0
264,4,9,0.0
264,4,6,0.0
264,4,14,5.0
264,5,8,11.0
264,5,10,1.22
264,5,1,16.0
264,5,2,0.0
264,5,9,0.0
264,5,6,25.0
264,5,14,1.0
264,1,8,114.0
264,1,11,8.0
264,1,10,114.25
264,1,1,714.0
264,1,2,27.0
264,1,9,21.0
264,1,6,12.0
264,1,14,146.0
264,3,8,59.0
264,3,11,51.0
264,3,10,88.4
264,3,1,602.0
264,3,2,51.0
264,3,9,76.0
264,3,6,7.0
264,3,14,175.0
264,6,8,243.0
264,6,11,143.0
264,6,10,260.0
264,6,1,3520.0
264,6,2,97.0
264,6,9,137.0
264,6,6,64.0
264,6,14,468.0
264,2,8,39.0
264,2,11,84.0
264,2,10,52.73
264,2,1,1565.0
264,2,2,18.0
264,2,9,40.0
264,2,6,20.0
264,2,14,141.0
265,4,8,19.0
265,4,10,3.09
265,4,1,628.0
265,4,2,0.0
265,4,9,0.0
265,4,6,0.0
265,4,14,5.0
265,5,8,11.0
265,5,10,1.19
265,5,1,16.0
265,5,2,0.0
265,5,9,0.0
265,5,6,25.0
265,5,14,1.0
265,1,8,113.0
265,1,11,11.0
265,1,10,98.92
265,1,1,728.0
265,1,2,28.0
265,1,9,21.0
265,1,6,16.0
265,1,14,133.0
265,3,8,62.0
265,3,11,36.0
265,3,10,102.06
265,3,1,616.0
265,3,2,54.0
265,3,9,76.0
265,3,6,6.0
265,3,14,174.0
265,6,8,250.0
265,6,11,83.0
265,6,10,253.0
265,6,1,3605.0
265,6,2,103.0
265,6,9,144.0
265,6,6,69.0
265,6,14,402.0
265,2,8,45.0
265,2,11,36.0
265,2,10,48.18
265,2,1,1616.0
265,2,2,22.0
265,2,9,47.0
265,2,6,22.0
265,2,14,88.0
266,4,8,20.0
266,4,10,1.85
266,4,1,606.0
266,4,2,0.0
266,4,9,0.0
266,4,6,0.0
266,4,14,3.0
266,5,8,11.0
266,5,10,0.74
266,5,1,16.0
266,5,2,0.0
266,5,9,0.0
266,5,6,25.0
266,5,14,1.0
266,1,8,111.0
266,1,11,25.0
266,1,10,109.39
266,1,1,718.0
266,1,2,27.0
266,1,9,21.0
266,1,6,15.0
266,1,14,158.0
266,3,8,50.0
266,3,11,52.0
266,3,10,113.38
266,3,1,592.0
266,3,2,53.0
266,3,9,62.0
266,3,6,7.0
266,3,14,202.0
266,6,8,231.0
266,6,11,127.0
266,6,10,285.0
266,6,1,3515.0
266,6,2,103.0
266,6,9,135.0
266,6,6,64.0
266,6,14,477.0
266,2,8,39.0
266,2,11,50.0
266,2,10,59.82
266,2,1,1583.0
266,2,2,23.0
266,2,9,52.0
266,2,6,18.0
266,2,14,112.0
267,4,8,17.0
267,4,10,2.33
267,4,1,594.0
267,4,2,0.0
267,4,9,0.0
267,4,6,0.0
267,4,14,4.0
267,5,8,10.0
267,5,10,0.93
267,5,1,15.0
267,5,2,0.0
267,5,9,0.0
267,5,6,26.0
267,5,14,1.0
267,1,8,110.0
267,1,11,33.0
267,1,10,93.01
267,1,1,676.0
267,1,2,27.0
267,1,9,21.0
267,1,6,12.0
267,1,14,150.0
267,3,8,40.0
267,3,11,69.0
267,3,10,107.37
267,3,1,583.0
267,3,2,49.0
267,3,9,52.0
267,3,6,7.0
267,3,14,208.0
267,6,8,209.0
267,6,11,198.0
267,6,10,264.0
267,6,1,3370.0
267,6,2,99.0
267,6,9,126.0
267,6,6,52.0
267,6,14,523.0
267,2,8,31.0
267,2,11,96.0
267,2,10,60.32
267,2,1,1500.0
267,2,2,22.0
267,2,9,53.0
267,2,6,7.0
267,2,14,160.0
268,4,8,18.0
268,4,10,2.3
268,4,1,599.0
268,4,2,0.0
268,4,9,0.0
268,4,6,0.0
268,4,14,4.0
268,5,8,10.0
268,5,10,1.1
268,5,1,16.0
268,5,2,0.0
268,5,9,0.0
268,5,6,25.0
268,5,14,1.0
268,1,8,112.0
268,1,11,13.0
268,1,10,98.48
268,1,1,687.0
268,1,2,27.0
268,1,9,21.0
268,1,6,10.0
268,1,14,135.0
268,3,8,47.0
268,3,11,76.0
268,3,10,112.06
268,3,1,602.0
268,3,2,52.0
268,3,9,52.0
268,3,6,7.0
268,3,14,223.0
268,6,8,225.0
268,6,11,166.0
268,6,10,271.0
268,6,1,3435.0
268,6,2,100.0
268,6,9,126.0
268,6,6,68.0
268,6,14,502.0
268,2,8,37.0
268,2,11,78.0
268,2,10,57.23
268,2,1,1531.0
268,2,2,21.0
268,2,9,53.0
268,2,6,27.0
268,2,14,139.0
269,4,8,16.0
269,4,10,2.32
269,4,1,626.0
269,4,2,0.0
269,4,9,0.0
269,4,6,0.0
269,4,14,4.0
269,5,8,11.0
269,5,10,1.11
269,5,1,16.0
269,5,2,0.0
269,5,9,0.0
269,5,6,24.0
269,5,14,1.0
269,1,8,111.0
269,1,11,8.0
269,1,10,98.17
269,1,1,714.0
269,1,2,27.0
269,1,9,21.0
269,1,6,15.0
269,1,14,125.0
269,3,8,54.0
269,3,11,76.0
269,3,10,116.99
269,3,1,621.0
269,3,2,55.0
269,3,9,52.0
269,3,6,7.0
269,3,14,232.0
269,6,8,232.0
269,6,11,123.0
269,6,10,279.0
269,6,1,3565.0
269,6,2,101.0
269,6,9,126.0
269,6,6,73.0
269,6,14,465.0
269,2,8,39.0
269,2,11,39.0
269,2,10,59.91
269,2,1,1589.0
269,2,2,19.0
269,2,9,53.0
269,2,6,26.0
269,2,14,103.0
270,4,8,15.0
270,4,10,5.25
270,4,1,629.0
270,4,2,0.0
270,4,9,0.0
270,4,6,0.0
270,4,14,8.0
270,5,8,11.0
270,5,10,1.13
270,5,1,16.0
270,5,2,0.0
270,5,9,0.0
270,5,6,25.0
270,5,14,1.0
270,1,8,110.0
270,1,11,17.0
270,1,10,99.37
270,1,1,706.0
270,1,2,23.0
270,1,9,21.0
270,1,6,15.0
270,1,14,140.0
270,3,8,48.0
270,3,11,95.0
270,3,10,120.23
270,3,1,611.0
270,3,2,59.0
270,3,9,52.0
270,3,6,7.0
270,3,14,251.0
270,6,8,227.0
270,6,11,181.0
270,6,10,284.0
270,6,1,3546.0
270,6,2,98.0
270,6,9,126.0
270,6,6,69.0
270,6,14,529.0
270,2,8,44.0
270,2,11,69.0
270,2,10,58.37
270,2,1,1585.0
270,2,2,16.0
270,2,9,53.0
270,2,6,23.0
270,2,14,129.0
271,4,8,15.0
271,4,10,5.38
271,4,1,608.0
271,4,2,0.0
271,4,9,0.0
271,4,6,0.0
271,4,14,8.0
271,5,8,11.0
271,5,10,1.07
271,5,1,16.0
271,5,2,0.0
271,5,9,0.0
271,5,6,25.0
271,5,14,1.0
271,1,8,107.0
271,1,11,19.0
271,1,10,108.91
271,1,1,738.0
271,1,2,23.0
271,1,9,21.0
271,1,6,15.0
271,1,14,151.0
271,3,8,55.0
271,3,11,98.0
271,3,10,107.72
271,3,1,613.0
271,3,2,59.0
271,3,9,57.0
271,3,6,7.0
271,3,14,243.0
271,6,8,229.0
271,6,11,192.0
271,6,10,278.0
271,6,1,3566.0
271,6,2,97.0
271,6,9,132.0
271,6,6,67.0
271,6,14,536.0
271,2,8,42.0
271,2,11,75.0
271,2,10,54.71
271,2,1,1591.0
271,2,2,15.0
271,2,9,53.0
271,2,6,20.0
271,2,14,132.0
272,4,8,16.0
272,4,10,3.31
272,4,1,605.0
272,4,2,0.0
272,4,9,0.0
272,4,6,0.0
272,4,14,5.0
272,5,8,10.0
272,5,10,1.15
272,5,1,16.0
272,5,2,0.0
272,5,9,0.0
272,5,6,25.0
272,5,14,1.0
272,1,8,101.0
272,1,11,20.0
272,1,10,104.06
272,1,1,738.0
272,1,2,28.0
272,1,9,21.0
272,1,6,24.0
272,1,14,147.0
272,3,8,60.0
272,3,11,87.0
272,3,10,104.64
272,3,1,639.0
272,3,2,59.0
272,3,9,66.0
272,3,6,7.0
272,3,14,228.0
272,6,8,231.0
272,6,11,157.0
272,6,10,267.0
272,6,1,3609.0
272,6,2,101.0
272,6,9,140.0
272,6,6,82.0
272,6,14,490.0
272,2,8,43.0
272,2,11,50.0
272,2,10,54.18
272,2,1,1611.0
272,2,2,14.0
272,2,9,53.0
272,2,6,26.0
272,2,14,108.0
273,4,8,16.0
273,4,10,3.09
273,4,1,617.0
273,4,2,0.0
273,4,9,0.0
273,4,6,0.0
273,4,14,5.0
273,5,8,10.0
273,5,10,1.15
273,5,1,16.0
273,5,2,0.0
273,5,9,0.0
273,5,6,25.0
273,5,14,1.0
273,1,8,101.0
273,1,11,20.0
273,1,10,88.63
273,1,1,739.0
273,1,2,30.0
273,1,9,21.0
273,1,6,22.0
273,1,14,133.0
273,3,8,58.0
273,3,11,73.0
273,3,10,109.12
273,3,1,648.0
273,3,2,56.0
273,3,9,66.0
273,3,6,7.0
273,3,14,219.0
273,6,8,222.0
273,6,11,143.0
273,6,10,255.0
273,6,1,3629.0
273,6,2,100.0
273,6,9,140.0
273,6,6,78.0
273,6,14,464.0
273,2,8,37.0
273,2,11,50.0
273,2,10,53.16
273,2,1,1608.0
273,2,2,14.0
273,2,9,53.0
273,2,6,25.0
273,2,14,105.0
274,4,8,13.0
274,4,10,2.35
274,4,1,612.0
274,4,2,0.0
274,4,9,0.0
274,4,6,0.0
274,4,14,26.0
274,5,8,10.0
274,5,10,1.15
274,5,1,15.0
274,5,2,0.0
274,5,9,0.0
274,5,6,26.0
274,5,14,1.0
274,1,8,100.0
274,1,11,22.0
274,1,10,95.78
274,1,1,680.0
274,1,2,27.0
274,1,9,23.0
274,1,6,15.0
274,1,14,141.0
274,3,8,35.0
274,3,11,75.0
274,3,10,118.39
274,3,1,614.0
274,3,2,57.0
274,3,9,67.0
274,3,6,7.0
274,3,14,229.0
274,6,8,192.0
274,6,11,180.0
274,6,10,273.0
274,6,1,3476.0
274,6,2,96.0
274,6,9,143.0
274,6,6,55.0
274,6,14,539.0
274,2,8,35.0
274,2,11,83.0
274,2,10,55.14
274,2,1,1556.0
274,2,2,11.0
274,2,9,53.0
274,2,6,7.0
274,2,14,143.0
275,4,8,14.0
275,4,10,2.12
275,4,1,619.0
275,4,2,0.0
275,4,9,0.0
275,4,6,0.0
275,4,14,3.0
275,5,8,9.0
275,5,10,1.17
275,5,1,15.0
275,5,2,0.0
275,5,9,0.0
275,5,6,26.0
275,5,14,1.0
275,1,8,99.0
275,1,11,21.0
275,1,10,83.5
275,1,1,692.0
275,1,2,22.0
275,1,9,25.0
275,1,6,14.0
275,1,14,125.0
275,3,8,47.0
275,3,11,55.0
275,3,10,112.87
275,3,1,623.0
275,3,2,57.0
275,3,9,75.0
275,3,6,7.0
275,3,14,197.0
275,6,8,209.0
275,6,11,143.0
275,6,10,251.0
275,6,1,3517.0
275,6,2,91.0
275,6,9,153.0
275,6,6,66.0
275,6,14,449.0
275,2,8,39.0
275,2,11,68.0
275,2,10,51.71
275,2,1,1568.0
275,2,2,12.0
275,2,9,53.0
275,2,6,20.0
275,2,14,122.0
276,4,8,9.0
276,4,10,2.46
276,4,1,637.0
276,4,2,0.0
276,4,9,0.0
276,4,6,0.0
276,4,14,4.0
276,5,8,10.0
276,5,10,1.07
276,5,1,16.0
276,5,2,0.0
276,5,9,0.0
276,5,6,26.0
276,5,14,1.0
276,1,8,101.0
276,1,11,16.0
276,1,10,89.64
276,1,1,721.0
276,1,2,26.0
276,1,9,26.0
276,1,6,15.0
276,1,14,129.0
276,3,8,58.0
276,3,11,59.0
276,3,10,100.15
276,3,1,638.0
276,3,2,55.0
276,3,9,76.0
276,3,6,7.0
276,3,14,187.0
276,6,8,216.0
276,6,11,116.0
276,6,10,241.0
276,6,1,3620.0
276,6,2,99.0
276,6,9,155.0
276,6,6,68.0
276,6,14,414.0
276,2,8,39.0
276,2,11,42.0
276,2,10,47.66
276,2,1,1608.0
276,2,2,18.0
276,2,9,53.0
276,2,6,21.0
276,2,14,93.0
277,4,8,16.0
277,4,10,2.56
277,4,1,637.0
277,4,2,0.0
277,4,9,0.0
277,4,6,0.0
277,4,14,4.0
277,5,8,10.0
277,5,10,1.11
277,5,1,16.0
277,5,2,0.0
277,5,9,0.0
277,5,6,25.0
277,5,14,1.0
277,1,8,99.0
277,1,11,20.0
277,1,10,96.7
277,1,1,727.0
277,1,2,30.0
277,1,9,26.0
277,1,6,15.0
277,1,14,140.0
277,3,8,54.0
277,3,11,57.0
277,3,10,93.58
277,3,1,682.0
277,3,2,58.0
277,3,9,76.0
277,3,6,7.0
277,3,14,178.0
277,6,8,221.0
277,6,11,129.0
277,6,10,244.0
277,6,1,3684.0
277,6,2,99.0
277,6,9,155.0
277,6,6,71.0
277,6,14,430.0
277,2,8,42.0
277,2,11,52.0
277,2,10,50.43
277,2,1,1623.0
277,2,2,11.0
277,2,9,52.0
277,2,6,23.0
277,2,14,106.0
278,4,8,16.0
278,4,10,5.29
278,4,1,636.0
278,4,2,0.0
278,4,9,0.0
278,4,6,0.0
278,4,14,8.0
278,5,8,11.0
278,5,10,1.14
278,5,1,12.0
278,5,2,0.0
278,5,9,0.0
278,5,6,26.0
278,5,14,1.0
278,1,8,101.0
278,1,11,18.0
278,1,10,84.53
278,1,1,725.0
278,1,2,32.0
278,1,9,26.0
278,1,6,19.0
278,1,14,126.0
278,3,8,59.0
278,3,11,48.0
278,3,10,77.92
278,3,1,686.0
278,3,2,59.0
278,3,9,76.0
278,3,6,7.0
278,3,14,153.0
278,6,8,231.0
278,6,11,142.0
278,6,10,219.0
278,6,1,3682.0
278,6,2,100.0
278,6,9,148.0
278,6,6,77.0
278,6,14,419.0
278,2,8,44.0
278,2,11,76.0
278,2,10,50.28
278,2,1,1622.0
278,2,2,9.0
278,2,9,46.0
278,2,6,26.0
278,2,14,130.0
279,4,8,18.0
279,4,10,4.76
279,4,1,642.0
279,4,2,0.0
279,4,9,0.0
279,4,6,0.0
279,4,14,7.0
279,5,8,10.0
279,5,10,1.16
279,5,1,15.0
279,5,2,0.0
279,5,9,0.0
279,5,6,25.0
279,5,14,1.0
279,1,8,102.0
279,1,11,14.0
279,1,10,95.52
279,1,1,727.0
279,1,2,33.0
279,1,9,10.0
279,1,6,23.0
279,1,14,133.0
279,3,8,53.0
279,3,11,45.0
279,3,10,86.71
279,3,1,687.0
279,3,2,58.0
279,3,9,76.0
279,3,6,7.0
279,3,14,160.0
279,6,8,219.0
279,6,11,124.0
279,6,10,237.0
279,6,1,3709.0
279,6,2,102.0
279,6,9,123.0
279,6,6,83.0
279,6,14,417.0
279,2,8,37.0
279,2,11,65.0
279,2,10,48.68
279,2,1,1637.0
279,2,2,11.0
279,2,9,37.0
279,2,6,28.0
279,2,14,116.0
280,4,8,16.0
280,4,10,5.12
280,4,1,618.0
280,4,2,0.0
280,4,9,0.0
280,4,6,0.0
280,4,14,8.0
280,5,8,11.0
280,5,10,1.1
280,5,1,15.0
280,5,2,0.0
280,5,9,0.0
280,5,6,24.0
280,5,14,1.0
280,1,8,100.0
280,1,11,17.0
280,1,10,95.46
280,1,1,716.0
280,1,2,30.0
280,1,9,5.0
280,1,6,19.0
280,1,14,137.0
280,3,8,45.0
280,3,11,57.0
280,3,10,94.73
280,3,1,675.0
280,3,2,57.0
280,3,9,76.0
280,3,6,7.0
280,3,14,180.0
280,6,8,201.0
280,6,11,186.0
280,6,10,248.0
280,6,1,3629.0
280,6,2,98.0
280,6,9,119.0
280,6,6,74.0
280,6,14,491.0
280,2,8,30.0
280,2,11,111.0
280,2,10,51.73
280,2,1,1604.0
280,2,2,11.0
280,2,9,37.0
280,2,6,24.0
280,2,14,165.0
281,4,8,15.0
281,4,10,5.35
281,4,1,576.0
281,4,2,0.0
281,4,9,0.0
281,4,6,0.0
281,4,14,8.0
281,5,8,11.0
281,5,10,1.15
281,5,1,15.0
281,5,2,0.0
281,5,9,0.0
281,5,6,25.0
281,5,14,1.0
281,1,8,95.0
281,1,11,18.0
281,1,10,75.61
281,1,1,682.0
281,1,2,30.0
281,1,9,9.0
281,1,6,15.0
281,1,14,116.0
281,3,8,32.0
281,3,11,74.0
281,3,10,92.77
281,3,1,631.0
281,3,2,52.0
281,3,9,76.0
281,3,6,7.0
281,3,14,196.0
281,6,8,179.0
281,6,11,233.0
281,6,10,226.0
281,6,1,3473.0
281,6,2,95.0
281,6,9,122.0
281,6,6,57.0
281,6,14,518.0
281,2,8,26.0
281,2,11,142.0
281,2,10,51.5
281,2,1,1569.0
281,2,2,13.0
281,2,9,37.0
281,2,6,10.0
281,2,14,197.0
282,4,8,16.0
282,4,10,2.27
282,4,1,602.0
282,4,2,0.0
282,4,9,0.0
282,4,6,0.0
282,4,14,4.0
282,5,8,11.0
282,5,10,1.12
282,5,1,16.0
282,5,2,0.0
282,5,9,0.0
282,5,6,24.0
282,5,14,1.0
282,1,8,99.0
282,1,11,16.0
282,1,10,69.11
282,1,1,726.0
282,1,2,29.0
282,1,9,20.0
282,1,6,22.0
282,1,14,108.0
282,3,8,42.0
282,3,11,72.0
282,3,10,60.53
282,3,1,654.0
282,3,2,51.0
282,3,9,76.0
282,3,6,7.0
282,3,14,160.0
282,6,8,197.0
282,6,11,214.0
282,6,10,185.0
282,6,1,3610.0
282,6,2,94.0
282,6,9,133.0
282,6,6,78.0
282,6,14,453.0
282,2,8,28.0
282,2,11,126.0
282,2,10,52.38
282,2,1,1613.0
282,2,2,13.0
282,2,9,37.0
282,2,6,25.0
282,2,14,180.0
283,4,8,18.0
283,4,10,4.9
283,4,1,600.0
283,4,2,0.0
283,4,9,0.0
283,4,6,0.0
283,4,14,6.0
283,5,8,11.0
283,5,10,0.91
283,5,1,15.0
283,5,2,0.0
283,5,9,0.0
283,5,6,24.0
283,5,14,1.0
283,1,8,95.0
283,1,11,19.0
283,1,10,79.78
283,1,1,740.0
283,1,2,32.0
283,1,9,21.0
283,1,6,20.0
283,1,14,122.0
283,3,8,43.0
283,3,11,82.0
283,3,10,60.2
283,3,1,627.0
283,3,2,54.0
283,3,9,76.0
283,3,6,7.0
283,3,14,170.0
283,6,8,197.0
283,6,11,275.0
283,6,10,190.0
283,6,1,3592.0
283,6,2,98.0
283,6,9,135.0
283,6,6,73.0
283,6,14,520.0
283,2,8,29.0
283,2,11,174.0
283,2,10,44.03
283,2,1,1610.0
283,2,2,13.0
283,2,9,37.0
283,2,6,23.0
283,2,14,220.0
284,4,8,20.0
284,4,10,2.38
284,4,1,607.0
284,4,2,0.0
284,4,9,0.0
284,4,6,0.0
284,4,14,4.0
284,5,8,11.0
284,5,10,0.99
284,5,1,15.0
284,5,2,0.0
284,5,9,0.0
284,5,6,25.0
284,5,14,1.0
284,1,8,93.0
284,1,11,16.0
284,1,10,102.53
284,1,1,761.0
284,1,2,33.0
284,1,9,22.0
284,1,6,18.0
284,1,14,142.0
284,3,8,39.0
284,3,11,84.0
284,3,10,81.89
284,3,1,634.0
284,3,2,57.0
284,3,9,74.0
284,3,6,5.0
284,3,14,195.0
284,6,8,190.0
284,6,11,220.0
284,6,10,234.0
284,6,1,3639.0
284,6,2,107.0
284,6,9,132.0
284,6,6,70.0
284,6,14,512.0
284,2,8,26.0
284,2,11,120.0
284,2,10,46.47
284,2,1,1622.0
284,2,2,17.0
284,2,9,37.0
284,2,6,23.0
284,2,14,170.0
285,4,8,16.0
285,4,10,2.26
285,4,1,622.0
285,4,2,0.0
285,4,9,0.0
285,4,6,0.0
285,4,14,4.0
285,5,8,11.0
285,5,10,0.82
285,5,1,15.0
285,5,2,0.0
285,5,9,0.0
285,5,6,25.0
285,5,14,1.0
285,1,8,94.0
285,1,11,6.0
285,1,10,125.69
285,1,1,745.0
285,1,2,28.0
285,1,9,23.0
285,1,6,19.0
285,1,14,155.0
285,3,8,38.0
285,3,11,102.0
285,3,10,112.6
285,3,1,642.0
285,3,2,59.0
285,3,9,69.0
285,3,6,4.0
285,3,14,242.0
285,6,8,189.0
285,6,11,188.0
285,6,10,300.0
285,6,1,3668.0
285,6,2,105.0
285,6,9,128.0
285,6,6,67.0
285,6,14,544.0
285,2,8,29.0
285,2,11,80.0
285,2,10,58.4
285,2,1,1644.0
285,2,2,18.0
285,2,9,36.0
285,2,6,19.0
285,2,14,142.0
286,4,8,18.0
286,4,10,5.53
286,4,1,646.0
286,4,2,0.0
286,4,9,0.0
286,4,6,0.0
286,4,14,8.0
286,5,8,12.0
286,5,10,0.73
286,5,1,16.0
286,5,2,0.0
286,5,9,0.0
286,5,6,26.0
286,5,14,1.0
286,1,8,94.0
286,1,11,9.0
286,1,10,122.54
286,1,1,770.0
286,1,2,24.0
286,1,9,22.0
286,1,6,20.0
286,1,14,155.0
286,3,8,44.0
286,3,11,114.0
286,3,10,115.31
286,3,1,649.0
286,3,2,61.0
286,3,9,76.0
286,3,6,5.0
286,3,14,255.0
286,6,8,199.0
286,6,11,172.0
286,6,10,308.0
286,6,1,3738.0
286,6,2,106.0
286,6,9,122.0
286,6,6,75.0
286,6,14,534.0
286,2,8,32.0
286,2,11,49.0
286,2,10,64.37
286,2,1,1657.0
286,2,2,21.0
286,2,9,24.0
286,2,6,24.0
286,2,14,116.0
287,4,8,20.0
287,4,10,4.75
287,4,1,657.0
287,4,2,0.0
287,4,9,0.0
287,4,6,0.0
287,4,14,7.0
287,5,8,11.0
287,5,10,0.76
287,5,1,16.0
287,5,2,0.0
287,5,9,0.0
287,5,6,26.0
287,5,14,1.0
287,1,8,91.0
287,1,11,5.0
287,1,10,104.47
287,1,1,783.0
287,1,2,22.0
287,1,9,22.0
287,1,6,19.0
287,1,14,133.0
287,3,8,58.0
287,3,11,46.0
287,3,10,110.64
287,3,1,690.0
287,3,2,62.0
287,3,9,76.0
287,3,6,6.0
287,3,14,183.0
287,6,8,215.0
287,6,11,82.0
287,6,10,286.0
287,6,1,3813.0
287,6,2,104.0
287,6,9,122.0
287,6,6,75.0
287,6,14,422.0
287,2,8,36.0
287,2,11,30.0
287,2,10,65.72
287,2,1,1667.0
287,2,2,21.0
287,2,9,24.0
287,2,6,24.0
287,2,14,98.0
288,4,8,19.0
288,4,10,5.29
288,4,1,659.0
288,4,2,0.0
288,4,9,0.0
288,4,6,0.0
288,4,14,8.0
288,5,8,10.0
288,5,10,1.05
288,5,1,17.0
288,5,2,0.0
288,5,9,0.0
288,5,6,25.0
288,5,14,1.0
288,1,8,94.0
288,1,11,8.0
288,1,10,105.7
288,1,1,739.0
288,1,2,26.0
288,1,9,26.0
288,1,6,16.0
288,1,14,137.0
288,3,8,38.0
288,3,11,40.0
288,3,10,111.39
288,3,1,665.0
288,3,2,62.0
288,3,9,76.0
288,3,6,6.0
288,3,14,176.0
288,6,8,192.0
288,6,11,88.0
288,6,10,291.0
288,6,1,3621.0
288,6,2,108.0
288,6,9,126.0
288,6,6,57.0
288,6,14,431.0
288,2,8,31.0
288,2,11,39.0
288,2,10,67.94
288,2,1,1542.0
288,2,2,20.0
288,2,9,24.0
288,2,6,10.0
288,2,14,110.0
289,4,8,21.0
289,4,10,5.12
289,4,1,650.0
289,4,2,0.0
289,4,9,0.0
289,4,6,0.0
289,4,14,7.0
289,5,8,11.0
289,5,10,1.1
289,5,1,11.0
289,5,2,0.0
289,5,9,0.0
289,5,6,26.0
289,5,14,1.0
289,1,8,95.0
289,1,11,4.0
289,1,10,115.89
289,1,1,747.0
289,1,2,29.0
289,1,9,26.0
289,1,6,20.0
289,1,14,143.0
289,3,8,41.0
289,3,11,30.0
289,3,10,113.28
289,3,1,673.0
289,3,2,58.0
289,3,9,73.0
289,3,6,6.0
289,3,14,169.0
289,6,8,202.0
289,6,11,71.0
289,6,10,301.0
289,6,1,3655.0
289,6,2,108.0
289,6,9,124.0
289,6,6,71.0
289,6,14,426.0
289,2,8,35.0
289,2,11,37.0
289,2,10,65.11
289,2,1,1575.0
289,2,2,21.0
289,2,9,25.0
289,2,6,18.0
289,2,14,106.0
290,4,8,22.0
290,4,10,3.08
290,4,1,644.0
290,4,2,0.0
290,4,9,0.0
290,4,6,0.0
290,4,14,4.0
290,5,8,10.0
290,5,10,0.84
290,5,1,11.0
290,5,2,0.0
290,5,9,0.0
290,5,6,26.0
290,5,14,1.0
290,1,8,94.0
290,1,11,4.0
290,1,10,110.37
290,1,1,757.0
290,1,2,30.0
290,1,9,26.0
290,1,6,17.0
290,1,14,137.0
290,3,8,46.0
290,3,11,27.0
290,3,10,111.99
290,3,1,701.0
290,3,2,61.0
290,3,9,71.0
290,3,6,5.0
290,3,14,162.0
290,6,8,214.0
290,6,11,59.0
290,6,10,294.0
290,6,1,3737.0
290,6,2,110.0
290,6,9,122.0
290,6,6,81.0
290,6,14,404.0
290,2,8,42.0
290,2,11,28.0
290,2,10,67.98
290,2,1,1624.0
290,2,2,20.0
290,2,9,24.0
290,2,6,32.0
290,2,14,99.0
291,4,8,24.0
291,4,10,4.52
291,4,1,642.0
291,4,2,0.0
291,4,9,0.0
291,4,6,0.0
291,4,14,6.0
291,5,8,11.0
291,5,10,0.56
291,5,1,11.0
291,5,2,0.0
291,5,9,0.0
291,5,6,26.0
291,5,14,1.0
291,1,8,96.0
291,1,11,15.0
291,1,10,90.24
291,1,1,795.0
291,1,2,27.0
291,1,9,26.0
291,1,6,17.0
291,1,14,129.0
291,3,8,49.0
291,3,11,33.0
291,3,10,114.97
291,3,1,703.0
291,3,2,63.0
291,3,9,73.0
291,3,6,5.0
291,3,14,173.0
291,6,8,224.0
291,6,11,79.0
291,6,10,270.0
291,6,1,3785.0
291,6,2,112.0
291,6,9,129.0
291,6,6,91.0
291,6,14,402.0
291,2,8,45.0
291,2,11,31.0
291,2,10,59.52
291,2,1,1634.0
291,2,2,21.0
291,2,9,31.0
291,2,6,43.0
291,2,14,94.0
292,4,8,23.0
292,4,10,1.7
292,4,1,671.0
292,4,2,0.0
292,4,9,0.0
292,4,6,0.0
292,4,14,3.0
292,5,8,10.0
292,5,10,0.72
292,5,1,11.0
292,5,2,0.0
292,5,9,0.0
292,5,6,26.0
292,5,14,1.0
292,1,8,95.0
292,1,11,15.0
292,1,10,94.55
292,1,1,796.0
292,1,2,27.0
292,1,9,26.0
292,1,6,17.0
292,1,14,133.0
292,3,8,59.0
292,3,11,29.0
292,3,10,103.94
292,3,1,714.0
292,3,2,59.0
292,3,9,76.0
292,3,6,4.0
292,3,14,160.0
292,6,8,232.0
292,6,11,108.0
292,6,10,261.0
292,6,1,3811.0
292,6,2,107.0
292,6,9,134.0
292,6,6,88.0
292,6,14,423.0
292,2,8,44.0
292,2,11,64.0
292,2,10,60.47
292,2,1,1619.0
292,2,2,21.0
292,2,9,32.0
292,2,6,40.0
292,2,14,126.0
293,4,8,25.0
293,4,10,2.07
293,4,1,688.0
293,4,2,0.0
293,4,9,0.0
293,4,6,0.0
293,4,14,4.0
293,5,8,9.0
293,5,10,1.02
293,5,1,11.0
293,5,2,0.0
293,5,9,0.0
293,5,6,25.0
293,5,14,1.0
293,1,8,98.0
293,1,11,11.0
293,1,10,112.39
293,1,1,816.0
293,1,2,31.0
293,1,9,26.0
293,1,6,18.0
293,1,14,147.0
293,3,8,58.0
293,3,11,35.0
293,3,10,106.03
293,3,1,716.0
293,3,2,60.0
293,3,9,76.0
293,3,6,5.0
293,3,14,170.0
293,6,8,239.0
293,6,11,111.0
293,6,10,284.0
293,6,1,3826.0
293,6,2,115.0
293,6,9,139.0
293,6,6,91.0
293,6,14,454.0
293,2,8,50.0
293,2,11,65.0
293,2,10,62.11
293,2,1,1595.0
293,2,2,24.0
293,2,9,36.0
293,2,6,42.0
293,2,14,132.0
294,4,8,24.0
294,4,10,4.66
294,4,1,684.0
294,4,2,0.0
294,4,9,0.0
294,4,6,0.0
294,4,14,7.0
294,5,8,10.0
294,5,10,1.15
294,5,1,11.0
294,5,2,0.0
294,5,9,0.0
294,5,6,25.0
294,5,14,1.0
294,1,8,98.0
294,1,11,10.0
294,1,10,110.28
294,1,1,805.0
294,1,2,33.0
294,1,9,26.0
294,1,6,17.0
294,1,14,144.0
294,3,8,55.0
294,3,11,49.0
294,3,10,98.22
294,3,1,713.0
294,3,2,59.0
294,3,9,76.0
294,3,6,6.0
294,3,14,175.0
294,6,8,234.0
294,6,11,109.0
294,6,10,276.0
294,6,1,3824.0
294,6,2,112.0
294,6,9,142.0
294,6,6,95.0
294,6,14,443.0
294,2,8,48.0
294,2,11,50.0
294,2,10,61.45
294,2,1,1611.0
294,2,2,20.0
294,2,9,39.0
294,2,6,47.0
294,2,14,116.0
295,4,8,21.0
295,4,10,4.67
295,4,1,684.0
295,4,2,0.0
295,4,9,0.0
295,4,6,0.0
295,4,14,7.0
295,5,8,9.0
295,5,10,0.9
295,5,1,11.0
295,5,2,0.0
295,5,9,0.0
295,5,6,25.0
295,5,14,1.0
295,1,8,95.0
295,1,11,9.0
295,1,10,94.72
295,1,1,785.0
295,1,2,33.0
295,1,9,26.0
295,1,6,17.0
295,1,14,127.0
295,3,8,45.0
295,3,11,37.0
295,3,10,112.36
295,3,1,691.0
295,3,2,57.0
295,3,9,76.0
295,3,6,6.0
295,3,14,179.0
295,6,8,222.0
295,6,11,91.0
295,6,10,278.0
295,6,1,3744.0
295,6,2,108.0
295,6,9,142.0
295,6,6,96.0
295,6,14,428.0
295,2,8,52.0
295,2,11,46.0
295,2,10,65.09
295,2,1,1573.0
295,2,2,18.0
295,2,9,39.0
295,2,6,48.0
295,2,14,113.0
296,4,8,24.0
296,4,10,4.26
296,4,1,666.0
296,4,2,0.0
296,4,9,0.0
296,4,6,0.0
296,4,14,6.0
296,5,8,10.0
296,5,10,1.04
296,5,1,11.0
296,5,2,0.0
296,5,9,0.0
296,5,6,25.0
296,5,14,1.0
296,1,8,98.0
296,1,11,6.0
296,1,10,106.42
296,1,1,795.0
296,1,2,33.0
296,1,9,26.0
296,1,6,16.0
296,1,14,136.0
296,3,8,62.0
296,3,11,44.0
296,3,10,116.41
296,3,1,697.0
296,3,2,57.0
296,3,9,74.0
296,3,6,6.0
296,3,14,194.0
296,6,8,241.0
296,6,11,93.0
296,6,10,293.0
296,6,1,3773.0
296,6,2,106.0
296,6,9,140.0
296,6,6,90.0
296,6,14,450.0
296,2,8,49.0
296,2,11,43.0
296,2,10,65.11
296,2,1,1605.0
296,2,2,16.0
296,2,9,40.0
296,2,6,43.0
296,2,14,112.0
297,4,8,24.0
297,4,10,4.68
297,4,1,668.0
297,4,2,0.0
297,4,9,0.0
297,4,6,0.0
297,4,14,7.0
297,5,8,10.0
297,5,10,1.05
297,5,1,11.0
297,5,2,0.0
297,5,9,0.0
297,5,6,25.0
297,5,14,1.0
297,1,8,95.0
297,1,11,10.0
297,1,10,92.86
297,1,1,786.0
297,1,2,33.0
297,1,9,26.0
297,1,6,17.0
297,1,14,126.0
297,3,8,65.0
297,3,11,42.0
297,3,10,119.51
297,3,1,716.0
297,3,2,56.0
297,3,9,68.0
297,3,6,6.0
297,3,14,197.0
297,6,8,246.0
297,6,11,98.0
297,6,10,281.0
297,6,1,3820.0
297,6,2,109.0
297,6,9,134.0
297,6,6,98.0
297,6,14,443.0
297,2,8,52.0
297,2,11,46.0
297,2,10,62.9
297,2,1,1638.0
297,2,2,19.0
297,2,9,40.0
297,2,6,49.0
297,2,14,111.0
298,4,8,24.0
298,4,10,1.62
298,4,1,678.0
298,4,2,0.0
298,4,9,0.0
298,4,6,0.0
298,4,14,3.0
298,5,8,9.0
298,5,10,0.93
298,5,1,12.0
298,5,2,0.0
298,5,9,0.0
298,5,6,25.0
298,5,14,1.0
298,1,8,94.0
298,1,11,6.0
298,1,10,100.45
298,1,1,788.0
298,1,2,31.0
298,1,9,26.0
298,1,6,18.0
298,1,14,129.0
298,3,8,63.0
298,3,11,28.0
298,3,10,116.1
298,3,1,737.0
298,3,2,58.0
298,3,9,65.0
298,3,6,6.0
298,3,14,175.0
298,6,8,246.0
298,6,11,74.0
298,6,10,286.0
298,6,1,3852.0
298,6,2,109.0
298,6,9,132.0
298,6,6,103.0
298,6,14,420.0
298,2,8,56.0
298,2,11,40.0
298,2,10,66.98
298,2,1,1637.0
298,2,2,20.0
298,2,9,40.0
298,2,6,53.0
298,2,14,112.0
299,4,8,26.0
299,4,10,2.05
299,4,1,667.0
299,4,2,0.0
299,4,9,0.0
299,4,6,0.0
299,4,14,4.0
299,5,8,9.0
299,5,10,0.94
299,5,1,12.0
299,5,2,0.0
299,5,9,0.0
299,5,6,25.0
299,5,14,1.0
299,1,8,94.0
299,1,11,14.0
299,1,10,107.47
299,1,1,785.0
299,1,2,31.0
299,1,9,26.0
299,1,6,19.0
299,1,14,146.0
299,3,8,60.0
299,3,11,34.0
299,3,10,116.85
299,3,1,746.0
299,3,2,58.0
299,3,9,70.0
299,3,6,6.0
299,3,14,181.0
299,6,8,245.0
299,6,11,88.0
299,6,10,296.0
299,6,1,3835.0
299,6,2,109.0
299,6,9,137.0
299,6,6,106.0
299,6,14,444.0
299,2,8,56.0
299,2,11,39.0
299,2,10,69.08
299,2,1,1625.0
299,2,2,21.0
299,2,9,41.0
299,2,6,55.0
299,2,14,113.0
300,4,8,24.0
300,4,10,2.61
300,4,1,649.0
300,4,2,0.0
300,4,9,0.0
300,4,6,0.0
300,4,14,5.0
300,5,8,9.0
300,5,10,0.91
300,5,1,10.0
300,5,2,0.0
300,5,9,0.0
300,5,6,25.0
300,5,14,1.0
300,1,8,92.0
300,1,11,12.0
300,1,10,96.98
300,1,1,749.0
300,1,2,31.0
300,1,9,26.0
300,1,6,19.0
300,1,14,132.0
300,3,8,34.0
300,3,11,59.0
300,3,10,123.66
300,3,1,684.0
300,3,2,65.0
300,3,9,69.0
300,3,6,6.0
300,3,14,212.0
300,6,8,211.0
300,6,11,136.0
300,6,10,291.0
300,6,1,3638.0
300,6,2,116.0
300,6,9,136.0
300,6,6,81.0
300,6,14,485.0
300,2,8,52.0
300,2,11,65.0
300,2,10,67.03
300,2,1,1547.0
300,2,2,20.0
300,2,9,41.0
300,2,6,32.0
300,2,14,135.0
301,4,8,24.0
301,4,10,2.66
301,4,1,650.0
301,4,2,0.0
301,4,9,0.0
301,4,6,0.0
301,4,14,5.0
301,5,8,9.0
301,5,10,0.93
301,5,1,11.0
301,5,2,0.0
301,5,9,0.0
301,5,6,25.0
301,5,14,1.0
301,1,8,92.0
301,1,11,8.0
301,1,10,92.62
301,1,1,741.0
301,1,2,30.0
301,1,9,26.0
301,1,6,24.0
301,1,14,124.0
301,3,8,37.0
301,3,11,71.0
301,3,10,118.58
301,3,1,713.0
301,3,2,62.0
301,3,9,70.0
301,3,6,6.0
301,3,14,218.0
301,6,8,209.0
301,6,11,153.0
301,6,10,280.0
301,6,1,3702.0
301,6,2,108.0
301,6,9,137.0
301,6,6,87.0
301,6,14,492.0
301,2,8,48.0
301,2,11,75.0
301,2,10,65.05
301,2,1,1586.0
301,2,2,16.0
301,2,9,41.0
301,2,6,32.0
301,2,14,144.0
302,4,8,22.0
302,4,10,5.23
302,4,1,660.0
302,4,2,0.0
302,4,9,0.0
302,4,6,0.0
302,4,14,7.0
302,5,8,9.0
302,5,10,1.07
302,5,1,11.0
302,5,2,0.0
302,5,9,0.0
302,5,6,25.0
302,5,14,1.0
302,1,8,88.0
302,1,11,6.0
302,1,10,83.51
302,1,1,747.0
302,1,2,30.0
302,1,9,27.0
302,1,6,22.0
302,1,14,113.0
302,3,8,28.0
302,3,11,58.0
302,3,10,121.81
302,3,1,706.0
302,3,2,66.0
302,3,9,74.0
302,3,6,6.0
302,3,14,209.0
302,6,8,194.0
302,6,11,101.0
302,6,10,277.0
302,6,1,3745.0
302,6,2,110.0
302,6,9,141.0
302,6,6,81.0
302,6,14,436.0
302,2,8,47.0
302,2,11,37.0
302,2,10,65.52
302,2,1,1622.0
302,2,2,14.0
302,2,9,40.0
302,2,6,28.0
302,2,14,107.0
303,4,8,24.0
303,4,10,6.06
303,4,1,662.0
303,4,2,0.0
303,4,9,0.0
303,4,6,0.0
303,4,14,8.0
303,5,8,9.0
303,5,10,1.05
303,5,1,11.0
303,5,2,0.0
303,5,9,0.0
303,5,6,24.0
303,5,14,1.0
303,1,8,88.0
303,1,11,3.0
303,1,10,103.7
303,1,1,759.0
303,1,2,33.0
303,1,9,30.0
303,1,6,24.0
303,1,14,130.0
303,3,8,45.0
303,3,11,63.0
303,3,10,119.47
303,3,1,742.0
303,3,2,67.0
303,3,9,55.0
303,3,6,6.0
303,3,14,212.0
303,6,8,227.0
303,6,11,99.0
303,6,10,293.0
303,6,1,3806.0
303,6,2,115.0
303,6,9,125.0
303,6,6,103.0
303,6,14,451.0
303,2,8,61.0
303,2,11,33.0
303,2,10,62.89
303,2,1,1633.0
303,2,2,15.0
303,2,9,40.0
303,2,6,50.0
303,2,14,99.0
304,4,8,24.0
304,4,10,5.31
304,4,1,640.0
304,4,2,0.0
304,4,9,0.0
304,4,6,0.0
304,4,14,7.0
304,5,8,9.0
304,5,10,1.05
304,5,1,11.0
304,5,2,0.0
304,5,9,0.0
304,5,6,23.0
304,5,14,1.0
304,1,8,89.0
304,1,11,9.0
304,1,10,66.45
304,1,1,776.0
304,1,2,34.0
304,1,9,31.0
304,1,6,24.0
304,1,14,98.0
304,3,8,51.0
304,3,11,42.0
304,3,10,129.01
304,3,1,766.0
304,3,2,68.0
304,3,9,52.0
304,3,6,6.0
304,3,14,201.0
304,6,8,236.0
304,6,11,84.0
304,6,10,263.0
304,6,1,3857.0
304,6,2,117.0
304,6,9,123.0
304,6,6,114.0
304,6,14,406.0
304,2,8,62.0
304,2,11,33.0
304,2,10,60.85
304,2,1,1664.0
304,2,2,15.0
304,2,9,40.0
304,2,6,62.0
304,2,14,98.0
305,4,8,22.0
305,4,10,5.14
305,4,1,661.0
305,4,2,0.0
305,4,9,0.0
305,4,6,0.0
305,4,14,7.0
305,5,8,9.0
305,5,10,0.79
305,5,1,11.0
305,5,2,0.0
305,5,9,0.0
305,5,6,22.0
305,5,14,1.0
305,1,8,88.0
305,1,11,7.0
305,1,10,107.13
305,1,1,740.0
305,1,2,34.0
305,1,9,31.0
305,1,6,16.0
305,1,14,136.0
305,3,8,51.0
305,3,11,30.0
305,3,10,126.83
305,3,1,754.0
305,3,2,70.0
305,3,9,52.0
305,3,6,6.0
305,3,14,187.0
305,6,8,220.0
305,6,11,91.0
305,6,10,296.0
305,6,1,3805.0
305,6,2,119.0
305,6,9,123.0
305,6,6,92.0
305,6,14,445.0
305,2,8,50.0
305,2,11,54.0
305,2,10,56.3
305,2,1,1639.0
305,2,2,15.0
305,2,9,40.0
305,2,6,48.0
305,2,14,114.0
306,4,8,22.0
306,4,10,2.46
306,4,1,656.0
306,4,2,0.0
306,4,9,0.0
306,4,6,0.0
306,4,14,4.0
306,5,8,10.0
306,5,10,0.76
306,5,1,10.0
306,5,2,0.0
306,5,9,0.0
306,5,6,23.0
306,5,14,1.0
306,1,8,94.0
306,1,11,4.0
306,1,10,122.76
306,1,1,702.0
306,1,2,31.0
306,1,9,31.0
306,1,6,13.0
306,1,14,149.0
306,3,8,49.0
306,3,11,29.0
306,3,10,116.17
306,3,1,725.0
306,3,2,64.0
306,3,9,52.0
306,3,6,7.0
306,3,14,189.0
306,6,8,215.0
306,6,11,72.0
306,6,10,307.0
306,6,1,3722.0
306,6,2,111.0
306,6,9,123.0
306,6,6,92.0
306,6,14,450.0
306,2,8,41.0
306,2,11,38.0
306,2,10,64.98
306,2,1,1629.0
306,2,2,16.0
306,2,9,40.0
306,2,6,50.0
306,2,14,107.0
307,4,8,24.0
307,4,10,2.28
307,4,1,671.0
307,4,2,0.0
307,4,9,0.0
307,4,6,0.0
307,4,14,4.0
307,5,8,9.0
307,5,10,0.64
307,5,1,11.0
307,5,2,0.0
307,5,9,0.0
307,5,6,23.0
307,5,14,1.0
307,1,8,93.0
307,1,11,18.0
307,1,10,108.62
307,1,1,733.0
307,1,2,31.0
307,1,9,31.0
307,1,6,17.0
307,1,14,149.0
307,3,8,57.0
307,3,11,21.0
307,3,10,117.81
307,3,1,741.0
307,3,2,51.0
307,3,9,52.0
307,3,6,7.0
307,3,14,189.0
307,6,8,224.0
307,6,11,65.0
307,6,10,295.0
307,6,1,3832.0
307,6,2,95.0
307,6,9,123.0
307,6,6,101.0
307,6,14,437.0
307,2,8,40.0
307,2,11,25.0
307,2,10,65.93
307,2,1,1677.0
307,2,2,14.0
307,2,9,40.0
307,2,6,54.0
307,2,14,94.0
308,4,8,23.0
308,4,10,2.85
308,4,1,690.0
308,4,2,0.0
308,4,9,0.0
308,4,6,0.0
308,4,14,4.0
308,5,8,9.0
308,5,10,0.66
308,5,1,11.0
308,5,2,0.0
308,5,9,0.0
308,5,6,25.0
308,5,14,1.0
308,1,8,94.0
308,1,11,12.0
308,1,10,68.36
308,1,1,721.0
308,1,2,32.0
308,1,9,31.0
308,1,6,18.0
308,1,14,103.0
308,3,8,60.0
308,3,11,40.0
308,3,10,112.48
308,3,1,731.0
308,3,2,60.0
308,3,9,52.0
308,3,6,7.0
308,3,14,208.0
308,6,8,227.0
308,6,11,80.0
308,6,10,249.0
308,6,1,3811.0
308,6,2,105.0
308,6,9,123.0
308,6,6,99.0
308,6,14,413.0
308,2,8,42.0
308,2,11,28.0
308,2,10,64.79
308,2,1,1659.0
308,2,2,13.0
308,2,9,40.0
308,2,6,50.0
308,2,14,97.0
309,4,8,19.0
309,4,10,2.89
309,4,1,667.0
309,4,2,0.0
309,4,9,0.0
309,4,6,0.0
309,4,14,5.0
309,5,8,8.0
309,5,10,0.97
309,5,1,10.0
309,5,2,0.0
309,5,9,0.0
309,5,6,25.0
309,5,14,1.0
309,1,8,92.0
309,1,11,5.0
309,1,10,66.56
309,1,1,672.0
309,1,2,32.0
309,1,9,31.0
309,1,6,15.0
309,1,14,93.0
309,3,8,37.0
309,3,11,56.0
309,3,10,125.32
309,3,1,684.0
309,3,2,57.0
309,3,9,52.0
309,3,6,5.0
309,3,14,238.0
309,6,8,190.0
309,6,11,106.0
309,6,10,257.0
309,6,1,3629.0
309,6,2,102.0
309,6,9,123.0
309,6,6,68.0
309,6,14,447.0
309,2,8,35.0
309,2,11,45.0
309,2,10,61.57
309,2,1,1596.0
309,2,2,13.0
309,2,9,40.0
309,2,6,23.0
309,2,14,110.0
310,4,8,22.0
310,4,10,5.77
310,4,1,676.0
310,4,2,0.0
310,4,9,0.0
310,4,6,0.0
310,4,14,8.0
310,5,8,8.0
310,5,10,0.67
310,5,1,11.0
310,5,2,0.0
310,5,9,0.0
310,5,6,25.0
310,5,14,1.0
310,1,8,95.0
310,1,11,7.0
310,1,10,124.87
310,1,1,670.0
310,1,2,32.0
310,1,9,31.0
310,1,6,15.0
310,1,14,154.0
310,3,8,51.0
310,3,11,50.0
310,3,10,127.27
310,3,1,694.0
310,3,2,63.0
310,3,9,52.0
310,3,6,6.0
310,3,14,224.0
310,6,8,211.0
310,6,11,80.0
310,6,10,321.0
310,6,1,3662.0
310,6,2,107.0
310,6,9,123.0
310,6,6,106.0
310,6,14,477.0
310,2,8,35.0
310,2,11,23.0
310,2,10,62.77
310,2,1,1611.0
310,2,2,12.0
310,2,9,40.0
310,2,6,60.0
310,2,14,89.0
311,4,8,24.0
311,4,10,5.4
311,4,1,698.0
311,4,2,0.0
311,4,9,0.0
311,4,6,0.0
311,4,14,8.0
311,5,8,10.0
311,5,10,0.48
311,5,1,11.0
311,5,2,0.0
311,5,9,0.0
311,5,6,25.0
311,5,14,0.0
311,1,8,92.0
311,1,11,20.0
311,1,10,123.73
311,1,1,712.0
311,1,2,31.0
311,1,9,32.0
311,1,6,8.0
311,1,14,167.0
311,3,8,55.0
311,3,11,59.0
311,3,10,132.05
311,3,1,710.0
311,3,2,62.0
311,3,9,52.0
311,3,6,7.0
311,3,14,243.0
311,6,8,226.0
311,6,11,105.0
311,6,10,325.0
311,6,1,3754.0
311,6,2,104.0
311,6,9,124.0
311,6,6,96.0
311,6,14,511.0
311,2,8,47.0
311,2,11,26.0
311,2,10,63.77
311,2,1,1622.0
311,2,2,12.0
311,2,9,40.0
311,2,6,56.0
311,2,14,92.0
312,4,8,22.0
312,4,10,5.32
312,4,1,694.0
312,4,2,0.0
312,4,9,0.0
312,4,6,0.0
312,4,14,8.0
312,5,8,9.0
312,5,10,0.64
312,5,1,11.0
312,5,2,0.0
312,5,9,0.0
312,5,6,25.0
312,5,14,1.0
312,1,8,93.0
312,1,11,26.0
312,1,10,119.49
312,1,1,720.0
312,1,2,29.0
312,1,9,31.0
312,1,6,16.0
312,1,14,169.0
312,3,8,50.0
312,3,11,44.0
312,3,10,132.53
312,3,1,725.0
312,3,2,60.0
312,3,9,52.0
312,3,6,7.0
312,3,14,230.0
312,6,8,220.0
312,6,11,138.0
312,6,10,322.0
312,6,1,3732.0
312,6,2,102.0
312,6,9,123.0
312,6,6,108.0
312,6,14,543.0
312,2,8,47.0
312,2,11,68.0
312,2,10,63.91
312,2,1,1582.0
312,2,2,13.0
312,2,9,40.0
312,2,6,61.0
312,2,14,135.0
313,4,8,21.0
313,4,10,6.02
313,4,1,672.0
313,4,2,0.0
313,4,9,0.0
313,4,6,0.0
313,4,14,8.0
313,5,8,8.0
313,5,10,1.0
313,5,1,10.0
313,5,2,0.0
313,5,9,0.0
313,5,6,25.0
313,5,14,1.0
313,1,8,92.0
313,1,11,11.0
313,1,10,135.97
313,1,1,710.0
313,1,2,31.0
313,1,9,32.0
313,1,6,17.0
313,1,14,140.0
313,3,8,50.0
313,3,11,41.0
313,3,10,128.97
313,3,1,738.0
313,3,2,51.0
313,3,9,52.0
313,3,6,7.0
313,3,14,225.0
313,6,8,210.0
313,6,11,175.0
313,6,10,342.0
313,6,1,3683.0
313,6,2,97.0
313,6,9,123.0
313,6,6,101.0
313,6,14,569.0
313,2,8,38.0
313,2,11,123.0
313,2,10,69.95
313,2,1,1553.0
313,2,2,15.0
313,2,9,40.0
313,2,6,53.0
313,2,14,196.0
314,4,8,22.0
314,4,10,3.02
314,4,1,672.0
314,4,2,0.0
314,4,9,0.0
314,4,6,0.0
314,4,14,5.0
314,5,8,9.0
314,5,10,1.2
314,5,1,11.0
314,5,2,0.0
314,5,9,0.0
314,5,6,24.0
314,5,14,1.0
314,1,8,94.0
314,1,11,5.0
314,1,10,150.2
314,1,1,732.0
314,1,2,31.0
314,1,9,32.0
314,1,6,17.0
314,1,14,178.0
314,3,8,50.0
314,3,11,59.0
314,3,10,132.5
314,3,1,756.0
314,3,2,52.0
314,3,9,52.0
314,3,6,7.0
314,3,14,247.0
314,6,8,219.0
314,6,11,127.0
314,6,10,363.0
314,6,1,3722.0
314,6,2,99.0
314,6,9,123.0
314,6,6,99.0
314,6,14,573.0
314,2,8,44.0
314,2,11,63.0
314,2,10,75.64
314,2,1,1550.0
314,2,2,16.0
314,2,9,40.0
314,2,6,52.0
314,2,14,142.0
315,4,8,21.0
315,4,10,2.96
315,4,1,667.0
315,4,2,0.0
315,4,9,0.0
315,4,6,0.0
315,4,14,5.0
315,5,8,9.0
315,5,10,1.12
315,5,1,11.0
315,5,2,0.0
315,5,9,0.0
315,5,6,24.0
315,5,14,1.0
315,1,8,95.0
315,1,11,13.0
315,1,10,149.28
315,1,1,706.0
315,1,2,28.0
315,1,9,32.0
315,1,6,14.0
315,1,14,186.0
315,3,8,44.0
315,3,11,91.0
315,3,10,127.43
315,3,1,733.0
315,3,2,53.0
315,3,9,52.0
315,3,6,7.0
315,3,14,272.0
315,6,8,210.0
315,6,11,173.0
315,6,10,354.0
315,6,1,3695.0
315,6,2,98.0
315,6,9,118.0
315,6,6,74.0
315,6,14,609.0
315,2,8,41.0
315,2,11,70.0
315,2,10,73.41
315,2,1,1579.0
315,2,2,17.0
315,2,9,35.0
315,2,6,30.0
315,2,14,145.0
316,4,8,20.0
316,4,10,2.79
316,4,1,637.0
316,4,2,0.0
316,4,9,0.0
316,4,6,0.0
316,4,14,4.0
316,5,8,8.0
316,5,10,1.27
316,5,1,9.0
316,5,2,0.0
316,5,9,0.0
316,5,6,24.0
316,5,14,1.0
316,1,8,95.0
316,1,11,21.0
316,1,10,144.99
316,1,1,676.0
316,1,2,30.0
316,1,9,32.0
316,1,6,16.0
316,1,14,190.0
316,3,8,32.0
316,3,11,92.0
316,3,10,125.35
316,3,1,680.0
316,3,2,59.0
316,3,9,52.0
316,3,6,7.0
316,3,14,262.0
316,6,8,183.0
316,6,11,195.0
316,6,10,345.0
316,6,1,3536.0
316,6,2,106.0
316,6,9,118.0
316,6,6,76.0
316,6,14,613.0
316,2,8,29.0
316,2,11,82.0
316,2,10,70.94
316,2,1,1535.0
316,2,2,17.0
316,2,9,34.0
316,2,6,30.0
316,2,14,156.0
317,4,8,24.0
317,4,10,2.57
317,4,1,652.0
317,4,2,0.0
317,4,9,0.0
317,4,6,0.0
317,4,14,4.0
317,5,8,8.0
317,5,10,1.21
317,5,1,10.0
317,5,2,0.0
317,5,9,0.0
317,5,6,24.0
317,5,14,1.0
317,1,8,96.0
317,1,11,25.0
317,1,10,98.68
317,1,1,704.0
317,1,2,31.0
317,1,9,31.0
317,1,6,20.0
317,1,14,146.0
317,3,8,46.0
317,3,11,88.0
317,3,10,134.2
317,3,1,712.0
317,3,2,60.0
317,3,9,52.0
317,3,6,7.0
317,3,14,259.0
317,6,8,222.0
317,6,11,184.0
317,6,10,301.0
317,6,1,3648.0
317,6,2,108.0
317,6,9,109.0
317,6,6,103.0
317,6,14,551.0
317,2,8,47.0
317,2,11,71.0
317,2,10,64.77
317,2,1,1569.0
317,2,2,17.0
317,2,9,26.0
317,2,6,52.0
317,2,14,140.0
318,4,8,23.0
318,4,10,5.54
318,4,1,656.0
318,4,2,0.0
318,4,9,0.0
318,4,6,0.0
318,4,14,8.0
318,5,8,8.0
318,5,10,1.12
318,5,1,10.0
318,5,2,0.0
318,5,9,0.0
318,5,6,24.0
318,5,14,1.0
318,1,8,95.0
318,1,11,20.0
318,1,10,110.35
318,1,1,730.0
318,1,2,31.0
318,1,9,31.0
318,1,6,18.0
318,1,14,154.0
318,3,8,44.0
318,3,11,79.0
318,3,10,135.48
318,3,1,721.0
318,3,2,63.0
318,3,9,52.0
318,3,6,7.0
318,3,14,253.0
318,6,8,210.0
318,6,11,165.0
318,6,10,312.0
318,6,1,3719.0
318,6,2,113.0
318,6,9,109.0
318,6,6,99.0
318,6,14,546.0
318,2,8,41.0
318,2,11,66.0
318,2,10,59.38
318,2,1,1602.0
318,2,2,19.0
318,2,9,26.0
318,2,6,49.0
318,2,14,129.0
319,4,8,21.0
319,4,10,5.07
319,4,1,664.0
319,4,2,0.0
319,4,9,0.0
319,4,6,0.0
319,4,14,7.0
319,5,8,8.0
319,5,10,1.04
319,5,1,10.0
319,5,2,0.0
319,5,9,0.0
319,5,6,25.0
319,5,14,1.0
319,1,8,95.0
319,1,11,12.0
319,1,10,134.49
319,1,1,717.0
319,1,2,30.0
319,1,9,31.0
319,1,6,15.0
319,1,14,170.0
319,3,8,41.0
319,3,11,79.0
319,3,10,127.27
319,3,1,730.0
319,3,2,62.0
319,3,9,52.0
319,3,6,7.0
319,3,14,244.0
319,6,8,206.0
319,6,11,184.0
319,6,10,339.0
319,6,1,3707.0
319,6,2,111.0
319,6,9,108.0
319,6,6,92.0
319,6,14,588.0
319,2,8,41.0
319,2,11,93.0
319,2,10,70.76
319,2,1,1586.0
319,2,2,19.0
319,2,9,25.0
319,2,6,47.0
319,2,14,166.0
320,4,8,20.0
320,4,10,5.16
320,4,1,679.0
320,4,2,0.0
320,4,9,0.0
320,4,6,0.0
320,4,14,7.0
320,5,8,8.0
320,5,10,0.78
320,5,1,9.0
320,5,2,0.0
320,5,9,0.0
320,5,6,24.0
320,5,14,1.0
320,1,8,97.0
320,1,11,10.0
320,1,10,143.63
320,1,1,703.0
320,1,2,32.0
320,1,9,31.0
320,1,6,15.0
320,1,14,178.0
320,3,8,40.0
320,3,11,82.0
320,3,10,136.84
320,3,1,706.0
320,3,2,63.0
320,3,9,52.0
320,3,6,7.0
320,3,14,255.0
320,6,8,202.0
320,6,11,211.0
320,6,10,355.0
320,6,1,3679.0
320,6,2,115.0
320,6,9,107.0
320,6,6,80.0
320,6,14,633.0
320,2,8,37.0
320,2,11,118.0
320,2,10,68.99
320,2,1,1582.0
320,2,2,20.0
320,2,9,24.0
320,2,6,34.0
320,2,14,191.0
321,4,8,20.0
321,4,10,5.84
321,4,1,695.0
321,4,2,0.0
321,4,9,0.0
321,4,6,0.0
321,4,14,8.0
321,5,8,8.0
321,5,10,1.15
321,5,1,9.0
321,5,2,0.0
321,5,9,0.0
321,5,6,24.0
321,5,14,1.0
321,1,8,98.0
321,1,11,11.0
321,1,10,139.68
321,1,1,711.0
321,1,2,31.0
321,1,9,31.0
321,1,6,16.0
321,1,14,174.0
321,3,8,35.0
321,3,11,110.0
321,3,10,139.57
321,3,1,703.0
321,3,2,63.0
321,3,9,52.0
321,3,6,6.0
321,3,14,289.0
321,6,8,200.0
321,6,11,247.0
321,6,10,357.0
321,6,1,3678.0
321,6,2,114.0
321,6,9,111.0
321,6,6,76.0
321,6,14,674.0
321,2,8,39.0
321,2,11,126.0
321,2,10,71.02
321,2,1,1560.0
321,2,2,20.0
321,2,9,28.0
321,2,6,30.0
321,2,14,202.0
322,4,8,21.0
322,4,10,5.48
322,4,1,700.0
322,4,2,0.0
322,4,9,0.0
322,4,6,0.0
322,4,14,7.0
322,5,8,7.0
322,5,10,0.99
322,5,1,10.0
322,5,2,0.0
322,5,9,0.0
322,5,6,25.0
322,5,14,1.0
322,1,8,99.0
322,1,11,6.0
322,1,10,146.05
322,1,1,690.0
322,1,2,30.0
322,1,9,31.0
322,1,6,11.0
322,1,14,175.0
322,3,8,44.0
322,3,11,75.0
322,3,10,141.53
322,3,1,732.0
322,3,2,53.0
322,3,9,52.0
322,3,6,6.0
322,3,14,252.0
322,6,8,204.0
322,6,11,159.0
322,6,10,367.0
322,6,1,3733.0
322,6,2,104.0
322,6,9,117.0
322,6,6,58.0
322,6,14,591.0
322,2,8,34.0
322,2,11,78.0
322,2,10,73.06
322,2,1,1602.0
322,2,2,21.0
322,2,9,34.0
322,2,6,16.0
322,2,14,155.0
323,4,8,18.0
323,4,10,3.03
323,4,1,674.0
323,4,2,0.0
323,4,9,0.0
323,4,6,0.0
323,4,14,5.0
323,5,8,7.0
323,5,10,0.92
323,5,1,9.0
323,5,2,0.0
323,5,9,0.0
323,5,6,25.0
323,5,14,1.0
323,1,8,98.0
323,1,11,50.0
323,1,10,130.74
323,1,1,645.0
323,1,2,28.0
323,1,9,31.0
323,1,6,11.0
323,1,14,208.0
323,3,8,33.0
323,3,11,62.0
323,3,10,138.48
323,3,1,688.0
323,3,2,47.0
323,3,9,52.0
323,3,6,6.0
323,3,14,234.0
323,6,8,186.0
323,6,11,174.0
323,6,10,349.0
323,6,1,3570.0
323,6,2,96.0
323,6,9,120.0
323,6,6,58.0
323,6,14,588.0
323,2,8,29.0
323,2,11,62.0
323,2,10,75.67
323,2,1,1554.0
323,2,2,21.0
323,2,9,37.0
323,2,6,16.0
323,2,14,140.0
324,4,8,17.0
324,4,10,3.16
324,4,1,684.0
324,4,2,0.0
324,4,9,0.0
324,4,6,0.0
324,4,14,5.0
324,5,8,8.0
324,5,10,1.01
324,5,1,8.0
324,5,2,0.0
324,5,9,0.0
324,5,6,25.0
324,5,14,1.0
324,1,8,111.0
324,1,11,68.0
324,1,10,126.29
324,1,1,617.0
324,1,2,26.0
324,1,9,31.0
324,1,6,10.0
324,1,14,218.0
324,3,8,44.0
324,3,11,62.0
324,3,10,135.31
324,3,1,709.0
324,3,2,42.0
324,3,9,52.0
324,3,6,6.0
324,3,14,231.0
324,6,8,213.0
324,6,11,276.0
324,6,10,343.0
324,6,1,3540.0
324,6,2,86.0
324,6,9,122.0
324,6,6,61.0
324,6,14,682.0
324,2,8,32.0
324,2,11,146.0
324,2,10,77.44
324,2,1,1522.0
324,2,2,19.0
324,2,9,40.0
324,2,6,20.0
324,2,14,226.0
325,4,8,18.0
325,4,10,2.85
325,4,1,742.0
325,4,2,0.0
325,4,9,0.0
325,4,6,0.0
325,4,14,5.0
325,5,8,10.0
325,5,10,0.56
325,5,1,10.0
325,5,2,0.0
325,5,9,0.0
325,5,6,25.0
325,5,14,1.0
325,1,8,123.0
325,1,11,14.0
325,1,10,137.59
325,1,1,677.0
325,1,2,29.0
325,1,9,31.0
325,1,6,10.0
325,1,14,174.0
325,3,8,56.0
325,3,11,42.0
325,3,10,128.26
325,3,1,743.0
325,3,2,43.0
325,3,9,52.0
325,3,6,5.0
325,3,14,205.0
325,6,8,239.0
325,6,11,145.0
325,6,10,348.0
325,6,1,3747.0
325,6,2,92.0
325,6,9,123.0
325,6,6,62.0
325,6,14,557.0
325,2,8,31.0
325,2,11,89.0
325,2,10,78.52
325,2,1,1575.0
325,2,2,20.0
325,2,9,40.0
325,2,6,22.0
325,2,14,172.0
326,4,8,20.0
326,4,10,5.96
326,4,1,751.0
326,4,2,0.0
326,4,9,0.0
326,4,6,0.0
326,4,14,8.0
326,5,8,9.0
326,5,10,0.77
326,5,1,10.0
326,5,2,0.0
326,5,9,0.0
326,5,6,25.0
326,5,14,1.0
326,1,8,120.0
326,1,11,13.0
326,1,10,136.29
326,1,1,690.0
326,1,2,31.0
326,1,9,31.0
326,1,6,8.0
326,1,14,173.0
326,3,8,53.0
326,3,11,30.0
326,3,10,128.85
326,3,1,733.0
326,3,2,42.0
326,3,9,52.0
326,3,6,3.0
326,3,14,194.0
326,6,8,234.0
326,6,11,162.0
326,6,10,349.0
326,6,1,3730.0
326,6,2,92.0
326,6,9,123.0
326,6,6,67.0
326,6,14,575.0
326,2,8,32.0
326,2,11,119.0
326,2,10,76.78
326,2,1,1547.0
326,2,2,20.0
326,2,9,40.0
326,2,6,30.0
326,2,14,198.0
327,4,8,24.0
327,4,10,5.66
327,4,1,734.0
327,4,2,0.0
327,4,9,0.0
327,4,6,0.0
327,4,14,9.0
327,5,8,7.0
327,5,10,0.35
327,5,1,10.0
327,5,2,0.0
327,5,9,0.0
327,5,6,25.0
327,5,14,0.0
327,1,8,112.0
327,1,11,14.0
327,1,10,142.83
327,1,1,720.0
327,1,2,31.0
327,1,9,31.0
327,1,6,9.0
327,1,14,181.0
327,3,8,58.0
327,3,11,35.0
327,3,10,136.66
327,3,1,751.0
327,3,2,43.0
327,3,9,52.0
327,3,6,5.0
327,3,14,209.0
327,6,8,236.0
327,6,11,134.0
327,6,10,359.0
327,6,1,3770.0
327,6,2,94.0
327,6,9,107.0
327,6,6,63.0
327,6,14,560.0
327,2,8,34.0
327,2,11,85.0
327,2,10,73.74
327,2,1,1556.0
327,2,2,20.0
327,2,9,24.0
327,2,6,24.0
327,2,14,161.0
328,4,8,21.0
328,4,10,2.23
328,4,1,738.0
328,4,2,0.0
328,4,9,0.0
328,4,6,0.0
328,4,14,5.0
328,5,8,9.0
328,5,10,0.74
328,5,1,10.0
328,5,2,0.0
328,5,9,0.0
328,5,6,24.0
328,5,14,1.0
328,1,8,113.0
328,1,11,11.0
328,1,10,154.12
328,1,1,733.0
328,1,2,31.0
328,1,9,32.0
328,1,6,10.0
328,1,14,189.0
328,3,8,63.0
328,3,11,40.0
328,3,10,137.22
328,3,1,747.0
328,3,2,46.0
328,3,9,52.0
328,3,6,6.0
328,3,14,215.0
328,6,8,239.0
328,6,11,129.0
328,6,10,378.0
328,6,1,3812.0
328,6,2,96.0
328,6,9,127.0
328,6,6,65.0
328,6,14,575.0
328,2,8,33.0
328,2,11,78.0
328,2,10,83.44
328,2,1,1584.0
328,2,2,20.0
328,2,9,44.0
328,2,6,25.0
328,2,14,166.0
329,4,8,19.0
329,4,10,3.22
329,4,1,759.0
329,4,2,0.0
329,4,9,0.0
329,4,6,0.0
329,4,14,6.0
329,5,8,8.0
329,5,10,1.2
329,5,1,10.0
329,5,2,0.0
329,5,9,0.0
329,5,6,25.0
329,5,14,1.0
329,1,8,111.0
329,1,11,11.0
329,1,10,155.07
329,1,1,721.0
329,1,2,32.0
329,1,9,31.0
329,1,6,9.0
329,1,14,190.0
329,3,8,62.0
329,3,11,32.0
329,3,10,121.25
329,3,1,728.0
329,3,2,46.0
329,3,9,52.0
329,3,6,6.0
329,3,14,188.0
329,6,8,232.0
329,6,11,104.0
329,6,10,364.0
329,6,1,3833.0
329,6,2,95.0
329,6,9,129.0
329,6,6,62.0
329,6,14,533.0
329,2,8,31.0
329,2,11,62.0
329,2,10,83.41
329,2,1,1616.0
329,2,2,17.0
329,2,9,46.0
329,2,6,22.0
329,2,14,148.0
330,4,8,12.0
330,4,10,2.85
330,4,1,706.0
330,4,2,0.0
330,4,9,0.0
330,4,6,0.0
330,4,14,5.0
330,5,8,8.0
330,5,10,0.53
330,5,1,9.0
330,5,2,0.0
330,5,9,0.0
330,5,6,25.0
330,5,14,1.0
330,1,8,111.0
330,1,11,18.0
330,1,10,140.46
330,1,1,683.0
330,1,2,33.0
330,1,9,31.0
330,1,6,8.0
330,1,14,181.0
330,3,8,41.0
330,3,11,52.0
330,3,10,118.15
330,3,1,693.0
330,3,2,46.0
330,3,9,50.0
330,3,6,7.0
330,3,14,203.0
330,6,8,196.0
330,6,11,160.0
330,6,10,340.0
330,6,1,3604.0
330,6,2,95.0
330,6,9,123.0
330,6,6,56.0
330,6,14,561.0
330,2,8,24.0
330,2,11,90.0
330,2,10,77.87
330,2,1,1513.0
330,2,2,16.0
330,2,9,41.0
330,2,6,16.0
330,2,14,171.0
331,4,8,18.0
331,4,10,2.55
331,4,1,734.0
331,4,2,0.0
331,4,9,0.0
331,4,6,0.0
331,4,14,4.0
331,5,8,8.0
331,5,10,1.28
331,5,1,5.0
331,5,2,0.0
331,5,9,0.0
331,5,6,25.0
331,5,14,1.0
331,1,8,113.0
331,1,11,31.0
331,1,10,101.09
331,1,1,698.0
331,1,2,32.0
331,1,9,31.0
331,1,6,8.0
331,1,14,155.0
331,3,8,41.0
331,3,11,118.0
331,3,10,130.34
331,3,1,671.0
331,3,2,49.0
331,3,9,42.0
331,3,6,6.0
331,3,14,297.0
331,6,8,208.0
331,6,11,280.0
331,6,10,293.0
331,6,1,3667.0
331,6,2,98.0
331,6,9,98.0
331,6,6,60.0
331,6,14,650.0
331,2,8,28.0
331,2,11,131.0
331,2,10,58.1
331,2,1,1560.0
331,2,2,17.0
331,2,9,24.0
331,2,6,21.0
331,2,14,192.0
332,4,8,19.0
332,4,10,2.75
332,4,1,705.0
332,4,2,0.0
332,4,9,0.0
332,4,6,0.0
332,4,14,5.0
332,5,8,8.0
332,5,10,1.15
332,5,1,9.0
332,5,2,0.0
332,5,9,0.0
332,5,6,25.0
332,5,14,1.0
332,1,8,110.0
332,1,11,48.0
332,1,10,140.79
332,1,1,666.0
332,1,2,31.0
332,1,9,30.0
332,1,6,8.0
332,1,14,211.0
332,3,8,44.0
332,3,11,102.0
332,3,10,136.78
332,3,1,669.0
332,3,2,64.0
332,3,9,46.0
332,3,6,6.0
332,3,14,291.0
332,6,8,203.0
332,6,11,296.0
332,6,10,350.0
332,6,1,3581.0
332,6,2,113.0
332,6,9,110.0
332,6,6,60.0
332,6,14,726.0
332,2,8,23.0
332,2,11,146.0
332,2,10,68.35
332,2,1,1532.0
332,2,2,19.0
332,2,9,34.0
332,2,6,20.0
332,2,14,218.0
333,4,8,20.0
333,4,10,2.96
333,4,1,711.0
333,4,2,0.0
333,4,9,0.0
333,4,6,0.0
333,4,14,5.0
333,5,8,8.0
333,5,10,1.19
333,5,1,11.0
333,5,2,0.0
333,5,9,0.0
333,5,6,25.0
333,5,14,1.0
333,1,8,107.0
333,1,11,24.0
333,1,10,158.0
333,1,1,674.0
333,1,2,29.0
333,1,9,31.0
333,1,6,8.0
333,1,14,204.0
333,3,8,50.0
333,3,11,75.0
333,3,10,140.8
333,3,1,689.0
333,3,2,66.0
333,3,9,52.0
333,3,6,7.0
333,3,14,261.0
333,6,8,211.0
333,6,11,205.0
333,6,10,381.0
333,6,1,3647.0
333,6,2,116.0
333,6,9,120.0
333,6,6,61.0
333,6,14,657.0
333,2,8,26.0
333,2,11,107.0
333,2,10,77.81
333,2,1,1563.0
333,2,2,21.0
333,2,9,37.0
333,2,6,21.0
333,2,14,187.0
334,4,8,18.0
334,4,10,6.37
334,4,1,730.0
334,4,2,0.0
334,4,9,0.0
334,4,6,0.0
334,4,14,9.0
334,5,8,7.0
334,5,10,0.98
334,5,1,13.0
334,5,2,0.0
334,5,9,0.0
334,5,6,25.0
334,5,14,1.0
334,1,8,107.0
334,1,11,20.0
334,1,10,155.43
334,1,1,676.0
334,1,2,31.0
334,1,9,31.0
334,1,6,8.0
334,1,14,199.0
334,3,8,48.0
334,3,11,82.0
334,3,10,138.31
334,3,1,704.0
334,3,2,67.0
334,3,9,52.0
334,3,6,7.0
334,3,14,263.0
334,6,8,207.0
334,6,11,176.0
334,6,10,379.0
334,6,1,3728.0
334,6,2,118.0
334,6,9,136.0
334,6,6,67.0
334,6,14,626.0
334,2,8,26.0
334,2,11,74.0
334,2,10,77.52
334,2,1,1605.0
334,2,2,20.0
334,2,9,53.0
334,2,6,27.0
334,2,14,154.0
335,4,8,19.0
335,4,10,6.09
335,4,1,711.0
335,4,2,0.0
335,4,9,0.0
335,4,6,0.0
335,4,14,8.0
335,5,8,7.0
335,5,10,1.07
335,5,1,14.0
335,5,2,0.0
335,5,9,0.0
335,5,6,25.0
335,5,14,1.0
335,1,8,109.0
335,1,11,33.0
335,1,10,92.81
335,1,1,679.0
335,1,2,32.0
335,1,9,31.0
335,1,6,11.0
335,1,14,149.0
335,3,8,44.0
335,3,11,77.0
335,3,10,133.88
335,3,1,716.0
335,3,2,70.0
335,3,9,52.0
335,3,6,7.0
335,3,14,242.0
335,6,8,208.0
335,6,11,201.0
335,6,10,307.0
335,6,1,3729.0
335,6,2,119.0
335,6,9,129.0
335,6,6,84.0
335,6,14,567.0
335,2,8,28.0
335,2,11,92.0
335,2,10,73.64
335,2,1,1609.0
335,2,2,16.0
335,2,9,47.0
335,2,6,42.0
335,2,14,167.0
336,4,8,14.0
336,4,10,3.08
336,4,1,668.0
336,4,2,0.0
336,4,9,0.0
336,4,6,0.0
336,4,14,6.0
336,5,8,8.0
336,5,10,1.18
336,5,1,11.0
336,5,2,0.0
336,5,9,0.0
336,5,6,25.0
336,5,14,1.0
336,1,8,129.0
336,1,11,51.0
336,1,10,120.33
336,1,1,600.0
336,1,2,24.0
336,1,9,31.0
336,1,6,12.0
336,1,14,194.0
336,3,8,40.0
336,3,11,54.0
336,3,10,142.32
336,3,1,682.0
336,3,2,65.0
336,3,9,52.0
336,3,6,7.0
336,3,14,228.0
336,6,8,215.0
336,6,11,256.0
336,6,10,326.0
336,6,1,3442.0
336,6,2,103.0
336,6,9,123.0
336,6,6,81.0
336,6,14,642.0
336,2,8,25.0
336,2,11,151.0
336,2,10,59.32
336,2,1,1481.0
336,2,2,14.0
336,2,9,40.0
336,2,6,37.0
336,2,14,213.0
337,4,8,15.0
337,4,10,2.49
337,4,1,637.0
337,4,2,0.0
337,4,9,0.0
337,4,6,0.0
337,4,14,5.0
337,5,8,9.0
337,5,10,1.01
337,5,1,11.0
337,5,2,0.0
337,5,9,0.0
337,5,6,25.0
337,5,14,1.0
337,1,8,160.0
337,1,11,12.0
337,1,10,161.02
337,1,1,586.0
337,1,2,22.0
337,1,9,31.0
337,1,6,12.0
337,1,14,196.0
337,3,8,36.0
337,3,11,30.0
337,3,10,137.42
337,3,1,638.0
337,3,2,56.0
337,3,9,52.0
337,3,6,6.0
337,3,14,201.0
337,6,8,239.0
337,6,11,153.0
337,6,10,385.0
337,6,1,3270.0
337,6,2,90.0
337,6,9,132.0
337,6,6,76.0
337,6,14,599.0
337,2,8,21.0
337,2,11,110.0
337,2,10,82.67
337,2,1,1398.0
337,2,2,13.0
337,2,9,48.0
337,2,6,33.0
337,2,14,196.0
338,4,8,14.0
338,4,10,3.12
338,4,1,678.0
338,4,2,0.0
338,4,9,0.0
338,4,6,0.0
338,4,14,5.0
338,5,8,10.0
338,5,10,0.51
338,5,1,12.0
338,5,2,0.0
338,5,9,0.0
338,5,6,25.0
338,5,14,1.0
338,1,8,144.0
338,1,11,16.0
338,1,10,163.99
338,1,1,647.0
338,1,2,23.0
338,1,9,31.0
338,1,6,5.0
338,1,14,202.0
338,3,8,49.0
338,3,11,29.0
338,3,10,150.08
338,3,1,694.0
338,3,2,66.0
338,3,9,52.0
338,3,6,6.0
338,3,14,199.0
338,6,8,241.0
338,6,11,112.0
338,6,10,404.0
338,6,1,3511.0
338,6,2,102.0
338,6,9,135.0
338,6,6,74.0
338,6,14,561.0
338,2,8,24.0
338,2,11,66.0
338,2,10,86.26
338,2,1,1480.0
338,2,2,13.0
338,2,9,52.0
338,2,6,37.0
338,2,14,154.0
339,4,8,14.0
339,4,10,3.41
339,4,1,699.0
339,4,2,0.0
339,4,9,0.0
339,4,6,0.0
339,4,14,5.0
339,5,8,11.0
339,5,10,1.2
339,5,1,13.0
339,5,2,0.0
339,5,9,0.0
339,5,6,24.0
339,5,14,1.0
339,1,8,130.0
339,1,11,33.0
339,1,10,148.5
339,1,1,654.0
339,1,2,28.0
339,1,9,32.0
339,1,6,12.0
339,1,14,205.0
339,3,8,50.0
339,3,11,31.0
339,3,10,140.96
339,3,1,712.0
339,3,2,68.0
339,3,9,52.0
339,3,6,6.0
339,3,14,209.0
339,6,8,230.0
339,6,11,170.0
339,6,10,383.0
339,6,1,3602.0
339,6,2,114.0
339,6,9,127.0
339,6,6,82.0
339,6,14,618.0
339,2,8,25.0
339,2,11,105.0
339,2,10,88.75
339,2,1,1524.0
339,2,2,18.0
339,2,9,43.0
339,2,6,41.0
339,2,14,197.0
340,4,8,18.0
340,4,10,2.97
340,4,1,708.0
340,4,2,0.0
340,4,9,0.0
340,4,6,0.0
340,4,14,5.0
340,5,8,9.0
340,5,10,1.25
340,5,1,13.0
340,5,2,0.0
340,5,9,0.0
340,5,6,24.0
340,5,14,1.0
340,1,8,126.0
340,1,11,13.0
340,1,10,139.06
340,1,1,686.0
340,1,2,30.0
340,1,9,31.0
340,1,6,12.0
340,1,14,171.0
340,3,8,49.0
340,3,11,32.0
340,3,10,130.59
340,3,1,741.0
340,3,2,67.0
340,3,9,52.0
340,3,6,6.0
340,3,14,197.0
340,6,8,228.0
340,6,11,127.0
340,6,10,359.0
340,6,1,3708.0
340,6,2,115.0
340,6,9,120.0
340,6,6,85.0
340,6,14,543.0
340,2,8,26.0
340,2,11,81.0
340,2,10,85.59
340,2,1,1559.0
340,2,2,18.0
340,2,9,37.0
340,2,6,42.0
340,2,14,169.0
341,4,8,18.0
341,4,10,3.02
341,4,1,685.0
341,4,2,0.0
341,4,9,0.0
341,4,6,0.0
341,4,14,5.0
341,5,8,9.0
341,5,10,1.3
341,5,1,14.0
341,5,2,0.0
341,5,9,0.0
341,5,6,24.0
341,5,14,1.0
341,1,8,123.0
341,1,11,15.0
341,1,10,160.75
341,1,1,710.0
341,1,2,27.0
341,1,9,31.0
341,1,6,12.0
341,1,14,194.0
341,3,8,56.0
341,3,11,29.0
341,3,10,134.65
341,3,1,736.0
341,3,2,66.0
341,3,9,52.0
341,3,6,6.0
341,3,14,200.0
341,6,8,241.0
341,6,11,113.0
341,6,10,387.0
341,6,1,3729.0
341,6,2,111.0
341,6,9,120.0
341,6,6,90.0
341,6,14,557.0
341,2,8,34.0
341,2,11,68.0
341,2,10,87.14
341,2,1,1584.0
341,2,2,18.0
341,2,9,37.0
341,2,6,48.0
341,2,14,157.0
342,4,8,18.0
342,4,10,5.13
342,4,1,681.0
342,4,2,0.0
342,4,9,0.0
342,4,6,0.0
342,4,14,7.0
342,5,8,10.0
342,5,10,1.2
342,5,1,14.0
342,5,2,0.0
342,5,9,0.0
342,5,6,24.0
342,5,14,1.0
342,1,8,114.0
342,1,11,19.0
342,1,10,166.34
342,1,1,728.0
342,1,2,24.0
342,1,9,31.0
342,1,6,12.0
342,1,14,204.0
342,3,8,53.0
342,3,11,27.0
342,3,10,136.62
342,3,1,740.0
342,3,2,71.0
342,3,9,52.0
342,3,6,6.0
342,3,14,197.0
342,6,8,228.0
342,6,11,121.0
342,6,10,398.0
342,6,1,3708.0
342,6,2,113.0
342,6,9,120.0
342,6,6,87.0
342,6,14,575.0
342,2,8,33.0
342,2,11,75.0
342,2,10,88.43
342,2,1,1544.0
342,2,2,18.0
342,2,9,37.0
342,2,6,44.0
342,2,14,166.0
343,4,8,20.0
343,4,10,5.73
343,4,1,683.0
343,4,2,0.0
343,4,9,0.0
343,4,6,0.0
343,4,14,8.0
343,5,8,8.0
343,5,10,1.18
343,5,1,14.0
343,5,2,0.0
343,5,9,0.0
343,5,6,22.0
343,5,14,1.0
343,1,8,119.0
343,1,11,24.0
343,1,10,163.06
343,1,1,717.0
343,1,2,28.0
343,1,9,31.0
343,1,6,12.0
343,1,14,206.0
343,3,8,55.0
343,3,11,31.0
343,3,10,130.14
343,3,1,736.0
343,3,2,76.0
343,3,9,52.0
343,3,6,6.0
343,3,14,195.0
343,6,8,236.0
343,6,11,151.0
343,6,10,388.0
343,6,1,3676.0
343,6,2,122.0
343,6,9,120.0
343,6,6,77.0
343,6,14,596.0
343,2,8,34.0
343,2,11,96.0
343,2,10,87.81
343,2,1,1526.0
343,2,2,18.0
343,2,9,37.0
343,2,6,37.0
343,2,14,185.0
344,4,8,16.0
344,4,10,6.01
344,4,1,695.0
344,4,2,0.0
344,4,9,0.0
344,4,6,0.0
344,4,14,8.0
344,5,8,11.0
344,5,10,1.16
344,5,1,13.0
344,5,2,0.0
344,5,9,0.0
344,5,6,22.0
344,5,14,1.0
344,1,8,119.0
344,1,11,16.0
344,1,10,134.87
344,1,1,683.0
344,1,2,30.0
344,1,9,31.0
344,1,6,12.0
344,1,14,170.0
344,3,8,47.0
344,3,11,43.0
344,3,10,124.16
344,3,1,704.0
344,3,2,72.0
344,3,9,52.0
344,3,6,6.0
344,3,14,199.0
344,6,8,227.0
344,6,11,134.0
344,6,10,350.0
344,6,1,3636.0
344,6,2,119.0
344,6,9,120.0
344,6,6,75.0
344,6,14,539.0
344,2,8,33.0
344,2,11,74.0
344,2,10,84.08
344,2,1,1540.0
344,2,2,18.0
344,2,9,37.0
344,2,6,35.0
344,2,14,161.0
345,4,8,18.0
345,4,10,6.57
345,4,1,720.0
345,4,2,0.0
345,4,9,0.0
345,4,6,0.0
345,4,14,8.0
345,5,8,10.0
345,5,10,1.19
345,5,1,13.0
345,5,2,0.0
345,5,9,0.0
345,5,6,24.0
345,5,14,1.0
345,1,8,124.0
345,1,11,10.0
345,1,10,159.12
345,1,1,720.0
345,1,2,30.0
345,1,9,31.0
345,1,6,9.0
345,1,14,188.0
345,3,8,56.0
345,3,11,43.0
345,3,10,125.43
345,3,1,750.0
345,3,2,67.0
345,3,9,52.0
345,3,6,6.0
345,3,14,202.0
345,6,8,249.0
345,6,11,121.0
345,6,10,377.0
345,6,1,3791.0
345,6,2,114.0
345,6,9,126.0
345,6,6,80.0
345,6,14,554.0
345,2,8,41.0
345,2,11,68.0
345,2,10,85.0
345,2,1,1588.0
345,2,2,17.0
345,2,9,43.0
345,2,6,43.0
345,2,14,155.0
346,4,8,20.0
346,4,10,3.55
346,4,1,720.0
346,4,2,0.0
346,4,9,0.0
346,4,6,0.0
346,4,14,4.0
346,5,8,9.0
346,5,10,0.98
346,5,1,10.0
346,5,2,0.0
346,5,9,0.0
346,5,6,25.0
346,5,14,1.0
346,1,8,122.0
346,1,11,12.0
346,1,10,160.91
346,1,1,750.0
346,1,2,30.0
346,1,9,31.0
346,1,6,12.0
346,1,14,192.0
346,3,8,62.0
346,3,11,35.0
346,3,10,130.5
346,3,1,781.0
346,3,2,65.0
346,3,9,52.0
346,3,6,7.0
346,3,14,198.0
346,6,8,250.0
346,6,11,131.0
346,6,10,381.0
346,6,1,3876.0
346,6,2,110.0
346,6,9,130.0
346,6,6,93.0
346,6,14,567.0
346,2,8,37.0
346,2,11,84.0
346,2,10,85.39
346,2,1,1616.0
346,2,2,15.0
346,2,9,47.0
346,2,6,49.0
346,2,14,172.0
347,4,8,19.0
347,4,10,3.31
347,4,1,707.0
347,4,2,0.0
347,4,9,0.0
347,4,6,0.0
347,4,14,5.0
347,5,8,9.0
347,5,10,1.15
347,5,1,10.0
347,5,2,0.0
347,5,9,0.0
347,5,6,24.0
347,5,14,1.0
347,1,8,126.0
347,1,11,21.0
347,1,10,147.02
347,1,1,741.0
347,1,2,30.0
347,1,9,31.0
347,1,6,12.0
347,1,14,187.0
347,3,8,58.0
347,3,11,38.0
347,3,10,132.12
347,3,1,783.0
347,3,2,67.0
347,3,9,52.0
347,3,6,6.0
347,3,14,206.0
347,6,8,247.0
347,6,11,157.0
347,6,10,371.0
347,6,1,3876.0
347,6,2,112.0
347,6,9,137.0
347,6,6,85.0
347,6,14,588.0
347,2,8,35.0
347,2,11,98.0
347,2,10,86.9
347,2,1,1634.0
347,2,2,15.0
347,2,9,54.0
347,2,6,42.0
347,2,14,189.0
348,4,8,21.0
348,4,10,2.97
348,4,1,723.0
348,4,2,0.0
348,4,9,0.0
348,4,6,0.0
348,4,14,5.0
348,5,8,11.0
348,5,10,1.01
348,5,1,14.0
348,5,2,0.0
348,5,9,0.0
348,5,6,24.0
348,5,14,1.0
348,1,8,127.0
348,1,11,10.0
348,1,10,161.96
348,1,1,745.0
348,1,2,32.0
348,1,9,31.0
348,1,6,12.0
348,1,14,191.0
348,3,8,56.0
348,3,11,34.0
348,3,10,132.5
348,3,1,797.0
348,3,2,67.0
348,3,9,51.0
348,3,6,6.0
348,3,14,198.0
348,6,8,249.0
348,6,11,113.0
348,6,10,385.0
348,6,1,3887.0
348,6,2,118.0
348,6,9,135.0
348,6,6,82.0
348,6,14,552.0
348,2,8,35.0
348,2,11,69.0
348,2,10,86.55
348,2,1,1608.0
348,2,2,18.0
348,2,9,53.0
348,2,6,40.0
348,2,14,157.0
349,4,8,20.0
349,4,10,3.02
349,4,1,724.0
349,4,2,0.0
349,4,9,0.0
349,4,6,0.0
349,4,14,5.0
349,5,8,9.0
349,5,10,1.16
349,5,1,16.0
349,5,2,0.0
349,5,9,0.0
349,5,6,24.0
349,5,14,1.0
349,1,8,126.0
349,1,11,24.0
349,1,10,162.06
349,1,1,756.0
349,1,2,33.0
349,1,9,31.0
349,1,6,13.0
349,1,14,206.0
349,3,8,48.0
349,3,11,38.0
349,3,10,128.86
349,3,1,787.0
349,3,2,68.0
349,3,9,52.0
349,3,6,6.0
349,3,14,198.0
349,6,8,233.0
349,6,11,138.0
349,6,10,379.0
349,6,1,3964.0
349,6,2,123.0
349,6,9,135.0
349,6,6,78.0
349,6,14,571.0
349,2,8,31.0
349,2,11,75.0
349,2,10,83.75
349,2,1,1681.0
349,2,2,21.0
349,2,9,52.0
349,2,6,34.0
349,2,14,162.0
350,4,8,17.0
350,4,10,2.89
350,4,1,718.0
350,4,2,0.0
350,4,9,0.0
350,4,6,0.0
350,4,14,5.0
350,5,8,9.0
350,5,10,1.16
350,5,1,17.0
350,5,2,0.0
350,5,9,0.0
350,5,6,24.0
350,5,14,1.0
350,1,8,121.0
350,1,11,20.0
350,1,10,166.92
350,1,1,752.0
350,1,2,31.0
350,1,9,31.0
350,1,6,12.0
350,1,14,207.0
350,3,8,44.0
350,3,11,35.0
350,3,10,126.87
350,3,1,785.0
350,3,2,67.0
350,3,9,52.0
350,3,6,6.0
350,3,14,197.0
350,6,8,219.0
350,6,11,140.0
350,6,10,378.0
350,6,1,3917.0
350,6,2,119.0
350,6,9,141.0
350,6,6,80.0
350,6,14,577.0
350,2,8,28.0
350,2,11,86.0
350,2,10,79.67
350,2,1,1645.0
350,2,2,22.0
350,2,9,58.0
350,2,6,37.0
350,2,14,168.0
351,4,8,19.0
351,4,10,2.27
351,4,1,707.0
351,4,2,0.0
351,4,9,0.0
351,4,6,0.0
351,4,14,4.0
351,5,8,8.0
351,5,10,1.09
351,5,1,11.0
351,5,2,0.0
351,5,9,0.0
351,5,6,25.0
351,5,14,1.0
351,1,8,120.0
351,1,11,29.0
351,1,10,153.88
351,1,1,717.0
351,1,2,29.0
351,1,9,31.0
351,1,6,12.0
351,1,14,203.0
351,3,8,33.0
351,3,11,41.0
351,3,10,133.08
351,3,1,710.0
351,3,2,68.0
351,3,9,52.0
351,3,6,6.0
351,3,14,206.0
351,6,8,206.0
351,6,11,159.0
351,6,10,370.0
351,6,1,3710.0
351,6,2,119.0
351,6,9,141.0
351,6,6,73.0
351,6,14,586.0
351,2,8,25.0
351,2,11,89.0
351,2,10,80.17
351,2,1,1566.0
351,2,2,22.0
351,2,9,58.0
351,2,6,30.0
351,2,14,171.0
352,4,8,17.0
352,4,10,2.0
352,4,1,752.0
352,4,2,0.0
352,4,9,0.0
352,4,6,0.0
352,4,14,4.0
352,5,8,8.0
352,5,10,1.02
352,5,1,15.0
352,5,2,0.0
352,5,9,0.0
352,5,6,25.0
352,5,14,1.0
352,1,8,126.0
352,1,11,11.0
352,1,10,165.38
352,1,1,753.0
352,1,2,28.0
352,1,9,31.0
352,1,6,14.0
352,1,14,196.0
352,3,8,43.0
352,3,11,38.0
352,3,10,132.23
352,3,1,746.0
352,3,2,72.0
352,3,9,43.0
352,3,6,6.0
352,3,14,204.0
352,6,8,223.0
352,6,11,129.0
352,6,10,380.0
352,6,1,3867.0
352,6,2,122.0
352,6,9,132.0
352,6,6,90.0
352,6,14,569.0
352,2,8,29.0
352,2,11,80.0
352,2,10,79.61
352,2,1,1601.0
352,2,2,22.0
352,2,9,58.0
352,2,6,45.0
352,2,14,163.0
353,4,8,16.0
353,4,10,3.24
353,4,1,741.0
353,4,2,0.0
353,4,9,0.0
353,4,6,0.0
353,4,14,5.0
353,5,8,8.0
353,5,10,0.86
353,5,1,13.0
353,5,2,0.0
353,5,9,0.0
353,5,6,25.0
353,5,14,1.0
353,1,8,129.0
353,1,11,18.0
353,1,10,160.83
353,1,1,753.0
353,1,2,29.0
353,1,9,31.0
353,1,6,14.0
353,1,14,199.0
353,3,8,42.0
353,3,11,39.0
353,3,10,128.76
353,3,1,744.0
353,3,2,73.0
353,3,9,45.0
353,3,6,4.0
353,3,14,203.0
353,6,8,225.0
353,6,11,128.0
353,6,10,377.0
353,6,1,3862.0
353,6,2,126.0
353,6,9,134.0
353,6,6,94.0
353,6,14,565.0
353,2,8,31.0
353,2,11,70.0
353,2,10,83.46
353,2,1,1611.0
353,2,2,23.0
353,2,9,58.0
353,2,6,51.0
353,2,14,156.0
354,4,8,14.0
354,4,10,1.96
354,4,1,701.0
354,4,2,0.0
354,4,9,0.0
354,4,6,0.0
354,4,14,4.0
354,5,8,8.0
354,5,10,0.43
354,5,1,17.0
354,5,2,0.0
354,5,9,0.0
354,5,6,24.0
354,5,14,0.0
354,1,8,122.0
354,1,11,24.0
354,1,10,162.92
354,1,1,732.0
354,1,2,30.0
354,1,9,31.0
354,1,6,12.0
354,1,14,207.0
354,3,8,35.0
354,3,11,45.0
354,3,10,137.38
354,3,1,726.0
354,3,2,76.0
354,3,9,52.0
354,3,6,4.0
354,3,14,213.0
354,6,8,205.0
354,6,11,144.0
354,6,10,387.0
354,6,1,3742.0
354,6,2,129.0
354,6,9,142.0
354,6,6,75.0
354,6,14,586.0
354,2,8,27.0
354,2,11,75.0
354,2,10,83.97
354,2,1,1566.0
354,2,2,23.0
354,2,9,59.0
354,2,6,34.0
354,2,14,161.0
355,4,8,18.0
355,4,10,2.85
355,4,1,702.0
355,4,2,0.0
355,4,9,0.0
355,4,6,0.0
355,4,14,4.0
355,5,8,10.0
355,5,10,0.33
355,5,1,16.0
355,5,2,0.0
355,5,9,0.0
355,5,6,24.0
355,5,14,0.0
355,1,8,124.0
355,1,11,16.0
355,1,10,151.11
355,1,1,731.0
355,1,2,30.0
355,1,9,31.0
355,1,6,12.0
355,1,14,187.0
355,3,8,38.0
355,3,11,73.0
355,3,10,122.67
355,3,1,719.0
355,3,2,73.0
355,3,9,51.0
355,3,6,6.0
355,3,14,227.0
355,6,8,218.0
355,6,11,171.0
355,6,10,356.0
355,6,1,3721.0
355,6,2,125.0
355,6,9,142.0
355,6,6,77.0
355,6,14,581.0
355,2,8,28.0
355,2,11,81.0
355,2,10,79.07
355,2,1,1553.0
355,2,2,22.0
355,2,9,60.0
355,2,6,35.0
355,2,14,163.0
356,4,8,19.0
356,4,10,3.97
356,4,1,719.0
356,4,2,0.0
356,4,9,0.0
356,4,6,0.0
356,4,14,5.0
356,5,8,19.0
356,5,10,1.02
356,5,1,17.0
356,5,2,0.0
356,5,9,0.0
356,5,6,23.0
356,5,14,1.0
356,1,8,137.0
356,1,11,16.0
356,1,10,159.98
356,1,1,754.0
356,1,2,30.0
356,1,9,31.0
356,1,6,12.0
356,1,14,195.0
356,3,8,49.0
356,3,11,39.0
356,3,10,129.5
356,3,1,735.0
356,3,2,74.0
356,3,9,51.0
356,3,6,6.0
356,3,14,198.0
356,6,8,251.0
356,6,11,146.0
356,6,10,382.0
356,6,1,3791.0
356,6,2,126.0
356,6,9,142.0
356,6,6,79.0
356,6,14,581.0
356,2,8,28.0
356,2,11,91.0
356,2,10,87.11
356,2,1,1566.0
356,2,2,22.0
356,2,9,60.0
356,2,6,38.0
356,2,14,181.0
357,4,8,19.0
357,4,10,3.04
357,4,1,728.0
357,4,2,0.0
357,4,9,0.0
357,4,6,0.0
357,4,14,4.0
357,5,8,18.0
357,5,10,0.9
357,5,1,17.0
357,5,2,0.0
357,5,9,0.0
357,5,6,24.0
357,5,14,1.0
357,1,8,139.0
357,1,11,14.0
357,1,10,148.32
357,1,1,738.0
357,1,2,30.0
357,1,9,31.0
357,1,6,10.0
357,1,14,181.0
357,3,8,49.0
357,3,11,37.0
357,3,10,134.38
357,3,1,746.0
357,3,2,72.0
357,3,9,51.0
357,3,6,6.0
357,3,14,199.0
357,6,8,253.0
357,6,11,144.0
357,6,10,373.0
357,6,1,3816.0
357,6,2,124.0
357,6,9,142.0
357,6,6,78.0
357,6,14,567.0
357,2,8,28.0
357,2,11,94.0
357,2,10,85.99
357,2,1,1588.0
357,2,2,22.0
357,2,9,60.0
357,2,6,38.0
357,2,14,182.0
358,4,8,17.0
358,4,10,3.43
358,4,1,716.0
358,4,2,0.0
358,4,9,0.0
358,4,6,0.0
358,4,14,5.0
358,5,8,15.0
358,5,10,0.91
358,5,1,15.0
358,5,2,0.0
358,5,9,0.0
358,5,6,25.0
358,5,14,1.0
358,1,8,140.0
358,1,11,16.0
358,1,10,140.22
358,1,1,684.0
358,1,2,28.0
358,1,9,31.0
358,1,6,10.0
358,1,14,176.0
358,3,8,37.0
358,3,11,44.0
358,3,10,132.42
358,3,1,686.0
358,3,2,69.0
358,3,9,52.0
358,3,6,6.0
358,3,14,206.0
358,6,8,231.0
358,6,11,153.0
358,6,10,360.0
358,6,1,3614.0
358,6,2,119.0
358,6,9,143.0
358,6,6,72.0
358,6,14,565.0
358,2,8,23.0
358,2,11,92.0
358,2,10,83.02
358,2,1,1513.0
358,2,2,22.0
358,2,9,60.0
358,2,6,31.0
358,2,14,178.0
359,4,8,16.0
359,4,10,3.21
359,4,1,669.0
359,4,2,0.0
359,4,9,0.0
359,4,6,0.0
359,4,14,5.0
359,5,8,11.0
359,5,10,1.15
359,5,1,13.0
359,5,2,0.0
359,5,9,0.0
359,5,6,24.0
359,5,14,1.0
359,1,8,131.0
359,1,11,6.0
359,1,10,142.93
359,1,1,623.0
359,1,2,27.0
359,1,9,31.0
359,1,6,10.0
359,1,14,169.0
359,3,8,39.0
359,3,11,47.0
359,3,10,133.42
359,3,1,661.0
359,3,2,67.0
359,3,9,52.0
359,3,6,6.0
359,3,14,206.0
359,6,8,222.0
359,6,11,116.0
359,6,10,366.0
359,6,1,3357.0
359,6,2,114.0
359,6,9,141.0
359,6,6,65.0
359,6,14,533.0
359,2,8,25.0
359,2,11,63.0
359,2,10,84.9
359,2,1,1391.0
359,2,2,20.0
359,2,9,59.0
359,2,6,24.0
359,2,14,151.0
360,4,8,21.0
360,4,10,3.27
360,4,1,699.0
360,4,2,0.0
360,4,9,0.0
360,4,6,0.0
360,4,14,5.0
360,5,8,16.0
360,5,10,0.73
360,5,1,14.0
360,5,2,0.0
360,5,9,0.0
360,5,6,24.0
360,5,14,1.0
360,1,8,138.0
360,1,11,9.0
360,1,10,143.44
360,1,1,661.0
360,1,2,28.0
360,1,9,31.0
360,1,6,10.0
360,1,14,172.0
360,3,8,45.0
360,3,11,45.0
360,3,10,135.13
360,3,1,697.0
360,3,2,70.0
360,3,9,52.0
360,3,6,6.0
360,3,14,211.0
360,6,8,253.0
360,6,11,124.0
360,6,10,366.0
360,6,1,3564.0
360,6,2,120.0
360,6,9,141.0
360,6,6,74.0
360,6,14,545.0
360,2,8,32.0
360,2,11,70.0
360,2,10,83.09
360,2,1,1493.0
360,2,2,22.0
360,2,9,59.0
360,2,6,33.0
360,2,14,156.0
361,4,8,23.0
361,4,10,3.34
361,4,1,737.0
361,4,2,0.0
361,4,9,0.0
361,4,6,0.0
361,4,14,5.0
361,5,8,15.0
361,5,10,0.74
361,5,1,17.0
361,5,2,0.0
361,5,9,0.0
361,5,6,25.0
361,5,14,1.0
361,1,8,132.0
361,1,11,27.0
361,1,10,148.23
361,1,1,724.0
361,1,2,27.0
361,1,9,31.0
361,1,6,10.0
361,1,14,195.0
361,3,8,59.0
361,3,11,45.0
361,3,10,137.06
361,3,1,755.0
361,3,2,72.0
361,3,9,51.0
361,3,6,6.0
361,3,14,213.0
361,6,8,260.0
361,6,11,151.0
361,6,10,373.0
361,6,1,3830.0
361,6,2,123.0
361,6,9,142.0
361,6,6,74.0
361,6,14,579.0
361,2,8,31.0
361,2,11,80.0
361,2,10,84.03
361,2,1,1596.0
361,2,2,23.0
361,2,9,60.0
361,2,6,33.0
361,2,14,166.0
362,4,8,22.0
362,4,10,2.84
362,4,1,706.0
362,4,2,0.0
362,4,9,0.0
362,4,6,0.0
362,4,14,4.0
362,5,8,12.0
362,5,10,1.07
362,5,1,17.0
362,5,2,0.0
362,5,9,0.0
362,5,6,26.0
362,5,14,1.0
362,1,8,145.0
362,1,11,21.0
362,1,10,149.08
362,1,1,786.0
362,1,2,27.0
362,1,9,30.0
362,1,6,10.0
362,1,14,190.0
362,3,8,64.0
362,3,11,35.0
362,3,10,133.2
362,3,1,795.0
362,3,2,69.0
362,3,9,52.0
362,3,6,7.0
362,3,14,194.0
362,6,8,287.0
362,6,11,142.0
362,6,10,369.0
362,6,1,3983.0
362,6,2,117.0
362,6,9,142.0
362,6,6,86.0
362,6,14,558.0
362,2,8,43.0
362,2,11,85.0
362,2,10,82.36
362,2,1,1679.0
362,2,2,21.0
362,2,9,60.0
362,2,6,43.0
362,2,14,169.0
363,4,8,19.0
363,4,10,2.92
363,4,1,728.0
363,4,2,0.0
363,4,9,0.0
363,4,6,0.0
363,4,14,4.0
363,5,8,11.0
363,5,10,1.15
363,5,1,16.0
363,5,2,0.0
363,5,9,0.0
363,5,6,25.0
363,5,14,1.0
363,1,8,154.0
363,1,11,25.0
363,1,10,153.23
363,1,1,808.0
363,1,2,27.0
363,1,9,27.0
363,1,6,10.0
363,1,14,198.0
363,3,8,54.0
363,3,11,36.0
363,3,10,134.98
363,3,1,809.0
363,3,2,70.0
363,3,9,52.0
363,3,6,7.0
363,3,14,197.0
363,6,8,275.0
363,6,11,152.0
363,6,10,369.0
363,6,1,4026.0
363,6,2,116.0
363,6,9,137.0
363,6,6,89.0
363,6,14,572.0
363,2,8,37.0
363,2,11,92.0
363,2,10,76.83
363,2,1,1664.0
363,2,2,19.0
363,2,9,58.0
363,2,6,47.0
363,2,14,172.0
364,4,8,22.0
364,4,10,2.55
364,4,1,742.0
364,4,2,0.0
364,4,9,0.0
364,4,6,0.0
364,4,14,4.0
364,5,8,12.0
364,5,10,0.87
364,5,1,16.0
364,5,2,0.0
364,5,9,0.0
364,5,6,25.0
364,5,14,1.0
364,1,8,157.0
364,1,11,39.0
364,1,10,162.0
364,1,1,750.0
364,1,2,26.0
364,1,9,10.0
364,1,6,10.0
364,1,14,220.0
364,3,8,47.0
364,3,11,38.0
364,3,10,140.2
364,3,1,788.0
364,3,2,71.0
364,3,9,52.0
364,3,6,4.0
364,3,14,201.0
364,6,8,265.0
364,6,11,172.0
364,6,10,388.0
364,6,1,3941.0
364,6,2,114.0
364,6,9,115.0
364,6,6,83.0
364,6,14,607.0
364,2,8,27.0
364,2,11,95.0
364,2,10,82.69
364,2,1,1646.0
364,2,2,17.0
364,2,9,53.0
364,2,6,43.0
364,2,14,181.0
365,4,8,21.0
365,4,10,2.58
365,4,1,715.0
365,4,2,0.0
365,4,9,0.0
365,4,6,0.0
365,4,14,4.0
365,5,8,11.0
365,5,10,0.4
365,5,1,15.0
365,5,2,0.0
365,5,9,0.0
365,5,6,26.0
365,5,14,0.0
365,1,8,167.0
365,1,11,19.0
365,1,10,158.41
365,1,1,751.0
365,1,2,24.0
365,1,9,11.0
365,1,6,10.0
365,1,14,198.0
365,3,8,46.0
365,3,11,31.0
365,3,10,148.69
365,3,1,719.0
365,3,2,66.0
365,3,9,52.0
365,3,6,4.0
365,3,14,200.0
365,6,8,270.0
365,6,11,124.0
365,6,10,390.0
365,6,1,3806.0
365,6,2,108.0
365,6,9,118.0
365,6,6,79.0
365,6,14,560.0
365,2,8,25.0
365,2,11,74.0
365,2,10,79.6
365,2,1,1606.0
365,2,2,17.0
365,2,9,55.0
365,2,6,39.0
365,2,14,158.0
366,4,8,20.0
366,4,10,3.4
366,4,1,715.0
366,4,2,0.0
366,4,9,0.0
366,4,6,0.0
366,4,14,5.0
366,5,8,15.0
366,5,10,0.91
366,5,1,16.0
366,5,2,0.0
366,5,9,0.0
366,5,6,26.0
366,5,14,1.0
366,1,8,154.0
366,1,11,14.0
366,1,10,156.38
366,1,1,723.0
366,1,2,25.0
366,1,9,19.0
366,1,6,18.0
366,1,14,190.0
366,3,8,58.0
366,3,11,28.0
366,3,10,140.64
366,3,1,749.0
366,3,2,62.0
366,3,9,52.0
366,3,6,4.0
366,3,14,196.0
366,6,8,271.0
366,6,11,131.0
366,6,10,386.0
366,6,1,3824.0
366,6,2,105.0
366,6,9,107.0
366,6,6,102.0
366,6,14,568.0
366,2,8,24.0
366,2,11,89.0
366,2,10,84.55
366,2,1,1621.0
366,2,2,17.0
366,2,9,37.0
366,2,6,54.0
366,2,14,175.0
367,4,8,25.0
367,4,10,3.7
367,4,1,713.0
367,4,2,0.0
367,4,9,0.0
367,4,6,0.0
367,4,14,6.0
367,5,8,12.0
367,5,10,1.26
367,5,1,16.0
367,5,2,0.0
367,5,9,0.0
367,5,6,25.0
367,5,14,1.0
367,1,8,136.0
367,1,11,6.0
367,1,10,155.17
367,1,1,757.0
367,1,2,26.0
367,1,9,26.0
367,1,6,18.0
367,1,14,178.0
367,3,8,66.0
367,3,11,34.0
367,3,10,133.73
367,3,1,767.0
367,3,2,63.0
367,3,9,51.0
367,3,6,5.0
367,3,14,201.0
367,6,8,271.0
367,6,11,129.0
367,6,10,374.0
367,6,1,3936.0
367,6,2,109.0
367,6,9,137.0
367,6,6,104.0
367,6,14,556.0
367,2,8,31.0
367,2,11,89.0
367,2,10,79.67
367,2,1,1684.0
367,2,2,21.0
367,2,9,59.0
367,2,6,56.0
367,2,14,171.0
368,4,8,24.0
368,4,10,3.03
368,4,1,699.0
368,4,2,0.0
368,4,9,0.0
368,4,6,0.0
368,4,14,5.0
368,5,8,13.0
368,5,10,1.34
368,5,1,17.0
368,5,2,0.0
368,5,9,0.0
368,5,6,25.0
368,5,14,1.0
368,1,8,134.0
368,1,11,17.0
368,1,10,147.74
368,1,1,805.0
368,1,2,21.0
368,1,9,26.0
368,1,6,19.0
368,1,14,185.0
368,3,8,72.0
368,3,11,37.0
368,3,10,129.58
368,3,1,785.0
368,3,2,68.0
368,3,9,51.0
368,3,6,6.0
368,3,14,201.0
368,6,8,280.0
368,6,11,153.0
368,6,10,364.0
368,6,1,3997.0
368,6,2,108.0
368,6,9,135.0
368,6,6,109.0
368,6,14,576.0
368,2,8,38.0
368,2,11,98.0
368,2,10,82.47
368,2,1,1692.0
368,2,2,20.0
368,2,9,58.0
368,2,6,59.0
368,2,14,184.0
369,4,8,25.0
369,4,10,3.04
369,4,1,711.0
369,4,2,0.0
369,4,9,0.0
369,4,6,0.0
369,4,14,5.0
369,5,8,12.0
369,5,10,1.05
369,5,1,17.0
369,5,2,0.0
369,5,9,0.0
369,5,6,24.0
369,5,14,1.0
369,1,8,130.0
369,1,11,15.0
369,1,10,149.48
369,1,1,835.0
369,1,2,19.0
369,1,9,27.0
369,1,6,18.0
369,1,14,183.0
369,3,8,73.0
369,3,11,31.0
369,3,10,138.85
369,3,1,792.0
369,3,2,65.0
369,3,9,51.0
369,3,6,6.0
369,3,14,205.0
369,6,8,279.0
369,6,11,132.0
369,6,10,363.0
369,6,1,4088.0
369,6,2,103.0
369,6,9,139.0
369,6,6,114.0
369,6,14,553.0
369,2,8,40.0
369,2,11,87.0
369,2,10,70.73
369,2,1,1732.0
369,2,2,19.0
369,2,9,60.0
369,2,6,65.0
369,2,14,159.0
370,4,8,23.0
370,4,10,3.21
370,4,1,716.0
370,4,2,0.0
370,4,9,0.0
370,4,6,0.0
370,4,14,4.0
370,5,8,12.0
370,5,10,1.02
370,5,1,17.0
370,5,2,0.0
370,5,9,0.0
370,5,6,25.0
370,5,14,1.0
370,1,8,130.0
370,1,11,13.0
370,1,10,118.82
370,1,1,863.0
370,1,2,18.0
370,1,9,31.0
370,1,6,21.0
370,1,14,150.0
370,3,8,72.0
370,3,11,36.0
370,3,10,139.79
370,3,1,776.0
370,3,2,64.0
370,3,9,51.0
370,3,6,6.0
370,3,14,206.0
370,6,8,282.0
370,6,11,180.0
370,6,10,338.0
370,6,1,4102.0
370,6,2,101.0
370,6,9,139.0
370,6,6,120.0
370,6,14,568.0
370,2,8,44.0
370,2,11,130.0
370,2,10,74.95
370,2,1,1730.0
370,2,2,19.0
370,2,9,57.0
370,2,6,67.0
370,2,14,206.0
371,4,8,28.0
371,4,10,3.05
371,4,1,734.0
371,4,2,0.0
371,4,9,0.0
371,4,6,0.0
371,4,14,4.0
371,5,8,14.0
371,5,10,1.17
371,5,1,17.0
371,5,2,0.0
371,5,9,0.0
371,5,6,25.0
371,5,14,1.0
371,1,8,126.0
371,1,11,4.0
371,1,10,161.76
371,1,1,847.0
371,1,2,20.0
371,1,9,31.0
371,1,6,19.0
371,1,14,185.0
371,3,8,62.0
371,3,11,33.0
371,3,10,136.55
371,3,1,759.0
371,3,2,64.0
371,3,9,51.0
371,3,6,6.0
371,3,14,201.0
371,6,8,275.0
371,6,11,151.0
371,6,10,387.0
371,6,1,4079.0
371,6,2,101.0
371,6,9,142.0
371,6,6,107.0
371,6,14,593.0
371,2,8,46.0
371,2,11,114.0
371,2,10,84.53
371,2,1,1723.0
371,2,2,17.0
371,2,9,60.0
371,2,6,57.0
371,2,14,202.0
372,4,8,18.0
372,4,10,2.24
372,4,1,715.0
372,4,2,0.0
372,4,9,0.0
372,4,6,0.0
372,4,14,3.0
372,5,8,15.0
372,5,10,1.1
372,5,1,15.0
372,5,2,0.0
372,5,9,0.0
372,5,6,25.0
372,5,14,1.0
372,1,8,127.0
372,1,11,7.0
372,1,10,163.97
372,1,1,783.0
372,1,2,24.0
372,1,9,31.0
372,1,6,17.0
372,1,14,190.0
372,3,8,49.0
372,3,11,52.0
372,3,10,134.94
372,3,1,709.0
372,3,2,64.0
372,3,9,51.0
372,3,6,6.0
372,3,14,221.0
372,6,8,245.0
372,6,11,149.0
372,6,10,383.0
372,6,1,3873.0
372,6,2,107.0
372,6,9,142.0
372,6,6,92.0
372,6,14,587.0
372,2,8,36.0
372,2,11,89.0
372,2,10,81.2
372,2,1,1651.0
372,2,2,19.0
372,2,9,60.0
372,2,6,44.0
372,2,14,172.0
373,4,8,18.0
373,4,10,2.2
373,4,1,730.0
373,4,2,0.0
373,4,9,0.0
373,4,6,0.0
373,4,14,3.0
373,5,8,14.0
373,5,10,0.87
373,5,1,15.0
373,5,2,0.0
373,5,9,0.0
373,5,6,25.0
373,5,14,1.0
373,1,8,128.0
373,1,11,6.0
373,1,10,168.24
373,1,1,800.0
373,1,2,24.0
373,1,9,31.0
373,1,6,19.0
373,1,14,193.0
373,3,8,59.0
373,3,11,49.0
373,3,10,139.25
373,3,1,729.0
373,3,2,64.0
373,3,9,51.0
373,3,6,6.0
373,3,14,223.0
373,6,8,253.0
373,6,11,127.0
373,6,10,397.0
373,6,1,3938.0
373,6,2,107.0
373,6,9,142.0
373,6,6,105.0
373,6,14,582.0
373,2,8,34.0
373,2,11,73.0
373,2,10,86.85
373,2,1,1663.0
373,2,2,19.0
373,2,9,60.0
373,2,6,55.0
373,2,14,162.0
374,4,8,19.0
374,4,10,1.99
374,4,1,747.0
374,4,2,0.0
374,4,9,0.0
374,4,6,0.0
374,4,14,3.0
374,5,8,12.0
374,5,10,1.15
374,5,1,16.0
374,5,2,0.0
374,5,9,0.0
374,5,6,24.0
374,5,14,1.0
374,1,8,130.0
374,1,11,8.0
374,1,10,136.49
374,1,1,810.0
374,1,2,24.0
374,1,9,31.0
374,1,6,20.0
374,1,14,164.0
374,3,8,53.0
374,3,11,56.0
374,3,10,137.67
374,3,1,716.0
374,3,2,66.0
374,3,9,51.0
374,3,6,6.0
374,3,14,229.0
374,6,8,242.0
374,6,11,150.0
374,6,10,360.0
374,6,1,3965.0
374,6,2,110.0
374,6,9,142.0
374,6,6,98.0
374,6,14,568.0
374,2,8,28.0
374,2,11,86.0
374,2,10,82.24
374,2,1,1676.0
374,2,2,19.0
374,2,9,60.0
374,2,6,48.0
374,2,14,171.0
375,4,8,17.0
375,4,10,2.52
375,4,1,749.0
375,4,2,0.0
375,4,9,0.0
375,4,6,0.0
375,4,14,4.0
375,5,8,9.0
375,5,10,0.99
375,5,1,15.0
375,5,2,0.0
375,5,9,0.0
375,5,6,24.0
375,5,14,1.0
375,1,8,138.0
375,1,11,15.0
375,1,10,146.0
375,1,1,821.0
375,1,2,24.0
375,1,9,31.0
375,1,6,12.0
375,1,14,178.0
375,3,8,45.0
375,3,11,56.0
375,3,10,136.77
375,3,1,726.0
375,3,2,73.0
375,3,9,55.0
375,3,6,6.0
375,3,14,225.0
375,6,8,236.0
375,6,11,169.0
375,6,10,362.0
375,6,1,3975.0
375,6,2,115.0
375,6,9,146.0
375,6,6,90.0
375,6,14,583.0
375,2,8,27.0
375,2,11,97.0
375,2,10,75.64
375,2,1,1664.0
375,2,2,18.0
375,2,9,60.0
375,2,6,49.0
375,2,14,175.0
376,4,8,16.0
376,4,10,1.27
376,4,1,718.0
376,4,2,0.0
376,4,9,0.0
376,4,6,0.0
376,4,14,3.0
376,5,8,9.0
376,5,10,1.14
376,5,1,16.0
376,5,2,0.0
376,5,9,0.0
376,5,6,24.0
376,5,14,1.0
376,1,8,137.0
376,1,11,19.0
376,1,10,150.73
376,1,1,821.0
376,1,2,24.0
376,1,9,31.0
376,1,6,19.0
376,1,14,186.0
376,3,8,50.0
376,3,11,44.0
376,3,10,130.71
376,3,1,728.0
376,3,2,70.0
376,3,9,51.0
376,3,6,6.0
376,3,14,207.0
376,6,8,238.0
376,6,11,139.0
376,6,10,362.0
376,6,1,3920.0
376,6,2,113.0
376,6,9,135.0
376,6,6,96.0
376,6,14,554.0
376,2,8,26.0
376,2,11,76.0
376,2,10,78.23
376,2,1,1638.0
376,2,2,19.0
376,2,9,53.0
376,2,6,47.0
376,2,14,156.0
377,4,8,16.0
377,4,10,2.62
377,4,1,723.0
377,4,2,0.0
377,4,9,0.0
377,4,6,0.0
377,4,14,4.0
377,5,8,10.0
377,5,10,1.12
377,5,1,16.0
377,5,2,0.0
377,5,9,0.0
377,5,6,24.0
377,5,14,1.0
377,1,8,133.0
377,1,11,25.0
377,1,10,140.71
377,1,1,826.0
377,1,2,27.0
377,1,9,29.0
377,1,6,18.0
377,1,14,182.0
377,3,8,40.0
377,3,11,67.0
377,3,10,118.7
377,3,1,724.0
377,3,2,66.0
377,3,9,51.0
377,3,6,6.0
377,3,14,219.0
377,6,8,226.0
377,6,11,157.0
377,6,10,346.0
377,6,1,3941.0
377,6,2,111.0
377,6,9,132.0
377,6,6,92.0
377,6,14,558.0
377,2,8,27.0
377,2,11,66.0
377,2,10,82.77
377,2,1,1652.0
377,2,2,18.0
377,2,9,53.0
377,2,6,44.0
377,2,14,152.0
378,4,8,19.0
378,4,10,2.75
378,4,1,733.0
378,4,2,0.0
378,4,9,0.0
378,4,6,0.0
378,4,14,4.0
378,5,8,10.0
378,5,10,1.21
378,5,1,17.0
378,5,2,0.0
378,5,9,0.0
378,5,6,25.0
378,5,14,1.0
378,1,8,140.0
378,1,11,25.0
378,1,10,113.63
378,1,1,804.0
378,1,2,23.0
378,1,9,25.0
378,1,6,17.0
378,1,14,154.0
378,3,8,42.0
378,3,11,40.0
378,3,10,117.75
378,3,1,725.0
378,3,2,72.0
378,3,9,51.0
378,3,6,6.0
378,3,14,187.0
378,6,8,235.0
378,6,11,142.0
378,6,10,320.0
378,6,1,3918.0
378,6,2,114.0
378,6,9,136.0
378,6,6,88.0
378,6,14,511.0
378,2,8,24.0
378,2,11,77.0
378,2,10,84.19
378,2,1,1640.0
378,2,2,19.0
378,2,9,61.0
378,2,6,41.0
378,2,14,164.0
379,4,8,21.0
379,4,10,2.87
379,4,1,693.0
379,4,2,0.0
379,4,9,0.0
379,4,6,0.0
379,4,14,4.0
379,5,8,9.0
379,5,10,1.13
379,5,1,14.0
379,5,2,0.0
379,5,9,0.0
379,5,6,25.0
379,5,14,1.0
379,1,8,146.0
379,1,11,13.0
379,1,10,129.77
379,1,1,746.0
379,1,2,21.0
379,1,9,25.0
379,1,6,17.0
379,1,14,159.0
379,3,8,38.0
379,3,11,46.0
379,3,10,137.21
379,3,1,690.0
379,3,2,70.0
379,3,9,51.0
379,3,6,6.0
379,3,14,211.0
379,6,8,243.0
379,6,11,129.0
379,6,10,346.0
379,6,1,3744.0
379,6,2,109.0
379,6,9,139.0
379,6,6,89.0
379,6,14,522.0
379,2,8,28.0
379,2,11,70.0
379,2,10,75.46
379,2,1,1599.0
379,2,2,17.0
379,2,9,63.0
379,2,6,41.0
379,2,14,147.0
380,4,8,25.0
380,4,10,3.36
380,4,1,725.0
380,4,2,0.0
380,4,9,0.0
380,4,6,0.0
380,4,14,4.0
380,5,8,10.0
380,5,10,1.12
380,5,1,17.0
380,5,2,0.0
380,5,9,0.0
380,5,6,24.0
380,5,14,1.0
380,1,8,158.0
380,1,11,15.0
380,1,10,126.05
380,1,1,815.0
380,1,2,24.0
380,1,9,25.0
380,1,6,18.0
380,1,14,157.0
380,3,8,52.0
380,3,11,66.0
380,3,10,140.36
380,3,1,761.0
380,3,2,76.0
380,3,9,51.0
380,3,6,6.0
380,3,14,236.0
380,6,8,290.0
380,6,11,135.0
380,6,10,354.0
380,6,1,3992.0
380,6,2,117.0
380,6,9,140.0
380,6,6,96.0
380,6,14,537.0
380,2,8,46.0
380,2,11,54.0
380,2,10,82.67
380,2,1,1673.0
380,2,2,17.0
380,2,9,64.0
380,2,6,49.0
380,2,14,138.0
381,4,8,25.0
381,4,10,3.04
381,4,1,722.0
381,4,2,0.0
381,4,9,0.0
381,4,6,0.0
381,4,14,4.0
381,5,8,9.0
381,5,10,0.64
381,5,1,15.0
381,5,2,0.0
381,5,9,0.0
381,5,6,25.0
381,5,14,1.0
381,1,8,183.0
381,1,11,19.0
381,1,10,167.78
381,1,1,802.0
381,1,2,27.0
381,1,9,25.0
381,1,6,23.0
381,1,14,202.0
381,3,8,65.0
381,3,11,37.0
381,3,10,142.76
381,3,1,769.0
381,3,2,75.0
381,3,9,58.0
381,3,6,6.0
381,3,14,214.0
381,6,8,333.0
381,6,11,111.0
381,6,10,404.0
381,6,1,4000.0
381,6,2,120.0
381,6,9,147.0
381,6,6,124.0
381,6,14,567.0
381,2,8,51.0
381,2,11,55.0
381,2,10,90.23
381,2,1,1691.0
381,2,2,18.0
381,2,9,64.0
381,2,6,70.0
381,2,14,147.0
382,4,8,35.0
382,4,10,3.36
382,4,1,722.0
382,4,2,0.0
382,4,9,0.0
382,4,6,0.0
382,4,14,4.0
382,5,8,11.0
382,5,10,0.96
382,5,1,15.0
382,5,2,0.0
382,5,9,0.0
382,5,6,25.0
382,5,14,1.0
382,1,8,172.0
382,1,11,13.0
382,1,10,139.75
382,1,1,795.0
382,1,2,26.0
382,1,9,25.0
382,1,6,34.0
382,1,14,164.0
382,3,8,58.0
382,3,11,38.0
382,3,10,129.04
382,3,1,773.0
382,3,2,77.0
382,3,9,66.0
382,3,6,6.0
382,3,14,197.0
382,6,8,313.0
382,6,11,115.0
382,6,10,361.0
382,6,1,4012.0
382,6,2,121.0
382,6,9,155.0
382,6,6,150.0
382,6,14,520.0
382,2,8,38.0
382,2,11,64.0
382,2,10,88.08
382,2,1,1707.0
382,2,2,19.0
382,2,9,64.0
382,2,6,85.0
382,2,14,154.0
383,4,8,31.0
383,4,10,3.14
383,4,1,727.0
383,4,2,0.0
383,4,9,0.0
383,4,6,0.0
383,4,14,5.0
383,5,8,14.0
383,5,10,0.91
383,5,1,15.0
383,5,2,0.0
383,5,9,0.0
383,5,6,20.0
383,5,14,1.0
383,1,8,167.0
383,1,11,34.0
383,1,10,117.68
383,1,1,804.0
383,1,2,23.0
383,1,9,25.0
383,1,6,36.0
383,1,14,163.0
383,3,8,52.0
383,3,11,46.0
383,3,10,125.16
383,3,1,777.0
383,3,2,73.0
383,3,9,68.0
383,3,6,6.0
383,3,14,203.0
383,6,8,305.0
383,6,11,178.0
383,6,10,338.0
383,6,1,4035.0
383,6,2,115.0
383,6,9,158.0
383,6,6,149.0
383,6,14,565.0
383,2,8,42.0
383,2,11,98.0
383,2,10,91.53
383,2,1,1713.0
383,2,2,19.0
383,2,9,64.0
383,2,6,87.0
383,2,14,193.0
384,4,8,31.0
384,4,10,3.98
384,4,1,719.0
384,4,2,0.0
384,4,9,0.0
384,4,6,0.0
384,4,14,6.0
384,5,8,14.0
384,5,10,0.65
384,5,1,14.0
384,5,2,0.0
384,5,9,0.0
384,5,6,25.0
384,5,14,1.0
384,1,8,165.0
384,1,11,61.0
384,1,10,169.26
384,1,1,771.0
384,1,2,20.0
384,1,9,25.0
384,1,6,37.0
384,1,14,241.0
384,3,8,47.0
384,3,11,52.0
384,3,10,120.18
384,3,1,703.0
384,3,2,67.0
384,3,9,72.0
384,3,6,6.0
384,3,14,204.0
384,6,8,307.0
384,6,11,228.0
384,6,10,384.0
384,6,1,3882.0
384,6,2,106.0
384,6,9,161.0
384,6,6,155.0
384,6,14,660.0
384,2,8,49.0
384,2,11,115.0
384,2,10,90.39
384,2,1,1675.0
384,2,2,18.0
384,2,9,64.0
384,2,6,87.0
384,2,14,209.0
385,4,8,29.0
385,4,10,3.59
385,4,1,741.0
385,4,2,0.0
385,4,9,0.0
385,4,6,0.0
385,4,14,5.0
385,5,8,11.0
385,5,10,0.77
385,5,1,15.0
385,5,2,0.0
385,5,9,0.0
385,5,6,25.0
385,5,14,1.0
385,1,8,173.0
385,1,11,16.0
385,1,10,160.72
385,1,1,793.0
385,1,2,22.0
385,1,9,25.0
385,1,6,32.0
385,1,14,189.0
385,3,8,38.0
385,3,11,58.0
385,3,10,106.55
385,3,1,737.0
385,3,2,68.0
385,3,9,76.0
385,3,6,6.0
385,3,14,184.0
385,6,8,291.0
385,6,11,189.0
385,6,10,363.0
385,6,1,3971.0
385,6,2,108.0
385,6,9,165.0
385,6,6,143.0
385,6,14,589.0
385,2,8,40.0
385,2,11,115.0
385,2,10,91.61
385,2,1,1685.0
385,2,2,17.0
385,2,9,64.0
385,2,6,80.0
385,2,14,211.0
386,4,8,30.0
386,4,10,3.39
386,4,1,720.0
386,4,2,0.0
386,4,9,0.0
386,4,6,0.0
386,4,14,4.0
386,5,8,13.0
386,5,10,1.21
386,5,1,14.0
386,5,2,0.0
386,5,9,0.0
386,5,6,25.0
386,5,14,1.0
386,1,8,171.0
386,1,11,11.0
386,1,10,158.45
386,1,1,787.0
386,1,2,24.0
386,1,9,25.0
386,1,6,22.0
386,1,14,180.0
386,3,8,38.0
386,3,11,25.0
386,3,10,112.07
386,3,1,707.0
386,3,2,68.0
386,3,9,76.0
386,3,6,6.0
386,3,14,182.0
386,6,8,290.0
386,6,11,135.0
386,6,10,366.0
386,6,1,3876.0
386,6,2,107.0
386,6,9,163.0
386,6,6,90.0
386,6,14,558.0
386,2,8,39.0
386,2,11,99.0
386,2,10,91.05
386,2,1,1649.0
386,2,2,15.0
386,2,9,62.0
386,2,6,37.0
386,2,14,191.0
387,4,8,28.0
387,4,10,2.87
387,4,1,737.0
387,4,2,0.0
387,4,9,0.0
387,4,6,0.0
387,4,14,4.0
387,5,8,11.0
387,5,10,1.08
387,5,1,15.0
387,5,2,0.0
387,5,9,0.0
387,5,6,25.0
387,5,14,1.0
387,1,8,166.0
387,1,11,11.0
387,1,10,171.29
387,1,1,802.0
387,1,2,27.0
387,1,9,25.0
387,1,6,30.0
387,1,14,194.0
387,3,8,39.0
387,3,11,43.0
387,3,10,130.97
387,3,1,754.0
387,3,2,70.0
387,3,9,76.0
387,3,6,6.0
387,3,14,202.0
387,6,8,291.0
387,6,11,174.0
387,6,10,396.0
387,6,1,3948.0
387,6,2,111.0
387,6,9,163.0
387,6,6,115.0
387,6,14,615.0
387,2,8,46.0
387,2,11,120.0
387,2,10,89.67
387,2,1,1640.0
387,2,2,14.0
387,2,9,62.0
387,2,6,54.0
387,2,14,214.0
388,4,8,24.0
388,4,10,3.77
388,4,1,733.0
388,4,2,0.0
388,4,9,0.0
388,4,6,0.0
388,4,14,5.0
388,5,8,11.0
388,5,10,1.06
388,5,1,14.0
388,5,2,0.0
388,5,9,0.0
388,5,6,24.0
388,5,14,1.0
388,1,8,168.0
388,1,11,10.0
388,1,10,174.94
388,1,1,788.0
388,1,2,30.0
388,1,9,26.0
388,1,6,41.0
388,1,14,197.0
388,3,8,44.0
388,3,11,35.0
388,3,10,143.75
388,3,1,747.0
388,3,2,67.0
388,3,9,76.0
388,3,6,7.0
388,3,14,209.0
388,6,8,290.0
388,6,11,136.0
388,6,10,419.0
388,6,1,3934.0
388,6,2,113.0
388,6,9,165.0
388,6,6,149.0
388,6,14,603.0
388,2,8,43.0
388,2,11,91.0
388,2,10,95.85
388,2,1,1652.0
388,2,2,15.0
388,2,9,64.0
388,2,6,77.0
388,2,14,191.0
389,4,8,24.0
389,4,10,3.34
389,4,1,738.0
389,4,2,0.0
389,4,9,0.0
389,4,6,0.0
389,4,14,5.0
389,5,8,11.0
389,5,10,1.28
389,5,1,15.0
389,5,2,0.0
389,5,9,0.0
389,5,6,24.0
389,5,14,1.0
389,1,8,168.0
389,1,11,14.0
389,1,10,169.61
389,1,1,801.0
389,1,2,28.0
389,1,9,26.0
389,1,6,43.0
389,1,14,194.0
389,3,8,53.0
389,3,11,43.0
389,3,10,140.92
389,3,1,755.0
389,3,2,62.0
389,3,9,75.0
389,3,6,7.0
389,3,14,217.0
389,6,8,302.0
389,6,11,135.0
389,6,10,413.0
389,6,1,3976.0
389,6,2,105.0
389,6,9,161.0
389,6,6,155.0
389,6,14,594.0
389,2,8,45.0
389,2,11,78.0
389,2,10,97.96
389,2,1,1668.0
389,2,2,15.0
389,2,9,60.0
389,2,6,80.0
389,2,14,177.0
390,4,8,24.0
390,4,10,3.48
390,4,1,753.0
390,4,2,0.0
390,4,9,0.0
390,4,6,0.0
390,4,14,5.0
390,5,8,11.0
390,5,10,1.33
390,5,1,15.0
390,5,2,0.0
390,5,9,0.0
390,5,6,25.0
390,5,14,1.0
390,1,8,175.0
390,1,11,24.0
390,1,10,169.53
390,1,1,834.0
390,1,2,25.0
390,1,9,25.0
390,1,6,46.0
390,1,14,205.0
390,3,8,57.0
390,3,11,38.0
390,3,10,137.07
390,3,1,776.0
390,3,2,61.0
390,3,9,76.0
390,3,6,7.0
390,3,14,207.0
390,6,8,317.0
390,6,11,142.0
390,6,10,411.0
390,6,1,4091.0
390,6,2,101.0
390,6,9,151.0
390,6,6,160.0
390,6,14,600.0
390,2,8,51.0
390,2,11,80.0
390,2,10,99.23
390,2,1,1714.0
390,2,2,14.0
390,2,9,50.0
390,2,6,83.0
390,2,14,181.0
391,4,8,26.0
391,4,10,3.61
391,4,1,728.0
391,4,2,0.0
391,4,9,0.0
391,4,6,0.0
391,4,14,5.0
391,5,8,10.0
391,5,10,1.31
391,5,1,15.0
391,5,2,0.0
391,5,9,0.0
391,5,6,25.0
391,5,14,1.0
391,1,8,178.0
391,1,11,41.0
391,1,10,174.89
391,1,1,838.0
391,1,2,24.0
391,1,9,26.0
391,1,6,45.0
391,1,14,228.0
391,3,8,47.0
391,3,11,33.0
391,3,10,138.21
391,3,1,798.0
391,3,2,65.0
391,3,9,76.0
391,3,6,7.0
391,3,14,207.0
391,6,8,323.0
391,6,11,174.0
391,6,10,405.0
391,6,1,4047.0
391,6,2,104.0
391,6,9,151.0
391,6,6,162.0
391,6,14,631.0
391,2,8,62.0
391,2,11,100.0
391,2,10,86.51
391,2,1,1669.0
391,2,2,15.0
391,2,9,50.0
391,2,6,85.0
391,2,14,190.0
392,4,8,28.0
392,4,10,3.8
392,4,1,716.0
392,4,2,0.0
392,4,9,0.0
392,4,6,0.0
392,4,14,5.0
392,5,8,11.0
392,5,10,1.07
392,5,1,15.0
392,5,2,0.0
392,5,9,0.0
392,5,6,25.0
392,5,14,1.0
392,1,8,190.0
392,1,11,19.0
392,1,10,168.44
392,1,1,851.0
392,1,2,25.0
392,1,9,25.0
392,1,6,47.0
392,1,14,199.0
392,3,8,63.0
392,3,11,38.0
392,3,10,140.23
392,3,1,808.0
392,3,2,66.0
392,3,9,75.0
392,3,6,7.0
392,3,14,211.0
392,6,8,354.0
392,6,11,134.0
392,6,10,405.0
392,6,1,4062.0
392,6,2,108.0
392,6,9,151.0
392,6,6,173.0
392,6,14,588.0
392,2,8,62.0
392,2,11,77.0
392,2,10,91.73
392,2,1,1672.0
392,2,2,17.0
392,2,9,50.0
392,2,6,94.0
392,2,14,172.0
393,4,8,26.0
393,4,10,3.26
393,4,1,708.0
393,4,2,0.0
393,4,9,0.0
393,4,6,0.0
393,4,14,4.0
393,5,8,10.0
393,5,10,0.92
393,5,1,15.0
393,5,2,0.0
393,5,9,0.0
393,5,6,23.0
393,5,14,1.0
393,1,8,194.0
393,1,11,8.0
393,1,10,159.84
393,1,1,840.0
393,1,2,26.0
393,1,9,28.0
393,1,6,41.0
393,1,14,180.0
393,3,8,56.0
393,3,11,38.0
393,3,10,136.54
393,3,1,763.0
393,3,2,68.0
393,3,9,74.0
393,3,6,10.0
393,3,14,202.0
393,6,8,339.0
393,6,11,147.0
393,6,10,395.0
393,6,1,3946.0
393,6,2,109.0
393,6,9,154.0
393,6,6,152.0
393,6,14,586.0
393,2,8,52.0
393,2,11,101.0
393,2,10,94.59
393,2,1,1621.0
393,2,2,16.0
393,2,9,52.0
393,2,6,78.0
393,2,14,199.0
394,4,8,30.0
394,4,10,3.38
394,4,1,725.0
394,4,2,0.0
394,4,9,0.0
394,4,6,0.0
394,4,14,5.0
394,5,8,12.0
394,5,10,1.21
394,5,1,15.0
394,5,2,0.0
394,5,9,0.0
394,5,6,23.0
394,5,14,1.0
394,1,8,182.0
394,1,11,28.0
394,1,10,172.45
394,1,1,864.0
394,1,2,27.0
394,1,9,31.0
394,1,6,44.0
394,1,14,211.0
394,3,8,64.0
394,3,11,35.0
394,3,10,134.95
394,3,1,795.0
394,3,2,71.0
394,3,9,75.0
394,3,6,7.0
394,3,14,197.0
394,6,8,347.0
394,6,11,177.0
394,6,10,405.0
394,6,1,4061.0
394,6,2,113.0
394,6,9,158.0
394,6,6,163.0
394,6,14,624.0
394,2,8,59.0
394,2,11,113.0
394,2,10,93.46
394,2,1,1661.0
394,2,2,16.0
394,2,9,52.0
394,2,6,89.0
394,2,14,210.0
395,4,8,30.0
395,4,10,3.62
395,4,1,718.0
395,4,2,0.0
395,4,9,0.0
395,4,6,0.0
395,4,14,5.0
395,5,8,14.0
395,5,10,1.18
395,5,1,15.0
395,5,2,0.0
395,5,9,0.0
395,5,6,23.0
395,5,14,1.0
395,1,8,199.0
395,1,11,23.0
395,1,10,184.2
395,1,1,852.0
395,1,2,26.0
395,1,9,31.0
395,1,6,45.0
395,1,14,216.0
395,3,8,56.0
395,3,11,47.0
395,3,10,134.63
395,3,1,801.0
395,3,2,71.0
395,3,9,75.0
395,3,6,7.0
395,3,14,212.0
395,6,8,354.0
395,6,11,203.0
395,6,10,426.0
395,6,1,4064.0
395,6,2,112.0
395,6,9,158.0
395,6,6,169.0
395,6,14,673.0
395,2,8,55.0
395,2,11,134.0
395,2,10,102.85
395,2,1,1679.0
395,2,2,15.0
395,2,9,52.0
395,2,6,94.0
395,2,14,238.0
396,4,8,25.0
396,4,10,3.08
396,4,1,673.0
396,4,2,0.0
396,4,9,0.0
396,4,6,0.0
396,4,14,4.0
396,5,8,14.0
396,5,10,1.24
396,5,1,13.0
396,5,2,0.0
396,5,9,0.0
396,5,6,22.0
396,5,14,1.0
396,1,8,187.0
396,1,11,16.0
396,1,10,185.66
396,1,1,796.0
396,1,2,21.0
396,1,9,31.0
396,1,6,37.0
396,1,14,211.0
396,3,8,38.0
396,3,11,82.0
396,3,10,132.81
396,3,1,741.0
396,3,2,67.0
396,3,9,75.0
396,3,6,7.0
396,3,14,244.0
396,6,8,304.0
396,6,11,254.0
396,6,10,425.0
396,6,1,3843.0
396,6,2,103.0
396,6,9,158.0
396,6,6,136.0
396,6,14,723.0
396,2,8,41.0
396,2,11,156.0
396,2,10,102.22
396,2,1,1619.0
396,2,2,15.0
396,2,9,51.0
396,2,6,70.0
396,2,14,262.0
397,4,8,24.0
397,4,10,3.24
397,4,1,689.0
397,4,2,0.0
397,4,9,0.0
397,4,6,0.0
397,4,14,4.0
397,5,8,13.0
397,5,10,0.96
397,5,1,15.0
397,5,2,0.0
397,5,9,0.0
397,5,6,22.0
397,5,14,1.0
397,1,8,180.0
397,1,11,11.0
397,1,10,178.86
397,1,1,839.0
397,1,2,19.0
397,1,9,31.0
397,1,6,40.0
397,1,14,199.0
397,3,8,54.0
397,3,11,61.0
397,3,10,138.81
397,3,1,779.0
397,3,2,71.0
397,3,9,75.0
397,3,6,9.0
397,3,14,229.0
397,6,8,318.0
397,6,11,157.0
397,6,10,422.0
397,6,1,4045.0
397,6,2,106.0
397,6,9,157.0
397,6,6,153.0
397,6,14,622.0
397,2,8,48.0
397,2,11,85.0
397,2,10,99.81
397,2,1,1724.0
397,2,2,16.0
397,2,9,51.0
397,2,6,81.0
397,2,14,188.0
398,4,8,26.0
398,4,10,3.96
398,4,1,700.0
398,4,2,0.0
398,4,9,0.0
398,4,6,0.0
398,4,14,6.0
398,5,8,11.0
398,5,10,1.39
398,5,1,15.0
398,5,2,0.0
398,5,9,0.0
398,5,6,23.0
398,5,14,1.0
398,1,8,177.0
398,1,11,17.0
398,1,10,151.25
398,1,1,871.0
398,1,2,17.0
398,1,9,31.0
398,1,6,43.0
398,1,14,178.0
398,3,8,44.0
398,3,11,73.0
398,3,10,130.94
398,3,1,788.0
398,3,2,71.0
398,3,9,75.0
398,3,6,9.0
398,3,14,232.0
398,6,8,312.0
398,6,11,181.0
398,6,10,386.0
398,6,1,4134.0
398,6,2,104.0
398,6,9,157.0
398,6,6,163.0
398,6,14,609.0
398,2,8,53.0
398,2,11,91.0
398,2,10,98.21
398,2,1,1760.0
398,2,2,16.0
398,2,9,51.0
398,2,6,88.0
398,2,14,193.0
399,4,8,28.0
399,4,10,3.57
399,4,1,729.0
399,4,2,0.0
399,4,9,0.0
399,4,6,0.0
399,4,14,5.0
399,5,8,12.0
399,5,10,1.14
399,5,1,15.0
399,5,2,0.0
399,5,9,0.0
399,5,6,23.0
399,5,14,1.0
399,1,8,183.0
399,1,11,34.0
399,1,10,168.56
399,1,1,874.0
399,1,2,17.0
399,1,9,31.0
399,1,6,36.0
399,1,14,212.0
399,3,8,45.0
399,3,11,78.0
399,3,10,135.73
399,3,1,783.0
399,3,2,71.0
399,3,9,69.0
399,3,6,7.0
399,3,14,243.0
399,6,8,324.0
399,6,11,225.0
399,6,10,398.0
399,6,1,4133.0
399,6,2,103.0
399,6,9,151.0
399,6,6,149.0
399,6,14,665.0
399,2,8,55.0
399,2,11,113.0
399,2,10,88.89
399,2,1,1731.0
399,2,2,15.0
399,2,9,51.0
399,2,6,82.0
399,2,14,203.0
400,4,8,27.0
400,4,10,3.65
400,4,1,716.0
400,4,2,0.0
400,4,9,0.0
400,4,6,0.0
400,4,14,5.0
400,5,8,12.0
400,5,10,0.48
400,5,1,14.0
400,5,2,0.0
400,5,9,0.0
400,5,6,24.0
400,5,14,0.0
400,1,8,190.0
400,1,11,13.0
400,1,10,170.61
400,1,1,843.0
400,1,2,17.0
400,1,9,31.0
400,1,6,32.0
400,1,14,193.0
400,3,8,36.0
400,3,11,98.0
400,3,10,135.03
400,3,1,749.0
400,3,2,71.0
400,3,9,71.0
400,3,6,11.0
400,3,14,263.0
400,6,8,317.0
400,6,11,264.0
400,6,10,402.0
400,6,1,3963.0
400,6,2,102.0
400,6,9,154.0
400,6,6,125.0
400,6,14,710.0
400,2,8,52.0
400,2,11,153.0
400,2,10,91.96
400,2,1,1641.0
400,2,2,14.0
400,2,9,51.0
400,2,6,58.0
400,2,14,249.0
401,4,8,22.0
401,4,10,3.62
401,4,1,740.0
401,4,2,0.0
401,4,9,0.0
401,4,6,0.0
401,4,14,5.0
401,5,8,13.0
401,5,10,0.31
401,5,1,15.0
401,5,2,0.0
401,5,9,0.0
401,5,6,25.0
401,5,14,0.0
401,1,8,203.0
401,1,11,10.0
401,1,10,161.12
401,1,1,867.0
401,1,2,18.0
401,1,9,31.0
401,1,6,42.0
401,1,14,181.0
401,3,8,41.0
401,3,11,99.0
401,3,10,131.64
401,3,1,766.0
401,3,2,74.0
401,3,9,75.0
401,3,6,7.0
401,3,14,261.0
401,6,8,331.0
401,6,11,247.0
401,6,10,397.0
401,6,1,4106.0
401,6,2,107.0
401,6,9,157.0
401,6,6,157.0
401,6,14,689.0
401,2,8,51.0
401,2,11,137.0
401,2,10,100.09
401,2,1,1718.0
401,2,2,15.0
401,2,9,51.0
401,2,6,83.0
401,2,14,241.0
402,4,8,19.0
402,4,10,2.5
402,4,1,694.0
402,4,2,0.0
402,4,9,0.0
402,4,6,0.0
402,4,14,4.0
402,5,8,14.0
402,5,10,0.84
402,5,1,13.0
402,5,2,0.0
402,5,9,0.0
402,5,6,24.0
402,5,14,1.0
402,1,8,219.0
402,1,11,13.0
402,1,10,161.03
402,1,1,848.0
402,1,2,19.0
402,1,9,30.0
402,1,6,50.0
402,1,14,182.0
402,3,8,36.0
402,3,11,84.0
402,3,10,127.92
402,3,1,693.0
402,3,2,70.0
402,3,9,75.0
402,3,6,9.0
402,3,14,241.0
402,6,8,328.0
402,6,11,216.0
402,6,10,389.0
402,6,1,3954.0
402,6,2,104.0
402,6,9,164.0
402,6,6,177.0
402,6,14,645.0
402,2,8,38.0
402,2,11,119.0
402,2,10,97.09
402,2,1,1706.0
402,2,2,15.0
402,2,9,58.0
402,2,6,94.0
402,2,14,218.0
403,4,8,21.0
403,4,10,3.85
403,4,1,683.0
403,4,2,0.0
403,4,9,0.0
403,4,6,0.0
403,4,14,5.0
403,5,8,17.0
403,5,10,1.08
403,5,1,12.0
403,5,2,0.0
403,5,9,0.0
403,5,6,24.0
403,5,14,1.0
403,1,8,233.0
403,1,11,14.0
403,1,10,174.23
403,1,1,814.0
403,1,2,21.0
403,1,9,31.0
403,1,6,54.0
403,1,14,195.0
403,3,8,38.0
403,3,11,49.0
403,3,10,133.5
403,3,1,694.0
403,3,2,65.0
403,3,9,75.0
403,3,6,8.0
403,3,14,211.0
403,6,8,357.0
403,6,11,172.0
403,6,10,409.0
403,6,1,3882.0
403,6,2,103.0
403,6,9,170.0
403,6,6,185.0
403,6,14,620.0
403,2,8,48.0
403,2,11,109.0
403,2,10,96.14
403,2,1,1680.0
403,2,2,17.0
403,2,9,64.0
403,2,6,100.0
403,2,14,208.0
404,4,8,19.0
404,4,10,2.88
404,4,1,686.0
404,4,2,0.0
404,4,9,0.0
404,4,6,0.0
404,4,14,4.0
404,5,8,17.0
404,5,10,1.03
404,5,1,12.0
404,5,2,0.0
404,5,9,0.0
404,5,6,24.0
404,5,14,1.0
404,1,8,259.0
404,1,11,26.0
404,1,10,164.65
404,1,1,825.0
404,1,2,15.0
404,1,9,31.0
404,1,6,54.0
404,1,14,199.0
404,3,8,34.0
404,3,11,37.0
404,3,10,120.33
404,3,1,712.0
404,3,2,66.0
404,3,9,75.0
404,3,6,12.0
404,3,14,187.0
404,6,8,376.0
404,6,11,174.0
404,6,10,381.0
404,6,1,3922.0
404,6,2,98.0
404,6,9,170.0
404,6,6,189.0
404,6,14,596.0
404,2,8,47.0
404,2,11,111.0
404,2,10,91.9
404,2,1,1686.0
404,2,2,17.0
404,2,9,64.0
404,2,6,99.0
404,2,14,205.0
405,4,8,14.0
405,4,10,3.22
405,4,1,695.0
405,4,2,0.0
405,4,9,0.0
405,4,6,0.0
405,4,14,4.0
405,5,8,17.0
405,5,10,0.77
405,5,1,12.0
405,5,2,0.0
405,5,9,0.0
405,5,6,24.0
405,5,14,1.0
405,1,8,279.0
405,1,11,39.0
405,1,10,166.29
405,1,1,796.0
405,1,2,12.0
405,1,9,31.0
405,1,6,56.0
405,1,14,214.0
405,3,8,36.0
405,3,11,26.0
405,3,10,116.42
405,3,1,721.0
405,3,2,65.0
405,3,9,75.0
405,3,6,11.0
405,3,14,169.0
405,6,8,401.0
405,6,11,167.0
405,6,10,380.0
405,6,1,3875.0
405,6,2,95.0
405,6,9,161.0
405,6,6,189.0
405,6,14,586.0
405,2,8,56.0
405,2,11,102.0
405,2,10,93.52
405,2,1,1651.0
405,2,2,18.0
405,2,9,55.0
405,2,6,98.0
405,2,14,198.0
406,4,8,19.0
406,4,10,3.33
406,4,1,704.0
406,4,2,0.0
406,4,9,0.0
406,4,6,0.0
406,4,14,5.0
406,5,8,18.0
406,5,10,1.17
406,5,1,14.0
406,5,2,0.0
406,5,9,0.0
406,5,6,24.0
406,5,14,1.0
406,1,8,301.0
406,1,11,31.0
406,1,10,157.02
406,1,1,765.0
406,1,2,15.0
406,1,9,31.0
406,1,6,31.0
406,1,14,196.0
406,3,8,36.0
406,3,11,29.0
406,3,10,120.45
406,3,1,715.0
406,3,2,57.0
406,3,9,75.0
406,3,6,11.0
406,3,14,176.0
406,6,8,425.0
406,6,11,122.0
406,6,10,376.0
406,6,1,3846.0
406,6,2,89.0
406,6,9,161.0
406,6,6,143.0
406,6,14,535.0
406,2,8,52.0
406,2,11,62.0
406,2,10,94.33
406,2,1,1648.0
406,2,2,17.0
406,2,9,55.0
406,2,6,77.0
406,2,14,158.0
407,4,8,17.0
407,4,10,3.5
407,4,1,696.0
407,4,2,0.0
407,4,9,0.0
407,4,6,0.0
407,4,14,5.0
407,5,8,18.0
407,5,10,1.4
407,5,1,14.0
407,5,2,0.0
407,5,9,0.0
407,5,6,24.0
407,5,14,1.0
407,1,8,292.0
407,1,11,13.0
407,1,10,173.99
407,1,1,797.0
407,1,2,19.0
407,1,9,31.0
407,1,6,23.0
407,1,14,195.0
407,3,8,23.0
407,3,11,34.0
407,3,10,118.44
407,3,1,700.0
407,3,2,57.0
407,3,9,75.0
407,3,6,11.0
407,3,14,175.0
407,6,8,391.0
407,6,11,105.0
407,6,10,388.0
407,6,1,3820.0
407,6,2,92.0
407,6,9,144.0
407,6,6,96.0
407,6,14,526.0
407,2,8,40.0
407,2,11,58.0
407,2,10,90.42
407,2,1,1613.0
407,2,2,16.0
407,2,9,38.0
407,2,6,37.0
407,2,14,150.0
408,4,8,18.0
408,4,10,3.42
408,4,1,714.0
408,4,2,0.0
408,4,9,0.0
408,4,6,0.0
408,4,14,5.0
408,5,8,14.0
408,5,10,1.34
408,5,1,15.0
408,5,2,0.0
408,5,9,0.0
408,5,6,24.0
408,5,14,1.0
408,1,8,280.0
408,1,11,15.0
408,1,10,161.07
408,1,1,823.0
408,1,2,21.0
408,1,9,30.0
408,1,6,29.0
408,1,14,184.0
408,3,8,36.0
408,3,11,31.0
408,3,10,110.77
408,3,1,726.0
408,3,2,60.0
408,3,9,55.0
408,3,6,11.0
408,3,14,172.0
408,6,8,391.0
408,6,11,111.0
408,6,10,368.0
408,6,1,3941.0
408,6,2,97.0
408,6,9,121.0
408,6,6,99.0
408,6,14,521.0
408,2,8,43.0
408,2,11,66.0
408,2,10,90.96
408,2,1,1663.0
408,2,2,16.0
408,2,9,36.0
408,2,6,34.0
408,2,14,159.0
409,4,8,25.0
409,4,10,4.15
409,4,1,696.0
409,4,2,0.0
409,4,9,0.0
409,4,6,0.0
409,4,14,6.0
409,5,8,14.0
409,5,10,1.36
409,5,1,14.0
409,5,2,0.0
409,5,9,0.0
409,5,6,24.0
409,5,14,1.0
409,1,8,269.0
409,1,11,36.0
409,1,10,166.06
409,1,1,837.0
409,1,2,22.0
409,1,9,31.0
409,1,6,54.0
409,1,14,210.0
409,3,8,31.0
409,3,11,30.0
409,3,10,116.71
409,3,1,720.0
409,3,2,57.0
409,3,9,51.0
409,3,6,7.0
409,3,14,179.0
409,6,8,388.0
409,6,11,149.0
409,6,10,382.0
409,6,1,3904.0
409,6,2,97.0
409,6,9,119.0
409,6,6,184.0
409,6,14,575.0
409,2,8,49.0
409,2,11,83.0
409,2,10,93.54
409,2,1,1637.0
409,2,2,18.0
409,2,9,38.0
409,2,6,98.0
409,2,14,178.0
410,4,8,23.0
410,4,10,3.92
410,4,1,705.0
410,4,2,0.0
410,4,9,0.0
410,4,6,0.0
410,4,14,5.0
410,5,8,15.0
410,5,10,1.26
410,5,1,14.0
410,5,2,0.0
410,5,9,0.0
410,5,6,25.0
410,5,14,1.0
410,1,8,275.0
410,1,11,15.0
410,1,10,160.56
410,1,1,869.0
410,1,2,18.0
410,1,9,26.0
410,1,6,63.0
410,1,14,185.0
410,3,8,38.0
410,3,11,43.0
410,3,10,116.24
410,3,1,732.0
410,3,2,58.0
410,3,9,51.0
410,3,6,11.0
410,3,14,185.0
410,6,8,419.0
410,6,11,108.0
410,6,10,372.0
410,6,1,3991.0
410,6,2,101.0
410,6,9,131.0
410,6,6,210.0
410,6,14,519.0
410,2,8,68.0
410,2,11,50.0
410,2,10,90.25
410,2,1,1670.0
410,2,2,25.0
410,2,9,54.0
410,2,6,111.0
410,2,14,143.0
411,4,8,27.0
411,4,10,2.92
411,4,1,732.0
411,4,2,0.0
411,4,9,0.0
411,4,6,0.0
411,4,14,4.0
411,5,8,14.0
411,5,10,1.26
411,5,1,13.0
411,5,2,0.0
411,5,9,0.0
411,5,6,24.0
411,5,14,1.0
411,1,8,295.0
411,1,11,20.0
411,1,10,159.05
411,1,1,873.0
411,1,2,20.0
411,1,9,28.0
411,1,6,63.0
411,1,14,215.0
411,3,8,33.0
411,3,11,37.0
411,3,10,103.47
411,3,1,741.0
411,3,2,59.0
411,3,9,51.0
411,3,6,10.0
411,3,14,167.0
411,6,8,420.0
411,6,11,116.0
411,6,10,354.0
411,6,1,4064.0
411,6,2,99.0
411,6,9,143.0
411,6,6,208.0
411,6,14,536.0
411,2,8,52.0
411,2,11,58.0
411,2,10,87.06
411,2,1,1705.0
411,2,2,20.0
411,2,9,64.0
411,2,6,110.0
411,2,14,149.0
412,4,8,22.0
412,4,10,2.95
412,4,1,745.0
412,4,2,0.0
412,4,9,0.0
412,4,6,0.0
412,4,14,4.0
412,5,8,16.0
412,5,10,0.99
412,5,1,13.0
412,5,2,0.0
412,5,9,0.0
412,5,6,24.0
412,5,14,1.0
412,1,8,315.0
412,1,11,21.0
412,1,10,165.31
412,1,1,885.0
412,1,2,20.0
412,1,9,26.0
412,1,6,63.0
412,1,14,194.0
412,3,8,38.0
412,3,11,23.0
412,3,10,92.81
412,3,1,740.0
412,3,2,60.0
412,3,9,51.0
412,3,6,9.0
412,3,14,143.0
412,6,8,437.0
412,6,11,140.0
412,6,10,348.0
412,6,1,4075.0
412,6,2,101.0
412,6,9,142.0
412,6,6,203.0
412,6,14,524.0
412,2,8,46.0
412,2,11,95.0
412,2,10,85.49
412,2,1,1691.0
412,2,2,21.0
412,2,9,65.0
412,2,6,106.0
412,2,14,183.0
413,4,8,22.0
413,4,10,3.11
413,4,1,734.0
413,4,2,0.0
413,4,9,0.0
413,4,6,0.0
413,4,14,4.0
413,5,8,19.0
413,5,10,0.73
413,5,1,13.0
413,5,2,0.0
413,5,9,0.0
413,5,6,24.0
413,5,14,1.0
413,1,8,326.0
413,1,11,25.0
413,1,10,166.78
413,1,1,889.0
413,1,2,13.0
413,1,9,26.0
413,1,6,62.0
413,1,14,200.0
413,3,8,35.0
413,3,11,24.0
413,3,10,115.68
413,3,1,728.0
413,3,2,58.0
413,3,9,51.0
413,3,6,11.0
413,3,14,159.0
413,6,8,465.0
413,6,11,170.0
413,6,10,379.0
413,6,1,4017.0
413,6,2,90.0
413,6,9,141.0
413,6,6,205.0
413,6,14,579.0
413,2,8,63.0
413,2,11,121.0
413,2,10,92.44
413,2,1,1653.0
413,2,2,19.0
413,2,9,65.0
413,2,6,108.0
413,2,14,215.0
414,4,8,26.0
414,4,10,3.91
414,4,1,718.0
414,4,2,0.0
414,4,9,0.0
414,4,6,0.0
414,4,14,6.0
414,5,8,21.0
414,5,10,0.99
414,5,1,13.0
414,5,2,0.0
414,5,9,0.0
414,5,6,24.0
414,5,14,1.0
414,1,8,350.0
414,1,11,27.0
414,1,10,159.19
414,1,1,831.0
414,1,2,14.0
414,1,9,26.0
414,1,6,40.0
414,1,14,194.0
414,3,8,27.0
414,3,11,34.0
414,3,10,108.02
414,3,1,659.0
414,3,2,64.0
414,3,9,51.0
414,3,6,9.0
414,3,14,164.0
414,6,8,478.0
414,6,11,198.0
414,6,10,367.0
414,6,1,3837.0
414,6,2,98.0
414,6,9,141.0
414,6,6,135.0
414,6,14,600.0
414,2,8,54.0
414,2,11,137.0
414,2,10,95.06
414,2,1,1616.0
414,2,2,20.0
414,2,9,65.0
414,2,6,62.0
414,2,14,236.0
415,4,8,26.0
415,4,10,4.12
415,4,1,714.0
415,4,2,0.0
415,4,9,0.0
415,4,6,0.0
415,4,14,5.0
415,5,8,17.0
415,5,10,0.94
415,5,1,12.0
415,5,2,0.0
415,5,9,0.0
415,5,6,24.0
415,5,14,1.0
415,1,8,349.0
415,1,11,37.0
415,1,10,169.42
415,1,1,852.0
415,1,2,15.0
415,1,9,25.0
415,1,6,47.0
415,1,14,214.0
415,3,8,30.0
415,3,11,56.0
415,3,10,104.48
415,3,1,663.0
415,3,2,67.0
415,3,9,51.0
415,3,6,11.0
415,3,14,188.0
415,6,8,480.0
415,6,11,227.0
415,6,10,374.0
415,6,1,3900.0
415,6,2,101.0
415,6,9,141.0
415,6,6,155.0
415,6,14,639.0
415,2,8,58.0
415,2,11,134.0
415,2,10,95.21
415,2,1,1660.0
415,2,2,19.0
415,2,9,64.0
415,2,6,72.0
415,2,14,231.0
416,4,8,28.0
416,4,10,3.77
416,4,1,707.0
416,4,2,0.0
416,4,9,0.0
416,4,6,0.0
416,4,14,5.0
416,5,8,18.0
416,5,10,1.17
416,5,1,13.0
416,5,2,0.0
416,5,9,0.0
416,5,6,24.0
416,5,14,1.0
416,1,8,349.0
416,1,11,9.0
416,1,10,175.17
416,1,1,864.0
416,1,2,15.0
416,1,9,29.0
416,1,6,66.0
416,1,14,192.0
416,3,8,32.0
416,3,11,42.0
416,3,10,122.22
416,3,1,694.0
416,3,2,63.0
416,3,9,51.0
416,3,6,13.0
416,3,14,190.0
416,6,8,490.0
416,6,11,168.0
416,6,10,399.0
416,6,1,3963.0
416,6,2,92.0
416,6,9,140.0
416,6,6,217.0
416,6,14,605.0
416,2,8,63.0
416,2,11,117.0
416,2,10,96.21
416,2,1,1686.0
416,2,2,14.0
416,2,9,60.0
416,2,6,115.0
416,2,14,216.0
417,4,8,26.0
417,4,10,3.85
417,4,1,727.0
417,4,2,0.0
417,4,9,0.0
417,4,6,0.0
417,4,14,5.0
417,5,8,17.0
417,5,10,1.4
417,5,1,13.0
417,5,2,0.0
417,5,9,0.0
417,5,6,24.0
417,5,14,1.0
417,1,8,350.0
417,1,11,14.0
417,1,10,165.62
417,1,1,895.0
417,1,2,17.0
417,1,9,30.0
417,1,6,58.0
417,1,14,185.0
417,3,8,49.0
417,3,11,31.0
417,3,10,118.09
417,3,1,733.0
417,3,2,62.0
417,3,9,51.0
417,3,6,11.0
417,3,14,177.0
417,6,8,512.0
417,6,11,168.0
417,6,10,383.0
417,6,1,4070.0
417,6,2,96.0
417,6,9,133.0
417,6,6,203.0
417,6,14,588.0
417,2,8,69.0
417,2,11,123.0
417,2,10,93.8
417,2,1,1702.0
417,2,2,16.0
417,2,9,52.0
417,2,6,110.0
417,2,14,220.0
418,4,8,28.0
418,4,10,3.75
418,4,1,721.0
418,4,2,0.0
418,4,9,0.0
418,4,6,0.0
418,4,14,5.0
418,5,8,16.0
418,5,10,1.38
418,5,1,12.0
418,5,2,0.0
418,5,9,0.0
418,5,6,24.0
418,5,14,1.0
418,1,8,363.0
418,1,11,11.0
418,1,10,175.29
418,1,1,878.0
418,1,2,19.0
418,1,9,30.0
418,1,6,64.0
418,1,14,156.0
418,3,8,60.0
418,3,11,37.0
418,3,10,115.11
418,3,1,727.0
418,3,2,64.0
418,3,9,51.0
418,3,6,10.0
418,3,14,180.0
418,6,8,523.0
418,6,11,203.0
418,6,10,390.0
418,6,1,4028.0
418,6,2,98.0
418,6,9,133.0
418,6,6,200.0
418,6,14,593.0
418,2,8,56.0
418,2,11,155.0
418,2,10,94.38
418,2,1,1690.0
418,2,2,16.0
418,2,9,52.0
418,2,6,102.0
418,2,14,252.0
419,4,8,28.0
419,4,10,3.86
419,4,1,754.0
419,4,2,0.0
419,4,9,0.0
419,4,6,0.0
419,4,14,5.0
419,5,8,17.0
419,5,10,1.32
419,5,1,13.0
419,5,2,0.0
419,5,9,0.0
419,5,6,24.0
419,5,14,1.0
419,1,8,363.0
419,1,11,9.0
419,1,10,168.61
419,1,1,888.0
419,1,2,21.0
419,1,9,30.0
419,1,6,62.0
419,1,14,187.0
419,3,8,51.0
419,3,11,77.0
419,3,10,112.75
419,3,1,742.0
419,3,2,65.0
419,3,9,51.0
419,3,6,9.0
419,3,14,215.0
419,6,8,520.0
419,6,11,259.0
419,6,10,384.0
419,6,1,4080.0
419,6,2,102.0
419,6,9,133.0
419,6,6,193.0
419,6,14,681.0
419,2,8,61.0
419,2,11,173.0
419,2,10,96.97
419,2,1,1683.0
419,2,2,16.0
419,2,9,52.0
419,2,6,98.0
419,2,14,273.0
420,4,8,28.0
420,4,10,3.47
420,4,1,707.0
420,4,2,0.0
420,4,9,0.0
420,4,6,0.0
420,4,14,4.0
420,5,8,15.0
420,5,10,1.44
420,5,1,13.0
420,5,2,0.0
420,5,9,0.0
420,5,6,24.0
420,5,14,1.0
420,1,8,370.0
420,1,11,10.0
420,1,10,163.32
420,1,1,869.0
420,1,2,23.0
420,1,9,30.0
420,1,6,61.0
420,1,14,182.0
420,3,8,34.0
420,3,11,246.0
420,3,10,98.29
420,3,1,659.0
420,3,2,60.0
420,3,9,51.0
420,3,6,5.0
420,3,14,370.0
420,6,8,497.0
420,6,11,433.0
420,6,10,362.0
420,6,1,3923.0
420,6,2,99.0
420,6,9,133.0
420,6,6,152.0
420,6,14,832.0
420,2,8,49.0
420,2,11,177.0
420,2,10,95.29
420,2,1,1674.0
420,2,2,17.0
420,2,9,52.0
420,2,6,63.0
420,2,14,274.0
421,4,8,29.0
421,4,10,3.08
421,4,1,655.0
421,4,2,0.0
421,4,9,0.0
421,4,6,0.0
421,4,14,4.0
421,5,8,18.0
421,5,10,1.25
421,5,1,12.0
421,5,2,0.0
421,5,9,0.0
421,5,6,24.0
421,5,14,1.0
421,1,8,361.0
421,1,11,18.0
421,1,10,168.03
421,1,1,837.0
421,1,2,22.0
421,1,9,30.0
421,1,6,43.0
421,1,14,194.0
421,3,8,32.0
421,3,11,267.0
421,3,10,105.47
421,3,1,579.0
421,3,2,56.0
421,3,9,51.0
421,3,6,5.0
421,3,14,394.0
421,6,8,484.0
421,6,11,516.0
421,6,10,370.0
421,6,1,3649.0
421,6,2,94.0
421,6,9,133.0
421,6,6,107.0
421,6,14,919.0
421,2,8,44.0
421,2,11,230.0
421,2,10,91.78
421,2,1,1565.0
421,2,2,16.0
421,2,9,52.0
421,2,6,35.0
421,2,14,325.0
422,4,8,32.0
422,4,10,2.85
422,4,1,658.0
422,4,2,0.0
422,4,9,0.0
422,4,6,0.0
422,4,14,4.0
422,5,8,20.0
422,5,10,0.43
422,5,1,12.0
422,5,2,0.0
422,5,9,0.0
422,5,6,24.0
422,5,14,0.0
422,1,8,356.0
422,1,11,46.0
422,1,10,171.86
422,1,1,850.0
422,1,2,21.0
422,1,9,30.0
422,1,6,32.0
422,1,14,226.0
422,3,8,42.0
422,3,11,260.0
422,3,10,105.66
422,3,1,582.0
422,3,2,59.0
422,3,9,51.0
422,3,6,5.0
422,3,14,387.0
422,6,8,510.0
422,6,11,593.0
422,6,10,372.0
422,6,1,3682.0
422,6,2,93.0
422,6,9,133.0
422,6,6,101.0
422,6,14,999.0
422,2,8,60.0
422,2,11,287.0
422,2,10,91.28
422,2,1,1581.0
422,2,2,13.0
422,2,9,52.0
422,2,6,40.0
422,2,14,382.0
423,4,8,33.0
423,4,10,3.76
423,4,1,683.0
423,4,2,0.0
423,4,9,0.0
423,4,6,0.0
423,4,14,5.0
423,5,8,32.0
423,5,10,0.2
423,5,1,12.0
423,5,2,0.0
423,5,9,0.0
423,5,6,24.0
423,5,14,0.0
423,1,8,352.0
423,1,11,56.0
423,1,10,174.44
423,1,1,818.0
423,1,2,19.0
423,1,9,29.0
423,1,6,44.0
423,1,14,239.0
423,3,8,41.0
423,3,11,253.0
423,3,10,123.12
423,3,1,652.0
423,3,2,63.0
423,3,9,51.0
423,3,6,8.0
423,3,14,398.0
423,6,8,511.0
423,6,11,619.0
423,6,10,397.0
423,6,1,3728.0
423,6,2,95.0
423,6,9,133.0
423,6,6,138.0
423,6,14,1048.0
423,2,8,52.0
423,2,11,310.0
423,2,10,95.76
423,2,1,1562.0
423,2,2,13.0
423,2,9,52.0
423,2,6,62.0
423,2,14,407.0
424,4,8,42.0
424,4,10,3.66
424,4,1,695.0
424,4,2,0.0
424,4,9,0.0
424,4,6,0.0
424,4,14,5.0
424,5,8,39.0
424,5,10,0.64
424,5,1,12.0
424,5,2,0.0
424,5,9,0.0
424,5,6,24.0
424,5,14,1.0
424,1,8,359.0
424,1,11,57.0
424,1,10,178.44
424,1,1,823.0
424,1,2,21.0
424,1,9,29.0
424,1,6,69.0
424,1,14,243.0
424,3,8,47.0
424,3,11,240.0
424,3,10,134.29
424,3,1,681.0
424,3,2,66.0
424,3,9,51.0
424,3,6,11.0
424,3,14,398.0
424,6,8,555.0
424,6,11,603.0
424,6,10,409.0
424,6,1,3776.0
424,6,2,99.0
424,6,9,132.0
424,6,6,203.0
424,6,14,1048.0
424,2,8,68.0
424,2,11,306.0
424,2,10,92.41
424,2,1,1565.0
424,2,2,13.0
424,2,9,52.0
424,2,6,100.0
424,2,14,402.0
425,4,8,33.0
425,4,10,3.45
425,4,1,721.0
425,4,2,0.0
425,4,9,0.0
425,4,6,0.0
425,4,14,4.0
425,5,8,37.0
425,5,10,0.62
425,5,1,12.0
425,5,2,0.0
425,5,9,0.0
425,5,6,24.0
425,5,14,1.0
425,1,8,352.0
425,1,11,51.0
425,1,10,181.96
425,1,1,887.0
425,1,2,21.0
425,1,9,29.0
425,1,6,63.0
425,1,14,241.0
425,3,8,49.0
425,3,11,180.0
425,3,10,137.45
425,3,1,729.0
425,3,2,68.0
425,3,9,51.0
425,3,6,11.0
425,3,14,341.0
425,6,8,541.0
425,6,11,437.0
425,6,10,421.0
425,6,1,4010.0
425,6,2,102.0
425,6,9,134.0
425,6,6,209.0
425,6,14,891.0
425,2,8,70.0
425,2,11,206.0
425,2,10,97.02
425,2,1,1661.0
425,2,2,13.0
425,2,9,53.0
425,2,6,110.0
425,2,14,305.0
426,4,8,30.0
426,4,10,3.25
426,4,1,688.0
426,4,2,0.0
426,4,9,0.0
426,4,6,0.0
426,4,14,4.0
426,5,8,39.0
426,5,10,0.64
426,5,1,9.0
426,5,2,0.0
426,5,9,0.0
426,5,6,24.0
426,5,14,1.0
426,1,8,341.0
426,1,11,58.0
426,1,10,180.03
426,1,1,886.0
426,1,2,20.0
426,1,9,29.0
426,1,6,64.0
426,1,14,247.0
426,3,8,58.0
426,3,11,138.0
426,3,10,135.65
426,3,1,740.0
426,3,2,72.0
426,3,9,51.0
426,3,6,11.0
426,3,14,300.0
426,6,8,546.0
426,6,11,391.0
426,6,10,416.0
426,6,1,3981.0
426,6,2,108.0
426,6,9,145.0
426,6,6,209.0
426,6,14,845.0
426,2,8,78.0
426,2,11,195.0
426,2,10,96.64
426,2,1,1658.0
426,2,2,15.0
426,2,9,64.0
426,2,6,110.0
426,2,14,293.0
427,4,8,31.0
427,4,10,2.98
427,4,1,695.0
427,4,2,0.0
427,4,9,0.0
427,4,6,0.0
427,4,14,4.0
427,5,8,37.0
427,5,10,1.02
427,5,1,13.0
427,5,2,0.0
427,5,9,0.0
427,5,6,24.0
427,5,14,1.0
427,1,8,326.0
427,1,11,43.0
427,1,10,180.6
427,1,1,842.0
427,1,2,17.0
427,1,9,30.0
427,1,6,59.0
427,1,14,231.0
427,3,8,57.0
427,3,11,126.0
427,3,10,120.91
427,3,1,712.0
427,3,2,68.0
427,3,9,51.0
427,3,6,10.0
427,3,14,272.0
427,6,8,501.0
427,6,11,371.0
427,6,10,398.0
427,6,1,3955.0
427,6,2,103.0
427,6,9,145.0
427,6,6,198.0
427,6,14,804.0
427,2,8,49.0
427,2,11,202.0
427,2,10,92.3
427,2,1,1693.0
427,2,2,17.0
427,2,9,64.0
427,2,6,105.0
427,2,14,297.0
428,4,8,28.0
428,4,10,3.08
428,4,1,707.0
428,4,2,0.0
428,4,9,0.0
428,4,6,0.0
428,4,14,4.0
428,5,8,31.0
428,5,10,0.92
428,5,1,15.0
428,5,2,0.0
428,5,9,0.0
428,5,6,24.0
428,5,14,1.0
428,1,8,316.0
428,1,11,32.0
428,1,10,173.83
428,1,1,831.0
428,1,2,17.0
428,1,9,30.0
428,1,6,32.0
428,1,14,214.0
428,3,8,45.0
428,3,11,77.0
428,3,10,118.62
428,3,1,705.0
428,3,2,63.0
428,3,9,51.0
428,3,6,6.0
428,3,14,222.0
428,6,8,473.0
428,6,11,217.0
428,6,10,389.0
428,6,1,3914.0
428,6,2,98.0
428,6,9,145.0
428,6,6,99.0
428,6,14,643.0
428,2,8,54.0
428,2,11,107.0
428,2,10,92.32
428,2,1,1656.0
428,2,2,18.0
428,2,9,64.0
428,2,6,38.0
428,2,14,202.0
429,4,8,33.0
429,4,10,3.83
429,4,1,727.0
429,4,2,0.0
429,4,9,0.0
429,4,6,0.0
429,4,14,5.0
429,5,8,34.0
429,5,10,0.65
429,5,1,16.0
429,5,2,0.0
429,5,9,0.0
429,5,6,24.0
429,5,14,1.0
429,1,8,317.0
429,1,11,43.0
429,1,10,173.37
429,1,1,865.0
429,1,2,16.0
429,1,9,30.0
429,1,6,45.0
429,1,14,223.0
429,3,8,62.0
429,3,11,47.0
429,3,10,89.4
429,3,1,736.0
429,3,2,59.0
429,3,9,51.0
429,3,6,7.0
429,3,14,159.0
429,6,8,504.0
429,6,11,211.0
429,6,10,359.0
429,6,1,4052.0
429,6,2,90.0
429,6,9,140.0
429,6,6,147.0
429,6,14,604.0
429,2,8,58.0
429,2,11,121.0
429,2,10,91.84
429,2,1,1709.0
429,2,2,15.0
429,2,9,59.0
429,2,6,71.0
429,2,14,216.0
430,4,8,37.0
430,4,10,3.89
430,4,1,720.0
430,4,2,0.0
430,4,9,0.0
430,4,6,0.0
430,4,14,5.0
430,5,8,33.0
430,5,10,0.72
430,5,1,13.0
430,5,2,0.0
430,5,9,0.0
430,5,6,24.0
430,5,14,1.0
430,1,8,325.0
430,1,11,66.0
430,1,10,173.31
430,1,1,846.0
430,1,2,18.0
430,1,9,30.0
430,1,6,57.0
430,1,14,247.0
430,3,8,65.0
430,3,11,69.0
430,3,10,109.48
430,3,1,698.0
430,3,2,58.0
430,3,9,51.0
430,3,6,11.0
430,3,14,203.0
430,6,8,506.0
430,6,11,280.0
430,6,10,380.0
430,6,1,3983.0
430,6,2,89.0
430,6,9,140.0
430,6,6,198.0
430,6,14,694.0
430,2,8,45.0
430,2,11,144.0
430,2,10,92.51
430,2,1,1706.0
430,2,2,13.0
430,2,9,59.0
430,2,6,106.0
430,2,14,238.0
431,4,8,40.0
431,4,10,3.9
431,4,1,711.0
431,4,2,0.0
431,4,9,0.0
431,4,6,0.0
431,4,14,5.0
431,5,8,33.0
431,5,10,1.04
431,5,1,11.0
431,5,2,0.0
431,5,9,0.0
431,5,6,24.0
431,5,14,1.0
431,1,8,312.0
431,1,11,71.0
431,1,10,178.89
431,1,1,853.0
431,1,2,21.0
431,1,9,30.0
431,1,6,60.0
431,1,14,257.0
431,3,8,50.0
431,3,11,78.0
431,3,10,122.6
431,3,1,668.0
431,3,2,57.0
431,3,9,51.0
431,3,6,10.0
431,3,14,224.0
431,6,8,483.0
431,6,11,305.0
431,6,10,398.0
431,6,1,3891.0
431,6,2,89.0
431,6,9,140.0
431,6,6,209.0
431,6,14,738.0
431,2,8,48.0
431,2,11,156.0
431,2,10,91.92
431,2,1,1648.0
431,2,2,11.0
431,2,9,59.0
431,2,6,115.0
431,2,14,250.0
432,4,8,31.0
432,4,10,4.01
432,4,1,702.0
432,4,2,0.0
432,4,9,0.0
432,4,6,0.0
432,4,14,6.0
432,5,8,30.0
432,5,10,1.0
432,5,1,11.0
432,5,2,0.0
432,5,9,0.0
432,5,6,24.0
432,5,14,1.0
432,1,8,319.0
432,1,11,34.0
432,1,10,170.81
432,1,1,782.0
432,1,2,22.0
432,1,9,30.0
432,1,6,46.0
432,1,14,212.0
432,3,8,46.0
432,3,11,55.0
432,3,10,104.9
432,3,1,674.0
432,3,2,62.0
432,3,9,51.0
432,3,6,10.0
432,3,14,181.0
432,6,8,469.0
432,6,11,223.0
432,6,10,368.0
432,6,1,3804.0
432,6,2,95.0
432,6,9,141.0
432,6,6,189.0
432,6,14,622.0
432,2,8,43.0
432,2,11,134.0
432,2,10,87.24
432,2,1,1635.0
432,2,2,11.0
432,2,9,60.0
432,2,6,108.0
432,2,14,222.0
433,4,8,30.0
433,4,10,4.0
433,4,1,743.0
433,4,2,0.0
433,4,9,0.0
433,4,6,0.0
433,4,14,6.0
433,5,8,28.0
433,5,10,1.02
433,5,1,11.0
433,5,2,0.0
433,5,9,0.0
433,5,6,24.0
433,5,14,1.0
433,1,8,316.0
433,1,11,24.0
433,1,10,165.69
433,1,1,848.0
433,1,2,29.0
433,1,9,30.0
433,1,6,53.0
433,1,14,197.0
433,3,8,48.0
433,3,11,58.0
433,3,10,91.32
433,3,1,694.0
433,3,2,62.0
433,3,9,51.0
433,3,6,10.0
433,3,14,172.0
433,6,8,455.0
433,6,11,192.0
433,6,10,356.0
433,6,1,3972.0
433,6,2,103.0
433,6,9,141.0
433,6,6,198.0
433,6,14,583.0
433,2,8,32.0
433,2,11,110.0
433,2,10,94.04
433,2,1,1676.0
433,2,2,11.0
433,2,9,60.0
433,2,6,110.0
433,2,14,207.0
434,4,8,35.0
434,4,10,3.25
434,4,1,730.0
434,4,2,0.0
434,4,9,0.0
434,4,6,0.0
434,4,14,4.0
434,5,8,31.0
434,5,10,1.09
434,5,1,12.0
434,5,2,0.0
434,5,9,0.0
434,5,6,24.0
434,5,14,1.0
434,1,8,320.0
434,1,11,25.0
434,1,10,166.58
434,1,1,867.0
434,1,2,22.0
434,1,9,30.0
434,1,6,47.0
434,1,14,198.0
434,3,8,41.0
434,3,11,115.0
434,3,10,101.06
434,3,1,660.0
434,3,2,63.0
434,3,9,51.0
434,3,6,6.0
434,3,14,237.0
434,6,8,458.0
434,6,11,236.0
434,6,10,356.0
434,6,1,3942.0
434,6,2,95.0
434,6,9,141.0
434,6,6,142.0
434,6,14,621.0
434,2,8,32.0
434,2,11,96.0
434,2,10,83.81
434,2,1,1672.0
434,2,2,11.0
434,2,9,60.0
434,2,6,65.0
434,2,14,181.0
435,4,8,31.0
435,4,10,4.17
435,4,1,694.0
435,4,2,0.0
435,4,9,0.0
435,4,6,0.0
435,4,14,39.0
435,5,8,29.0
435,5,10,0.85
435,5,1,13.0
435,5,2,0.0
435,5,9,0.0
435,5,6,24.0
435,5,14,1.0
435,1,8,307.0
435,1,11,15.0
435,1,10,171.92
435,1,1,872.0
435,1,2,23.0
435,1,9,30.0
435,1,6,27.0
435,1,14,194.0
435,3,8,39.0
435,3,11,175.0
435,3,10,106.7
435,3,1,604.0
435,3,2,52.0
435,3,9,51.0
435,3,6,6.0
435,3,14,302.0
435,6,8,435.0
435,6,11,310.0
435,6,10,373.0
435,6,1,3781.0
435,6,2,84.0
435,6,9,141.0
435,6,6,91.0
435,6,14,747.0
435,2,8,28.0
435,2,11,120.0
435,2,10,89.67
435,2,1,1599.0
435,2,2,10.0
435,2,9,60.0
435,2,6,34.0
435,2,14,211.0
436,4,8,35.0
436,4,10,3.61
436,4,1,723.0
436,4,2,0.0
436,4,9,0.0
436,4,6,0.0
436,4,14,5.0
436,5,8,29.0
436,5,10,0.91
436,5,1,13.0
436,5,2,0.0
436,5,9,0.0
436,5,6,24.0
436,5,14,1.0
436,1,8,289.0
436,1,11,16.0
436,1,10,170.41
436,1,1,888.0
436,1,2,22.0
436,1,9,30.0
436,1,6,40.0
436,1,14,194.0
436,3,8,42.0
436,3,11,210.0
436,3,10,107.22
436,3,1,624.0
436,3,2,60.0
436,3,9,51.0
436,3,6,7.0
436,3,14,339.0
436,6,8,435.0
436,6,11,362.0
436,6,10,363.0
436,6,1,3871.0
436,6,2,95.0
436,6,9,141.0
436,6,6,136.0
436,6,14,758.0
436,2,8,40.0
436,2,11,136.0
436,2,10,80.77
436,2,1,1623.0
436,2,2,12.0
436,2,9,60.0
436,2,6,64.0
436,2,14,219.0
437,4,8,29.0
437,4,10,3.5
437,4,1,706.0
437,4,2,0.0
437,4,9,0.0
437,4,6,0.0
437,4,14,5.0
437,5,8,28.0
437,5,10,1.0
437,5,1,12.0
437,5,2,0.0
437,5,9,0.0
437,5,6,24.0
437,5,14,1.0
437,1,8,299.0
437,1,11,24.0
437,1,10,173.37
437,1,1,891.0
437,1,2,27.0
437,1,9,29.0
437,1,6,64.0
437,1,14,205.0
437,3,8,50.0
437,3,11,223.0
437,3,10,106.73
437,3,1,634.0
437,3,2,54.0
437,3,9,51.0
437,3,6,9.0
437,3,14,351.0
437,6,8,445.0
437,6,11,415.0
437,6,10,376.0
437,6,1,3859.0
437,6,2,92.0
437,6,9,141.0
437,6,6,205.0
437,6,14,824.0
437,2,8,39.0
437,2,11,168.0
437,2,10,91.79
437,2,1,1616.0
437,2,2,11.0
437,2,9,60.0
437,2,6,108.0
437,2,14,262.0
438,4,8,35.0
438,4,10,3.36
438,4,1,704.0
438,4,2,0.0
438,4,9,0.0
438,4,6,0.0
438,4,14,5.0
438,5,8,29.0
438,5,10,0.91
438,5,1,11.0
438,5,2,0.0
438,5,9,0.0
438,5,6,24.0
438,5,14,1.0
438,1,8,308.0
438,1,11,42.0
438,1,10,174.24
438,1,1,903.0
438,1,2,26.0
438,1,9,29.0
438,1,6,67.0
438,1,14,224.0
438,3,8,52.0
438,3,11,192.0
438,3,10,92.45
438,3,1,637.0
438,3,2,55.0
438,3,9,51.0
438,3,6,7.0
438,3,14,308.0
438,6,8,468.0
438,6,11,411.0
438,6,10,360.0
438,6,1,3867.0
438,6,2,91.0
438,6,9,141.0
438,6,6,201.0
438,6,14,807.0
438,2,8,44.0
438,2,11,177.0
438,2,10,88.9
438,2,1,1612.0
438,2,2,9.0
438,2,9,60.0
438,2,6,103.0
438,2,14,269.0
439,4,8,37.0
439,4,10,3.46
439,4,1,715.0
439,4,2,0.0
439,4,9,0.0
439,4,6,0.0
439,4,14,5.0
439,5,8,28.0
439,5,10,0.61
439,5,1,11.0
439,5,2,0.0
439,5,9,0.0
439,5,6,23.0
439,5,14,1.0
439,1,8,329.0
439,1,11,56.0
439,1,10,168.28
439,1,1,891.0
439,1,2,26.0
439,1,9,30.0
439,1,6,61.0
439,1,14,232.0
439,3,8,50.0
439,3,11,170.0
439,3,10,105.42
439,3,1,658.0
439,3,2,52.0
439,3,9,46.0
439,3,6,10.0
439,3,14,299.0
439,6,8,486.0
439,6,11,401.0
439,6,10,363.0
439,6,1,3879.0
439,6,2,90.0
439,6,9,136.0
439,6,6,202.0
439,6,14,800.0
439,2,8,41.0
439,2,11,175.0
439,2,10,85.17
439,2,1,1605.0
439,2,2,12.0
439,2,9,60.0
439,2,6,108.0
439,2,14,264.0
440,4,8,47.0
440,4,10,2.38
440,4,1,729.0
440,4,2,0.0
440,4,9,0.0
440,4,6,0.0
440,4,14,4.0
440,5,8,30.0
440,5,10,0.86
440,5,1,12.0
440,5,2,0.0
440,5,9,0.0
440,5,6,24.0
440,5,14,1.0
440,1,8,341.0
440,1,11,47.0
440,1,10,176.45
440,1,1,890.0
440,1,2,27.0
440,1,9,29.0
440,1,6,63.0
440,1,14,232.0
440,3,8,56.0
440,3,11,183.0
440,3,10,112.73
440,3,1,659.0
440,3,2,43.0
440,3,9,46.0
440,3,6,10.0
440,3,14,319.0
440,6,8,519.0
440,6,11,414.0
440,6,10,375.0
440,6,1,3876.0
440,6,2,82.0
440,6,9,135.0
440,6,6,191.0
440,6,14,824.0
440,2,8,45.0
440,2,11,183.0
440,2,10,82.67
440,2,1,1586.0
440,2,2,12.0
440,2,9,60.0
440,2,6,94.0
440,2,14,269.0
441,4,8,47.0
441,4,10,3.63
441,4,1,718.0
441,4,2,0.0
441,4,9,0.0
441,4,6,0.0
441,4,14,5.0
441,5,8,30.0
441,5,10,0.47
441,5,1,15.0
441,5,2,0.0
441,5,9,0.0
441,5,6,24.0
441,5,14,0.0
441,1,8,347.0
441,1,11,29.0
441,1,10,178.0
441,1,1,925.0
441,1,2,24.0
441,1,9,29.0
441,1,6,50.0
441,1,14,214.0
441,3,8,66.0
441,3,11,179.0
441,3,10,133.63
441,3,1,686.0
441,3,2,45.0
441,3,9,48.0
441,3,6,6.0
441,3,14,333.0
441,6,8,546.0
441,6,11,352.0
441,6,10,401.0
441,6,1,3977.0
441,6,2,83.0
441,6,9,137.0
441,6,6,131.0
441,6,14,784.0
441,2,8,55.0
441,2,11,143.0
441,2,10,85.24
441,2,1,1633.0
441,2,2,14.0
441,2,9,60.0
441,2,6,51.0
441,2,14,231.0
442,4,8,53.0
442,4,10,2.94
442,4,1,727.0
442,4,2,0.0
442,4,9,0.0
442,4,6,0.0
442,4,14,4.0
442,5,8,31.0
442,5,10,0.42
442,5,1,16.0
442,5,2,0.0
442,5,9,0.0
442,5,6,24.0
442,5,14,0.0
442,1,8,350.0
442,1,11,29.0
442,1,10,173.1
442,1,1,900.0
442,1,2,23.0
442,1,9,29.0
442,1,6,54.0
442,1,14,210.0
442,3,8,61.0
442,3,11,155.0
442,3,10,131.31
442,3,1,666.0
442,3,2,49.0
442,3,9,51.0
442,3,6,6.0
442,3,14,309.0
442,6,8,546.0
442,6,11,278.0
442,6,10,392.0
442,6,1,3928.0
442,6,2,88.0
442,6,9,140.0
442,6,6,137.0
442,6,14,705.0
442,2,8,52.0
442,2,11,95.0
442,2,10,84.49
442,2,1,1620.0
442,2,2,16.0
442,2,9,60.0
442,2,6,53.0
442,2,14,182.0
443,4,8,62.0
443,4,10,4.07
443,4,1,752.0
443,4,2,0.0
443,4,9,0.0
443,4,6,0.0
443,4,14,5.0
443,5,8,29.0
443,5,10,0.38
443,5,1,17.0
443,5,2,0.0
443,5,9,0.0
443,5,6,23.0
443,5,14,0.0
443,1,8,356.0
443,1,11,37.0
443,1,10,174.5
443,1,1,923.0
443,1,2,26.0
443,1,9,29.0
443,1,6,69.0
443,1,14,219.0
443,3,8,64.0
443,3,11,121.0
443,3,10,124.33
443,3,1,738.0
443,3,2,55.0
443,3,9,51.0
443,3,6,6.0
443,3,14,269.0
443,6,8,558.0
443,6,11,259.0
443,6,10,383.0
443,6,1,4099.0
443,6,2,97.0
443,6,9,140.0
443,6,6,162.0
443,6,14,677.0
443,2,8,48.0
443,2,11,101.0
443,2,10,79.57
443,2,1,1669.0
443,2,2,16.0
443,2,9,60.0
443,2,6,65.0
443,2,14,184.0
444,4,8,52.0
444,4,10,3.28
444,4,1,740.0
444,4,2,0.0
444,4,9,0.0
444,4,6,0.0
444,4,14,4.0
444,5,8,32.0
444,5,10,0.26
444,5,1,14.0
444,5,2,0.0
444,5,9,0.0
444,5,6,24.0
444,5,14,0.0
444,1,8,369.0
444,1,11,64.0
444,1,10,173.58
444,1,1,906.0
444,1,2,29.0
444,1,9,29.0
444,1,6,65.0
444,1,14,246.0
444,3,8,50.0
444,3,11,165.0
444,3,10,124.29
444,3,1,673.0
444,3,2,55.0
444,3,9,51.0
444,3,6,8.0
444,3,14,312.0
444,6,8,543.0
444,6,11,408.0
444,6,10,386.0
444,6,1,3938.0
444,6,2,100.0
444,6,9,140.0
444,6,6,188.0
444,6,14,828.0
444,2,8,41.0
444,2,11,178.0
444,2,10,85.08
444,2,1,1605.0
444,2,2,16.0
444,2,9,60.0
444,2,6,92.0
444,2,14,265.0
445,4,8,50.0
445,4,10,3.14
445,4,1,720.0
445,4,2,0.0
445,4,9,0.0
445,4,6,0.0
445,4,14,4.0
445,5,8,30.0
445,5,10,0.29
445,5,1,12.0
445,5,2,0.0
445,5,9,0.0
445,5,6,23.0
445,5,14,0.0
445,1,8,369.0
445,1,11,72.0
445,1,10,173.09
445,1,1,888.0
445,1,2,26.0
445,1,9,29.0
445,1,6,63.0
445,1,14,252.0
445,3,8,50.0
445,3,11,176.0
445,3,10,111.69
445,3,1,617.0
445,3,2,52.0
445,3,9,51.0
445,3,6,10.0
445,3,14,310.0
445,6,8,537.0
445,6,11,477.0
445,6,10,367.0
445,6,1,3810.0
445,6,2,94.0
445,6,9,140.0
445,6,6,201.0
445,6,14,877.0
445,2,8,38.0
445,2,11,229.0
445,2,10,78.77
445,2,1,1573.0
445,2,2,16.0
445,2,9,60.0
445,2,6,105.0
445,2,14,311.0
446,4,8,54.0
446,4,10,3.23
446,4,1,650.0
446,4,2,0.0
446,4,9,0.0
446,4,6,0.0
446,4,14,5.0
446,5,8,35.0
446,5,10,0.6
446,5,1,11.0
446,5,2,0.0
446,5,9,0.0
446,5,6,24.0
446,5,14,1.0
446,1,8,359.0
446,1,11,58.0
446,1,10,168.72
446,1,1,803.0
446,1,2,29.0
446,1,9,29.0
446,1,6,59.0
446,1,14,235.0
446,3,8,47.0
446,3,11,201.0
446,3,10,119.58
446,3,1,601.0
446,3,2,44.0
446,3,9,51.0
446,3,6,10.0
446,3,14,345.0
446,6,8,527.0
446,6,11,508.0
446,6,10,377.0
446,6,1,3541.0
446,6,2,88.0
446,6,9,140.0
446,6,6,212.0
446,6,14,922.0
446,2,8,33.0
446,2,11,250.0
446,2,10,84.71
446,2,1,1476.0
446,2,2,16.0
446,2,9,60.0
446,2,6,119.0
446,2,14,337.0
447,4,8,58.0
447,4,10,2.17
447,4,1,705.0
447,4,2,0.0
447,4,9,0.0
447,4,6,0.0
447,4,14,4.0
447,5,8,33.0
447,5,10,0.95
447,5,1,12.0
447,5,2,0.0
447,5,9,0.0
447,5,6,24.0
447,5,14,1.0
447,1,8,350.0
447,1,11,20.0
447,1,10,148.86
447,1,1,869.0
447,1,2,27.0
447,1,9,29.0
447,1,6,60.0
447,1,14,177.0
447,3,8,49.0
447,3,11,209.0
447,3,10,111.83
447,3,1,633.0
447,3,2,44.0
447,3,9,51.0
447,3,6,6.0
447,3,14,346.0
447,6,8,525.0
447,6,11,439.0
447,6,10,339.0
447,6,1,3744.0
447,6,2,87.0
447,6,9,140.0
447,6,6,155.0
447,6,14,814.0
447,2,8,36.0
447,2,11,210.0
447,2,10,75.33
447,2,1,1526.0
447,2,2,16.0
447,2,9,60.0
447,2,6,66.0
447,2,14,287.0
448,4,8,54.0
448,4,10,2.44
448,4,1,713.0
448,4,2,0.0
448,4,9,0.0
448,4,6,0.0
448,4,14,4.0
448,5,8,33.0
448,5,10,1.0
448,5,1,16.0
448,5,2,0.0
448,5,9,0.0
448,5,6,24.0
448,5,14,1.0
448,1,8,331.0
448,1,11,17.0
448,1,10,138.88
448,1,1,882.0
448,1,2,26.0
448,1,9,29.0
448,1,6,58.0
448,1,14,164.0
448,3,8,57.0
448,3,11,198.0
448,3,10,109.95
448,3,1,681.0
448,3,2,51.0
448,3,9,51.0
448,3,6,5.0
448,3,14,334.0
448,6,8,522.0
448,6,11,317.0
448,6,10,332.0
448,6,1,3883.0
448,6,2,96.0
448,6,9,402.0
448,6,6,136.0
448,6,14,688.0
448,2,8,46.0
448,2,11,102.0
448,2,10,79.8
448,2,1,1590.0
448,2,2,19.0
448,2,9,322.0
448,2,6,49.0
448,2,14,185.0
449,4,8,54.0
449,4,10,3.31
449,4,1,698.0
449,4,2,0.0
449,4,9,0.0
449,4,6,0.0
449,4,14,5.0
449,5,8,32.0
449,5,10,0.88
449,5,1,14.0
449,5,2,0.0
449,5,9,0.0
449,5,6,24.0
449,5,14,1.0
449,1,8,337.0
449,1,11,7.0
449,1,10,164.37
449,1,1,859.0
449,1,2,27.0
449,1,9,29.0
449,1,6,40.0
449,1,14,180.0
449,3,8,43.0
449,3,11,216.0
449,3,10,111.84
449,3,1,649.0
449,3,2,53.0
449,3,9,51.0
449,3,6,5.0
449,3,14,353.0
449,6,8,510.0
449,6,11,307.0
449,6,10,352.0
449,6,1,3770.0
449,6,2,98.0
449,6,9,141.0
449,6,6,104.0
449,6,14,697.0
449,2,8,44.0
449,2,11,84.0
449,2,10,71.26
449,2,1,1549.0
449,2,2,19.0
449,2,9,60.0
449,2,6,35.0
449,2,14,158.0
450,4,8,59.0
450,4,10,3.24
450,4,1,719.0
450,4,2,0.0
450,4,9,0.0
450,4,6,0.0
450,4,14,4.0
450,5,8,36.0
450,5,10,0.81
450,5,1,15.0
450,5,2,0.0
450,5,9,0.0
450,5,6,24.0
450,5,14,1.0
450,1,8,357.0
450,1,11,10.0
450,1,10,163.88
450,1,1,872.0
450,1,2,30.0
450,1,9,29.0
450,1,6,46.0
450,1,14,181.0
450,3,8,54.0
450,3,11,217.0
450,3,10,114.01
450,3,1,560.0
450,3,2,80.0
450,3,9,51.0
450,3,6,0.0
450,3,14,349.0
450,6,8,547.0
450,6,11,305.0
450,6,10,351.0
450,6,1,3781.0
450,6,2,129.0
450,6,9,139.0
450,6,6,123.0
450,6,14,683.0
450,2,8,44.0
450,2,11,78.0
450,2,10,68.83
450,2,1,1614.0
450,2,2,19.0
450,2,9,59.0
450,2,6,54.0
450,2,14,148.0
451,4,8,67.0
451,4,10,2.98
451,4,1,725.0
451,4,2,0.0
451,4,9,0.0
451,4,6,0.0
451,4,14,4.0
451,5,8,39.0
451,5,10,0.87
451,5,1,16.0
451,5,2,0.0
451,5,9,0.0
451,5,6,22.0
451,5,14,1.0
451,1,8,361.0
451,1,11,16.0
451,1,10,151.58
451,1,1,874.0
451,1,2,33.0
451,1,9,29.0
451,1,6,59.0
451,1,14,176.0
451,3,8,52.0
451,3,11,256.0
451,3,10,110.39
451,3,1,666.0
451,3,2,56.0
451,3,9,51.0
451,3,6,6.0
451,3,14,395.0
451,6,8,566.0
451,6,11,343.0
451,6,10,340.0
451,6,1,3897.0
451,6,2,108.0
451,6,9,140.0
451,6,6,159.0
451,6,14,721.0
451,2,8,47.0
451,2,11,70.0
451,2,10,73.79
451,2,1,1617.0
451,2,2,20.0
451,2,9,59.0
451,2,6,72.0
451,2,14,145.0
452,4,8,64.0
452,4,10,3.01
452,4,1,735.0
452,4,2,0.0
452,4,9,0.0
452,4,6,0.0
452,4,14,4.0
452,5,8,41.0
452,5,10,1.08
452,5,1,15.0
452,5,2,0.0
452,5,9,0.0
452,5,6,23.0
452,5,14,1.0
452,1,8,363.0
452,1,11,15.0
452,1,10,127.31
452,1,1,847.0
452,1,2,33.0
452,1,9,29.0
452,1,6,48.0
452,1,14,150.0
452,3,8,53.0
452,3,11,268.0
452,3,10,100.34
452,3,1,655.0
452,3,2,55.0
452,3,9,52.0
452,3,6,6.0
452,3,14,400.0
452,6,8,568.0
452,6,11,347.0
452,6,10,311.0
452,6,1,3860.0
452,6,2,108.0
452,6,9,140.0
452,6,6,143.0
452,6,14,699.0
452,2,8,47.0
452,2,11,64.0
452,2,10,79.01
452,2,1,1609.0
452,2,2,20.0
452,2,9,59.0
452,2,6,66.0
452,2,14,144.0
453,4,8,61.0
453,4,10,2.94
453,4,1,710.0
453,4,2,0.0
453,4,9,0.0
453,4,6,0.0
453,4,14,4.0
453,5,8,45.0
453,5,10,0.82
453,5,1,11.0
453,5,2,0.0
453,5,9,0.0
453,5,6,23.0
453,5,14,1.0
453,1,8,362.0
453,1,11,10.0
453,1,10,134.48
453,1,1,771.0
453,1,2,31.0
453,1,9,30.0
453,1,6,45.0
453,1,14,151.0
453,3,8,63.0
453,3,11,266.0
453,3,10,83.67
453,3,1,633.0
453,3,2,54.0
453,3,9,52.0
453,3,6,6.0
453,3,14,379.0
453,6,8,568.0
453,6,11,351.0
453,6,10,287.0
453,6,1,3709.0
453,6,2,107.0
453,6,9,141.0
453,6,6,127.0
453,6,14,677.0
453,2,8,38.0
453,2,11,74.0
453,2,10,65.14
453,2,1,1583.0
453,2,2,21.0
453,2,9,59.0
453,2,6,54.0
453,2,14,142.0
454,4,8,58.0
454,4,10,2.42
454,4,1,725.0
454,4,2,0.0
454,4,9,0.0
454,4,6,0.0
454,4,14,4.0
454,5,8,38.0
454,5,10,0.64
454,5,1,14.0
454,5,2,0.0
454,5,9,0.0
454,5,6,22.0
454,5,14,1.0
454,1,8,364.0
454,1,11,7.0
454,1,10,121.48
454,1,1,801.0
454,1,2,30.0
454,1,9,30.0
454,1,6,23.0
454,1,14,137.0
454,3,8,75.0
454,3,11,223.0
454,3,10,113.7
454,3,1,618.0
454,3,2,52.0
454,3,9,52.0
454,3,6,6.0
454,3,14,365.0
454,6,8,571.0
454,6,11,341.0
454,6,10,305.0
454,6,1,3705.0
454,6,2,102.0
454,6,9,141.0
454,6,6,90.0
454,6,14,686.0
454,2,8,36.0
454,2,11,111.0
454,2,10,66.72
454,2,1,1548.0
454,2,2,20.0
454,2,9,60.0
454,2,6,39.0
454,2,14,179.0
455,4,8,62.0
455,4,10,2.35
455,4,1,703.0
455,4,2,0.0
455,4,9,0.0
455,4,6,0.0
455,4,14,4.0
455,5,8,41.0
455,5,10,0.53
455,5,1,14.0
455,5,2,0.0
455,5,9,0.0
455,5,6,22.0
455,5,14,1.0
455,1,8,368.0
455,1,11,14.0
455,1,10,112.63
455,1,1,804.0
455,1,2,30.0
455,1,9,30.0
455,1,6,20.0
455,1,14,135.0
455,3,8,70.0
455,3,11,197.0
455,3,10,113.65
455,3,1,627.0
455,3,2,56.0
455,3,9,52.0
455,3,6,6.0
455,3,14,339.0
455,6,8,575.0
455,6,11,347.0
455,6,10,297.0
455,6,1,3672.0
455,6,2,105.0
455,6,9,142.0
455,6,6,86.0
455,6,14,684.0
455,2,8,34.0
455,2,11,136.0
455,2,10,67.56
455,2,1,1524.0
455,2,2,19.0
455,2,9,60.0
455,2,6,39.0
455,2,14,204.0
456,4,8,64.0
456,4,10,2.44
456,4,1,648.0
456,4,2,0.0
456,4,9,0.0
456,4,6,0.0
456,4,14,4.0
456,5,8,41.0
456,5,10,0.49
456,5,1,14.0
456,5,2,0.0
456,5,9,0.0
456,5,6,22.0
456,5,14,0.0
456,1,8,364.0
456,1,11,25.0
456,1,10,156.9
456,1,1,777.0
456,1,2,29.0
456,1,9,30.0
456,1,6,18.0
456,1,14,190.0
456,3,8,61.0
456,3,11,170.0
456,3,10,85.71
456,3,1,551.0
456,3,2,51.0
456,3,9,52.0
456,3,6,6.0
456,3,14,286.0
456,6,8,560.0
456,6,11,342.0
456,6,10,298.0
456,6,1,3425.0
456,6,2,97.0
456,6,9,142.0
456,6,6,79.0
456,6,14,683.0
456,2,8,32.0
456,2,11,147.0
456,2,10,52.83
456,2,1,1436.0
456,2,2,16.0
456,2,9,61.0
456,2,6,33.0
456,2,14,202.0
457,4,8,63.0
457,4,10,2.56
457,4,1,686.0
457,4,2,0.0
457,4,9,0.0
457,4,6,0.0
457,4,14,4.0
457,5,8,40.0
457,5,10,0.26
457,5,1,14.0
457,5,2,0.0
457,5,9,0.0
457,5,6,21.0
457,5,14,0.0
457,1,8,350.0
457,1,11,39.0
457,1,10,159.34
457,1,1,791.0
457,1,2,30.0
457,1,9,29.0
457,1,6,20.0
457,1,14,207.0
457,3,8,66.0
457,3,11,196.0
457,3,10,95.49
457,3,1,558.0
457,3,2,55.0
457,3,9,52.0
457,3,6,5.0
457,3,14,321.0
457,6,8,554.0
457,6,11,412.0
457,6,10,309.0
457,6,1,3421.0
457,6,2,98.0
457,6,9,139.0
457,6,6,71.0
457,6,14,763.0
457,2,8,34.0
457,2,11,176.0
457,2,10,51.56
457,2,1,1372.0
457,2,2,13.0
457,2,9,58.0
457,2,6,25.0
457,2,14,230.0
458,4,8,64.0
458,4,10,2.53
458,4,1,654.0
458,4,2,0.0
458,4,9,0.0
458,4,6,0.0
458,4,14,4.0
458,5,8,41.0
458,5,10,0.61
458,5,1,13.0
458,5,2,0.0
458,5,9,0.0
458,5,6,22.0
458,5,14,1.0
458,1,8,369.0
458,1,11,45.0
458,1,10,160.29
458,1,1,737.0
458,1,2,31.0
458,1,9,30.0
458,1,6,19.0
458,1,14,213.0
458,3,8,72.0
458,3,11,220.0
458,3,10,113.72
458,3,1,550.0
458,3,2,57.0
458,3,9,52.0
458,3,6,5.0
458,3,14,365.0
458,6,8,577.0
458,6,11,524.0
458,6,10,318.0
458,6,1,3265.0
458,6,2,101.0
458,6,9,136.0
458,6,6,71.0
458,6,14,886.0
458,2,8,31.0
458,2,11,259.0
458,2,10,41.24
458,2,1,1311.0
458,2,2,12.0
458,2,9,54.0
458,2,6,24.0
458,2,14,303.0
459,4,8,67.0
459,4,10,1.39
459,4,1,632.0
459,4,2,0.0
459,4,9,0.0
459,4,6,0.0
459,4,14,3.0
459,5,8,41.0
459,5,10,0.95
459,5,1,13.0
459,5,2,0.0
459,5,9,0.0
459,5,6,21.0
459,5,14,1.0
459,1,8,363.0
459,1,11,39.0
459,1,10,164.54
459,1,1,733.0
459,1,2,32.0
459,1,9,30.0
459,1,6,17.0
459,1,14,211.0
459,3,8,74.0
459,3,11,212.0
459,3,10,111.01
459,3,1,566.0
459,3,2,49.0
459,3,9,52.0
459,3,6,5.0
459,3,14,353.0
459,6,8,578.0
459,6,11,482.0
459,6,10,348.0
459,6,1,3317.0
459,6,2,94.0
459,6,9,128.0
459,6,6,67.0
459,6,14,871.0
459,2,8,34.0
459,2,11,231.0
459,2,10,70.43
459,2,1,1373.0
459,2,2,13.0
459,2,9,47.0
459,2,6,25.0
459,2,14,302.0
460,4,8,68.0
460,4,10,2.46
460,4,1,648.0
460,4,2,0.0
460,4,9,0.0
460,4,6,0.0
460,4,14,4.0
460,5,8,42.0
460,5,10,0.98
460,5,1,14.0
460,5,2,0.0
460,5,9,0.0
460,5,6,22.0
460,5,14,1.0
460,1,8,362.0
460,1,11,35.0
460,1,10,140.05
460,1,1,758.0
460,1,2,31.0
460,1,9,30.0
460,1,6,17.0
460,1,14,183.0
460,3,8,85.0
460,3,11,184.0
460,3,10,104.27
460,3,1,572.0
460,3,2,50.0
460,3,9,52.0
460,3,6,5.0
460,3,14,318.0
460,6,8,592.0
460,6,11,392.0
460,6,10,309.0
460,6,1,3387.0
460,6,2,97.0
460,6,9,128.0
460,6,6,75.0
460,6,14,741.0
460,2,8,35.0
460,2,11,173.0
460,2,10,61.07
460,2,1,1394.0
460,2,2,16.0
460,2,9,47.0
460,2,6,31.0
460,2,14,235.0
461,4,8,71.21
461,4,10,2.33
461,4,1,631.0
461,4,2,0.0
461,4,9,0.0
461,4,6,0.0
461,4,14,4.0
461,5,8,42.36
461,5,10,0.65
461,5,1,15.0
461,5,2,0.0
461,5,9,0.0
461,5,6,21.0
461,5,14,1.0
461,1,8,374.0
461,1,11,44.0
461,1,10,149.6
461,1,1,768.0
461,1,2,32.0
461,1,9,30.0
461,1,6,14.0
461,1,14,199.0
461,3,8,71.6
461,3,11,212.0
461,3,10,109.82
461,3,1,579.0
461,3,2,50.0
461,3,9,52.0
461,3,6,5.0
461,3,14,351.0
461,6,8,583.0
461,6,11,404.0
461,6,10,321.0
461,6,1,3408.0
461,6,2,99.0
461,6,9,128.0
461,6,6,70.0
461,6,14,763.0
461,2,8,23.44
461,2,11,149.0
461,2,10,58.5
461,2,1,1414.0
461,2,2,17.0
461,2,9,47.0
461,2,6,31.0
461,2,14,209.0
462,4,8,69.0
462,4,10,2.48
462,4,1,600.0
462,4,2,0.0
462,4,9,0.0
462,4,6,0.0
462,4,14,4.0
462,5,8,42.0
462,5,10,0.9
462,5,1,12.0
462,5,2,0.0
462,5,9,0.0
462,5,6,21.0
462,5,14,1.0
462,1,8,354.0
462,1,11,67.0
462,1,10,149.04
462,1,1,675.0
462,1,2,30.0
462,1,9,30.0
462,1,6,14.0
462,1,14,224.0
462,3,8,62.0
462,3,11,235.0
462,3,10,88.67
462,3,1,520.0
462,3,2,50.0
462,3,9,52.0
462,3,6,5.0
462,3,14,353.0
462,6,8,549.0
462,6,11,540.0
462,6,10,310.0
462,6,1,3131.0
462,6,2,97.0
462,6,9,129.0
462,6,6,64.0
462,6,14,891.0
462,2,8,23.0
462,2,11,238.0
462,2,10,68.68
462,2,1,1323.0
462,2,2,16.0
462,2,9,47.0
462,2,6,25.0
462,2,14,310.0
463,4,8,74.0
463,4,10,2.92
463,4,1,605.0
463,4,2,0.0
463,4,9,0.0
463,4,6,0.0
463,4,14,5.0
463,5,8,42.0
463,5,10,0.84
463,5,1,12.0
463,5,2,0.0
463,5,9,0.0
463,5,6,21.0
463,5,14,1.0
463,1,8,372.0
463,1,11,22.0
463,1,10,110.98
463,1,1,662.0
463,1,2,31.0
463,1,9,30.0
463,1,6,11.0
463,1,14,140.0
463,3,8,63.0
463,3,11,211.0
463,3,10,105.27
463,3,1,547.0
463,3,2,51.0
463,3,9,52.0
463,3,6,5.0
463,3,14,342.0
463,6,8,568.0
463,6,11,447.0
463,6,10,284.0
463,6,1,3133.0
463,6,2,98.0
463,6,9,129.0
463,6,6,58.0
463,6,14,766.0
463,2,8,17.0
463,2,11,213.0
463,2,10,63.74
463,2,1,1307.0
463,2,2,16.0
463,2,9,47.0
463,2,6,21.0
463,2,14,278.0
464,4,8,81.0
464,4,10,3.78
464,4,1,681.0
464,4,2,0.0
464,4,9,0.0
464,4,6,0.0
464,4,14,6.0
464,5,8,41.0
464,5,10,0.89
464,5,1,16.0
464,5,2,0.0
464,5,9,0.0
464,5,6,22.0
464,5,14,1.0
464,1,8,380.0
464,1,11,7.0
464,1,10,129.48
464,1,1,771.0
464,1,2,30.0
464,1,9,30.0
464,1,6,15.0
464,1,14,144.0
464,3,8,78.0
464,3,11,194.0
464,3,10,98.75
464,3,1,619.0
464,3,2,52.0
464,3,9,54.0
464,3,6,5.0
464,3,14,321.0
464,6,8,604.0
464,6,11,274.0
464,6,10,301.0
464,6,1,3575.0
464,6,2,99.0
464,6,9,131.0
464,6,6,72.0
464,6,14,614.0
464,2,8,25.0
464,2,11,72.0
464,2,10,68.0
464,2,1,1488.0
464,2,2,17.0
464,2,9,47.0
464,2,6,30.0
464,2,14,143.0
465,4,8,75.0
465,4,10,3.59
465,4,1,702.0
465,4,2,0.0
465,4,9,0.0
465,4,6,0.0
465,4,14,5.0
465,5,8,41.0
465,5,10,0.84
465,5,1,16.0
465,5,2,0.0
465,5,9,0.0
465,5,6,22.0
465,5,14,1.0
465,1,8,384.0
465,1,11,5.0
465,1,10,161.52
465,1,1,819.0
465,1,2,30.0
465,1,9,30.0
465,1,6,16.0
465,1,14,174.0
465,3,8,76.0
465,3,11,187.0
465,3,10,101.55
465,3,1,661.0
465,3,2,49.0
465,3,9,54.0
465,3,6,5.0
465,3,14,319.0
465,6,8,601.0
465,6,11,259.0
465,6,10,341.0
465,6,1,3716.0
465,6,2,96.0
465,6,9,131.0
465,6,6,73.0
465,6,14,641.0
465,2,8,25.0
465,2,11,66.0
465,2,10,73.65
465,2,1,1519.0
465,2,2,17.0
465,2,9,47.0
465,2,6,30.0
465,2,14,141.0
466,4,8,73.0
466,4,10,3.34
466,4,1,711.0
466,4,2,0.0
466,4,9,0.0
466,4,6,0.0
466,4,14,5.0
466,5,8,40.0
466,5,10,0.51
466,5,1,16.0
466,5,2,0.0
466,5,9,0.0
466,5,6,23.0
466,5,14,1.0
466,1,8,391.0
466,1,11,16.0
466,1,10,165.91
466,1,1,811.0
466,1,2,30.0
466,1,9,30.0
466,1,6,17.0
466,1,14,188.0
466,3,8,71.0
466,3,11,188.0
466,3,10,125.75
466,3,1,669.0
466,3,2,49.0
466,3,9,60.0
466,3,6,5.0
466,3,14,341.0
466,6,8,611.0
466,6,11,272.0
466,6,10,377.0
466,6,1,3734.0
466,6,2,95.0
466,6,9,137.0
466,6,6,83.0
466,6,14,687.0
466,2,8,37.0
466,2,11,68.0
466,2,10,81.51
466,2,1,1528.0
466,2,2,17.0
466,2,9,47.0
466,2,6,38.0
466,2,14,152.0
467,4,8,95.0
467,4,10,3.01
467,4,1,692.0
467,4,2,0.0
467,4,9,0.0
467,4,6,0.0
467,4,14,4.0
467,5,8,39.0
467,5,10,0.58
467,5,1,16.0
467,5,2,0.0
467,5,9,0.0
467,5,6,23.0
467,5,14,1.0
467,1,8,394.0
467,1,11,48.0
467,1,10,166.27
467,1,1,829.0
467,1,2,29.0
467,1,9,30.0
467,1,6,18.0
467,1,14,222.0
467,3,8,70.0
467,3,11,190.0
467,3,10,120.5
467,3,1,648.0
467,3,2,48.0
467,3,9,69.0
467,3,6,5.0
467,3,14,337.0
467,6,8,629.0
467,6,11,408.0
467,6,10,369.0
467,6,1,3659.0
467,6,2,92.0
467,6,9,146.0
467,6,6,99.0
467,6,14,813.0
467,2,8,32.0
467,2,11,170.0
467,2,10,78.34
467,2,1,1474.0
467,2,2,16.0
467,2,9,47.0
467,2,6,52.0
467,2,14,249.0
468,4,8,72.0
468,4,10,1.64
468,4,1,645.0
468,4,2,0.0
468,4,9,0.0
468,4,6,0.0
468,4,14,3.0
468,5,8,37.0
468,5,10,0.95
468,5,1,14.0
468,5,2,0.0
468,5,9,0.0
468,5,6,23.0
468,5,14,1.0
468,1,8,392.0
468,1,11,79.0
468,1,10,157.43
468,1,1,787.0
468,1,2,25.0
468,1,9,30.0
468,1,6,16.0
468,1,14,244.0
468,3,8,68.0
468,3,11,200.0
468,3,10,113.6
468,3,1,607.0
468,3,2,47.0
468,3,9,73.0
468,3,6,5.0
468,3,14,340.0
468,6,8,594.0
468,6,11,525.0
468,6,10,344.0
468,6,1,3480.0
468,6,2,86.0
468,6,9,150.0
468,6,6,80.0
468,6,14,907.0
468,2,8,24.0
468,2,11,246.0
468,2,10,70.19
468,2,1,1427.0
468,2,2,14.0
468,2,9,47.0
468,2,6,37.0
468,2,14,319.0
469,4,8,71.0
469,4,10,2.24
469,4,1,650.0
469,4,2,0.0
469,4,9,0.0
469,4,6,0.0
469,4,14,4.0
469,5,8,38.0
469,5,10,1.14
469,5,1,13.0
469,5,2,0.0
469,5,9,0.0
469,5,6,22.0
469,5,14,1.0
469,1,8,377.0
469,1,11,31.0
469,1,10,148.56
469,1,1,791.0
469,1,2,26.0
469,1,9,30.0
469,1,6,16.0
469,1,14,186.0
469,3,8,56.0
469,3,11,250.0
469,3,10,90.88
469,3,1,590.0
469,3,2,47.0
469,3,9,76.0
469,3,6,5.0
469,3,14,368.0
469,6,8,568.0
469,6,11,515.0
469,6,10,317.0
469,6,1,3451.0
469,6,2,87.0
469,6,9,153.0
469,6,6,71.0
469,6,14,869.0
469,2,8,27.0
469,2,11,234.0
469,2,10,74.31
469,2,1,1406.0
469,2,2,14.0
469,2,9,47.0
469,2,6,28.0
469,2,14,309.0
470,4,8,70.0
470,4,10,7.04
470,4,1,643.0
470,4,2,0.0
470,4,9,0.0
470,4,6,0.0
470,4,14,8.0
470,5,8,37.0
470,5,10,0.97
470,5,1,10.0
470,5,2,0.0
470,5,9,0.0
470,5,6,22.0
470,5,14,1.0
470,1,8,368.0
470,1,11,28.0
470,1,10,146.1
470,1,1,818.0
470,1,2,29.0
470,1,9,30.0
470,1,6,14.0
470,1,14,181.0
470,3,8,57.0
470,3,11,291.0
470,3,10,82.12
470,3,1,568.0
470,3,2,47.0
470,3,9,76.0
470,3,6,5.0
470,3,14,395.0
470,6,8,563.0
470,6,11,476.0
470,6,10,313.0
470,6,1,3480.0
470,6,2,83.0
470,6,9,154.0
470,6,6,54.0
470,6,14,821.0
470,2,8,33.0
470,2,11,157.0
470,2,10,76.44
470,2,1,1442.0
470,2,2,8.0
470,2,9,48.0
470,2,6,13.0
470,2,14,236.0
471,4,8,69.0
471,4,10,2.6
471,4,1,702.0
471,4,2,0.0
471,4,9,0.0
471,4,6,0.0
471,4,14,4.0
471,5,8,35.0
471,5,10,0.89
471,5,1,16.0
471,5,2,0.0
471,5,9,0.0
471,5,6,21.0
471,5,14,1.0
471,1,8,378.0
471,1,11,13.0
471,1,10,164.61
471,1,1,872.0
471,1,2,29.0
471,1,9,30.0
471,1,6,19.0
471,1,14,185.0
471,3,8,88.0
471,3,11,246.0
471,3,10,69.17
471,3,1,601.0
471,3,2,47.0
471,3,9,76.0
471,3,6,5.0
471,3,14,335.0
471,6,8,609.0
471,6,11,328.0
471,6,10,304.0
471,6,1,3701.0
471,6,2,92.0
471,6,9,160.0
471,6,6,75.0
471,6,14,663.0
471,2,8,39.0
471,2,11,69.0
471,2,10,66.42
471,2,1,1510.0
471,2,2,15.0
471,2,9,55.0
471,2,6,30.0
471,2,14,138.0
472,4,8,73.0
472,4,10,2.9
472,4,1,698.0
472,4,2,0.0
472,4,9,0.0
472,4,6,0.0
472,4,14,5.0
472,5,8,36.0
472,5,10,0.86
472,5,1,15.0
472,5,2,0.0
472,5,9,0.0
472,5,6,20.0
472,5,14,1.0
472,1,8,380.0
472,1,11,15.0
472,1,10,164.65
472,1,1,890.0
472,1,2,30.0
472,1,9,29.0
472,1,6,20.0
472,1,14,186.0
472,3,8,100.0
472,3,11,306.0
472,3,10,85.71
472,3,1,555.0
472,3,2,46.0
472,3,9,76.0
472,3,6,5.0
472,3,14,415.0
472,6,8,629.0
472,6,11,403.0
472,6,10,345.0
472,6,1,3636.0
472,6,2,91.0
472,6,9,162.0
472,6,6,83.0
472,6,14,783.0
472,2,8,40.0
472,2,11,82.0
472,2,10,90.83
472,2,1,1479.0
472,2,2,15.0
472,2,9,56.0
472,2,6,38.0
472,2,14,176.0
473,4,8,80.0
473,4,10,2.87
473,4,1,709.0
473,4,2,0.0
473,4,9,0.0
473,4,6,0.0
473,4,14,5.0
473,5,8,36.0
473,5,10,1.08
473,5,1,16.0
473,5,2,0.0
473,5,9,0.0
473,5,6,22.0
473,5,14,1.0
473,1,8,390.0
473,1,11,15.0
473,1,10,143.14
473,1,1,859.0
473,1,2,29.0
473,1,9,29.0
473,1,6,21.0
473,1,14,166.0
473,3,8,110.0
473,3,11,288.0
473,3,10,85.22
473,3,1,584.0
473,3,2,50.0
473,3,9,76.0
473,3,6,5.0
473,3,14,397.0
473,6,8,665.0
473,6,11,383.0
473,6,10,302.0
473,6,1,3630.0
473,6,2,95.0
473,6,9,163.0
473,6,6,87.0
473,6,14,719.0
473,2,8,49.0
473,2,11,79.0
473,2,10,69.46
473,2,1,1463.0
473,2,2,15.0
473,2,9,57.0
473,2,6,40.0
473,2,14,150.0
474,4,8,79.0
474,4,10,2.92
474,4,1,700.0
474,4,2,0.0
474,4,9,0.0
474,4,6,0.0
474,4,14,4.0
474,5,8,35.0
474,5,10,1.03
474,5,1,15.0
474,5,2,0.0
474,5,9,0.0
474,5,6,21.0
474,5,14,1.0
474,1,8,390.0
474,1,11,12.0
474,1,10,151.41
474,1,1,871.0
474,1,2,30.0
474,1,9,30.0
474,1,6,29.0
474,1,14,171.0
474,3,8,106.0
474,3,11,311.0
474,3,10,89.35
474,3,1,585.0
474,3,2,49.0
474,3,9,76.0
474,3,6,5.0
474,3,14,426.0
474,6,8,660.0
474,6,11,421.0
474,6,10,316.0
474,6,1,3616.0
474,6,2,91.0
474,6,9,166.0
474,6,6,97.0
474,6,14,772.0
474,2,8,50.0
474,2,11,98.0
474,2,10,71.05
474,2,1,1444.0
474,2,2,12.0
474,2,9,61.0
474,2,6,42.0
474,2,14,170.0
475,4,8,77.0
475,4,10,2.97
475,4,1,679.0
475,4,2,0.0
475,4,9,0.0
475,4,6,0.0
475,4,14,4.0
475,5,8,36.0
475,5,10,1.2
475,5,1,15.0
475,5,2,0.0
475,5,9,0.0
475,5,6,21.0
475,5,14,1.0
475,1,8,391.0
475,1,11,8.0
475,1,10,157.1
475,1,1,872.0
475,1,2,33.0
475,1,9,30.0
475,1,6,32.0
475,1,14,172.0
475,3,8,112.0
475,3,11,318.0
475,3,10,78.74
475,3,1,542.0
475,3,2,45.0
475,3,9,76.0
475,3,6,5.0
475,3,14,420.0
475,6,8,666.0
475,6,11,445.0
475,6,10,315.0
475,6,1,3523.0
475,6,2,91.0
475,6,9,167.0
475,6,6,102.0
475,6,14,792.0
475,2,8,51.0
475,2,11,119.0
475,2,10,75.48
475,2,1,1416.0
475,2,2,13.0
475,2,9,62.0
475,2,6,44.0
475,2,14,195.0
476,4,8,78.0
476,4,10,2.05
476,4,1,683.0
476,4,2,0.0
476,4,9,0.0
476,4,6,0.0
476,4,14,4.0
476,5,8,36.0
476,5,10,0.76
476,5,1,15.0
476,5,2,0.0
476,5,9,0.0
476,5,6,21.0
476,5,14,1.0
476,1,8,391.0
476,1,11,6.0
476,1,10,138.19
476,1,1,891.0
476,1,2,32.0
476,1,9,30.0
476,1,6,36.0
476,1,14,151.0
476,3,8,119.0
476,3,11,304.0
476,3,10,71.44
476,3,1,540.0
476,3,2,50.0
476,3,9,76.0
476,3,6,5.0
476,3,14,398.0
476,6,8,672.0
476,6,11,408.0
476,6,10,281.0
476,6,1,3568.0
476,6,2,93.0
476,6,9,168.0
476,6,6,109.0
476,6,14,722.0
476,2,8,49.0
476,2,11,99.0
476,2,10,68.27
476,2,1,1439.0
476,2,2,11.0
476,2,9,62.0
476,2,6,47.0
476,2,14,168.0
477,4,8,79.0
477,4,10,1.96
477,4,1,656.0
477,4,2,0.0
477,4,9,0.0
477,4,6,0.0
477,4,14,3.0
477,5,8,35.0
477,5,10,0.87
477,5,1,14.0
477,5,2,0.0
477,5,9,0.0
477,5,6,23.0
477,5,14,1.0
477,1,8,396.0
477,1,11,5.0
477,1,10,156.19
477,1,1,873.0
477,1,2,32.0
477,1,9,30.0
477,1,6,30.0
477,1,14,169.0
477,3,8,104.0
477,3,11,307.0
477,3,10,85.5
477,3,1,524.0
477,3,2,50.0
477,3,9,76.0
477,3,6,6.0
477,3,14,412.0
477,6,8,653.0
477,6,11,426.0
477,6,10,315.0
477,6,1,3431.0
477,6,2,93.0
477,6,9,166.0
477,6,6,87.0
477,6,14,770.0
477,2,8,40.0
477,2,11,113.0
477,2,10,70.89
477,2,1,1365.0
477,2,2,11.0
477,2,9,60.0
477,2,6,29.0
477,2,14,185.0
478,4,8,71.0
478,4,10,1.51
478,4,1,698.0
478,4,2,0.0
478,4,9,0.0
478,4,6,0.0
478,4,14,4.0
478,5,8,38.0
478,5,10,0.66
478,5,1,15.0
478,5,2,0.0
478,5,9,0.0
478,5,6,23.0
478,5,14,1.0
478,1,8,396.0
478,1,11,16.0
478,1,10,148.07
478,1,1,899.0
478,1,2,30.0
478,1,9,30.0
478,1,6,34.0
478,1,14,171.0
478,3,8,113.0
478,3,11,280.0
478,3,10,90.81
478,3,1,544.0
478,3,2,49.0
478,3,9,76.0
478,3,6,5.0
478,3,14,392.0
478,6,8,653.0
478,6,11,445.0
478,6,10,299.0
478,6,1,3533.0
478,6,2,90.0
478,6,9,168.0
478,6,6,95.0
478,6,14,778.0
478,2,8,35.0
478,2,11,149.0
478,2,10,58.14
478,2,1,1377.0
478,2,2,10.0
478,2,9,63.0
478,2,6,32.0
478,2,14,210.0
479,4,8,79.0
479,4,10,1.25
479,4,1,694.0
479,4,2,0.0
479,4,9,0.0
479,4,6,0.0
479,4,14,3.0
479,5,8,36.0
479,5,10,1.1
479,5,1,14.0
479,5,2,0.0
479,5,9,0.0
479,5,6,23.0
479,5,14,1.0
479,1,8,395.0
479,1,11,16.0
479,1,10,152.06
479,1,1,889.0
479,1,2,29.0
479,1,9,30.0
479,1,6,33.0
479,1,14,176.0
479,3,8,114.0
479,3,11,297.0
479,3,10,87.55
479,3,1,519.0
479,3,2,52.0
479,3,9,76.0
479,3,6,5.0
479,3,14,409.0
479,6,8,656.0
479,6,11,528.0
479,6,10,292.0
479,6,1,3444.0
479,6,2,93.0
479,6,9,172.0
479,6,6,106.0
479,6,14,855.0
479,2,8,32.0
479,2,11,215.0
479,2,10,50.02
479,2,1,1328.0
479,2,2,12.0
479,2,9,66.0
479,2,6,44.0
479,2,14,266.0
480,4,8,74.0
480,4,10,1.38
480,4,1,679.0
480,4,2,0.0
480,4,9,0.0
480,4,6,0.0
480,4,14,4.0
480,5,8,35.0
480,5,10,1.24
480,5,1,14.0
480,5,2,0.0
480,5,9,0.0
480,5,6,23.0
480,5,14,1.0
480,1,8,387.0
480,1,11,22.0
480,1,10,148.9
480,1,1,858.0
480,1,2,27.0
480,1,9,30.0
480,1,6,26.0
480,1,14,177.0
480,3,8,114.0
480,3,11,287.0
480,3,10,87.12
480,3,1,536.0
480,3,2,51.0
480,3,9,76.0
480,3,6,5.0
480,3,14,403.0
480,6,8,644.0
480,6,11,548.0
480,6,10,281.0
480,6,1,3361.0
480,6,2,91.0
480,6,9,173.0
480,6,6,95.0
480,6,14,869.0
480,2,8,35.0
480,2,11,240.0
480,2,10,42.28
480,2,1,1275.0
480,2,2,14.0
480,2,9,67.0
480,2,6,40.0
480,2,14,284.0
481,4,8,78.0
481,4,10,1.49
481,4,1,681.0
481,4,2,0.0
481,4,9,0.0
481,4,6,0.0
481,4,14,4.0
481,5,8,35.0
481,5,10,1.24
481,5,1,13.0
481,5,2,0.0
481,5,9,0.0
481,5,6,22.0
481,5,14,1.0
481,1,8,383.0
481,1,11,29.0
481,1,10,147.49
481,1,1,865.0
481,1,2,25.0
481,1,9,31.0
481,1,6,26.0
481,1,14,185.0
481,3,8,127.0
481,3,11,306.0
481,3,10,74.95
481,3,1,541.0
481,3,2,46.0
481,3,9,76.0
481,3,6,5.0
481,3,14,391.0
481,6,8,662.0
481,6,11,578.0
481,6,10,271.0
481,6,1,3316.0
481,6,2,85.0
481,6,9,170.0
481,6,6,92.0
481,6,14,872.0
481,2,8,40.0
481,2,11,243.0
481,2,10,45.47
481,2,1,1215.0
481,2,2,13.0
481,2,9,64.0
481,2,6,39.0
481,2,14,291.0
482,4,8,79.0
482,4,10,2.24
482,4,1,679.0
482,4,2,0.0
482,4,9,0.0
482,4,6,0.0
482,4,14,4.0
482,5,8,35.0
482,5,10,1.28
482,5,1,13.0
482,5,2,0.0
482,5,9,0.0
482,5,6,21.0
482,5,14,1.0
482,1,8,369.0
482,1,11,30.0
482,1,10,147.79
482,1,1,858.0
482,1,2,21.0
482,1,9,31.0
482,1,6,26.0
482,1,14,186.0
482,3,8,132.0
482,3,11,323.0
482,3,10,93.75
482,3,1,545.0
482,3,2,45.0
482,3,9,76.0
482,3,6,5.0
482,3,14,422.0
482,6,8,655.0
482,6,11,598.0
482,6,10,293.0
482,6,1,3322.0
482,6,2,79.0
482,6,9,169.0
482,6,6,95.0
482,6,14,907.0
482,2,8,41.0
482,2,11,245.0
482,2,10,47.82
482,2,1,1228.0
482,2,2,13.0
482,2,9,61.0
482,2,6,42.0
482,2,14,294.0
483,4,8,79.0
483,4,10,1.96
483,4,1,670.0
483,4,2,0.0
483,4,9,0.0
483,4,6,0.0
483,4,14,3.0
483,5,8,34.0
483,5,10,1.28
483,5,1,14.0
483,5,2,0.0
483,5,9,0.0
483,5,6,22.0
483,5,14,1.0
483,1,8,366.0
483,1,11,36.0
483,1,10,162.14
483,1,1,839.0
483,1,2,19.0
483,1,9,30.0
483,1,6,27.0
483,1,14,150.0
483,3,8,153.0
483,3,11,303.0
483,3,10,91.19
483,3,1,550.0
483,3,2,39.0
483,3,9,76.0
483,3,6,5.0
483,3,14,413.0
483,6,8,674.0
483,6,11,551.0
483,6,10,294.0
483,6,1,3345.0
483,6,2,72.0
483,6,9,167.0
483,6,6,97.0
483,6,14,820.0
483,2,8,42.0
483,2,11,212.0
483,2,10,37.4
483,2,1,1270.0
483,2,2,15.0
483,2,9,61.0
483,2,6,42.0
483,2,14,253.0
484,4,8,80.0
484,4,10,2.49
484,4,1,652.0
484,4,2,0.0
484,4,9,0.0
484,4,6,0.0
484,4,14,4.0
484,5,8,33.0
484,5,10,1.3
484,5,1,14.0
484,5,2,0.0
484,5,9,0.0
484,5,6,24.0
484,5,14,1.0
484,1,8,378.0
484,1,11,14.0
484,1,10,140.35
484,1,1,855.0
484,1,2,23.0
484,1,9,32.0
484,1,6,23.0
484,1,14,162.0
484,3,8,144.0
484,3,11,310.0
484,3,10,103.55
484,3,1,543.0
484,3,2,44.0
484,3,9,76.0
484,3,6,5.0
484,3,14,435.0
484,6,8,682.0
484,6,11,451.0
484,6,10,296.0
484,6,1,3367.0
484,6,2,84.0
484,6,9,169.0
484,6,6,83.0
484,6,14,779.0
484,2,8,46.0
484,2,11,127.0
484,2,10,48.24
484,2,1,1301.0
484,2,2,17.0
484,2,9,61.0
484,2,6,31.0
484,2,14,176.0
485,4,8,81.0
485,4,10,2.22
485,4,1,687.0
485,4,2,0.0
485,4,9,0.0
485,4,6,0.0
485,4,14,4.0
485,5,8,32.0
485,5,10,0.65
485,5,1,16.0
485,5,2,0.0
485,5,9,0.0
485,5,6,23.0
485,5,14,1.0
485,1,8,394.0
485,1,11,11.0
485,1,10,144.7
485,1,1,919.0
485,1,2,23.0
485,1,9,33.0
485,1,6,28.0
485,1,14,163.0
485,3,8,162.0
485,3,11,286.0
485,3,10,102.11
485,3,1,586.0
485,3,2,47.0
485,3,9,76.0
485,3,6,5.0
485,3,14,408.0
485,6,8,729.0
485,6,11,406.0
485,6,10,285.0
485,6,1,3592.0
485,6,2,87.0
485,6,9,174.0
485,6,6,99.0
485,6,14,723.0
485,2,8,59.0
485,2,11,109.0
485,2,10,35.35
485,2,1,1383.0
485,2,2,17.0
485,2,9,66.0
485,2,6,43.0
485,2,14,145.0
486,4,8,84.0
486,4,10,2.68
486,4,1,684.0
486,4,2,0.0
486,4,9,0.0
486,4,6,0.0
486,4,14,5.0
486,5,8,31.0
486,5,10,0.73
486,5,1,16.0
486,5,2,0.0
486,5,9,0.0
486,5,6,23.0
486,5,14,1.0
486,1,8,388.0
486,1,11,13.0
486,1,10,152.63
486,1,1,928.0
486,1,2,25.0
486,1,9,32.0
486,1,6,40.0
486,1,14,173.0
486,3,8,170.0
486,3,11,247.0
486,3,10,110.41
486,3,1,635.0
486,3,2,44.0
486,3,9,76.0
486,3,6,4.0
486,3,14,380.0
486,6,8,742.0
486,6,11,367.0
486,6,10,322.0
486,6,1,3652.0
486,6,2,83.0
486,6,9,174.0
486,6,6,119.0
486,6,14,724.0
486,2,8,68.0
486,2,11,107.0
486,2,10,55.34
486,2,1,1388.0
486,2,2,14.0
486,2,9,66.0
486,2,6,51.0
486,2,14,165.0
487,4,8,80.0
487,4,10,2.22
487,4,1,677.0
487,4,2,0.0
487,4,9,0.0
487,4,6,0.0
487,4,14,4.0
487,5,8,31.0
487,5,10,1.0
487,5,1,14.0
487,5,2,0.0
487,5,9,0.0
487,5,6,24.0
487,5,14,1.0
487,1,8,368.0
487,1,11,24.0
487,1,10,150.22
487,1,1,885.0
487,1,2,27.0
487,1,9,34.0
487,1,6,36.0
487,1,14,181.0
487,3,8,162.0
487,3,11,243.0
487,3,10,119.39
487,3,1,583.0
487,3,2,42.0
487,3,9,76.0
487,3,6,5.0
487,3,14,387.0
487,6,8,694.0
487,6,11,412.0
487,6,10,335.0
487,6,1,3548.0
487,6,2,81.0
487,6,9,176.0
487,6,6,117.0
487,6,14,784.0
487,2,8,53.0
487,2,11,146.0
487,2,10,62.46
487,2,1,1390.0
487,2,2,12.0
487,2,9,66.0
487,2,6,52.0
487,2,14,211.0
488,4,8,74.0
488,4,10,1.77
488,4,1,606.0
488,4,2,0.0
488,4,9,0.0
488,4,6,0.0
488,4,14,4.0
488,5,8,32.0
488,5,10,0.87
488,5,1,8.0
488,5,2,0.0
488,5,9,0.0
488,5,6,24.0
488,5,14,1.0
488,1,8,331.0
488,1,11,50.0
488,1,10,90.38
488,1,1,741.0
488,1,2,28.0
488,1,9,34.0
488,1,6,25.0
488,1,14,148.0
488,3,8,168.0
488,3,11,249.0
488,3,10,110.08
488,3,1,520.0
488,3,2,46.0
488,3,9,76.0
488,3,6,5.0
488,3,14,385.0
488,6,8,655.0
488,6,11,521.0
488,6,10,260.0
488,6,1,3174.0
488,6,2,86.0
488,6,9,178.0
488,6,6,99.0
488,6,14,817.0
488,2,8,50.0
488,2,11,222.0
488,2,10,56.59
488,2,1,1300.0
488,2,2,12.0
488,2,9,67.0
488,2,6,45.0
488,2,14,280.0
489,4,8,70.0
489,4,10,1.47
489,4,1,581.0
489,4,2,0.0
489,4,9,0.0
489,4,6,0.0
489,4,14,4.0
489,5,8,28.0
489,5,10,0.63
489,5,1,11.0
489,5,2,0.0
489,5,9,0.0
489,5,6,24.0
489,5,14,1.0
489,1,8,361.0
489,1,11,28.0
489,1,10,52.58
489,1,1,738.0
489,1,2,29.0
489,1,9,34.0
489,1,6,16.0
489,1,14,88.0
489,3,8,177.0
489,3,11,262.0
489,3,10,100.16
489,3,1,509.0
489,3,2,46.0
489,3,9,76.0
489,3,6,5.0
489,3,14,390.0
489,6,8,700.0
489,6,11,552.0
489,6,10,193.0
489,6,1,3096.0
489,6,2,87.0
489,6,9,178.0
489,6,6,86.0
489,6,14,784.0
489,2,8,65.0
489,2,11,262.0
489,2,10,38.52
489,2,1,1257.0
489,2,2,13.0
489,2,9,68.0
489,2,6,41.0
489,2,14,302.0
490,4,8,78.0
490,4,10,2.25
490,4,1,569.0
490,4,2,0.0
490,4,9,0.0
490,4,6,0.0
490,4,14,4.0
490,5,8,32.0
490,5,10,0.81
490,5,1,12.0
490,5,2,0.0
490,5,9,0.0
490,5,6,23.0
490,5,14,1.0
490,1,8,375.0
490,1,11,14.0
490,1,10,105.22
490,1,1,713.0
490,1,2,27.0
490,1,9,35.0
490,1,6,13.0
490,1,14,127.0
490,3,8,180.0
490,3,11,215.0
490,3,10,110.39
490,3,1,513.0
490,3,2,44.0
490,3,9,76.0
490,3,6,5.0
490,3,14,357.0
490,6,8,740.0
490,6,11,479.0
490,6,10,262.0
490,6,1,3018.0
490,6,2,84.0
490,6,9,179.0
490,6,6,72.0
490,6,14,784.0
490,2,8,76.0
490,2,11,250.0
490,2,10,43.82
490,2,1,1212.0
490,2,2,12.0
490,2,9,68.0
490,2,6,30.0
490,2,14,295.0
491,4,8,86.0
491,4,10,2.89
491,4,1,571.0
491,4,2,0.0
491,4,9,0.0
491,4,6,0.0
491,4,14,5.0
491,5,8,32.0
491,5,10,0.96
491,5,1,12.0
491,5,2,0.0
491,5,9,0.0
491,5,6,23.0
491,5,14,1.0
491,1,8,369.0
491,1,11,17.0
491,1,10,137.23
491,1,1,676.0
491,1,2,24.0
491,1,9,35.0
491,1,6,12.0
491,1,14,161.0
491,3,8,173.0
491,3,11,180.0
491,3,10,116.48
491,3,1,513.0
491,3,2,44.0
491,3,9,76.0
491,3,6,5.0
491,3,14,327.0
491,6,8,733.0
491,6,11,427.0
491,6,10,303.0
491,6,1,2939.0
491,6,2,81.0
491,6,9,179.0
491,6,6,59.0
491,6,14,771.0
491,2,8,73.0
491,2,11,230.0
491,2,10,45.53
491,2,1,1166.0
491,2,2,13.0
491,2,9,68.0
491,2,6,19.0
491,2,14,278.0
492,4,8,84.0
492,4,10,2.64
492,4,1,652.0
492,4,2,0.0
492,4,9,0.0
492,4,6,0.0
492,4,14,5.0
492,5,8,34.0
492,5,10,0.67
492,5,1,14.0
492,5,2,0.0
492,5,9,0.0
492,5,6,22.0
492,5,14,1.0
492,1,8,387.0
492,1,11,29.0
492,1,10,81.21
492,1,1,758.0
492,1,2,25.0
492,1,9,34.0
492,1,6,15.0
492,1,14,117.0
492,3,8,181.0
492,3,11,107.0
492,3,10,114.35
492,3,1,568.0
492,3,2,46.0
492,3,9,76.0
492,3,6,5.0
492,3,14,251.0
492,6,8,773.0
492,6,11,320.0
492,6,10,256.0
492,6,1,3318.0
492,6,2,84.0
492,6,9,178.0
492,6,6,72.0
492,6,14,617.0
492,2,8,87.0
492,2,11,184.0
492,2,10,57.46
492,2,1,1326.0
492,2,2,13.0
492,2,9,68.0
492,2,6,29.0
492,2,14,244.0
493,4,8,83.0
493,4,10,1.71
493,4,1,672.0
493,4,2,0.0
493,4,9,0.0
493,4,6,0.0
493,4,14,4.0
493,5,8,39.0
493,5,10,0.85
493,5,1,13.0
493,5,2,0.0
493,5,9,0.0
493,5,6,21.0
493,5,14,1.0
493,1,8,383.0
493,1,11,52.0
493,1,10,63.42
493,1,1,791.0
493,1,2,26.0
493,1,9,34.0
493,1,6,12.0
493,1,14,121.0
493,3,8,180.0
493,3,11,124.0
493,3,10,100.66
493,3,1,573.0
493,3,2,45.0
493,3,9,75.0
493,3,6,5.0
493,3,14,255.0
493,6,8,776.0
493,6,11,372.0
493,6,10,226.0
493,6,1,3372.0
493,6,2,82.0
493,6,9,178.0
493,6,6,77.0
493,6,14,636.0
493,2,8,92.0
493,2,11,196.0
493,2,10,59.57
493,2,1,1322.0
493,2,2,12.0
493,2,9,68.0
493,2,6,38.0
493,2,14,257.0
494,4,8,71.0
494,4,10,1.82
494,4,1,631.0
494,4,2,0.0
494,4,9,0.0
494,4,6,0.0
494,4,14,4.0
494,5,8,38.0
494,5,10,0.88
494,5,1,12.0
494,5,2,0.0
494,5,9,0.0
494,5,6,22.0
494,5,14,1.0
494,1,8,377.0
494,1,11,60.0
494,1,10,100.0
494,1,1,740.0
494,1,2,27.0
494,1,9,34.0
494,1,6,13.0
494,1,14,165.0
494,3,8,188.0
494,3,11,101.0
494,3,10,78.01
494,3,1,560.0
494,3,2,41.0
494,3,9,76.0
494,3,6,5.0
494,3,14,201.0
494,6,8,773.0
494,6,11,371.0
494,6,10,244.0
494,6,1,3229.0
494,6,2,81.0
494,6,9,178.0
494,6,6,72.0
494,6,14,645.0
494,2,8,98.0
494,2,11,210.0
494,2,10,62.91
494,2,1,1287.0
494,2,2,13.0
494,2,9,68.0
494,2,6,32.0
494,2,14,274.0
495,4,8,86.0
495,4,10,2.62
495,4,1,614.0
495,4,2,0.0
495,4,9,0.0
495,4,6,0.0
495,4,14,5.0
495,5,8,36.0
495,5,10,0.76
495,5,1,12.0
495,5,2,0.0
495,5,9,0.0
495,5,6,21.0
495,5,14,1.0
495,1,8,384.0
495,1,11,32.0
495,1,10,123.38
495,1,1,721.0
495,1,2,28.0
495,1,9,34.0
495,1,6,18.0
495,1,14,161.0
495,3,8,186.0
495,3,11,124.0
495,3,10,106.18
495,3,1,552.0
495,3,2,42.0
495,3,9,76.0
495,3,6,5.0
495,3,14,258.0
495,6,8,781.0
495,6,11,330.0
495,6,10,300.0
495,6,1,3198.0
495,6,2,83.0
495,6,9,178.0
495,6,6,73.0
495,6,14,668.0
495,2,8,88.0
495,2,11,175.0
495,2,10,66.92
495,2,1,1299.0
495,2,2,13.0
495,2,9,68.0
495,2,6,28.0
495,2,14,243.0
496,4,8,87.0
496,4,10,2.42
496,4,1,644.0
496,4,2,0.0
496,4,9,0.0
496,4,6,0.0
496,4,14,5.0
496,5,8,35.0
496,5,10,1.04
496,5,1,14.0
496,5,2,0.0
496,5,9,0.0
496,5,6,22.0
496,5,14,1.0
496,1,8,390.0
496,1,11,25.0
496,1,10,139.29
496,1,1,743.0
496,1,2,27.0
496,1,9,34.0
496,1,6,17.0
496,1,14,171.0
496,3,8,175.0
496,3,11,112.0
496,3,10,121.97
496,3,1,588.0
496,3,2,43.0
496,3,9,76.0
496,3,6,5.0
496,3,14,262.0
496,6,8,777.0
496,6,11,288.0
496,6,10,326.0
496,6,1,3311.0
496,6,2,83.0
496,6,9,178.0
496,6,6,71.0
496,6,14,652.0
496,2,8,90.0
496,2,11,151.0
496,2,10,61.12
496,2,1,1323.0
496,2,2,13.0
496,2,9,68.0
496,2,6,27.0
496,2,14,214.0
497,4,8,88.0
497,4,10,2.74
497,4,1,632.0
497,4,2,0.0
497,4,9,0.0
497,4,6,0.0
497,4,14,5.0
497,5,8,35.0
497,5,10,0.83
497,5,1,13.0
497,5,2,0.0
497,5,9,0.0
497,5,6,22.0
497,5,14,1.0
497,1,8,383.0
497,1,11,39.0
497,1,10,125.67
497,1,1,747.0
497,1,2,30.0
497,1,9,34.0
497,1,6,17.0
497,1,14,170.0
497,3,8,176.0
497,3,11,99.0
497,3,10,120.06
497,3,1,571.0
497,3,2,43.0
497,3,9,76.0
497,3,6,5.0
497,3,14,247.0
497,6,8,786.0
497,6,11,328.0
497,6,10,306.0
497,6,1,3241.0
497,6,2,85.0
497,6,9,178.0
497,6,6,69.0
497,6,14,672.0
497,2,8,105.0
497,2,11,190.0
497,2,10,56.74
497,2,1,1278.0
497,2,2,12.0
497,2,9,68.0
497,2,6,25.0
497,2,14,249.0
498,4,8,84.0
498,4,10,2.74
498,4,1,594.0
498,4,2,0.0
498,4,9,0.0
498,4,6,0.0
498,4,14,4.0
498,5,8,35.0
498,5,10,0.62
498,5,1,12.0
498,5,2,0.0
498,5,9,0.0
498,5,6,21.0
498,5,14,1.0
498,1,8,298.0
498,1,11,44.0
498,1,10,137.98
498,1,1,682.0
498,1,2,30.0
498,1,9,34.0
498,1,6,12.0
498,1,14,188.0
498,3,8,175.0
498,3,11,81.0
498,3,10,119.58
498,3,1,521.0
498,3,2,47.0
498,3,9,76.0
498,3,6,5.0
498,3,14,231.0
498,6,8,693.0
498,6,11,326.0
498,6,10,320.0
498,6,1,3033.0
498,6,2,88.0
498,6,9,178.0
498,6,6,63.0
498,6,14,686.0
498,2,8,101.0
498,2,11,201.0
498,2,10,59.42
498,2,1,1223.0
498,2,2,12.0
498,2,9,68.0
498,2,6,25.0
498,2,14,262.0
499,4,8,84.0
499,4,10,2.83
499,4,1,647.0
499,4,2,0.0
499,4,9,0.0
499,4,6,0.0
499,4,14,5.0
499,5,8,38.0
499,5,10,0.76
499,5,1,13.0
499,5,2,0.0
499,5,9,0.0
499,5,6,22.0
499,5,14,1.0
499,1,8,368.0
499,1,11,15.0
499,1,10,152.92
499,1,1,714.0
499,1,2,30.0
499,1,9,34.0
499,1,6,17.0
499,1,14,175.0
499,3,8,181.0
499,3,11,41.0
499,3,10,126.0
499,3,1,530.0
499,3,2,51.0
499,3,9,75.0
499,3,6,5.0
499,3,14,199.0
499,6,8,785.0
499,6,11,207.0
499,6,10,349.0
499,6,1,3182.0
499,6,2,94.0
499,6,9,177.0
499,6,6,74.0
499,6,14,599.0
499,2,8,114.0
499,2,11,152.0
499,2,10,66.63
499,2,1,1279.0
499,2,2,12.0
499,2,9,68.0
499,2,6,30.0
499,2,14,220.0
500,4,8,90.0
500,4,10,2.94
500,4,1,684.0
500,4,2,0.0
500,4,9,0.0
500,4,6,0.0
500,4,14,5.0
500,5,8,34.0
500,5,10,1.07
500,5,1,16.0
500,5,2,0.0
500,5,9,0.0
500,5,6,22.0
500,5,14,1.0
500,1,8,396.0
500,1,11,12.0
500,1,10,128.38
500,1,1,762.0
500,1,2,28.0
500,1,9,34.0
500,1,6,17.0
500,1,14,147.0
500,3,8,180.0
500,3,11,31.0
500,3,10,120.25
500,3,1,625.0
500,3,2,52.0
500,3,9,75.0
500,3,6,5.0
500,3,14,181.0
500,6,8,822.0
500,6,11,117.0
500,6,10,334.0
500,6,1,3465.0
500,6,2,91.0
500,6,9,177.0
500,6,6,87.0
500,6,14,491.0
500,2,8,123.0
500,2,11,74.0
500,2,10,81.16
500,2,1,1379.0
500,2,2,11.0
500,2,9,67.0
500,2,6,43.0
500,2,14,156.0
501,4,8,90.0
501,4,10,2.58
501,4,1,699.0
501,4,2,0.0
501,4,9,0.0
501,4,6,0.0
501,4,14,4.0
501,5,8,34.0
501,5,10,1.05
501,5,1,17.0
501,5,2,0.0
501,5,9,0.0
501,5,6,21.0
501,5,14,1.0
501,1,8,386.0
501,1,11,14.0
501,1,10,91.44
501,1,1,799.0
501,1,2,29.0
501,1,9,34.0
501,1,6,16.0
501,1,14,112.0
501,3,8,168.0
501,3,11,38.0
501,3,10,118.03
501,3,1,652.0
501,3,2,53.0
501,3,9,76.0
501,3,6,5.0
501,3,14,186.0
501,6,8,807.0
501,6,11,122.0
501,6,10,290.0
501,6,1,3587.0
501,6,2,92.0
501,6,9,178.0
501,6,6,100.0
501,6,14,454.0
501,2,8,129.0
501,2,11,70.0
501,2,10,76.77
501,2,1,1419.0
501,2,2,10.0
501,2,9,68.0
501,2,6,57.0
501,2,14,150.0
502,4,8,86.0
502,4,10,9.08
502,4,1,633.0
502,4,2,0.0
502,4,9,0.0
502,4,6,0.0
502,4,14,11.0
502,5,8,32.0
502,5,10,0.84
502,5,1,14.0
502,5,2,0.0
502,5,9,0.0
502,5,6,21.0
502,5,14,1.0
502,1,8,378.0
502,1,11,23.0
502,1,10,105.1
502,1,1,752.0
502,1,2,29.0
502,1,9,34.0
502,1,6,15.0
502,1,14,135.0
502,3,8,167.0
502,3,11,29.0
502,3,10,122.62
502,3,1,611.0
502,3,2,51.0
502,3,9,76.0
502,3,6,5.0
502,3,14,182.0
502,6,8,773.0
502,6,11,141.0
502,6,10,309.0
502,6,1,3342.0
502,6,2,89.0
502,6,9,178.0
502,6,6,75.0
502,6,14,492.0
502,2,8,109.0
502,2,11,89.0
502,2,10,71.36
502,2,1,1332.0
502,2,2,10.0
502,2,9,68.0
502,2,6,34.0
502,2,14,164.0
503,4,8,88.0
503,4,10,2.63
503,4,1,682.0
503,4,2,0.0
503,4,9,0.0
503,4,6,0.0
503,4,14,5.0
503,5,8,33.0
503,5,10,1.1
503,5,1,17.0
503,5,2,0.0
503,5,9,0.0
503,5,6,22.0
503,5,14,1.0
503,1,8,384.0
503,1,11,23.0
503,1,10,67.16
503,1,1,800.0
503,1,2,24.0
503,1,9,34.0
503,1,6,17.0
503,1,14,97.0
503,3,8,173.0
503,3,11,38.0
503,3,10,104.46
503,3,1,652.0
503,3,2,54.0
503,3,9,76.0
503,3,6,5.0
503,3,14,168.0
503,6,8,794.0
503,6,11,151.0
503,6,10,243.0
503,6,1,3584.0
503,6,2,87.0
503,6,9,178.0
503,6,6,86.0
503,6,14,430.0
503,2,8,115.0
503,2,11,90.0
503,2,10,67.37
503,2,1,1433.0
503,2,2,9.0
503,2,9,68.0
503,2,6,41.0
503,2,14,159.0
504,4,8,90.0
504,4,10,3.02
504,4,1,678.0
504,4,2,0.0
504,4,9,0.0
504,4,6,0.0
504,4,14,5.0
504,5,8,33.0
504,5,10,0.66
504,5,1,15.0
504,5,2,0.0
504,5,9,0.0
504,5,6,22.0
504,5,14,1.0
504,1,8,377.0
504,1,11,28.0
504,1,10,103.23
504,1,1,807.0
504,1,2,27.0
504,1,9,34.0
504,1,6,23.0
504,1,14,137.0
504,3,8,170.0
504,3,11,83.0
504,3,10,113.62
504,3,1,607.0
504,3,2,52.0
504,3,9,76.0
504,3,6,5.0
504,3,14,224.0
504,6,8,790.0
504,6,11,182.0
504,6,10,293.0
504,6,1,3533.0
504,6,2,89.0
504,6,9,178.0
504,6,6,101.0
504,6,14,513.0
504,2,8,120.0
504,2,11,72.0
504,2,10,72.21
504,2,1,1427.0
504,2,2,10.0
504,2,9,68.0
504,2,6,50.0
504,2,14,146.0
505,4,8,90.0
505,4,10,2.85
505,4,1,649.0
505,4,2,0.0
505,4,9,0.0
505,4,6,0.0
505,4,14,5.0
505,5,8,32.0
505,5,10,0.7
505,5,1,14.0
505,5,2,0.0
505,5,9,0.0
505,5,6,22.0
505,5,14,1.0
505,1,8,379.0
505,1,11,23.0
505,1,10,144.43
505,1,1,744.0
505,1,2,27.0
505,1,9,34.0
505,1,6,24.0
505,1,14,174.0
505,3,8,170.0
505,3,11,47.0
505,3,10,122.1
505,3,1,593.0
505,3,2,50.0
505,3,9,76.0
505,3,6,5.0
505,3,14,198.0
505,6,8,780.0
505,6,11,124.0
505,6,10,356.0
505,6,1,3378.0
505,6,2,89.0
505,6,9,178.0
505,6,6,82.0
505,6,14,521.0
505,2,8,109.0
505,2,11,54.0
505,2,10,86.36
505,2,1,1376.0
505,2,2,13.0
505,2,9,68.0
505,2,6,32.0
505,2,14,144.0
506,4,8,86.0
506,4,10,2.93
506,4,1,666.0
506,4,2,0.0
506,4,9,0.0
506,4,6,0.0
506,4,14,4.0
506,5,8,31.0
506,5,10,0.59
506,5,1,15.0
506,5,2,0.0
506,5,9,0.0
506,5,6,23.0
506,5,14,1.0
506,1,8,384.0
506,1,11,17.0
506,1,10,155.94
506,1,1,740.0
506,1,2,29.0
506,1,9,34.0
506,1,6,20.0
506,1,14,180.0
506,3,8,151.0
506,3,11,50.0
506,3,10,95.66
506,3,1,624.0
506,3,2,50.0
506,3,9,76.0
506,3,6,5.0
506,3,14,178.0
506,6,8,759.0
506,6,11,112.0
506,6,10,341.0
506,6,1,3424.0
506,6,2,91.0
506,6,9,175.0
506,6,6,78.0
506,6,14,496.0
506,2,8,106.0
506,2,11,45.0
506,2,10,86.22
506,2,1,1379.0
506,2,2,12.0
506,2,9,65.0
506,2,6,30.0
506,2,14,133.0
507,4,8,91.0
507,4,10,2.85
507,4,1,673.0
507,4,2,0.0
507,4,9,0.0
507,4,6,0.0
507,4,14,4.0
507,5,8,33.0
507,5,10,0.38
507,5,1,13.0
507,5,2,0.0
507,5,9,0.0
507,5,6,22.0
507,5,14,0.0
507,1,8,375.0
507,1,11,25.0
507,1,10,169.78
507,1,1,721.0
507,1,2,27.0
507,1,9,34.0
507,1,6,23.0
507,1,14,201.0
507,3,8,146.0
507,3,11,38.0
507,3,10,118.71
507,3,1,597.0
507,3,2,49.0
507,3,9,76.0
507,3,6,5.0
507,3,14,189.0
507,6,8,742.0
507,6,11,116.0
507,6,10,376.0
507,6,1,3375.0
507,6,2,84.0
507,6,9,165.0
507,6,6,106.0
507,6,14,535.0
507,2,8,96.0
507,2,11,53.0
507,2,10,84.22
507,2,1,1372.0
507,2,2,9.0
507,2,9,55.0
507,2,6,55.0
507,2,14,140.0
508,4,8,93.0
508,4,10,3.3
508,4,1,682.0
508,4,2,0.0
508,4,9,0.0
508,4,6,0.0
508,4,14,5.0
508,5,8,34.0
508,5,10,0.77
508,5,1,15.0
508,5,2,0.0
508,5,9,0.0
508,5,6,22.0
508,5,14,1.0
508,1,8,375.0
508,1,11,16.0
508,1,10,160.65
508,1,1,773.0
508,1,2,25.0
508,1,9,34.0
508,1,6,28.0
508,1,14,183.0
508,3,8,146.0
508,3,11,73.0
508,3,10,122.66
508,3,1,633.0
508,3,2,46.0
508,3,9,76.0
508,3,6,6.0
508,3,14,226.0
508,6,8,763.0
508,6,11,127.0
508,6,10,376.0
508,6,1,3509.0
508,6,2,80.0
508,6,9,165.0
508,6,6,118.0
508,6,14,543.0
508,2,8,114.0
508,2,11,38.0
508,2,10,88.26
508,2,1,1407.0
508,2,2,10.0
508,2,9,55.0
508,2,6,62.0
508,2,14,128.0
509,4,8,86.0
509,4,10,2.18
509,4,1,689.0
509,4,2,0.0
509,4,9,0.0
509,4,6,0.0
509,4,14,4.0
509,5,8,35.0
509,5,10,1.01
509,5,1,15.0
509,5,2,0.0
509,5,9,0.0
509,5,6,22.0
509,5,14,1.0
509,1,8,378.0
509,1,11,8.0
509,1,10,151.97
509,1,1,803.0
509,1,2,22.0
509,1,9,34.0
509,1,6,31.0
509,1,14,166.0
509,3,8,160.0
509,3,11,113.0
509,3,10,114.04
509,3,1,639.0
509,3,2,43.0
509,3,9,76.0
509,3,6,6.0
509,3,14,259.0
509,6,8,773.0
509,6,11,164.0
509,6,10,353.0
509,6,1,3543.0
509,6,2,78.0
509,6,9,166.0
509,6,6,120.0
509,6,14,558.0
509,2,8,115.0
509,2,11,43.0
509,2,10,83.82
509,2,1,1396.0
509,2,2,13.0
509,2,9,57.0
509,2,6,61.0
509,2,14,128.0
510,4,8,93.0
510,4,10,1.94
510,4,1,642.0
510,4,2,0.0
510,4,9,0.0
510,4,6,0.0
510,4,14,3.0
510,5,8,35.0
510,5,10,1.13
510,5,1,14.0
510,5,2,0.0
510,5,9,0.0
510,5,6,23.0
510,5,14,1.0
510,1,8,364.0
510,1,11,9.0
510,1,10,146.52
510,1,1,775.0
510,1,2,22.0
510,1,9,34.0
510,1,6,29.0
510,1,14,162.0
510,3,8,163.0
510,3,11,122.0
510,3,10,124.8
510,3,1,644.0
510,3,2,39.0
510,3,9,76.0
510,3,6,5.0
510,3,14,279.0
510,6,8,756.0
510,6,11,217.0
510,6,10,346.0
510,6,1,3444.0
510,6,2,76.0
510,6,9,177.0
510,6,6,111.0
510,6,14,606.0
510,2,8,102.0
510,2,11,86.0
510,2,10,71.44
510,2,1,1368.0
510,2,2,15.0
510,2,9,67.0
510,2,6,54.0
510,2,14,161.0
511,4,8,88.0
511,4,10,2.31
511,4,1,628.0
511,4,2,0.0
511,4,9,0.0
511,4,6,0.0
511,4,14,4.0
511,5,8,35.0
511,5,10,0.9
511,5,1,12.0
511,5,2,0.0
511,5,9,0.0
511,5,6,22.0
511,5,14,1.0
511,1,8,370.0
511,1,11,9.0
511,1,10,141.68
511,1,1,742.0
511,1,2,23.0
511,1,9,34.0
511,1,6,20.0
511,1,14,157.0
511,3,8,152.0
511,3,11,222.0
511,3,10,104.52
511,3,1,582.0
511,3,2,39.0
511,3,9,76.0
511,3,6,5.0
511,3,14,358.0
511,6,8,749.0
511,6,11,376.0
511,6,10,300.0
511,6,1,3245.0
511,6,2,77.0
511,6,9,178.0
511,6,6,87.0
511,6,14,719.0
511,2,8,104.0
511,2,11,145.0
511,2,10,50.13
511,2,1,1281.0
511,2,2,15.0
511,2,9,69.0
511,2,6,40.0
511,2,14,199.0
512,4,8,86.0
512,4,10,2.58
512,4,1,571.0
512,4,2,0.0
512,4,9,0.0
512,4,6,0.0
512,4,14,5.0
512,5,8,34.0
512,5,10,1.07
512,5,1,11.0
512,5,2,0.0
512,5,9,0.0
512,5,6,22.0
512,5,14,1.0
512,1,8,370.0
512,1,11,16.0
512,1,10,132.36
512,1,1,685.0
512,1,2,16.0
512,1,9,34.0
512,1,6,12.0
512,1,14,156.0
512,3,8,155.0
512,3,11,248.0
512,3,10,118.33
512,3,1,505.0
512,3,2,39.0
512,3,9,76.0
512,3,6,5.0
512,3,14,394.0
512,6,8,744.0
512,6,11,521.0
512,6,10,297.0
512,6,1,2856.0
512,6,2,67.0
512,6,9,179.0
512,6,6,62.0
512,6,14,856.0
512,2,8,100.0
512,2,11,256.0
512,2,10,42.8
512,2,1,1085.0
512,2,2,12.0
512,2,9,69.0
512,2,6,22.0
512,2,14,301.0
513,4,8,90.0
513,4,10,2.62
513,4,1,589.0
513,4,2,0.0
513,4,9,0.0
513,4,6,0.0
513,4,14,5.0
513,5,8,32.0
513,5,10,1.11
513,5,1,12.0
513,5,2,0.0
513,5,9,0.0
513,5,6,22.0
513,5,14,1.0
513,1,8,369.0
513,1,11,41.0
513,1,10,124.48
513,1,1,728.0
513,1,2,15.0
513,1,9,34.0
513,1,6,12.0
513,1,14,172.0
513,3,8,166.0
513,3,11,244.0
513,3,10,129.35
513,3,1,526.0
513,3,2,44.0
513,3,9,76.0
513,3,6,5.0
513,3,14,404.0
513,6,8,768.0
513,6,11,553.0
513,6,10,303.0
513,6,1,2909.0
513,6,2,68.0
513,6,9,179.0
513,6,6,62.0
513,6,14,898.0
513,2,8,110.0
513,2,11,268.0
513,2,10,45.89
513,2,1,1053.0
513,2,2,9.0
513,2,9,69.0
513,2,6,23.0
513,2,14,316.0
514,4,8,80.0
514,4,10,2.18
514,4,1,594.0
514,4,2,0.0
514,4,9,0.0
514,4,6,0.0
514,4,14,4.0
514,5,8,33.0
514,5,10,1.14
514,5,1,12.0
514,5,2,0.0
514,5,9,0.0
514,5,6,22.0
514,5,14,1.0
514,1,8,378.0
514,1,11,65.0
514,1,10,98.83
514,1,1,687.0
514,1,2,22.0
514,1,9,34.0
514,1,6,17.0
514,1,14,169.0
514,3,8,173.0
514,3,11,216.0
514,3,10,123.48
514,3,1,535.0
514,3,2,44.0
514,3,9,76.0
514,3,6,5.0
514,3,14,372.0
514,6,8,777.0
514,6,11,501.0
514,6,10,281.0
514,6,1,2889.0
514,6,2,74.0
514,6,9,179.0
514,6,6,68.0
514,6,14,826.0
514,2,8,113.0
514,2,11,221.0
514,2,10,55.5
514,2,1,1061.0
514,2,2,8.0
514,2,9,69.0
514,2,6,24.0
514,2,14,280.0
515,4,8,79.0
515,4,10,2.47
515,4,1,630.0
515,4,2,0.0
515,4,9,0.0
515,4,6,0.0
515,4,14,4.0
515,5,8,32.0
515,5,10,0.94
515,5,1,12.0
515,5,2,0.0
515,5,9,0.0
515,5,6,22.0
515,5,14,1.0
515,1,8,375.0
515,1,11,45.0
515,1,10,141.15
515,1,1,691.0
515,1,2,19.0
515,1,9,34.0
515,1,6,12.0
515,1,14,194.0
515,3,8,170.0
515,3,11,208.0
515,3,10,100.93
515,3,1,557.0
515,3,2,53.0
515,3,9,76.0
515,3,6,5.0
515,3,14,341.0
515,6,8,771.0
515,6,11,459.0
515,6,10,299.0
515,6,1,2997.0
515,6,2,79.0
515,6,9,179.0
515,6,6,66.0
515,6,14,800.0
515,2,8,115.0
515,2,11,205.0
515,2,10,53.49
515,2,1,1106.0
515,2,2,8.0
515,2,9,69.0
515,2,6,27.0
515,2,14,260.0
516,4,8,79.0
516,4,10,1.89
516,4,1,629.0
516,4,2,0.0
516,4,9,0.0
516,4,6,0.0
516,4,14,4.0
516,5,8,32.0
516,5,10,1.16
516,5,1,12.0
516,5,2,0.0
516,5,9,0.0
516,5,6,22.0
516,5,14,1.0
516,1,8,370.0
516,1,11,41.0
516,1,10,138.04
516,1,1,689.0
516,1,2,22.0
516,1,9,34.0
516,1,6,12.0
516,1,14,184.0
516,3,8,166.0
516,3,11,211.0
516,3,10,117.29
516,3,1,552.0
516,3,2,52.0
516,3,9,76.0
516,3,6,5.0
516,3,14,361.0
516,6,8,766.0
516,6,11,413.0
516,6,10,319.0
516,6,1,3001.0
516,6,2,84.0
516,6,9,178.0
516,6,6,69.0
516,6,14,771.0
516,2,8,119.0
516,2,11,161.0
516,2,10,60.4
516,2,1,1118.0
516,2,2,9.0
516,2,9,69.0
516,2,6,30.0
516,2,14,222.0
517,4,8,80.0
517,4,10,3.16
517,4,1,661.0
517,4,2,0.0
517,4,9,0.0
517,4,6,0.0
517,4,14,5.0
517,5,8,31.0
517,5,10,1.27
517,5,1,14.0
517,5,2,0.0
517,5,9,0.0
517,5,6,21.0
517,5,14,1.0
517,1,8,377.0
517,1,11,21.0
517,1,10,140.42
517,1,1,746.0
517,1,2,26.0
517,1,9,34.0
517,1,6,15.0
517,1,14,168.0
517,3,8,163.0
517,3,11,204.0
517,3,10,95.19
517,3,1,571.0
517,3,2,51.0
517,3,9,76.0
517,3,6,5.0
517,3,14,332.0
517,6,8,770.0
517,6,11,332.0
517,6,10,315.0
517,6,1,3173.0
517,6,2,86.0
517,6,9,179.0
517,6,6,72.0
517,6,14,691.0
517,2,8,119.0
517,2,11,107.0
517,2,10,74.98
517,2,1,1182.0
517,2,2,9.0
517,2,9,69.0
517,2,6,32.0
517,2,14,185.0
518,4,8,82.0
518,4,10,3.1
518,4,1,673.0
518,4,2,0.0
518,4,9,0.0
518,4,6,0.0
518,4,14,5.0
518,5,8,29.0
518,5,10,0.63
518,5,1,15.0
518,5,2,0.0
518,5,9,0.0
518,5,6,22.0
518,5,14,1.0
518,1,8,373.0
518,1,11,4.0
518,1,10,137.08
518,1,1,789.0
518,1,2,26.0
518,1,9,34.0
518,1,6,17.0
518,1,14,147.0
518,3,8,161.0
518,3,11,218.0
518,3,10,73.0
518,3,1,571.0
518,3,2,50.0
518,3,9,76.0
518,3,6,6.0
518,3,14,322.0
518,6,8,761.0
518,6,11,292.0
518,6,10,299.0
518,6,1,3265.0
518,6,2,86.0
518,6,9,180.0
518,6,6,81.0
518,6,14,633.0
518,2,8,117.0
518,2,11,70.0
518,2,10,85.03
518,2,1,1217.0
518,2,2,9.0
518,2,9,70.0
518,2,6,36.0
518,2,14,158.0
519,4,8,87.0
519,4,10,2.52
519,4,1,613.0
519,4,2,0.0
519,4,9,0.0
519,4,6,0.0
519,4,14,5.0
519,5,8,30.0
519,5,10,0.98
519,5,1,10.0
519,5,2,0.0
519,5,9,0.0
519,5,6,23.0
519,5,14,1.0
519,1,8,376.0
519,1,11,7.0
519,1,10,148.93
519,1,1,752.0
519,1,2,26.0
519,1,9,34.0
519,1,6,12.0
519,1,14,161.0
519,3,8,150.0
519,3,11,238.0
519,3,10,72.09
519,3,1,506.0
519,3,2,49.0
519,3,9,76.0
519,3,6,5.0
519,3,14,341.0
519,6,8,752.0
519,6,11,325.0
519,6,10,301.0
519,6,1,3039.0
519,6,2,84.0
519,6,9,179.0
519,6,6,67.0
519,6,14,667.0
519,2,8,109.0
519,2,11,80.0
519,2,10,76.42
519,2,1,1158.0
519,2,2,8.0
519,2,9,70.0
519,2,6,27.0
519,2,14,158.0
520,4,8,90.0
520,4,10,3.19
520,4,1,640.0
520,4,2,0.0
520,4,9,0.0
520,4,6,0.0
520,4,14,5.0
520,5,8,31.0
520,5,10,1.15
520,5,1,12.0
520,5,2,0.0
520,5,9,0.0
520,5,6,23.0
520,5,14,1.0
520,1,8,378.0
520,1,11,6.0
520,1,10,138.16
520,1,1,784.0
520,1,2,29.0
520,1,9,34.0
520,1,6,18.0
520,1,14,150.0
520,3,8,160.0
520,3,11,241.0
520,3,10,106.99
520,3,1,530.0
520,3,2,52.0
520,3,9,76.0
520,3,6,5.0
520,3,14,378.0
520,6,8,764.0
520,6,11,322.0
520,6,10,308.0
520,6,1,3194.0
520,6,2,89.0
520,6,9,179.0
520,6,6,80.0
520,6,14,670.0
520,2,8,106.0
520,2,11,75.0
520,2,10,58.86
520,2,1,1228.0
520,2,2,8.0
520,2,9,69.0
520,2,6,34.0
520,2,14,135.0
521,4,8,93.0
521,4,10,3.5
521,4,1,637.0
521,4,2,0.0
521,4,9,0.0
521,4,6,0.0
521,4,14,6.0
521,5,8,32.0
521,5,10,1.05
521,5,1,16.0
521,5,2,0.0
521,5,9,0.0
521,5,6,23.0
521,5,14,1.0
521,1,8,403.0
521,1,11,8.0
521,1,10,104.82
521,1,1,808.0
521,1,2,30.0
521,1,9,34.0
521,1,6,17.0
521,1,14,120.0
521,3,8,167.0
521,3,11,242.0
521,3,10,107.24
521,3,1,542.0
521,3,2,48.0
521,3,9,76.0
521,3,6,5.0
521,3,14,382.0
521,6,8,815.0
521,6,11,315.0
521,6,10,266.0
521,6,1,3247.0
521,6,2,85.0
521,6,9,161.0
521,6,6,85.0
521,6,14,623.0
521,2,8,119.0
521,2,11,65.0
521,2,10,49.24
521,2,1,1244.0
521,2,2,7.0
521,2,9,51.0
521,2,6,40.0
521,2,14,115.0
522,4,8,92.0
522,4,10,3.49
522,4,1,617.0
522,4,2,0.0
522,4,9,0.0
522,4,6,0.0
522,4,14,5.0
522,5,8,31.0
522,5,10,1.04
522,5,1,13.0
522,5,2,0.0
522,5,9,0.0
522,5,6,22.0
522,5,14,1.0
522,1,8,400.0
522,1,11,2.0
522,1,10,97.28
522,1,1,731.0
522,1,2,27.0
522,1,9,34.0
522,1,6,11.0
522,1,14,105.0
522,3,8,173.0
522,3,11,244.0
522,3,10,104.72
522,3,1,515.0
522,3,2,49.0
522,3,9,74.0
522,3,6,5.0
522,3,14,382.0
522,6,8,811.0
522,6,11,347.0
522,6,10,276.0
522,6,1,3091.0
522,6,2,81.0
522,6,9,170.0
522,6,6,79.0
522,6,14,666.0
522,2,8,116.0
522,2,11,100.0
522,2,10,69.02
522,2,1,1215.0
522,2,2,6.0
522,2,9,63.0
522,2,6,41.0
522,2,14,172.0
523,4,8,90.0
523,4,10,2.32
523,4,1,611.0
523,4,2,0.0
523,4,9,0.0
523,4,6,0.0
523,4,14,5.0
523,5,8,31.0
523,5,10,0.94
523,5,1,13.0
523,5,2,0.0
523,5,9,0.0
523,5,6,20.0
523,5,14,1.0
523,1,8,403.0
523,1,11,7.0
523,1,10,143.47
523,1,1,707.0
523,1,2,23.0
523,1,9,34.0
523,1,6,10.0
523,1,14,156.0
523,3,8,180.0
523,3,11,220.0
523,3,10,121.39
523,3,1,521.0
523,3,2,52.0
523,3,9,66.0
523,3,6,5.0
523,3,14,373.0
523,6,8,818.0
523,6,11,365.0
523,6,10,335.0
523,6,1,3048.0
523,6,2,81.0
523,6,9,165.0
523,6,6,79.0
523,6,14,743.0
523,2,8,114.0
523,2,11,138.0
523,2,10,67.04
523,2,1,1196.0
523,2,2,6.0
523,2,9,65.0
523,2,6,44.0
523,2,14,208.0
524,4,8,92.0
524,4,10,3.3
524,4,1,624.0
524,4,2,0.0
524,4,9,0.0
524,4,6,0.0
524,4,14,6.0
524,5,8,32.0
524,5,10,1.24
524,5,1,13.0
524,5,2,0.0
524,5,9,0.0
524,5,6,22.0
524,5,14,1.0
524,1,8,403.0
524,1,11,11.0
524,1,10,148.8
524,1,1,714.0
524,1,2,23.0
524,1,9,30.0
524,1,6,9.0
524,1,14,166.0
524,3,8,178.0
524,3,11,224.0
524,3,10,117.12
524,3,1,522.0
524,3,2,53.0
524,3,9,65.0
524,3,6,5.0
524,3,14,372.0
524,6,8,824.0
524,6,11,347.0
524,6,10,342.0
524,6,1,3112.0
524,6,2,85.0
524,6,9,160.0
524,6,6,79.0
524,6,14,729.0
524,2,8,119.0
524,2,11,112.0
524,2,10,71.11
524,2,1,1238.0
524,2,2,9.0
524,2,9,65.0
524,2,6,42.0
524,2,14,184.0
525,4,8,93.0
525,4,10,3.05
525,4,1,621.0
525,4,2,0.0
525,4,9,0.0
525,4,6,0.0
525,4,14,5.0
525,5,8,30.0
525,5,10,1.32
525,5,1,14.0
525,5,2,0.0
525,5,9,0.0
525,5,6,23.0
525,5,14,1.0
525,1,8,398.0
525,1,11,13.0
525,1,10,163.42
525,1,1,697.0
525,1,2,25.0
525,1,9,30.0
525,1,6,7.0
525,1,14,182.0
525,3,8,173.0
525,3,11,212.0
525,3,10,112.6
525,3,1,510.0
525,3,2,48.0
525,3,9,65.0
525,3,6,5.0
525,3,14,356.0
525,6,8,807.0
525,6,11,308.0
525,6,10,354.0
525,6,1,3068.0
525,6,2,84.0
525,6,9,162.0
525,6,6,62.0
525,6,14,703.0
525,2,8,112.0
525,2,11,83.0
525,2,10,73.39
525,2,1,1227.0
525,2,2,11.0
525,2,9,67.0
525,2,6,28.0
525,2,14,158.0
526,4,8,89.0
526,4,10,2.38
526,4,1,593.0
526,4,2,0.0
526,4,9,0.0
526,4,6,0.0
526,4,14,4.0
526,5,8,27.0
526,5,10,3.47
526,5,1,12.0
526,5,2,0.0
526,5,9,0.0
526,5,6,22.0
526,5,14,3.0
526,1,8,393.0
526,1,11,13.0
526,1,10,164.64
526,1,1,690.0
526,1,2,26.0
526,1,9,30.0
526,1,6,8.0
526,1,14,182.0
526,3,8,166.0
526,3,11,228.0
526,3,10,94.14
526,3,1,484.0
526,3,2,45.0
526,3,9,68.0
526,3,6,5.0
526,3,14,353.0
526,6,8,785.0
526,6,11,315.0
526,6,10,346.0
526,6,1,2977.0
526,6,2,85.0
526,6,9,166.0
526,6,6,63.0
526,6,14,698.0
526,2,8,111.0
526,2,11,74.0
526,2,10,81.12
526,2,1,1197.0
526,2,2,14.0
526,2,9,69.0
526,2,6,28.0
526,2,14,156.0
527,4,8,90.0
527,4,10,1.83
527,4,1,623.0
527,4,2,0.0
527,4,9,0.0
527,4,6,0.0
527,4,14,4.0
527,5,8,26.0
527,5,10,1.23
527,5,1,13.0
527,5,2,0.0
527,5,9,0.0
527,5,6,23.0
527,5,14,1.0
527,1,8,397.0
527,1,11,13.0
527,1,10,164.49
527,1,1,736.0
527,1,2,26.0
527,1,9,30.0
527,1,6,14.0
527,1,14,184.0
527,3,8,169.0
527,3,11,244.0
527,3,10,107.3
527,3,1,495.0
527,3,2,48.0
527,3,9,74.0
527,3,6,5.0
527,3,14,385.0
527,6,8,797.0
527,6,11,353.0
527,6,10,354.0
527,6,1,3148.0
527,6,2,89.0
527,6,9,173.0
527,6,6,74.0
527,6,14,749.0
527,2,8,115.0
527,2,11,95.0
527,2,10,78.86
527,2,1,1281.0
527,2,2,14.0
527,2,9,69.0
527,2,6,32.0
527,2,14,175.0
528,4,8,92.0
528,4,10,2.31
528,4,1,611.0
528,4,2,0.0
528,4,9,0.0
528,4,6,0.0
528,4,14,4.0
528,5,8,29.0
528,5,10,1.03
528,5,1,14.0
528,5,2,0.0
528,5,9,0.0
528,5,6,23.0
528,5,14,1.0
528,1,8,386.0
528,1,11,10.0
528,1,10,155.25
528,1,1,759.0
528,1,2,24.0
528,1,9,30.0
528,1,6,17.0
528,1,14,172.0
528,3,8,177.0
528,3,11,263.0
528,3,10,123.6
528,3,1,523.0
528,3,2,57.0
528,3,9,76.0
528,3,6,5.0
528,3,14,415.0
528,6,8,800.0
528,6,11,374.0
528,6,10,347.0
528,6,1,3149.0
528,6,2,93.0
528,6,9,175.0
528,6,6,81.0
528,6,14,762.0
528,2,8,116.0
528,2,11,101.0
528,2,10,65.26
528,2,1,1242.0
528,2,2,12.0
528,2,9,70.0
528,2,6,36.0
528,2,14,169.0
529,4,8,93.0
529,4,10,3.08
529,4,1,617.0
529,4,2,0.0
529,4,9,0.0
529,4,6,0.0
529,4,14,5.0
529,5,8,31.0
529,5,10,0.73
529,5,1,15.0
529,5,2,0.0
529,5,9,0.0
529,5,6,23.0
529,5,14,1.0
529,1,8,378.0
529,1,11,13.0
529,1,10,151.88
529,1,1,717.0
529,1,2,24.0
529,1,9,30.0
529,1,6,16.0
529,1,14,171.0
529,3,8,178.0
529,3,11,225.0
529,3,10,134.93
529,3,1,544.0
529,3,2,58.0
529,3,9,76.0
529,3,6,5.0
529,3,14,388.0
529,6,8,795.0
529,6,11,346.0
529,6,10,349.0
529,6,1,3132.0
529,6,2,94.0
529,6,9,176.0
529,6,6,79.0
529,6,14,734.0
529,2,8,115.0
529,2,11,109.0
529,2,10,58.71
529,2,1,1238.0
529,2,2,12.0
529,2,9,70.0
529,2,6,34.0
529,2,14,169.0
530,4,8,95.0
530,4,10,2.99
530,4,1,630.0
530,4,2,0.0
530,4,9,0.0
530,4,6,0.0
530,4,14,5.0
530,5,8,30.0
530,5,10,1.09
530,5,1,13.0
530,5,2,0.0
530,5,9,0.0
530,5,6,22.0
530,5,14,1.0
530,1,8,359.0
530,1,11,35.0
530,1,10,158.13
530,1,1,655.0
530,1,2,24.0
530,1,9,30.0
530,1,6,14.0
530,1,14,200.0
530,3,8,179.0
530,3,11,192.0
530,3,10,135.02
530,3,1,551.0
530,3,2,49.0
530,3,9,76.0
530,3,6,5.0
530,3,14,360.0
530,6,8,781.0
530,6,11,382.0
530,6,10,371.0
530,6,1,3042.0
530,6,2,83.0
530,6,9,175.0
530,6,6,76.0
530,6,14,798.0
530,2,8,119.0
530,2,11,154.0
530,2,10,73.66
530,2,1,1194.0
530,2,2,10.0
530,2,9,69.0
530,2,6,34.0
530,2,14,232.0
531,4,8,93.0
531,4,10,2.83
531,4,1,636.0
531,4,2,0.0
531,4,9,0.0
531,4,6,0.0
531,4,14,5.0
531,5,8,29.0
531,5,10,1.17
531,5,1,14.0
531,5,2,0.0
531,5,9,0.0
531,5,6,23.0
531,5,14,1.0
531,1,8,352.0
531,1,11,59.0
531,1,10,167.31
531,1,1,650.0
531,1,2,22.0
531,1,9,30.0
531,1,6,7.0
531,1,14,233.0
531,3,8,180.0
531,3,11,177.0
531,3,10,136.51
531,3,1,568.0
531,3,2,48.0
531,3,9,76.0
531,3,6,5.0
531,3,14,352.0
531,6,8,772.0
531,6,11,392.0
531,6,10,389.0
531,6,1,3041.0
531,6,2,81.0
531,6,9,174.0
531,6,6,68.0
531,6,14,830.0
531,2,8,117.0
531,2,11,157.0
531,2,10,81.38
531,2,1,1172.0
531,2,2,11.0
531,2,9,68.0
531,2,6,33.0
531,2,14,240.0
532,4,8,93.0
532,4,10,1.72
532,4,1,621.0
532,4,2,0.0
532,4,9,0.0
532,4,6,0.0
532,4,14,4.0
532,5,8,29.0
532,5,10,1.05
532,5,1,14.0
532,5,2,0.0
532,5,9,0.0
532,5,6,22.0
532,5,14,1.0
532,1,8,368.0
532,1,11,48.0
532,1,10,166.79
532,1,1,685.0
532,1,2,22.0
532,1,9,30.0
532,1,6,3.0
532,1,14,221.0
532,3,8,171.0
532,3,11,182.0
532,3,10,136.67
532,3,1,523.0
532,3,2,51.0
532,3,9,76.0
532,3,6,5.0
532,3,14,350.0
532,6,8,774.0
532,6,11,361.0
532,6,10,393.0
532,6,1,3047.0
532,6,2,86.0
532,6,9,174.0
532,6,6,63.0
532,6,14,798.0
532,2,8,112.0
532,2,11,131.0
532,2,10,86.9
532,2,1,1204.0
532,2,2,12.0
532,2,9,68.0
532,2,6,33.0
532,2,14,222.0
533,4,8,95.0
533,4,10,2.22
533,4,1,601.0
533,4,2,0.0
533,4,9,0.0
533,4,6,0.0
533,4,14,5.0
533,5,8,29.0
533,5,10,0.96
533,5,1,13.0
533,5,2,0.0
533,5,9,0.0
533,5,6,23.0
533,5,14,1.0
533,1,8,364.0
533,1,11,20.0
533,1,10,167.68
533,1,1,685.0
533,1,2,25.0
533,1,9,30.0
533,1,6,2.0
533,1,14,194.0
533,3,8,161.0
533,3,11,201.0
533,3,10,138.11
533,3,1,487.0
533,3,2,57.0
533,3,9,75.0
533,3,6,5.0
533,3,14,369.0
533,6,8,756.0
533,6,11,336.0
533,6,10,397.0
533,6,1,2973.0
533,6,2,93.0
533,6,9,173.0
533,6,6,57.0
533,6,14,776.0
533,2,8,107.0
533,2,11,115.0
533,2,10,88.29
533,2,1,1188.0
533,2,2,12.0
533,2,9,68.0
533,2,6,28.0
533,2,14,207.0
534,4,8,98.0
534,4,10,1.41
534,4,1,642.0
534,4,2,0.0
534,4,9,0.0
534,4,6,0.0
534,4,14,4.0
534,5,8,29.0
534,5,10,1.21
534,5,1,13.0
534,5,2,0.0
534,5,9,0.0
534,5,6,23.0
534,5,14,1.0
534,1,8,361.0
534,1,11,17.0
534,1,10,171.03
534,1,1,722.0
534,1,2,25.0
534,1,9,30.0
534,1,6,5.0
534,1,14,194.0
534,3,8,172.0
534,3,11,185.0
534,3,10,139.23
534,3,1,535.0
534,3,2,62.0
534,3,9,71.0
534,3,6,3.0
534,3,14,355.0
534,6,8,773.0
534,6,11,293.0
534,6,10,404.0
534,6,1,3180.0
534,6,2,100.0
534,6,9,169.0
534,6,6,67.0
534,6,14,739.0
534,2,8,114.0
534,2,11,91.0
534,2,10,90.98
534,2,1,1267.0
534,2,2,13.0
534,2,9,68.0
534,2,6,36.0
534,2,14,184.0
535,4,8,102.0
535,4,10,1.69
535,4,1,643.0
535,4,2,0.0
535,4,9,0.0
535,4,6,0.0
535,4,14,4.0
535,5,8,28.0
535,5,10,1.23
535,5,1,15.0
535,5,2,0.0
535,5,9,0.0
535,5,6,23.0
535,5,14,1.0
535,1,8,342.0
535,1,11,10.0
535,1,10,170.5
535,1,1,722.0
535,1,2,21.0
535,1,9,30.0
535,1,6,2.0
535,1,14,183.0
535,3,8,171.0
535,3,11,175.0
535,3,10,139.32
535,3,1,577.0
535,3,2,60.0
535,3,9,71.0
535,3,6,4.0
535,3,14,347.0
535,6,8,751.0
535,6,11,265.0
535,6,10,398.0
535,6,1,3251.0
535,6,2,95.0
535,6,9,168.0
535,6,6,62.0
535,6,14,703.0
535,2,8,108.0
535,2,11,81.0
535,2,10,84.85
535,2,1,1293.0
535,2,2,14.0
535,2,9,67.0
535,2,6,33.0
535,2,14,169.0
536,4,8,94.0
536,4,10,3.22
536,4,1,681.0
536,4,2,0.0
536,4,9,0.0
536,4,6,0.0
536,4,14,6.0
536,5,8,28.0
536,5,10,1.13
536,5,1,16.0
536,5,2,0.0
536,5,9,0.0
536,5,6,23.0
536,5,14,1.0
536,1,8,338.0
536,1,11,11.0
536,1,10,160.35
536,1,1,743.0
536,1,2,23.0
536,1,9,30.0
536,1,6,2.0
536,1,14,177.0
536,3,8,176.0
536,3,11,147.0
536,3,10,141.67
536,3,1,603.0
536,3,2,65.0
536,3,9,71.0
536,3,6,5.0
536,3,14,317.0
536,6,8,755.0
536,6,11,226.0
536,6,10,393.0
536,6,1,3362.0
536,6,2,104.0
536,6,9,154.0
536,6,6,67.0
536,6,14,657.0
536,2,8,120.0
536,2,11,68.0
536,2,10,86.15
536,2,1,1318.0
536,2,2,16.0
536,2,9,53.0
536,2,6,38.0
536,2,14,157.0
537,4,8,92.0
537,4,10,3.53
537,4,1,697.0
537,4,2,0.0
537,4,9,0.0
537,4,6,0.0
537,4,14,6.0
537,5,8,28.0
537,5,10,1.28
537,5,1,16.0
537,5,2,0.0
537,5,9,0.0
537,5,6,23.0
537,5,14,1.0
537,1,8,350.0
537,1,11,22.0
537,1,10,149.64
537,1,1,766.07
537,1,2,26.64
537,1,9,29.81
537,1,6,9.59
537,1,14,176.79
537,3,8,156.0
537,3,11,151.0
537,3,10,143.0
537,3,1,653.0
537,3,2,65.0
537,3,9,71.0
537,3,6,5.0
537,3,14,322.0
537,6,8,757.0
537,6,11,238.0
537,6,10,391.0
537,6,1,3483.46
537,6,2,107.24
537,6,9,154.23
537,6,6,84.1
537,6,14,668.03
537,2,8,132.0
537,2,11,65.0
537,2,10,93.43
537,2,1,1351.0
537,2,2,16.0
537,2,9,53.0
537,2,6,47.0
537,2,14,162.0
538,4,8,93.0
538,4,10,3.52
538,4,1,730.0
538,4,2,0.0
538,4,9,0.0
538,4,6,0.0
538,4,14,5.0
538,5,8,28.0
538,5,10,1.2
538,5,1,17.0
538,5,2,0.0
538,5,9,0.0
538,5,6,23.0
538,5,14,1.0
538,1,8,337.0
538,1,11,5.0
538,1,10,153.43
538,1,1,778.0
538,1,2,28.0
538,1,9,30.0
538,1,6,10.0
538,1,14,164.0
538,3,8,155.0
538,3,11,156.0
538,3,10,134.78
538,3,1,688.0
538,3,2,64.0
538,3,9,71.0
538,3,6,5.0
538,3,14,319.0
538,6,8,746.0
538,6,11,236.0
538,6,10,386.0
538,6,1,3636.0
538,6,2,108.0
538,6,9,154.0
538,6,6,99.0
538,6,14,660.0
538,2,8,133.0
538,2,11,76.0
538,2,10,92.96
538,2,1,1422.0
538,2,2,15.0
538,2,9,53.0
538,2,6,61.0
538,2,14,171.0
539,4,8,95.0
539,4,10,3.22
539,4,1,712.0
539,4,2,0.0
539,4,9,0.0
539,4,6,0.0
539,4,14,5.0
539,5,8,28.0
539,5,10,0.99
539,5,1,16.0
539,5,2,0.0
539,5,9,0.0
539,5,6,23.0
539,5,14,1.0
539,1,8,488.0
539,1,11,9.0
539,1,10,156.62
539,1,1,799.0
539,1,2,26.0
539,1,9,30.0
539,1,6,21.0
539,1,14,171.0
539,3,8,140.0
539,3,11,181.0
539,3,10,112.47
539,3,1,679.0
539,3,2,61.0
539,3,9,66.0
539,3,6,5.0
539,3,14,329.0
539,6,8,879.0
539,6,11,260.0
539,6,10,361.0
539,6,1,3663.0
539,6,2,100.0
539,6,9,149.0
539,6,6,121.0
539,6,14,668.0
539,2,8,128.0
539,2,11,71.0
539,2,10,87.85
539,2,1,1458.0
539,2,2,13.0
539,2,9,53.0
539,2,6,72.0
539,2,14,162.0
540,4,8,95.0
540,4,10,3.18
540,4,1,695.0
540,4,2,0.0
540,4,9,0.0
540,4,6,0.0
540,4,14,6.0
540,5,8,27.0
540,5,10,1.24
540,5,1,16.0
540,5,2,0.0
540,5,9,0.0
540,5,6,23.0
540,5,14,1.0
540,1,8,316.0
540,1,11,14.0
540,1,10,166.49
540,1,1,797.0
540,1,2,27.0
540,1,9,30.0
540,1,6,13.0
540,1,14,186.0
540,3,8,143.0
540,3,11,160.0
540,3,10,118.84
540,3,1,654.0
540,3,2,59.0
540,3,9,67.0
540,3,6,5.0
540,3,14,307.0
540,6,8,699.0
540,6,11,241.0
540,6,10,377.0
540,6,1,3597.0
540,6,2,100.0
540,6,9,150.0
540,6,6,80.0
540,6,14,655.0
540,2,8,118.0
540,2,11,66.0
540,2,10,87.46
540,2,1,1436.0
540,2,2,14.0
540,2,9,53.0
540,2,6,39.0
540,2,14,155.0
541,4,8,88.0
541,4,10,2.92
541,4,1,704.0
541,4,2,0.0
541,4,9,0.0
541,4,6,0.0
541,4,14,5.0
541,5,8,27.0
541,5,10,1.15
541,5,1,18.0
541,5,2,0.0
541,5,9,0.0
541,5,6,23.0
541,5,14,1.0
541,1,8,323.0
541,1,11,10.0
541,1,10,167.31
541,1,1,844.0
541,1,2,28.0
541,1,9,29.0
541,1,6,25.0
541,1,14,183.0
541,3,8,155.0
541,3,11,176.0
541,3,10,114.59
541,3,1,699.0
541,3,2,57.0
541,3,9,73.0
541,3,6,5.0
541,3,14,318.0
541,6,8,717.0
541,6,11,248.0
541,6,10,374.0
541,6,1,3737.0
541,6,2,102.0
541,6,9,155.0
541,6,6,107.0
541,6,14,659.0
541,2,8,123.0
541,2,11,62.0
541,2,10,87.58
541,2,1,1472.0
541,2,2,17.0
541,2,9,53.0
541,2,6,53.0
541,2,14,152.0
542,4,8,89.0
542,4,10,2.55
542,4,1,729.0
542,4,2,0.0
542,4,9,0.0
542,4,6,0.0
542,4,14,5.0
542,5,8,27.0
542,5,10,0.81
542,5,1,17.0
542,5,2,0.0
542,5,9,0.0
542,5,6,23.0
542,5,14,1.0
542,1,8,320.0
542,1,11,11.0
542,1,10,163.6
542,1,1,852.0
542,1,2,25.0
542,1,9,29.0
542,1,6,40.0
542,1,14,180.0
542,3,8,149.0
542,3,11,187.0
542,3,10,105.08
542,3,1,711.0
542,3,2,52.0
542,3,9,76.0
542,3,6,4.0
542,3,14,320.0
542,6,8,703.0
542,6,11,269.0
542,6,10,351.0
542,6,1,3743.0
542,6,2,93.0
542,6,9,158.0
542,6,6,136.0
542,6,14,658.0
542,2,8,119.0
542,2,11,72.0
542,2,10,78.97
542,2,1,1435.0
542,2,2,17.0
542,2,9,53.0
542,2,6,68.0
542,2,14,153.0
543,4,8,89.0
543,4,10,2.0
543,4,1,706.0
543,4,2,0.0
543,4,9,0.0
543,4,6,0.0
543,4,14,5.0
543,5,8,28.0
543,5,10,0.77
543,5,1,16.0
543,5,2,0.0
543,5,9,0.0
543,5,6,23.0
543,5,14,1.0
543,1,8,319.0
543,1,11,9.0
543,1,10,157.1
543,1,1,848.0
543,1,2,23.0
543,1,9,29.0
543,1,6,37.0
543,1,14,172.0
543,3,8,151.0
543,3,11,212.0
543,3,10,99.37
543,3,1,645.0
543,3,2,56.0
543,3,9,76.0
543,3,6,5.0
543,3,14,341.0
543,6,8,698.0
543,6,11,297.0
543,6,10,338.0
543,6,1,3610.0
543,6,2,97.0
543,6,9,159.0
543,6,6,124.0
543,6,14,674.0
543,2,8,110.0
543,2,11,76.0
543,2,10,78.33
543,2,1,1395.0
543,2,2,18.0
543,2,9,53.0
543,2,6,59.0
543,2,14,156.0
544,4,8,93.0
544,4,10,1.88
544,4,1,676.0
544,4,2,0.0
544,4,9,0.0
544,4,6,0.0
544,4,14,4.0
544,5,8,27.0
544,5,10,0.48
544,5,1,15.0
544,5,2,0.0
544,5,9,0.0
544,5,6,22.0
544,5,14,0.0
544,1,8,321.0
544,1,11,12.0
544,1,10,154.57
544,1,1,772.0
544,1,2,18.0
544,1,9,30.0
544,1,6,31.0
544,1,14,173.0
544,3,8,162.0
544,3,11,174.0
544,3,10,106.74
544,3,1,610.0
544,3,2,50.0
544,3,9,76.0
544,3,6,5.0
544,3,14,304.0
544,6,8,715.0
544,6,11,276.0
544,6,10,330.0
544,6,1,3406.0
544,6,2,85.0
544,6,9,159.0
544,6,6,104.0
544,6,14,641.0
544,2,8,113.0
544,2,11,90.0
544,2,10,66.54
544,2,1,1332.0
544,2,2,17.0
544,2,9,53.0
544,2,6,47.0
544,2,14,159.0
545,4,8,96.0
545,4,10,2.34
545,4,1,675.0
545,4,2,0.0
545,4,9,0.0
545,4,6,0.0
545,4,14,5.0
545,5,8,28.0
545,5,10,1.01
545,5,1,15.0
545,5,2,0.0
545,5,9,0.0
545,5,6,22.0
545,5,14,1.0
545,1,8,317.0
545,1,11,9.0
545,1,10,148.73
545,1,1,730.0
545,1,2,18.0
545,1,9,30.0
545,1,6,12.0
545,1,14,164.0
545,3,8,157.0
545,3,11,132.0
545,3,10,113.72
545,3,1,600.0
545,3,2,42.0
545,3,9,76.0
545,3,6,5.0
545,3,14,271.0
545,6,8,706.0
545,6,11,270.0
545,6,10,327.0
545,6,1,3280.0
545,6,2,73.0
545,6,9,159.0
545,6,6,96.0
545,6,14,633.0
545,2,8,108.0
545,2,11,130.0
545,2,10,60.82
545,2,1,1262.0
545,2,2,12.0
545,2,9,53.0
545,2,6,58.0
545,2,14,193.0
546,4,8,89.0
546,4,10,3.83
546,4,1,700.0
546,4,2,0.0
546,4,9,0.0
546,4,6,0.0
546,4,14,5.0
546,5,8,30.0
546,5,10,0.81
546,5,1,15.0
546,5,2,0.0
546,5,9,0.0
546,5,6,22.0
546,5,14,1.0
546,1,8,309.0
546,1,11,17.0
546,1,10,146.3
546,1,1,731.0
546,1,2,17.0
546,1,9,30.0
546,1,6,13.0
546,1,14,169.0
546,3,8,162.0
546,3,11,44.0
546,3,10,118.26
546,3,1,616.0
546,3,2,49.0
546,3,9,76.0
546,3,6,5.0
546,3,14,196.0
546,6,8,699.0
546,6,11,146.0
546,6,10,334.0
546,6,1,3298.0
546,6,2,78.0
546,6,9,149.0
546,6,6,118.0
546,6,14,524.0
546,2,8,108.0
546,2,11,85.0
546,2,10,65.22
546,2,1,1236.0
546,2,2,12.0
546,2,9,44.0
546,2,6,77.0
546,2,14,153.0
547,4,8,99.0
547,4,10,3.23
547,4,1,698.0
547,4,2,0.0
547,4,9,0.0
547,4,6,0.0
547,4,14,5.0
547,5,8,32.0
547,5,10,0.49
547,5,1,15.0
547,5,2,0.0
547,5,9,0.0
547,5,6,22.0
547,5,14,0.0
547,1,8,285.0
547,1,11,3.0
547,1,10,158.87
547,1,1,717.0
547,1,2,19.0
547,1,9,30.0
547,1,6,12.0
547,1,14,168.0
547,3,8,154.0
547,3,11,30.0
547,3,10,120.47
547,3,1,663.0
547,3,2,53.0
547,3,9,76.0
547,3,6,5.0
547,3,14,178.0
547,6,8,675.0
547,6,11,68.0
547,6,10,353.0
547,6,1,3366.0
547,6,2,84.0
547,6,9,157.0
547,6,6,69.0
547,6,14,459.0
547,2,8,106.0
547,2,11,35.0
547,2,10,70.06
547,2,1,1274.0
547,2,2,12.0
547,2,9,51.0
547,2,6,30.0
547,2,14,107.0
548,4,8,97.0
548,4,10,3.57
548,4,1,733.0
548,4,2,0.0
548,4,9,0.0
548,4,6,0.0
548,4,14,6.0
548,5,8,28.0
548,5,10,0.64
548,5,1,16.0
548,5,2,0.0
548,5,9,0.0
548,5,6,21.0
548,5,14,1.0
548,1,8,282.0
548,1,11,9.0
548,1,10,162.24
548,1,1,801.0
548,1,2,17.0
548,1,9,30.0
548,1,6,24.0
548,1,14,177.0
548,3,8,173.0
548,3,11,18.0
548,3,10,120.76
548,3,1,702.0
548,3,2,57.0
548,3,9,76.0
548,3,6,5.0
548,3,14,170.0
548,6,8,687.0
548,6,11,67.0
548,6,10,374.0
548,6,1,3627.0
548,6,2,85.0
548,6,9,158.0
548,6,6,96.0
548,6,14,482.0
548,2,8,107.0
548,2,11,40.0
548,2,10,86.9
548,2,1,1376.0
548,2,2,11.0
548,2,9,52.0
548,2,6,45.0
548,2,14,129.0
549,4,8,103.0
549,4,10,3.3
549,4,1,736.0
549,4,2,0.0
549,4,9,0.0
549,4,6,0.0
549,4,14,6.0
549,5,8,27.0
549,5,10,0.66
549,5,1,15.0
549,5,2,0.0
549,5,9,0.0
549,5,6,23.0
549,5,14,1.0
549,1,8,277.0
549,1,11,23.0
549,1,10,169.28
549,1,1,835.0
549,1,2,18.0
549,1,9,30.0
549,1,6,42.0
549,1,14,197.0
549,3,8,154.0
549,3,11,17.0
549,3,10,128.23
549,3,1,691.0
549,3,2,59.0
549,3,9,69.0
549,3,6,5.0
549,3,14,177.0
549,6,8,666.0
549,6,11,90.0
549,6,10,397.0
549,6,1,3709.0
549,6,2,89.0
549,6,9,150.0
549,6,6,137.0
549,6,14,530.0
549,2,8,105.0
549,2,11,50.0
549,2,10,95.7
549,2,1,1433.0
549,2,2,11.0
549,2,9,52.0
549,2,6,67.0
549,2,14,149.0
550,4,8,97.0
550,4,10,2.85
550,4,1,719.0
550,4,2,0.0
550,4,9,0.0
550,4,6,0.0
550,4,14,6.0
550,5,8,21.0
550,5,10,0.86
550,5,1,15.0
550,5,2,0.0
550,5,9,0.0
550,5,6,22.0
550,5,14,1.0
550,1,8,268.0
550,1,11,31.0
550,1,10,177.01
550,1,1,810.0
550,1,2,20.0
550,1,9,30.0
550,1,6,19.0
550,1,14,214.0
550,3,8,138.0
550,3,11,44.0
550,3,10,125.85
550,3,1,677.0
550,3,2,57.0
550,3,9,51.0
550,3,6,5.0
550,3,14,199.0
550,6,8,624.0
550,6,11,138.0
550,6,10,404.0
550,6,1,3637.0
550,6,2,88.0
550,6,9,132.0
550,6,6,84.0
550,6,14,583.0
550,2,8,99.0
550,2,11,63.0
550,2,10,97.61
550,2,1,1416.0
550,2,2,11.0
550,2,9,52.0
550,2,6,37.0
550,2,14,164.0
551,4,8,100.0
551,4,10,3.09
551,4,1,740.0
551,4,2,0.0
551,4,9,0.0
551,4,6,0.0
551,4,14,5.0
551,5,8,32.0
551,5,10,0.45
551,5,1,16.0
551,5,2,0.0
551,5,9,0.0
551,5,6,22.0
551,5,14,0.0
551,1,8,269.0
551,1,11,42.0
551,1,10,176.02
551,1,1,821.0
551,1,2,22.0
551,1,9,30.0
551,1,6,20.0
551,1,14,224.0
551,3,8,146.0
551,3,11,74.0
551,3,10,117.25
551,3,1,670.0
551,3,2,58.0
551,3,9,51.0
551,3,6,5.0
551,3,14,220.0
551,6,8,650.0
551,6,11,224.0
551,6,10,393.0
551,6,1,3661.0
551,6,2,91.0
551,6,9,132.0
551,6,6,93.0
551,6,14,656.0
551,2,8,103.0
551,2,11,108.0
551,2,10,96.36
551,2,1,1414.0
551,2,2,11.0
551,2,9,51.0
551,2,6,45.0
551,2,14,206.0
552,4,8,99.0
552,4,10,3.32
552,4,1,741.0
552,4,2,0.0
552,4,9,0.0
552,4,6,0.0
552,4,14,6.0
552,5,8,40.0
552,5,10,0.41
552,5,1,15.0
552,5,2,0.0
552,5,9,0.0
552,5,6,22.0
552,5,14,0.0
552,1,8,260.0
552,1,11,50.0
552,1,10,175.09
552,1,1,832.0
552,1,2,23.0
552,1,9,30.0
552,1,6,23.0
552,1,14,231.0
552,3,8,144.0
552,3,11,75.0
552,3,10,116.73
552,3,1,703.0
552,3,2,54.0
552,3,9,66.0
552,3,6,5.0
552,3,14,220.0
552,6,8,639.0
552,6,11,228.0
552,6,10,391.0
552,6,1,3722.0
552,6,2,88.0
552,6,9,146.0
552,6,6,99.0
552,6,14,657.0
552,2,8,96.0
552,2,11,103.0
552,2,10,95.42
552,2,1,1431.0
552,2,2,11.0
552,2,9,51.0
552,2,6,48.0
552,2,14,200.0
553,4,8,101.0
553,4,10,2.82
553,4,1,746.0
553,4,2,0.0
553,4,9,0.0
553,4,6,0.0
553,4,14,5.0
553,5,8,41.0
553,5,10,0.36
553,5,1,16.0
553,5,2,0.0
553,5,9,0.0
553,5,6,23.0
553,5,14,0.0
553,1,8,248.0
553,1,11,21.0
553,1,10,164.8
553,1,1,863.0
553,1,2,23.0
553,1,9,30.0
553,1,6,21.0
553,1,14,192.0
553,3,8,166.0
553,3,11,40.0
553,3,10,103.64
553,3,1,687.0
553,3,2,53.0
553,3,9,75.0
553,3,6,12.0
553,3,14,173.0
553,6,8,653.0
553,6,11,118.0
553,6,10,364.0
553,6,1,3688.0
553,6,2,89.0
553,6,9,152.0
553,6,6,104.0
553,6,14,522.0
553,2,8,98.0
553,2,11,57.0
553,2,10,92.66
553,2,1,1375.0
553,2,2,13.0
553,2,9,47.0
553,2,6,48.0
553,2,14,151.0
554,4,8,102.0
554,4,10,2.73
554,4,1,716.0
554,4,2,0.0
554,4,9,0.0
554,4,6,0.0
554,4,14,5.0
554,5,8,40.0
554,5,10,0.57
554,5,1,14.0
554,5,2,0.0
554,5,9,0.0
554,5,6,23.0
554,5,14,1.0
554,1,8,242.0
554,1,11,6.0
554,1,10,164.09
554,1,1,778.0
554,1,2,25.0
554,1,9,30.0
554,1,6,10.0
554,1,14,176.0
554,3,8,147.0
554,3,11,17.0
554,3,10,105.22
554,3,1,654.0
554,3,2,51.0
554,3,9,76.0
554,3,6,12.0
554,3,14,150.0
554,6,8,615.0
554,6,11,49.0
554,6,10,365.0
554,6,1,3537.0
554,6,2,91.0
554,6,9,152.0
554,6,6,70.0
554,6,14,454.0
554,2,8,84.0
554,2,11,26.0
554,2,10,92.87
554,2,1,1374.0
554,2,2,15.0
554,2,9,46.0
554,2,6,25.0
554,2,14,122.0
555,4,8,103.0
555,4,10,3.01
555,4,1,756.0
555,4,2,0.0
555,4,9,0.0
555,4,6,0.0
555,4,14,5.0
555,5,8,39.0
555,5,10,0.7
555,5,1,16.0
555,5,2,0.0
555,5,9,0.0
555,5,6,23.0
555,5,14,1.0
555,1,8,225.0
555,1,11,2.0
555,1,10,166.46
555,1,1,846.0
555,1,2,23.0
555,1,9,30.0
555,1,6,17.0
555,1,14,175.0
555,3,8,139.0
555,3,11,44.0
555,3,10,116.82
555,3,1,675.0
555,3,2,54.0
555,3,9,76.0
555,3,6,5.0
555,3,14,190.0
555,6,8,592.0
555,6,11,91.0
555,6,10,393.0
555,6,1,3699.0
555,6,2,91.0
555,6,9,152.0
555,6,6,89.0
555,6,14,523.0
555,2,8,87.0
555,2,11,45.0
555,2,10,105.61
555,2,1,1406.0
555,2,2,14.0
555,2,9,46.0
555,2,6,44.0
555,2,14,152.0
556,4,8,97.0
556,4,10,3.01
556,4,1,763.0
556,4,2,0.0
556,4,9,0.0
556,4,6,0.0
556,4,14,5.0
556,5,8,36.0
556,5,10,0.81
556,5,1,16.0
556,5,2,0.0
556,5,9,0.0
556,5,6,23.0
556,5,14,1.0
556,1,8,223.0
556,1,11,12.0
556,1,10,155.44
556,1,1,859.0
556,1,2,23.0
556,1,9,30.0
556,1,6,16.0
556,1,14,174.0
556,3,8,152.0
556,3,11,40.0
556,3,10,118.0
556,3,1,693.0
556,3,2,59.0
556,3,9,76.0
556,3,6,10.0
556,3,14,189.0
556,6,8,594.0
556,6,11,85.0
556,6,10,377.0
556,6,1,3782.0
556,6,2,96.0
556,6,9,152.0
556,6,6,111.0
556,6,14,503.0
556,2,8,87.0
556,2,11,33.0
556,2,10,99.75
556,2,1,1451.0
556,2,2,14.0
556,2,9,47.0
556,2,6,63.0
556,2,14,134.0
557,4,8,98.0
557,4,10,3.44
557,4,1,760.0
557,4,2,0.0
557,4,9,0.0
557,4,6,0.0
557,4,14,6.0
557,5,8,35.0
557,5,10,0.83
557,5,1,16.0
557,5,2,0.0
557,5,9,0.0
557,5,6,23.0
557,5,14,1.0
557,1,8,212.0
557,1,11,5.0
557,1,10,155.53
557,1,1,853.0
557,1,2,22.0
557,1,9,30.0
557,1,6,15.0
557,1,14,167.0
557,3,8,147.0
557,3,11,44.0
557,3,10,112.59
557,3,1,685.0
557,3,2,60.0
557,3,9,76.0
557,3,6,10.0
557,3,14,187.0
557,6,8,565.0
557,6,11,79.0
557,6,10,358.0
557,6,1,3791.0
557,6,2,95.0
557,6,9,153.0
557,6,6,103.0
557,6,14,478.0
557,2,8,72.0
557,2,11,29.0
557,2,10,85.21
557,2,1,1478.0
557,2,2,14.0
557,2,9,47.0
557,2,6,55.0
557,2,14,116.0
558,4,8,96.0
558,4,10,4.06
558,4,1,744.0
558,4,2,0.0
558,4,9,0.0
558,4,6,0.0
558,4,14,7.0
558,5,8,38.0
558,5,10,0.61
558,5,1,15.0
558,5,2,0.0
558,5,9,0.0
558,5,6,22.0
558,5,14,1.0
558,1,8,204.0
558,1,11,12.0
558,1,10,164.23
558,1,1,797.0
558,1,2,23.0
558,1,9,31.0
558,1,6,14.0
558,1,14,183.0
558,3,8,147.0
558,3,11,63.0
558,3,10,114.52
558,3,1,632.0
558,3,2,57.0
558,3,9,76.0
558,3,6,8.0
558,3,14,207.0
558,6,8,547.0
558,6,11,120.0
558,6,10,352.0
558,6,1,3640.0
558,6,2,95.0
558,6,9,154.0
558,6,6,91.0
558,6,14,513.0
558,2,8,62.0
558,2,11,45.0
558,2,10,68.98
558,2,1,1452.0
558,2,2,14.0
558,2,9,47.0
558,2,6,48.0
558,2,14,116.0
559,4,8,97.0
559,4,10,3.92
559,4,1,723.0
559,4,2,0.0
559,4,9,0.0
559,4,6,0.0
559,4,14,7.0
559,5,8,37.0
559,5,10,0.62
559,5,1,15.0
559,5,2,0.0
559,5,9,0.0
559,5,6,20.0
559,5,14,1.0
559,1,8,197.0
559,1,11,7.0
559,1,10,173.91
559,1,1,753.0
559,1,2,22.0
559,1,9,34.0
559,1,6,12.0
559,1,14,187.0
559,3,8,140.0
559,3,11,37.0
559,3,10,100.37
559,3,1,598.0
559,3,2,56.0
559,3,9,76.0
559,3,6,4.0
559,3,14,168.0
559,6,8,523.0
559,6,11,110.0
559,6,10,336.0
559,6,1,3566.0
559,6,2,94.0
559,6,9,162.0
559,6,6,78.0
559,6,14,490.0
559,2,8,52.0
559,2,11,67.0
559,2,10,57.2
559,2,1,1477.0
559,2,2,15.0
559,2,9,52.0
559,2,6,41.0
559,2,14,128.0
560,4,8,90.0
560,4,10,3.75
560,4,1,681.0
560,4,2,0.0
560,4,9,0.0
560,4,6,0.0
560,4,14,6.0
560,5,8,37.0
560,5,10,0.65
560,5,1,13.0
560,5,2,0.0
560,5,9,0.0
560,5,6,23.0
560,5,14,1.0
560,1,8,187.0
560,1,11,3.0
560,1,10,167.25
560,1,1,695.0
560,1,2,22.0
560,1,9,35.0
560,1,6,9.0
560,1,14,177.0
560,3,8,108.0
560,3,11,56.0
560,3,10,116.41
560,3,1,526.0
560,3,2,53.0
560,3,9,76.0
560,3,6,5.0
560,3,14,201.0
560,6,8,491.0
560,6,11,107.0
560,6,10,351.0
560,6,1,3223.0
560,6,2,91.0
560,6,9,158.0
560,6,6,61.0
560,6,14,499.0
560,2,8,68.0
560,2,11,49.0
560,2,10,63.13
560,2,1,1309.0
560,2,2,15.0
560,2,9,47.0
560,2,6,24.0
560,2,14,114.0
561,4,8,87.0
561,4,10,3.57
561,4,1,679.0
561,4,2,0.0
561,4,9,0.0
561,4,6,0.0
561,4,14,6.0
561,5,8,34.0
561,5,10,0.57
561,5,1,12.0
561,5,2,0.0
561,5,9,0.0
561,5,6,22.0
561,5,14,1.0
561,1,8,184.0
561,1,11,8.0
561,1,10,133.63
561,1,1,675.0
561,1,2,25.0
561,1,9,35.0
561,1,6,10.0
561,1,14,148.0
561,3,8,125.0
561,3,11,36.0
561,3,10,112.48
561,3,1,554.0
561,3,2,53.0
561,3,9,76.0
561,3,6,5.0
561,3,14,177.0
561,6,8,494.0
561,6,11,90.0
561,6,10,322.0
561,6,1,3215.0
561,6,2,92.0
561,6,9,158.0
561,6,6,58.0
561,6,14,453.0
561,2,8,65.0
561,2,11,46.0
561,2,10,71.81
561,2,1,1295.0
561,2,2,14.0
561,2,9,47.0
561,2,6,21.0
561,2,14,122.0
562,4,8,85.0
562,4,10,3.44
562,4,1,721.0
562,4,2,0.0
562,4,9,0.0
562,4,6,0.0
562,4,14,5.0
562,5,8,31.0
562,5,10,1.0
562,5,1,14.0
562,5,2,0.0
562,5,9,0.0
562,5,6,22.0
562,5,14,1.0
562,1,8,182.0
562,1,11,5.0
562,1,10,136.52
562,1,1,759.0
562,1,2,25.0
562,1,9,35.0
562,1,6,12.0
562,1,14,148.0
562,3,8,146.0
562,3,11,22.0
562,3,10,61.33
562,3,1,630.0
562,3,2,57.0
562,3,9,76.0
562,3,6,5.0
562,3,14,114.0
562,6,8,500.0
562,6,11,51.0
562,6,10,280.0
562,6,1,3596.0
562,6,2,96.0
562,6,9,163.0
562,6,6,69.0
562,6,14,373.0
562,2,8,56.0
562,2,11,24.0
562,2,10,77.98
562,2,1,1472.0
562,2,2,14.0
562,2,9,52.0
562,2,6,30.0
562,2,14,105.0
563,4,8,84.0
563,4,10,3.61
563,4,1,719.0
563,4,2,0.0
563,4,9,0.0
563,4,6,0.0
563,4,14,5.0
563,5,8,29.0
563,5,10,0.71
563,5,1,15.0
563,5,2,0.0
563,5,9,0.0
563,5,6,23.0
563,5,14,1.0
563,1,8,176.0
563,1,11,3.0
563,1,10,166.38
563,1,1,753.0
563,1,2,26.0
563,1,9,35.0
563,1,6,9.0
563,1,14,176.0
563,3,8,143.0
563,3,11,26.0
563,3,10,79.27
563,3,1,616.0
563,3,2,55.0
563,3,9,74.0
563,3,6,5.0
563,3,14,135.0
563,6,8,496.0
563,6,11,47.0
563,6,10,336.0
563,6,1,3571.0
563,6,2,99.0
563,6,9,161.0
563,6,6,67.0
563,6,14,425.0
563,2,8,63.0
563,2,11,18.0
563,2,10,86.32
563,2,1,1469.0
563,2,2,18.0
563,2,9,52.0
563,2,6,30.0
563,2,14,108.0
564,4,8,85.0
564,4,10,3.77
564,4,1,714.0
564,4,2,0.0
564,4,9,0.0
564,4,6,0.0
564,4,14,6.0
564,5,8,30.0
564,5,10,0.73
564,5,1,15.0
564,5,2,0.0
564,5,9,0.0
564,5,6,22.0
564,5,14,1.0
564,1,8,166.0
564,1,11,4.0
564,1,10,136.01
564,1,1,750.0
564,1,2,27.0
564,1,9,35.0
564,1,6,10.0
564,1,14,147.0
564,3,8,153.0
564,3,11,60.0
564,3,10,72.45
564,3,1,593.0
564,3,2,56.0
564,3,9,75.0
564,3,6,5.0
564,3,14,157.0
564,6,8,517.0
564,6,11,90.0
564,6,10,302.0
564,6,1,3518.0
564,6,2,102.0
564,6,9,163.0
564,6,6,67.0
564,6,14,429.0
564,2,8,82.0
564,2,11,26.0
564,2,10,88.84
564,2,1,1446.0
564,2,2,19.0
564,2,9,52.0
564,2,6,30.0
564,2,14,119.0
565,4,8,80.0
565,4,10,3.63
565,4,1,701.0
565,4,2,0.0
565,4,9,0.0
565,4,6,0.0
565,4,14,6.0
565,5,8,29.0
565,5,10,0.79
565,5,1,14.0
565,5,2,0.0
565,5,9,0.0
565,5,6,22.0
565,5,14,1.0
565,1,8,164.0
565,1,11,10.0
565,1,10,135.87
565,1,1,754.0
565,1,2,26.0
565,1,9,35.0
565,1,6,12.0
565,1,14,152.0
565,3,8,147.0
565,3,11,94.0
565,3,10,102.86
565,3,1,582.0
565,3,2,54.0
565,3,9,64.0
565,3,6,5.0
565,3,14,222.0
565,6,8,497.0
565,6,11,141.0
565,6,10,332.0
565,6,1,3497.0
565,6,2,98.0
565,6,9,151.0
565,6,6,61.0
565,6,14,508.0
565,2,8,78.0
565,2,11,37.0
565,2,10,88.41
565,2,1,1445.0
565,2,2,19.0
565,2,9,52.0
565,2,6,22.0
565,2,14,127.0
566,4,8,86.0
566,4,10,3.62
566,4,1,704.0
566,4,2,0.0
566,4,9,0.0
566,4,6,0.0
566,4,14,6.0
566,5,8,29.0
566,5,10,0.76
566,5,1,15.0
566,5,2,0.0
566,5,9,0.0
566,5,6,23.0
566,5,14,1.0
566,1,8,160.0
566,1,11,7.0
566,1,10,157.68
566,1,1,753.0
566,1,2,27.0
566,1,9,35.0
566,1,6,14.0
566,1,14,171.0
566,3,8,145.0
566,3,11,61.0
566,3,10,102.67
566,3,1,615.0
566,3,2,56.0
566,3,9,72.0
566,3,6,5.0
566,3,14,189.0
566,6,8,506.0
566,6,11,113.0
566,6,10,354.0
566,6,1,3543.0
566,6,2,103.0
566,6,9,159.0
566,6,6,73.0
566,6,14,502.0
566,2,8,85.0
566,2,11,45.0
566,2,10,89.16
566,2,1,1455.0
566,2,2,20.0
566,2,9,51.0
566,2,6,31.0
566,2,14,135.0
567,4,8,79.0
567,4,10,3.51
567,4,1,730.0
567,4,2,0.0
567,4,9,0.0
567,4,6,0.0
567,4,14,6.0
567,5,8,29.0
567,5,10,0.81
567,5,1,15.0
567,5,2,0.0
567,5,9,0.0
567,5,6,23.0
567,5,14,1.0
567,1,8,161.0
567,1,11,3.0
567,1,10,157.22
567,1,1,759.0
567,1,2,27.0
567,1,9,35.0
567,1,6,13.0
567,1,14,167.0
567,3,8,145.0
567,3,11,25.0
567,3,10,96.46
567,3,1,634.0
567,3,2,55.0
567,3,9,76.0
567,3,6,6.0
567,3,14,148.0
567,6,8,483.0
567,6,11,54.0
567,6,10,347.0
567,6,1,3590.0
567,6,2,102.0
567,6,9,163.0
567,6,6,65.0
567,6,14,437.0
567,2,8,69.0
567,2,11,26.0
567,2,10,89.11
567,2,1,1453.0
567,2,2,20.0
567,2,9,52.0
567,2,6,24.0
567,2,14,116.0
568,4,8,76.0
568,4,10,2.96
568,4,1,693.0
568,4,2,0.0
568,4,9,0.0
568,4,6,0.0
568,4,14,6.0
568,5,8,28.0
568,5,10,1.05
568,5,1,14.0
568,5,2,0.0
568,5,9,0.0
568,5,6,22.0
568,5,14,1.0
568,1,8,157.0
568,1,11,8.0
568,1,10,143.42
568,1,1,702.0
568,1,2,26.0
568,1,9,35.0
568,1,6,9.0
568,1,14,158.0
568,3,8,142.0
568,3,11,23.0
568,3,10,108.58
568,3,1,602.0
568,3,2,53.0
568,3,9,76.0
568,3,6,5.0
568,3,14,154.0
568,6,8,471.0
568,6,11,55.0
568,6,10,333.0
568,6,1,3389.0
568,6,2,98.0
568,6,9,162.0
568,6,6,55.0
568,6,14,425.0
568,2,8,68.0
568,2,11,25.0
568,2,10,77.48
568,2,1,1378.0
568,2,2,19.0
568,2,9,51.0
568,2,6,18.0
568,2,14,106.0
569,4,8,75.0
569,4,10,2.84
569,4,1,707.0
569,4,2,0.0
569,4,9,0.0
569,4,6,0.0
569,4,14,5.0
569,5,8,25.0
569,5,10,0.97
569,5,1,13.0
569,5,2,0.0
569,5,9,0.0
569,5,6,23.0
569,5,14,1.0
569,1,8,161.0
569,1,11,18.0
569,1,10,141.9
569,1,1,742.0
569,1,2,30.0
569,1,9,35.0
569,1,6,10.0
569,1,14,167.0
569,3,8,155.0
569,3,11,25.0
569,3,10,105.26
569,3,1,615.0
569,3,2,54.0
569,3,9,70.0
569,3,6,6.0
569,3,14,153.0
569,6,8,485.0
569,6,11,60.0
569,6,10,342.0
569,6,1,3538.0
569,6,2,101.0
569,6,9,157.0
569,6,6,61.0
569,6,14,436.0
569,2,8,68.0
569,2,11,17.0
569,2,10,91.01
569,2,1,1461.0
569,2,2,18.0
569,2,9,51.0
569,2,6,23.0
569,2,14,110.0
570,4,8,73.0
570,4,10,3.86
570,4,1,717.0
570,4,2,0.0
570,4,9,0.0
570,4,6,0.0
570,4,14,6.0
570,5,8,26.0
570,5,10,1.04
570,5,1,14.0
570,5,2,0.0
570,5,9,0.0
570,5,6,23.0
570,5,14,1.0
570,1,8,157.0
570,1,11,6.0
570,1,10,153.37
570,1,1,746.0
570,1,2,30.0
570,1,9,35.0
570,1,6,12.0
570,1,14,166.0
570,3,8,161.0
570,3,11,15.0
570,3,10,114.48
570,3,1,607.0
570,3,2,58.0
570,3,9,70.0
570,3,6,5.0
570,3,14,157.0
570,6,8,503.0
570,6,11,39.0
570,6,10,367.0
570,6,1,3544.0
570,6,2,104.0
570,6,9,157.0
570,6,6,69.0
570,6,14,444.0
570,2,8,86.0
570,2,11,18.0
570,2,10,94.53
570,2,1,1461.0
570,2,2,17.0
570,2,9,51.0
570,2,6,29.0
570,2,14,114.0
571,4,8,67.0
571,4,10,3.05
571,4,1,715.0
571,4,2,0.0
571,4,9,0.0
571,4,6,0.0
571,4,14,5.0
571,5,8,26.0
571,5,10,0.47
571,5,1,14.0
571,5,2,0.0
571,5,9,0.0
571,5,6,23.0
571,5,14,0.0
571,1,8,152.0
571,1,11,3.0
571,1,10,156.48
571,1,1,755.0
571,1,2,30.0
571,1,9,35.0
571,1,6,13.0
571,1,14,166.0
571,3,8,155.0
571,3,11,19.0
571,3,10,123.96
571,3,1,619.0
571,3,2,50.0
571,3,9,70.0
571,3,6,5.0
571,3,14,169.0
571,6,8,459.0
571,6,11,49.0
571,6,10,374.0
571,6,1,3568.0
571,6,2,96.0
571,6,9,157.0
571,6,6,71.0
571,6,14,460.0
571,2,8,59.0
571,2,11,27.0
571,2,10,89.93
571,2,1,1465.0
571,2,2,16.0
571,2,9,51.0
571,2,6,29.0
571,2,14,120.0
572,4,8,61.0
572,4,10,4.04
572,4,1,707.0
572,4,2,0.0
572,4,9,0.0
572,4,6,0.0
572,4,14,7.0
572,5,8,27.0
572,5,10,0.39
572,5,1,14.0
572,5,2,0.0
572,5,9,0.0
572,5,6,23.0
572,5,14,0.0
572,1,8,152.0
572,1,11,3.0
572,1,10,159.07
572,1,1,736.0
572,1,2,30.0
572,1,9,35.0
572,1,6,10.0
572,1,14,169.0
572,3,8,159.0
572,3,11,23.0
572,3,10,111.96
572,3,1,612.0
572,3,2,48.0
572,3,9,70.0
572,3,6,5.0
572,3,14,163.0
572,6,8,459.0
572,6,11,61.0
572,6,10,368.0
572,6,1,3514.0
572,6,2,93.0
572,6,9,156.0
572,6,6,64.0
572,6,14,469.0
572,2,8,60.0
572,2,11,35.0
572,2,10,92.13
572,2,1,1445.0
572,2,2,15.0
572,2,9,50.0
572,2,6,27.0
572,2,14,131.0
573,4,8,65.0
573,4,10,2.39
573,4,1,699.0
573,4,2,0.0
573,4,9,0.0
573,4,6,0.0
573,4,14,5.0
573,5,8,27.0
573,5,10,0.56
573,5,1,14.0
573,5,2,0.0
573,5,9,0.0
573,5,6,23.0
573,5,14,1.0
573,1,8,147.0
573,1,11,3.0
573,1,10,157.99
573,1,1,717.0
573,1,2,30.0
573,1,9,35.0
573,1,6,10.0
573,1,14,167.0
573,3,8,159.0
573,3,11,25.0
573,3,10,118.97
573,3,1,605.0
573,3,2,47.0
573,3,9,73.0
573,3,6,5.0
573,3,14,172.0
573,6,8,449.0
573,6,11,70.0
573,6,10,377.0
573,6,1,3444.0
573,6,2,91.0
573,6,9,159.0
573,6,6,64.0
573,6,14,488.0
573,2,8,51.0
573,2,11,42.0
573,2,10,97.38
573,2,1,1409.0
573,2,2,14.0
573,2,9,50.0
573,2,6,26.0
573,2,14,143.0
574,4,8,65.0
574,4,10,1.37
574,4,1,693.0
574,4,2,0.0
574,4,9,0.0
574,4,6,0.0
574,4,14,4.0
574,5,8,28.0
574,5,10,0.61
574,5,1,14.0
574,5,2,0.0
574,5,9,0.0
574,5,6,24.0
574,5,14,1.0
574,1,8,145.0
574,1,11,3.0
574,1,10,160.97
574,1,1,716.0
574,1,2,30.0
574,1,9,24.0
574,1,6,10.0
574,1,14,170.0
574,3,8,154.0
574,3,11,36.0
574,3,10,132.84
574,3,1,597.0
574,3,2,48.0
574,3,9,76.0
574,3,6,5.0
574,3,14,198.0
574,6,8,435.0
574,6,11,63.0
574,6,10,399.0
574,6,1,3440.0
574,6,2,95.0
574,6,9,151.0
574,6,6,59.0
574,6,14,501.0
574,2,8,43.0
574,2,11,24.0
574,2,10,102.78
574,2,1,1420.0
574,2,2,17.0
574,2,9,50.0
574,2,6,20.0
574,2,14,128.0
575,4,8,63.0
575,4,10,1.97
575,4,1,678.0
575,4,2,0.0
575,4,9,0.0
575,4,6,0.0
575,4,14,5.0
575,5,8,25.0
575,5,10,0.9
575,5,1,14.0
575,5,2,0.0
575,5,9,0.0
575,5,6,24.0
575,5,14,1.0
575,1,8,144.0
575,1,11,12.0
575,1,10,161.62
575,1,1,700.0
575,1,2,30.0
575,1,9,35.0
575,1,6,10.0
575,1,14,180.0
575,3,8,148.0
575,3,11,36.0
575,3,10,126.48
575,3,1,570.0
575,3,2,51.0
575,3,9,76.0
575,3,6,5.0
575,3,14,188.0
575,6,8,422.0
575,6,11,87.0
575,6,10,388.0
575,6,1,3372.0
575,6,2,101.0
575,6,9,162.0
575,6,6,56.0
575,6,14,512.0
575,2,8,43.0
575,2,11,39.0
575,2,10,96.93
575,2,1,1409.0
575,2,2,20.0
575,2,9,50.0
575,2,6,18.0
575,2,14,139.0
576,4,8,60.0
576,4,10,2.65
576,4,1,711.0
576,4,2,0.0
576,4,9,0.0
576,4,6,0.0
576,4,14,5.0
576,5,8,25.0
576,5,10,0.96
576,5,1,15.0
576,5,2,0.0
576,5,9,0.0
576,5,6,24.0
576,5,14,1.0
576,1,8,146.0
576,1,11,7.0
576,1,10,160.93
576,1,1,774.0
576,1,2,26.0
576,1,9,35.0
576,1,6,13.0
576,1,14,175.0
576,3,8,157.0
576,3,11,43.0
576,3,10,123.77
576,3,1,615.0
576,3,2,49.0
576,3,9,76.0
576,3,6,5.0
576,3,14,192.0
576,6,8,446.0
576,6,11,89.0
576,6,10,374.0
576,6,1,3608.0
576,6,2,97.0
576,6,9,146.0
576,6,6,74.0
576,6,14,507.0
576,2,8,57.0
576,2,11,38.0
576,2,10,85.28
576,2,1,1492.0
576,2,2,21.0
576,2,9,35.0
576,2,6,32.0
576,2,14,134.0
577,4,8,57.0
577,4,10,2.94
577,4,1,746.0
577,4,2,0.0
577,4,9,0.0
577,4,6,0.0
577,4,14,5.0
577,5,8,25.0
577,5,10,0.85
577,5,1,16.0
577,5,2,0.0
577,5,9,0.0
577,5,6,24.0
577,5,14,1.0
577,1,8,146.0
577,1,11,9.0
577,1,10,157.5
577,1,1,795.0
577,1,2,26.0
577,1,9,35.0
577,1,6,13.0
577,1,14,172.0
577,3,8,160.0
577,3,11,40.0
577,3,10,119.69
577,3,1,633.0
577,3,2,49.0
577,3,9,75.0
577,3,6,5.0
577,3,14,185.0
577,6,8,454.0
577,6,11,81.0
577,6,10,375.0
577,6,1,3709.0
577,6,2,95.0
577,6,9,146.0
577,6,6,73.0
577,6,14,494.0
577,2,8,66.0
577,2,11,33.0
577,2,10,93.85
577,2,1,1520.0
577,2,2,21.0
577,2,9,35.0
577,2,6,31.0
577,2,14,130.0
578,4,8,61.0
578,4,10,3.31
578,4,1,744.0
578,4,2,0.0
578,4,9,0.0
578,4,6,0.0
578,4,14,5.0
578,5,8,27.0
578,5,10,0.54
578,5,1,16.0
578,5,2,0.0
578,5,9,0.0
578,5,6,24.0
578,5,14,1.0
578,1,8,145.0
578,1,11,9.0
578,1,10,162.17
578,1,1,781.0
578,1,2,21.0
578,1,9,35.0
578,1,6,12.0
578,1,14,177.0
578,3,8,153.0
578,3,11,15.0
578,3,10,104.13
578,3,1,621.0
578,3,2,48.0
578,3,9,76.0
578,3,6,5.0
578,3,14,145.0
578,6,8,442.0
578,6,11,47.0
578,6,10,366.0
578,6,1,3678.0
578,6,2,91.0
578,6,9,156.0
578,6,6,66.0
578,6,14,449.0
578,2,8,56.0
578,2,11,24.0
578,2,10,95.65
578,2,1,1517.0
578,2,2,21.0
578,2,9,45.0
578,2,6,26.0
578,2,14,121.0
579,4,8,46.0
579,4,10,2.82
579,4,1,696.0
579,4,2,0.0
579,4,9,0.0
579,4,6,0.0
579,4,14,5.0
579,5,8,27.0
579,5,10,0.49
579,5,1,14.0
579,5,2,0.0
579,5,9,0.0
579,5,6,24.0
579,5,14,0.0
579,1,8,141.0
579,1,11,4.0
579,1,10,150.0
579,1,1,703.0
579,1,2,21.0
579,1,9,35.0
579,1,6,9.0
579,1,14,160.0
579,3,8,127.0
579,3,11,20.0
579,3,10,112.4
579,3,1,556.0
579,3,2,46.0
579,3,9,76.0
579,3,6,5.0
579,3,14,158.0
579,6,8,395.0
579,6,11,61.0
579,6,10,363.0
579,6,1,3252.0
579,6,2,85.0
579,6,9,158.0
579,6,6,60.0
579,6,14,459.0
579,2,8,54.0
579,2,11,37.0
579,2,10,97.04
579,2,1,1284.0
579,2,2,19.0
579,2,9,47.0
579,2,6,23.0
579,2,14,135.0
580,4,8,52.0
580,4,10,2.97
580,4,1,665.0
580,4,2,0.0
580,4,9,0.0
580,4,6,0.0
580,4,14,5.0
580,5,8,26.0
580,5,10,0.59
580,5,1,12.0
580,5,2,0.0
580,5,9,0.0
580,5,6,24.0
580,5,14,1.0
580,1,8,140.0
580,1,11,3.0
580,1,10,148.42
580,1,1,653.0
580,1,2,25.0
580,1,9,35.0
580,1,6,11.0
580,1,14,157.0
580,3,8,122.0
580,3,11,20.0
580,3,10,110.41
580,3,1,498.0
580,3,2,49.0
580,3,9,76.0
580,3,6,5.0
580,3,14,151.0
580,6,8,364.0
580,6,11,53.0
580,6,10,357.0
580,6,1,3038.0
580,6,2,92.0
580,6,9,159.0
580,6,6,52.0
580,6,14,441.0
580,2,8,25.0
580,2,11,30.0
580,2,10,94.6
580,2,1,1211.0
580,2,2,18.0
580,2,9,47.0
580,2,6,12.0
580,2,14,128.0
581,4,8,50.0
581,4,10,3.17
581,4,1,639.0
581,4,2,0.0
581,4,9,0.0
581,4,6,0.0
581,4,14,5.0
581,5,8,25.0
581,5,10,0.83
581,5,1,12.0
581,5,2,0.0
581,5,9,0.0
581,5,6,23.0
581,5,14,1.0
581,1,8,140.0
581,1,11,9.0
581,1,10,156.93
581,1,1,636.0
581,1,2,25.0
581,1,9,35.0
581,1,6,9.0
581,1,14,173.0
581,3,8,124.0
581,3,11,26.0
581,3,10,112.35
581,3,1,507.0
581,3,2,50.0
581,3,9,76.0
581,3,6,5.0
581,3,14,159.0
581,6,8,366.0
581,6,11,58.0
581,6,10,372.0
581,6,1,3003.0
581,6,2,93.0
581,6,9,160.0
581,6,6,49.0
581,6,14,461.0
581,2,8,27.0
581,2,11,23.0
581,2,10,98.95
581,2,1,1209.0
581,2,2,18.0
581,2,9,48.0
581,2,6,11.0
581,2,14,124.0
582,4,8,49.0
582,4,10,3.28
582,4,1,635.0
582,4,2,0.0
582,4,9,0.0
582,4,6,0.0
582,4,14,6.0
582,5,8,23.0
582,5,10,0.9
582,5,1,13.0
582,5,2,0.0
582,5,9,0.0
582,5,6,11.0
582,5,14,1.0
582,1,8,137.0
582,1,11,8.0
582,1,10,154.44
582,1,1,630.0
582,1,2,24.0
582,1,9,35.0
582,1,6,9.0
582,1,14,169.0
582,3,8,125.0
582,3,11,30.0
582,3,10,118.12
582,3,1,511.0
582,3,2,51.0
582,3,9,76.0
582,3,6,6.0
582,3,14,171.0
582,6,8,358.0
582,6,11,61.0
582,6,10,374.0
582,6,1,3016.0
582,6,2,95.0
582,6,9,160.0
582,6,6,37.0
582,6,14,468.0
582,2,8,25.0
582,2,11,22.0
582,2,10,97.48
582,2,1,1228.0
582,2,2,19.0
582,2,9,49.0
582,2,6,11.0
582,2,14,121.0
583,4,8,48.0
583,4,10,3.54
583,4,1,679.0
583,4,2,0.0
583,4,9,0.0
583,4,6,0.0
583,4,14,6.0
583,5,8,23.0
583,5,10,0.94
583,5,1,14.0
583,5,2,0.0
583,5,9,0.0
583,5,6,19.0
583,5,14,1.0
583,1,8,140.0
583,1,11,4.0
583,1,10,152.21
583,1,1,672.0
583,1,2,27.0
583,1,9,35.0
583,1,6,11.0
583,1,14,163.0
583,3,8,126.0
583,3,11,32.0
583,3,10,109.47
583,3,1,572.0
583,3,2,49.0
583,3,9,76.0
583,3,6,6.0
583,3,14,162.0
583,6,8,367.0
583,6,11,59.0
583,6,10,362.0
583,6,1,3310.0
583,6,2,96.0
583,6,9,160.0
583,6,6,51.0
583,6,14,455.0
583,2,8,31.0
583,2,11,23.0
583,2,10,96.32
583,2,1,1373.0
583,2,2,19.0
583,2,9,49.0
583,2,6,14.0
583,2,14,123.0
584,4,8,49.0
584,4,10,3.33
584,4,1,700.0
584,4,2,0.0
584,4,9,0.0
584,4,6,0.0
584,4,14,5.0
584,5,8,24.0
584,5,10,0.81
584,5,1,14.0
584,5,2,0.0
584,5,9,0.0
584,5,6,20.0
584,5,14,1.0
584,1,8,139.0
584,1,11,3.0
584,1,10,149.52
584,1,1,705.0
584,1,2,27.0
584,1,9,36.0
584,1,6,10.0
584,1,14,159.0
584,3,8,127.0
584,3,11,27.0
584,3,10,126.83
584,3,1,597.0
584,3,2,52.0
584,3,9,76.0
584,3,6,5.0
584,3,14,173.0
584,6,8,367.0
584,6,11,69.0
584,6,10,376.0
584,6,1,3431.0
584,6,2,97.0
584,6,9,160.0
584,6,6,47.0
584,6,14,477.0
584,2,8,29.0
584,2,11,39.0
584,2,10,95.5
584,2,1,1415.0
584,2,2,18.0
584,2,9,49.0
584,2,6,13.0
584,2,14,138.0
585,4,8,48.0
585,4,10,2.88
585,4,1,729.0
585,4,2,0.0
585,4,9,0.0
585,4,6,0.0
585,4,14,5.0
585,5,8,21.0
585,5,10,0.73
585,5,1,15.0
585,5,2,0.0
585,5,9,0.0
585,5,6,20.0
585,5,14,1.0
585,1,8,139.0
585,1,11,6.0
585,1,10,148.59
585,1,1,700.0
585,1,2,26.0
585,1,9,35.0
585,1,6,9.0
585,1,14,165.0
585,3,8,113.0
585,3,11,23.0
585,3,10,129.56
585,3,1,592.0
585,3,2,55.0
585,3,9,76.0
585,3,6,5.0
585,3,14,172.0
585,6,8,359.0
585,6,11,87.0
585,6,10,374.0
585,6,1,3503.0
585,6,2,98.0
585,6,9,160.0
585,6,6,46.0
585,6,14,497.0
585,2,8,38.0
585,2,11,59.0
585,2,10,91.94
585,2,1,1468.0
585,2,2,17.0
585,2,9,49.0
585,2,6,11.0
585,2,14,154.0
586,4,8,45.0
586,4,10,3.32
586,4,1,723.0
586,4,2,0.0
586,4,9,0.0
586,4,6,0.0
586,4,14,5.0
586,5,8,21.0
586,5,10,0.74
586,5,1,14.0
586,5,2,0.0
586,5,9,0.0
586,5,6,20.0
586,5,14,1.0
586,1,8,139.0
586,1,11,9.0
586,1,10,151.01
586,1,1,687.0
586,1,2,27.0
586,1,9,35.0
586,1,6,9.0
586,1,14,171.0
586,3,8,111.0
586,3,11,26.0
586,3,10,117.88
586,3,1,592.0
586,3,2,55.0
586,3,9,76.0
586,3,6,5.0
586,3,14,166.0
586,6,8,348.0
586,6,11,80.0
586,6,10,363.0
586,6,1,3543.0
586,6,2,102.0
586,6,9,161.0
586,6,6,46.0
586,6,14,480.0
586,2,8,33.0
586,2,11,45.0
586,2,10,90.14
586,2,1,1528.0
586,2,2,19.0
586,2,9,50.0
586,2,6,11.0
586,2,14,137.0
587,4,8,134.0
587,4,10,3.35
587,4,1,735.0
587,4,2,0.0
587,4,9,0.0
587,4,6,0.0
587,4,14,5.0
587,5,8,20.0
587,5,10,1.03
587,5,1,15.0
587,5,2,0.0
587,5,9,0.0
587,5,6,20.0
587,5,14,1.0
587,1,8,141.0
587,1,11,13.0
587,1,10,150.47
587,1,1,713.0
587,1,2,27.0
587,1,9,35.0
587,1,6,9.0
587,1,14,174.0
587,3,8,120.0
587,3,11,37.0
587,3,10,106.19
587,3,1,575.0
587,3,2,56.0
587,3,9,76.0
587,3,6,5.0
587,3,14,168.0
587,6,8,452.0
587,6,11,83.0
587,6,10,352.0
587,6,1,3586.0
587,6,2,101.0
587,6,9,164.0
587,6,6,46.0
587,6,14,475.0
587,2,8,36.0
587,2,11,32.0
587,2,10,91.1
587,2,1,1547.0
587,2,2,18.0
587,2,9,52.0
587,2,6,11.0
587,2,14,127.0
588,4,8,47.0
588,4,10,3.21
588,4,1,732.0
588,4,2,0.0
588,4,9,0.0
588,4,6,0.0
588,4,14,5.0
588,5,8,20.0
588,5,10,1.1
588,5,1,16.0
588,5,2,0.0
588,5,9,0.0
588,5,6,21.0
588,5,14,1.0
588,1,8,135.0
588,1,11,8.0
588,1,10,142.26
588,1,1,697.0
588,1,2,26.0
588,1,9,36.0
588,1,6,10.0
588,1,14,169.0
588,3,8,113.0
588,3,11,40.0
588,3,10,118.24
588,3,1,588.0
588,3,2,53.0
588,3,9,76.0
588,3,6,6.0
588,3,14,184.0
588,6,8,354.0
588,6,11,83.0
588,6,10,356.0
588,6,1,3587.0
588,6,2,94.0
588,6,9,160.0
588,6,6,47.0
588,6,14,487.0
588,2,8,39.0
588,2,11,34.0
588,2,10,91.39
588,2,1,1554.0
588,2,2,16.0
588,2,9,48.0
588,2,6,11.0
588,2,14,127.0
589,4,8,45.0
589,4,10,2.82
589,4,1,681.0
589,4,2,0.0
589,4,9,0.0
589,4,6,0.0
589,4,14,4.0
589,5,8,19.0
589,5,10,1.11
589,5,1,15.0
589,5,2,0.0
589,5,9,0.0
589,5,6,20.0
589,5,14,1.0
589,1,8,133.0
589,1,11,5.0
589,1,10,147.36
589,1,1,675.0
589,1,2,26.0
589,1,9,35.0
589,1,6,9.0
589,1,14,170.0
589,3,8,89.0
589,3,11,41.0
589,3,10,127.04
589,3,1,597.0
589,3,2,49.0
589,3,9,76.0
589,3,6,6.0
589,3,14,194.0
589,6,8,320.0
589,6,11,86.0
589,6,10,369.0
589,6,1,3443.0
589,6,2,92.0
589,6,9,160.0
589,6,6,41.0
589,6,14,502.0
589,2,8,34.0
589,2,11,39.0
589,2,10,90.58
589,2,1,1474.0
589,2,2,17.0
589,2,9,49.0
589,2,6,6.0
589,2,14,132.0
590,4,8,35.0
590,4,10,3.49
590,4,1,707.0
590,4,2,0.0
590,4,9,0.0
590,4,6,0.0
590,4,14,5.0
590,5,8,19.0
590,5,10,1.14
590,5,1,16.0
590,5,2,0.0
590,5,9,0.0
590,5,6,21.0
590,5,14,1.0
590,1,8,133.0
590,1,11,5.0
590,1,10,151.46
590,1,1,664.0
590,1,2,24.0
590,1,9,36.0
590,1,6,12.0
590,1,14,175.0
590,3,8,99.0
590,3,11,37.0
590,3,10,125.72
590,3,1,649.0
590,3,2,50.0
590,3,9,76.0
590,3,6,6.0
590,3,14,190.0
590,6,8,331.0
590,6,11,84.0
590,6,10,373.0
590,6,1,3569.0
590,6,2,90.0
590,6,9,164.0
590,6,6,57.0
590,6,14,505.0
590,2,8,45.0
590,2,11,42.0
590,2,10,91.3
590,2,1,1533.0
590,2,2,16.0
590,2,9,52.0
590,2,6,19.0
590,2,14,135.0
591,4,8,40.0
591,4,10,3.24
591,4,1,723.0
591,4,2,0.0
591,4,9,0.0
591,4,6,0.0
591,4,14,5.0
591,5,8,18.0
591,5,10,1.1
591,5,1,16.0
591,5,2,0.0
591,5,9,0.0
591,5,6,24.0
591,5,14,1.0
591,1,8,128.0
591,1,11,7.0
591,1,10,145.67
591,1,1,696.0
591,1,2,23.0
591,1,9,33.0
591,1,6,13.0
591,1,14,137.0
591,3,8,100.0
591,3,11,35.0
591,3,10,98.48
591,3,1,668.0
591,3,2,52.0
591,3,9,72.0
591,3,6,6.0
591,3,14,159.0
591,6,8,330.0
591,6,11,80.0
591,6,10,344.0
591,6,1,3646.0
591,6,2,90.0
591,6,9,157.0
591,6,6,66.0
591,6,14,440.0
591,2,8,43.0
591,2,11,38.0
591,2,10,95.37
591,2,1,1544.0
591,2,2,16.0
591,2,9,53.0
591,2,6,22.0
591,2,14,137.0
592,4,8,34.0
592,4,10,3.12
592,4,1,726.0
592,4,2,0.0
592,4,9,0.0
592,4,6,0.0
592,4,14,5.0
592,5,8,18.0
592,5,10,1.0
592,5,1,16.0
592,5,2,0.0
592,5,9,0.0
592,5,6,23.0
592,5,14,1.0
592,1,8,124.0
592,1,11,3.0
592,1,10,142.14
592,1,1,691.0
592,1,2,23.0
592,1,9,31.0
592,1,6,11.0
592,1,14,162.0
592,3,8,80.0
592,3,11,64.0
592,3,10,89.08
592,3,1,646.0
592,3,2,50.0
592,3,9,75.0
592,3,6,6.0
592,3,14,177.0
592,6,8,292.0
592,6,11,116.0
592,6,10,327.0
592,6,1,3613.0
592,6,2,88.0
592,6,9,159.0
592,6,6,60.0
592,6,14,487.0
592,2,8,36.0
592,2,11,48.0
592,2,10,91.79
592,2,1,1534.0
592,2,2,16.0
592,2,9,53.0
592,2,6,20.0
592,2,14,142.0
593,4,8,31.0
593,4,10,3.67
593,4,1,732.0
593,4,2,0.0
593,4,9,0.0
593,4,6,0.0
593,4,14,6.0
593,5,8,18.0
593,5,10,1.08
593,5,1,11.0
593,5,2,0.0
593,5,9,0.0
593,5,6,24.0
593,5,14,1.0
593,1,8,122.0
593,1,11,5.0
593,1,10,139.77
593,1,1,694.0
593,1,2,23.0
593,1,9,31.0
593,1,6,10.0
593,1,14,164.0
593,3,8,82.0
593,3,11,47.0
593,3,10,84.64
593,3,1,643.0
593,3,2,55.0
593,3,9,72.0
593,3,6,6.0
593,3,14,157.0
593,6,8,293.0
593,6,11,93.0
593,6,10,316.0
593,6,1,3626.0
593,6,2,96.0
593,6,9,156.0
593,6,6,53.0
593,6,14,457.0
593,2,8,40.0
593,2,11,41.0
593,2,10,86.93
593,2,1,1547.0
593,2,2,18.0
593,2,9,53.0
593,2,6,14.0
593,2,14,130.0
594,4,8,28.0
594,4,10,3.26
594,4,1,719.0
594,4,2,0.0
594,4,9,0.0
594,4,6,0.0
594,4,14,5.0
594,5,8,18.0
594,5,10,1.1
594,5,1,11.0
594,5,2,0.0
594,5,9,0.0
594,5,6,24.0
594,5,14,1.0
594,1,8,120.0
594,1,11,2.0
594,1,10,125.96
594,1,1,693.0
594,1,2,24.0
594,1,9,31.0
594,1,6,3.0
594,1,14,148.0
594,3,8,84.0
594,3,11,30.0
594,3,10,81.84
594,3,1,654.0
594,3,2,52.0
594,3,9,72.0
594,3,6,5.0
594,3,14,138.0
594,6,8,298.0
594,6,11,53.0
594,6,10,298.0
594,6,1,3611.0
594,6,2,92.0
594,6,9,156.0
594,6,6,48.0
594,6,14,403.0
594,2,8,49.0
594,2,11,21.0
594,2,10,85.91
594,2,1,1534.0
594,2,2,17.0
594,2,9,53.0
594,2,6,17.0
594,2,14,111.0
595,4,8,27.0
595,4,10,3.45
595,4,1,696.0
595,4,2,0.0
595,4,9,0.0
595,4,6,0.0
595,4,14,5.0
595,5,8,17.0
595,5,10,1.1
595,5,1,10.0
595,5,2,0.0
595,5,9,0.0
595,5,6,23.0
595,5,14,1.0
595,1,8,118.0
595,1,11,4.0
595,1,10,125.4
595,1,1,680.0
595,1,2,24.0
595,1,9,31.0
595,1,6,3.0
595,1,14,149.0
595,3,8,82.0
595,3,11,53.0
595,3,10,101.56
595,3,1,603.0
595,3,2,46.0
595,3,9,76.0
595,3,6,5.0
595,3,14,181.0
595,6,8,284.0
595,6,11,85.0
595,6,10,319.0
595,6,1,3497.0
595,6,2,87.0
595,6,9,160.0
595,6,6,41.0
595,6,14,456.0
595,2,8,39.0
595,2,11,28.0
595,2,10,87.6
595,2,1,1509.0
595,2,2,18.0
595,2,9,53.0
595,2,6,10.0
595,2,14,119.0
596,4,8,24.0
596,4,10,3.44
596,4,1,673.0
596,4,2,0.0
596,4,9,0.0
596,4,6,0.0
596,4,14,6.0
596,5,8,18.0
596,5,10,1.09
596,5,1,9.0
596,5,2,0.0
596,5,9,0.0
596,5,6,23.0
596,5,14,1.0
596,1,8,117.0
596,1,11,12.0
596,1,10,132.22
596,1,1,640.0
596,1,2,24.0
596,1,9,31.0
596,1,6,3.0
596,1,14,164.0
596,3,8,72.0
596,3,11,57.0
596,3,10,103.45
596,3,1,538.0
596,3,2,43.0
596,3,9,76.0
596,3,6,6.0
596,3,14,186.0
596,6,8,263.0
596,6,11,127.0
596,6,10,334.0
596,6,1,3278.0
596,6,2,84.0
596,6,9,160.0
596,6,6,42.0
596,6,14,510.0
596,2,8,32.0
596,2,11,58.0
596,2,10,93.44
596,2,1,1418.0
596,2,2,18.0
596,2,9,53.0
596,2,6,11.0
596,2,14,153.0
597,4,8,28.0
597,4,10,3.42
597,4,1,685.0
597,4,2,0.0
597,4,9,0.0
597,4,6,0.0
597,4,14,6.0
597,5,8,16.0
597,5,10,1.13
597,5,1,9.0
597,5,2,0.0
597,5,9,0.0
597,5,6,23.0
597,5,14,1.0
597,1,8,117.0
597,1,11,7.0
597,1,10,146.73
597,1,1,651.0
597,1,2,26.0
597,1,9,31.0
597,1,6,7.0
597,1,14,174.0
597,3,8,77.0
597,3,11,73.0
597,3,10,103.16
597,3,1,569.0
597,3,2,45.0
597,3,9,76.0
597,3,6,6.0
597,3,14,201.0
597,6,8,280.0
597,6,11,150.0
597,6,10,348.0
597,6,1,3350.0
597,6,2,88.0
597,6,9,160.0
597,6,6,52.0
597,6,14,546.0
597,2,8,42.0
597,2,11,69.0
597,2,10,93.09
597,2,1,1437.0
597,2,2,17.0
597,2,9,53.0
597,2,6,15.0
597,2,14,164.0
598,4,8,26.0
598,4,10,3.17
598,4,1,693.0
598,4,2,0.0
598,4,9,0.0
598,4,6,0.0
598,4,14,5.0
598,5,8,17.0
598,5,10,1.15
598,5,1,9.0
598,5,2,0.0
598,5,9,0.0
598,5,6,23.0
598,5,14,1.0
598,1,8,114.0
598,1,11,4.0
598,1,10,146.91
598,1,1,651.0
598,1,2,26.0
598,1,9,34.0
598,1,6,5.0
598,1,14,172.0
598,3,8,84.0
598,3,11,54.0
598,3,10,98.18
598,3,1,612.0
598,3,2,48.0
598,3,9,76.0
598,3,6,6.0
598,3,14,175.0
598,6,8,278.0
598,6,11,121.0
598,6,10,341.0
598,6,1,3437.0
598,6,2,91.0
598,6,9,162.0
598,6,6,47.0
598,6,14,513.0
598,2,8,38.0
598,2,11,62.0
598,2,10,91.63
598,2,1,1471.0
598,2,2,17.0
598,2,9,52.0
598,2,6,13.0
598,2,14,160.0
599,4,8,28.0
599,4,10,2.89
599,4,1,679.0
599,4,2,0.0
599,4,9,0.0
599,4,6,0.0
599,4,14,5.0
599,5,8,17.0
599,5,10,1.05
599,5,1,9.0
599,5,2,0.0
599,5,9,0.0
599,5,6,24.0
599,5,14,1.0
599,1,8,113.0
599,1,11,5.0
599,1,10,148.72
599,1,1,654.0
599,1,2,26.0
599,1,9,36.0
599,1,6,6.0
599,1,14,174.0
599,3,8,91.0
599,3,11,68.0
599,3,10,89.18
599,3,1,591.0
599,3,2,48.0
599,3,9,76.0
599,3,6,6.0
599,3,14,180.0
599,6,8,281.0
599,6,11,132.0
599,6,10,332.0
599,6,1,3378.0
599,6,2,88.0
599,6,9,163.0
599,6,6,49.0
599,6,14,512.0
599,2,8,32.0
599,2,11,59.0
599,2,10,90.38
599,2,1,1446.0
599,2,2,14.0
599,2,9,51.0
599,2,6,13.0
599,2,14,151.0
600,4,8,27.0
600,4,10,2.95
600,4,1,685.0
600,4,2,0.0
600,4,9,0.0
600,4,6,0.0
600,4,14,6.0
600,5,8,17.0
600,5,10,1.12
600,5,1,9.0
600,5,2,0.0
600,5,9,0.0
600,5,6,24.0
600,5,14,1.0
600,1,8,112.0
600,1,11,2.0
600,1,10,150.09
600,1,1,651.0
600,1,2,28.0
600,1,9,31.0
600,1,6,5.0
600,1,14,173.0
600,3,8,104.0
600,3,11,45.0
600,3,10,97.61
600,3,1,604.0
600,3,2,54.0
600,3,9,76.0
600,3,6,6.0
600,3,14,164.0
600,6,8,295.0
600,6,11,91.0
600,6,10,340.0
600,6,1,3436.0
600,6,2,89.0
600,6,9,158.0
600,6,6,46.0
600,6,14,478.0
600,2,8,36.0
600,2,11,43.0
600,2,10,88.72
600,2,1,1487.0
600,2,2,8.0
600,2,9,51.0
600,2,6,11.0
600,2,14,134.0
601,4,8,28.0
601,4,10,2.83
601,4,1,672.0
601,4,2,0.0
601,4,9,0.0
601,4,6,0.0
601,4,14,5.0
601,5,8,16.0
601,5,10,0.98
601,5,1,9.0
601,5,2,0.0
601,5,9,0.0
601,5,6,24.0
601,5,14,1.0
601,1,8,113.0
601,1,11,4.0
601,1,10,148.18
601,1,1,645.0
601,1,2,28.0
601,1,9,31.0
601,1,6,5.0
601,1,14,173.0
601,3,8,97.0
601,3,11,44.0
601,3,10,122.95
601,3,1,612.0
601,3,2,55.0
601,3,9,76.0
601,3,6,5.0
601,3,14,189.0
601,6,8,291.0
601,6,11,87.0
601,6,10,361.0
601,6,1,3440.0
601,6,2,90.0
601,6,9,158.0
601,6,6,48.0
601,6,14,496.0
601,2,8,38.0
601,2,11,39.0
601,2,10,85.81
601,2,1,1502.0
601,2,2,7.0
601,2,9,51.0
601,2,6,14.0
601,2,14,128.0
602,4,8,27.0
602,4,10,2.72
602,4,1,680.0
602,4,2,0.0
602,4,9,0.0
602,4,6,0.0
602,4,14,5.0
602,5,8,16.0
602,5,10,0.87
602,5,1,9.0
602,5,2,0.0
602,5,9,0.0
602,5,6,24.0
602,5,14,1.0
602,1,8,111.0
602,1,11,4.0
602,1,10,142.68
602,1,1,651.0
602,1,2,23.0
602,1,9,31.0
602,1,6,4.0
602,1,14,168.0
602,3,8,100.0
602,3,11,40.0
602,3,10,114.69
602,3,1,631.0
602,3,2,50.0
602,3,9,76.0
602,3,6,5.0
602,3,14,182.0
602,6,8,291.0
602,6,11,72.0
602,6,10,346.0
602,6,1,3475.0
602,6,2,81.0
602,6,9,158.0
602,6,6,46.0
602,6,14,471.0
602,2,8,37.0
602,2,11,28.0
602,2,10,85.53
602,2,1,1504.0
602,2,2,7.0
602,2,9,51.0
602,2,6,13.0
602,2,14,115.0
603,4,8,23.0
603,4,10,2.62
603,4,1,665.0
603,4,2,0.0
603,4,9,0.0
603,4,6,0.0
603,4,14,5.0
603,5,8,16.0
603,5,10,0.81
603,5,1,9.0
603,5,2,0.0
603,5,9,0.0
603,5,6,24.0
603,5,14,1.0
603,1,8,111.0
603,1,11,4.0
603,1,10,139.05
603,1,1,633.0
603,1,2,22.0
603,1,9,31.0
603,1,6,1.0
603,1,14,164.0
603,3,8,87.0
603,3,11,44.0
603,3,10,104.05
603,3,1,583.0
603,3,2,42.0
603,3,9,76.0
603,3,6,6.0
603,3,14,175.0
603,6,8,270.0
603,6,11,90.0
603,6,10,332.0
603,6,1,3344.0
603,6,2,72.0
603,6,9,159.0
603,6,6,42.0
603,6,14,475.0
603,2,8,35.0
603,2,11,42.0
603,2,10,85.56
603,2,1,1453.0
603,2,2,8.0
603,2,9,53.0
603,2,6,12.0
603,2,14,130.0
604,4,8,25.0
604,4,10,2.84
604,4,1,691.0
604,4,2,0.0
604,4,9,0.0
604,4,6,0.0
604,4,14,6.0
604,5,8,16.0
604,5,10,0.98
604,5,1,10.0
604,5,2,0.0
604,5,9,0.0
604,5,6,24.0
604,5,14,1.0
604,1,8,110.0
604,1,11,7.0
604,1,10,134.34
604,1,1,666.0
604,1,2,23.0
604,1,9,31.0
604,1,6,1.0
604,1,14,167.0
604,3,8,97.0
604,3,11,53.0
604,3,10,100.66
604,3,1,606.0
604,3,2,44.0
604,3,9,76.0
604,3,6,6.0
604,3,14,182.0
604,6,8,287.0
604,6,11,126.0
604,6,10,327.0
604,6,1,3409.0
604,6,2,77.0
604,6,9,160.0
604,6,6,43.0
604,6,14,514.0
604,2,8,39.0
604,2,11,66.0
604,2,10,87.93
604,2,1,1436.0
604,2,2,10.0
604,2,9,53.0
604,2,6,11.0
604,2,14,158.0
605,4,8,27.0
605,4,10,2.93
605,4,1,694.0
605,4,2,0.0
605,4,9,0.0
605,4,6,0.0
605,4,14,6.0
605,5,8,16.0
605,5,10,1.06
605,5,1,10.0
605,5,2,0.0
605,5,9,0.0
605,5,6,24.0
605,5,14,1.0
605,1,8,109.0
605,1,11,2.0
605,1,10,135.45
605,1,1,689.0
605,1,2,27.0
605,1,9,31.0
605,1,6,2.0
605,1,14,162.0
605,3,8,103.0
605,3,11,35.0
605,3,10,71.15
605,3,1,620.0
605,3,2,43.0
605,3,9,76.0
605,3,6,6.0
605,3,14,135.0
605,6,8,295.0
605,6,11,101.0
605,6,10,303.0
605,6,1,3469.0
605,6,2,81.0
605,6,9,160.0
605,6,6,43.0
605,6,14,462.0
605,2,8,41.0
605,2,11,64.0
605,2,10,92.14
605,2,1,1455.0
605,2,2,11.0
605,2,9,53.0
605,2,6,11.0
605,2,14,158.0
606,4,8,23.0
606,4,10,2.56
606,4,1,690.0
606,4,2,0.0
606,4,9,0.0
606,4,6,0.0
606,4,14,6.0
606,5,8,16.0
606,5,10,1.11
606,5,1,10.0
606,5,2,0.0
606,5,9,0.0
606,5,6,24.0
606,5,14,1.0
606,1,8,110.0
606,1,11,1.0
606,1,10,144.29
606,1,1,684.0
606,1,2,28.0
606,1,9,31.0
606,1,6,2.0
606,1,14,171.0
606,3,8,98.0
606,3,11,40.0
606,3,10,75.45
606,3,1,605.0
606,3,2,47.0
606,3,9,76.0
606,3,6,6.0
606,3,14,144.0
606,6,8,292.0
606,6,11,89.0
606,6,10,316.0
606,6,1,3452.0
606,6,2,89.0
606,6,9,160.0
606,6,6,43.0
606,6,14,466.0
606,2,8,45.0
606,2,11,48.0
606,2,10,92.61
606,2,1,1462.0
606,2,2,14.0
606,2,9,53.0
606,2,6,11.0
606,2,14,144.0
607,4,8,25.0
607,4,10,2.69
607,4,1,673.0
607,4,2,0.0
607,4,9,0.0
607,4,6,0.0
607,4,14,6.0
607,5,8,16.0
607,5,10,1.05
607,5,1,9.0
607,5,2,0.0
607,5,9,0.0
607,5,6,25.0
607,5,14,1.0
607,1,8,110.0
607,1,11,7.0
607,1,10,148.78
607,1,1,645.0
607,1,2,26.0
607,1,9,31.0
607,1,6,3.0
607,1,14,148.0
607,3,8,86.0
607,3,11,55.0
607,3,10,114.75
607,3,1,584.0
607,3,2,53.0
607,3,9,76.0
607,3,6,6.0
607,3,14,202.0
607,6,8,278.0
607,6,11,132.0
607,6,10,359.0
607,6,1,3360.0
607,6,2,94.0
607,6,9,160.0
607,6,6,46.0
607,6,14,522.0
607,2,8,41.0
607,2,11,70.0
607,2,10,91.86
607,2,1,1449.0
607,2,2,15.0
607,2,9,53.0
607,2,6,13.0
607,2,14,165.0
608,4,8,24.0
608,4,10,2.84
608,4,1,678.0
608,4,2,0.0
608,4,9,0.0
608,4,6,0.0
608,4,14,6.0
608,5,8,15.0
608,5,10,1.13
608,5,1,10.0
608,5,2,0.0
608,5,9,0.0
608,5,6,25.0
608,5,14,1.0
608,1,8,109.0
608,1,11,14.0
608,1,10,146.74
608,1,1,648.0
608,1,2,27.0
608,1,9,32.0
608,1,6,2.0
608,1,14,187.0
608,3,8,110.0
608,3,11,47.0
608,3,10,87.62
608,3,1,600.0
608,3,2,55.0
608,3,9,76.0
608,3,6,6.0
608,3,14,158.0
608,6,8,298.0
608,6,11,142.0
608,6,10,329.0
608,6,1,3408.0
608,6,2,98.0
608,6,9,160.0
608,6,6,45.0
608,6,14,526.0
608,2,8,39.0
608,2,11,81.0
608,2,10,91.03
608,2,1,1473.0
608,2,2,15.0
608,2,9,53.0
608,2,6,13.0
608,2,14,174.0
609,4,8,21.0
609,4,10,1.48
609,4,1,657.0
609,4,2,0.0
609,4,9,0.0
609,4,6,0.0
609,4,14,5.0
609,5,8,15.0
609,5,10,1.13
609,5,1,9.0
609,5,2,0.0
609,5,9,0.0
609,5,6,24.0
609,5,14,1.0
609,1,8,112.0
609,1,11,7.0
609,1,10,134.57
609,1,1,636.0
609,1,2,28.0
609,1,9,31.0
609,1,6,2.0
609,1,14,167.0
609,3,8,105.0
609,3,11,80.0
609,3,10,66.73
609,3,1,563.0
609,3,2,45.0
609,3,9,76.0
609,3,6,6.0
609,3,14,169.0
609,6,8,292.0
609,6,11,187.0
609,6,10,290.0
609,6,1,3327.0
609,6,2,87.0
609,6,9,163.0
609,6,6,43.0
609,6,14,531.0
609,2,8,40.0
609,2,11,100.0
609,2,10,86.1
609,2,1,1462.0
609,2,2,14.0
609,2,9,56.0
609,2,6,11.0
609,2,14,189.0
610,4,8,16.0
610,4,10,1.33
610,4,1,631.0
610,4,2,0.0
610,4,9,0.0
610,4,6,0.0
610,4,14,4.0
610,5,8,14.0
610,5,10,1.03
610,5,1,9.0
610,5,2,0.0
610,5,9,0.0
610,5,6,24.0
610,5,14,1.0
610,1,8,111.0
610,1,11,8.0
610,1,10,132.64
610,1,1,606.0
610,1,2,28.0
610,1,9,31.0
610,1,6,2.0
610,1,14,166.0
610,3,8,75.0
610,3,11,119.0
610,3,10,48.8
610,3,1,516.0
610,3,2,22.0
610,3,9,76.0
610,3,6,6.0
610,3,14,194.0
610,6,8,241.0
610,6,11,213.0
610,6,10,264.0
610,6,1,3153.0
610,6,2,65.0
610,6,9,168.0
610,6,6,42.0
610,6,14,534.0
610,2,8,25.0
610,2,11,86.0
610,2,10,80.28
610,2,1,1391.0
610,2,2,14.0
610,2,9,61.0
610,2,6,11.0
610,2,14,169.0
611,4,8,18.0
611,4,10,1.54
611,4,1,658.0
611,4,2,0.0
611,4,9,0.0
611,4,6,0.0
611,4,14,4.0
611,5,8,14.0
611,5,10,1.03
611,5,1,9.0
611,5,2,0.0
611,5,9,0.0
611,5,6,24.0
611,5,14,1.0
611,1,8,108.0
611,1,11,10.0
611,1,10,134.32
611,1,1,630.0
611,1,2,26.0
611,1,9,31.0
611,1,6,2.0
611,1,14,170.0
611,3,8,71.0
611,3,11,124.0
611,3,10,64.64
611,3,1,549.0
611,3,2,23.0
611,3,9,76.0
611,3,6,6.0
611,3,14,216.0
611,6,8,246.0
611,6,11,224.0
611,6,10,279.0
611,6,1,3296.0
611,6,2,62.0
611,6,9,169.0
611,6,6,43.0
611,6,14,560.0
611,2,8,34.0
611,2,11,89.0
611,2,10,77.36
611,2,1,1450.0
611,2,2,13.0
611,2,9,62.0
611,2,6,11.0
611,2,14,169.0
612,4,8,19.0
612,4,10,2.42
612,4,1,673.0
612,4,2,0.0
612,4,9,0.0
612,4,6,0.0
612,4,14,6.0
612,5,8,14.0
612,5,10,1.07
612,5,1,9.0
612,5,2,0.0
612,5,9,0.0
612,5,6,24.0
612,5,14,1.0
612,1,8,112.0
612,1,11,26.0
612,1,10,135.66
612,1,1,621.0
612,1,2,26.0
612,1,9,31.0
612,1,6,2.0
612,1,14,187.0
612,3,8,68.0
612,3,11,93.0
612,3,10,81.92
612,3,1,564.0
612,3,2,20.0
612,3,9,76.0
612,3,6,5.0
612,3,14,203.0
612,6,8,243.0
612,6,11,244.0
612,6,10,299.0
612,6,1,3329.0
612,6,2,60.0
612,6,9,170.0
612,6,6,45.0
612,6,14,603.0
612,2,8,31.0
612,2,11,125.0
612,2,10,77.54
612,2,1,1463.0
612,2,2,14.0
612,2,9,63.0
612,2,6,14.0
612,2,14,206.0
613,4,8,21.0
613,4,10,2.35
613,4,1,655.0
613,4,2,0.0
613,4,9,0.0
613,4,6,0.0
613,4,14,5.0
613,5,8,14.0
613,5,10,0.99
613,5,1,9.0
613,5,2,0.0
613,5,9,0.0
613,5,6,24.0
613,5,14,1.0
613,1,8,115.0
613,1,11,23.0
613,1,10,143.93
613,1,1,636.0
613,1,2,24.0
613,1,9,31.0
613,1,6,2.0
613,1,14,193.0
613,3,8,78.0
613,3,11,51.0
613,3,10,94.56
613,3,1,592.0
613,3,2,23.0
613,3,9,76.0
613,3,6,6.0
613,3,14,180.0
613,6,8,265.0
613,6,11,223.0
613,6,10,324.0
613,6,1,3344.0
613,6,2,60.0
613,6,9,172.0
613,6,6,43.0
613,6,14,613.0
613,2,8,37.0
613,2,11,150.0
613,2,10,81.77
613,2,1,1452.0
613,2,2,13.0
613,2,9,64.0
613,2,6,11.0
613,2,14,235.0
614,4,8,24.0
614,4,10,2.84
614,4,1,666.0
614,4,2,0.0
614,4,9,0.0
614,4,6,0.0
614,4,14,6.0
614,5,8,14.0
614,5,10,0.89
614,5,1,10.0
614,5,2,0.0
614,5,9,0.0
614,5,6,24.0
614,5,14,1.0
614,1,8,114.0
614,1,11,2.0
614,1,10,149.1
614,1,1,646.0
614,1,2,23.0
614,1,9,31.0
614,1,6,2.0
614,1,14,178.0
614,3,8,87.0
614,3,11,31.0
614,3,10,91.12
614,3,1,615.0
614,3,2,34.0
614,3,9,76.0
614,3,6,5.0
614,3,14,158.0
614,6,8,281.0
614,6,11,134.0
614,6,10,328.0
614,6,1,3451.0
614,6,2,72.0
614,6,9,173.0
614,6,6,43.0
614,6,14,531.0
614,2,8,42.0
614,2,11,101.0
614,2,10,84.03
614,2,1,1515.0
614,2,2,15.0
614,2,9,66.0
614,2,6,11.0
614,2,14,188.0
615,4,8,20.0
615,4,10,2.66
615,4,1,672.0
615,4,2,0.0
615,4,9,0.0
615,4,6,0.0
615,4,14,6.0
615,5,8,14.0
615,5,10,0.8
615,5,1,10.0
615,5,2,0.0
615,5,9,0.0
615,5,6,24.0
615,5,14,1.0
615,1,8,117.0
615,1,11,2.0
615,1,10,149.66
615,1,1,673.0
615,1,2,21.0
615,1,9,32.0
615,1,6,3.0
615,1,14,178.0
615,3,8,87.0
615,3,11,26.0
615,3,10,111.04
615,3,1,625.0
615,3,2,45.0
615,3,9,76.0
615,3,6,6.0
615,3,14,165.0
615,6,8,278.0
615,6,11,82.0
615,6,10,349.0
615,6,1,3524.0
615,6,2,80.0
615,6,9,174.0
615,6,6,51.0
615,6,14,491.0
615,2,8,40.0
615,2,11,54.0
615,2,10,84.44
615,2,1,1544.0
615,2,2,14.0
615,2,9,67.0
615,2,6,18.0
615,2,14,142.0
616,4,8,17.0
616,4,10,2.06
616,4,1,679.0
616,4,2,0.0
616,4,9,0.0
616,4,6,0.0
616,4,14,5.0
616,5,8,14.0
616,5,10,0.87
616,5,1,10.0
616,5,2,0.0
616,5,9,0.0
616,5,6,23.0
616,5,14,1.0
616,1,8,112.0
616,1,11,3.0
616,1,10,159.87
616,1,1,666.0
616,1,2,24.0
616,1,9,32.0
616,1,6,3.0
616,1,14,188.0
616,3,8,83.0
616,3,11,22.0
616,3,10,110.49
616,3,1,615.0
616,3,2,46.0
616,3,9,76.0
616,3,6,6.0
616,3,14,162.0
616,6,8,263.0
616,6,11,48.0
616,6,10,361.0
616,6,1,3478.0
616,6,2,85.0
616,6,9,175.0
616,6,6,67.0
616,6,14,471.0
616,2,8,37.0
616,2,11,23.0
616,2,10,87.93
616,2,1,1509.0
616,2,2,15.0
616,2,9,68.0
616,2,6,36.0
616,2,14,114.0
617,4,8,12.0
617,4,10,2.24
617,4,1,650.0
617,4,2,0.0
617,4,9,0.0
617,4,6,0.0
617,4,14,6.0
617,5,8,14.0
617,5,10,1.05
617,5,1,9.0
617,5,2,0.0
617,5,9,0.0
617,5,6,23.0
617,5,14,1.0
617,1,8,114.0
617,1,11,27.0
617,1,10,150.12
617,1,1,633.0
617,1,2,24.0
617,1,9,32.0
617,1,6,2.0
617,1,14,203.0
617,3,8,66.0
617,3,11,28.0
617,3,10,112.8
617,3,1,571.0
617,3,2,42.0
617,3,9,76.0
617,3,6,6.0
617,3,14,174.0
617,6,8,238.0
617,6,11,105.0
617,6,10,358.0
617,6,1,3319.0
617,6,2,80.0
617,6,9,170.0
617,6,6,42.0
617,6,14,528.0
617,2,8,31.0
617,2,11,50.0
617,2,10,91.93
617,2,1,1457.0
617,2,2,14.0
617,2,9,63.0
617,2,6,11.0
617,2,14,145.0
618,4,8,18.0
618,4,10,2.18
618,4,1,637.0
618,4,2,0.0
618,4,9,0.0
618,4,6,0.0
618,4,14,5.0
618,5,8,15.0
618,5,10,0.92
618,5,1,9.0
618,5,2,0.0
618,5,9,0.0
618,5,6,23.0
618,5,14,1.0
618,1,8,132.0
618,1,11,12.0
618,1,10,134.33
618,1,1,663.0
618,1,2,22.0
618,1,9,32.0
618,1,6,2.0
618,1,14,173.0
618,3,8,83.0
618,3,11,21.0
618,3,10,103.56
618,3,1,590.0
618,3,2,43.0
618,3,9,70.0
618,3,6,5.0
618,3,14,152.0
618,6,8,277.0
618,6,11,180.0
618,6,10,352.0
618,6,1,3385.0
618,6,2,76.0
618,6,9,167.0
618,6,6,42.0
618,6,14,591.0
618,2,8,29.0
618,2,11,147.0
618,2,10,110.77
618,2,1,1486.0
618,2,2,11.0
618,2,9,65.0
618,2,6,11.0
618,2,14,261.0
619,4,8,15.0
619,4,10,2.58
619,4,1,665.0
619,4,2,0.0
619,4,9,0.0
619,4,6,0.0
619,4,14,5.0
619,5,8,14.0
619,5,10,0.7
619,5,1,9.0
619,5,2,0.0
619,5,9,0.0
619,5,6,24.0
619,5,14,1.0
619,1,8,113.0
619,1,11,18.0
619,1,10,148.46
619,1,1,668.0
619,1,2,22.0
619,1,9,32.0
619,1,6,2.0
619,1,14,192.0
619,3,8,85.0
619,3,11,29.0
619,3,10,111.61
619,3,1,585.0
619,3,2,39.0
619,3,9,70.0
619,3,6,5.0
619,3,14,168.0
619,6,8,261.0
619,6,11,202.0
619,6,10,358.0
619,6,1,3429.0
619,6,2,70.0
619,6,9,169.0
619,6,6,43.0
619,6,14,618.0
619,2,8,35.0
619,2,11,155.0
619,2,10,94.93
619,2,1,1501.0
619,2,2,9.0
619,2,9,67.0
619,2,6,11.0
619,2,14,252.0
620,4,8,18.0
620,4,10,2.97
620,4,1,661.0
620,4,2,0.0
620,4,9,0.0
620,4,6,0.0
620,4,14,6.0
620,5,8,14.0
620,5,10,0.95
620,5,1,9.0
620,5,2,0.0
620,5,9,0.0
620,5,6,23.0
620,5,14,1.0
620,1,8,114.0
620,1,11,9.0
620,1,10,148.69
620,1,1,692.0
620,1,2,22.0
620,1,9,32.0
620,1,6,2.0
620,1,14,183.0
620,3,8,77.0
620,3,11,68.0
620,3,10,97.26
620,3,1,578.0
620,3,2,42.0
620,3,9,70.0
620,3,6,5.0
620,3,14,192.0
620,6,8,261.0
620,6,11,202.0
620,6,10,347.0
620,6,1,3439.0
620,6,2,74.0
620,6,9,170.0
620,6,6,43.0
620,6,14,607.0
620,2,8,38.0
620,2,11,125.0
620,2,10,97.53
620,2,1,1499.0
620,2,2,10.0
620,2,9,68.0
620,2,6,13.0
620,2,14,225.0
621,4,8,19.0
621,4,10,3.17
621,4,1,679.0
621,4,2,0.0
621,4,9,0.0
621,4,6,0.0
621,4,14,6.0
621,5,8,13.0
621,5,10,1.04
621,5,1,9.0
621,5,2,0.0
621,5,9,0.0
621,5,6,24.0
621,5,14,1.0
621,1,8,114.0
621,1,11,12.0
621,1,10,151.77
621,1,1,688.0
621,1,2,21.0
621,1,9,32.0
621,1,6,2.0
621,1,14,189.0
621,3,8,84.0
621,3,11,57.0
621,3,10,58.49
621,3,1,587.0
621,3,2,29.0
621,3,9,64.0
621,3,6,5.0
621,3,14,142.0
621,6,8,273.0
621,6,11,223.0
621,6,10,313.0
621,6,1,3435.0
621,6,2,59.0
621,6,9,163.0
621,6,6,43.0
621,6,14,595.0
621,2,8,43.0
621,2,11,154.0
621,2,10,98.5
621,2,1,1472.0
621,2,2,9.0
621,2,9,68.0
621,2,6,11.0
621,2,14,257.0
622,4,8,16.0
622,4,10,2.91
622,4,1,677.0
622,4,2,0.0
622,4,9,0.0
622,4,6,0.0
622,4,14,6.0
622,5,8,14.0
622,5,10,1.07
622,5,1,9.0
622,5,2,0.0
622,5,9,0.0
622,5,6,23.0
622,5,14,1.0
622,1,8,114.0
622,1,11,26.0
622,1,10,154.61
622,1,1,693.0
622,1,2,19.0
622,1,9,32.0
622,1,6,2.0
622,1,14,206.0
622,3,8,73.0
622,3,11,56.0
622,3,10,63.59
622,3,1,594.0
622,3,2,23.0
622,3,9,65.0
622,3,6,6.0
622,3,14,146.0
622,6,8,254.0
622,6,11,287.0
622,6,10,322.0
622,6,1,3403.0
622,6,2,50.0
622,6,9,164.0
622,6,6,42.0
622,6,14,668.0
622,2,8,37.0
622,2,11,206.0
622,2,10,99.39
622,2,1,1429.0
622,2,2,8.0
622,2,9,68.0
622,2,6,11.0
622,2,14,309.0
623,4,8,16.0
623,4,10,3.49
623,4,1,674.0
623,4,2,0.0
623,4,9,0.0
623,4,6,0.0
623,4,14,7.0
623,5,8,14.0
623,5,10,1.11
623,5,1,9.0
623,5,2,0.0
623,5,9,0.0
623,5,6,24.0
623,5,14,1.0
623,1,8,115.0
623,1,11,13.0
623,1,10,165.9
623,1,1,683.0
623,1,2,23.0
623,1,9,32.0
623,1,6,3.0
623,1,14,205.0
623,3,8,67.0
623,3,11,73.0
623,3,10,90.32
623,3,1,570.0
623,3,2,27.0
623,3,9,70.0
623,3,6,4.0
623,3,14,191.0
623,6,8,252.0
623,6,11,239.0
623,6,10,365.0
623,6,1,3335.0
623,6,2,56.0
623,6,9,170.0
623,6,6,42.0
623,6,14,665.0
623,2,8,40.0
623,2,11,153.0
623,2,10,104.34
623,2,1,1398.0
623,2,2,7.0
623,2,9,68.0
623,2,6,11.0
623,2,14,262.0
624,4,8,17.0
624,4,10,3.19
624,4,1,641.0
624,4,2,0.0
624,4,9,0.0
624,4,6,0.0
624,4,14,6.0
624,5,8,13.0
624,5,10,1.17
624,5,1,8.0
624,5,2,0.0
624,5,9,0.0
624,5,6,25.0
624,5,14,1.0
624,1,8,114.0
624,1,11,11.0
624,1,10,163.77
624,1,1,672.0
624,1,2,24.0
624,1,9,32.0
624,1,6,2.0
624,1,14,200.0
624,3,8,69.0
624,3,11,79.0
624,3,10,126.68
624,3,1,521.0
624,3,2,27.0
624,3,9,70.0
624,3,6,3.0
624,3,14,230.0
624,6,8,244.0
624,6,11,181.0
624,6,10,397.0
624,6,1,3239.0
624,6,2,58.0
624,6,9,169.0
624,6,6,38.0
624,6,14,636.0
624,2,8,30.0
624,2,11,92.0
624,2,10,102.0
624,2,1,1397.0
624,2,2,7.0
624,2,9,68.0
624,2,6,8.0
624,2,14,198.0
625,4,8,18.0
625,4,10,3.61
625,4,1,654.0
625,4,2,0.0
625,4,9,0.0
625,4,6,0.0
625,4,14,7.0
625,5,8,14.0
625,5,10,1.2
625,5,1,10.0
625,5,2,0.0
625,5,9,0.0
625,5,6,25.0
625,5,14,1.0
625,1,8,118.0
625,1,11,10.0
625,1,10,153.29
625,1,1,706.0
625,1,2,26.0
625,1,9,32.0
625,1,6,2.0
625,1,14,190.0
625,3,8,81.0
625,3,11,49.0
625,3,10,121.59
625,3,1,568.0
625,3,2,33.0
625,3,9,67.0
625,3,6,2.0
625,3,14,198.0
625,6,8,269.0
625,6,11,149.0
625,6,10,378.0
625,6,1,3418.0
625,6,2,66.0
625,6,9,166.0
625,6,6,42.0
625,6,14,586.0
625,2,8,39.0
625,2,11,89.0
625,2,10,98.68
625,2,1,1480.0
625,2,2,7.0
625,2,9,68.0
625,2,6,13.0
625,2,14,190.0
626,4,8,18.0
626,4,10,3.22
626,4,1,665.0
626,4,2,0.0
626,4,9,0.0
626,4,6,0.0
626,4,14,6.0
626,5,8,14.0
626,5,10,1.23
626,5,1,10.0
626,5,2,0.0
626,5,9,0.0
626,5,6,25.0
626,5,14,1.0
626,1,8,117.0
626,1,11,21.0
626,1,10,151.06
626,1,1,716.0
626,1,2,26.0
626,1,9,32.0
626,1,6,10.0
626,1,14,198.0
626,3,8,90.0
626,3,11,19.0
626,3,10,124.06
626,3,1,614.0
626,3,2,28.0
626,3,9,70.0
626,3,6,4.0
626,3,14,171.0
626,6,8,284.0
626,6,11,151.0
626,6,10,378.0
626,6,1,3503.0
626,6,2,61.0
626,6,9,169.0
626,6,6,61.0
626,6,14,587.0
626,2,8,47.0
626,2,11,111.0
626,2,10,98.32
626,2,1,1499.0
626,2,2,7.0
626,2,9,68.0
626,2,6,23.0
626,2,14,212.0
627,4,8,19.0
627,4,10,3.1
627,4,1,649.0
627,4,2,0.0
627,4,9,0.0
627,4,6,0.0
627,4,14,6.0
627,5,8,14.0
627,5,10,0.9
627,5,1,10.0
627,5,2,0.0
627,5,9,0.0
627,5,6,25.0
627,5,14,1.0
627,1,8,117.0
627,1,11,26.0
627,1,10,148.55
627,1,1,757.0
627,1,2,28.0
627,1,9,32.0
627,1,6,12.0
627,1,14,201.0
627,3,8,96.0
627,3,11,14.0
627,3,10,99.28
627,3,1,622.0
627,3,2,37.0
627,3,9,70.0
627,3,6,5.0
627,3,14,139.0
627,6,8,305.0
627,6,11,194.0
627,6,10,346.0
627,6,1,3557.0
627,6,2,72.0
627,6,9,169.0
627,6,6,75.0
627,6,14,599.0
627,2,8,60.0
627,2,11,154.0
627,2,10,94.66
627,2,1,1519.0
627,2,2,8.0
627,2,9,67.0
627,2,6,33.0
627,2,14,252.0
628,4,8,19.0
628,4,10,2.42
628,4,1,674.0
628,4,2,0.0
628,4,9,0.0
628,4,6,0.0
628,4,14,5.0
628,5,8,14.0
628,5,10,1.07
628,5,1,11.0
628,5,2,0.0
628,5,9,0.0
628,5,6,25.0
628,5,14,1.0
628,1,8,114.0
628,1,11,25.0
628,1,10,149.39
628,1,1,750.0
628,1,2,32.0
628,1,9,32.0
628,1,6,10.0
628,1,14,200.0
628,3,8,99.0
628,3,11,17.0
628,3,10,101.78
628,3,1,609.0
628,3,2,36.0
628,3,9,70.0
628,3,6,5.0
628,3,14,147.0
628,6,8,301.0
628,6,11,120.0
628,6,10,344.0
628,6,1,3619.0
628,6,2,80.0
628,6,9,166.0
628,6,6,75.0
628,6,14,526.0
628,2,8,57.0
628,2,11,79.0
628,2,10,89.04
628,2,1,1574.0
628,2,2,13.0
628,2,9,64.0
628,2,6,35.0
628,2,14,172.0
629,4,8,16.0
629,4,10,2.24
629,4,1,678.0
629,4,2,0.0
629,4,9,0.0
629,4,6,0.0
629,4,14,5.0
629,5,8,13.0
629,5,10,1.01
629,5,1,15.0
629,5,2,0.0
629,5,9,0.0
629,5,6,24.0
629,5,14,1.0
629,1,8,114.0
629,1,11,47.0
629,1,10,120.76
629,1,1,761.0
629,1,2,30.0
629,1,9,31.0
629,1,6,14.0
629,1,14,193.0
629,3,8,101.0
629,3,11,13.0
629,3,10,97.07
629,3,1,599.0
629,3,2,36.0
629,3,9,70.0
629,3,6,5.0
629,3,14,141.0
629,6,8,305.0
629,6,11,210.0
629,6,10,307.0
629,6,1,3617.0
629,6,2,76.0
629,6,9,169.0
629,6,6,75.0
629,6,14,580.0
629,2,8,60.0
629,2,11,150.0
629,2,10,85.61
629,2,1,1564.0
629,2,2,10.0
629,2,9,67.0
629,2,6,32.0
629,2,14,240.0
630,4,8,17.0
630,4,10,2.41
630,4,1,699.0
630,4,2,0.0
630,4,9,0.0
630,4,6,0.0
630,4,14,6.0
630,5,8,13.0
630,5,10,0.68
630,5,1,15.0
630,5,2,0.0
630,5,9,0.0
630,5,6,25.0
630,5,14,1.0
630,1,8,113.0
630,1,11,26.0
630,1,10,113.07
630,1,1,764.0
630,1,2,29.0
630,1,9,31.0
630,1,6,13.0
630,1,14,165.0
630,3,8,93.0
630,3,11,17.0
630,3,10,104.87
630,3,1,604.0
630,3,2,40.0
630,3,9,70.0
630,3,6,5.0
630,3,14,150.0
630,6,8,295.0
630,6,11,141.0
630,6,10,299.0
630,6,1,3645.0
630,6,2,80.0
630,6,9,167.0
630,6,6,82.0
630,6,14,500.0
630,2,8,58.0
630,2,11,98.0
630,2,10,78.44
630,2,1,1563.0
630,2,2,10.0
630,2,9,66.0
630,2,6,39.0
630,2,14,179.0
631,4,8,17.0
631,4,10,2.67
631,4,1,692.0
631,4,2,0.0
631,4,9,0.0
631,4,6,0.0
631,4,14,6.0
631,5,8,13.0
631,5,10,0.88
631,5,1,15.0
631,5,2,0.0
631,5,9,0.0
631,5,6,25.0
631,5,14,1.0
631,1,8,115.0
631,1,11,18.0
631,1,10,99.84
631,1,1,772.0
631,1,2,29.0
631,1,9,31.0
631,1,6,4.0
631,1,14,144.0
631,3,8,68.0
631,3,11,24.0
631,3,10,101.24
631,3,1,597.0
631,3,2,43.0
631,3,9,70.0
631,3,6,14.0
631,3,14,152.0
631,6,8,266.0
631,6,11,109.0
631,6,10,272.0
631,6,1,3621.0
631,6,2,83.0
631,6,9,156.0
631,6,6,73.0
631,6,14,440.0
631,2,8,53.0
631,2,11,67.0
631,2,10,67.47
631,2,1,1545.0
631,2,2,10.0
631,2,9,54.0
631,2,6,30.0
631,2,14,138.0
632,4,8,17.0
632,4,10,2.91
632,4,1,697.0
632,4,2,0.0
632,4,9,0.0
632,4,6,0.0
632,4,14,6.0
632,5,8,13.0
632,5,10,0.95
632,5,1,15.0
632,5,2,0.0
632,5,9,0.0
632,5,6,25.0
632,5,14,1.0
632,1,8,112.0
632,1,11,21.0
632,1,10,93.2
632,1,1,798.0
632,1,2,30.0
632,1,9,31.0
632,1,6,11.0
632,1,14,140.0
632,3,8,96.0
632,3,11,25.0
632,3,10,110.32
632,3,1,622.0
632,3,2,43.0
632,3,9,70.0
632,3,6,14.0
632,3,14,162.0
632,6,8,301.0
632,6,11,103.0
632,6,10,274.0
632,6,1,3686.0
632,6,2,88.0
632,6,9,155.0
632,6,6,71.0
632,6,14,436.0
632,2,8,63.0
632,2,11,57.0
632,2,10,67.06
632,2,1,1553.0
632,2,2,14.0
632,2,9,54.0
632,2,6,20.0
632,2,14,127.0
633,4,8,18.0
633,4,10,1.63
633,4,1,715.0
633,4,2,0.0
633,4,9,0.0
633,4,6,0.0
633,4,14,5.0
633,5,8,14.0
633,5,10,1.17
633,5,1,13.0
633,5,2,0.0
633,5,9,0.0
633,5,6,25.0
633,5,14,1.0
633,1,8,112.0
633,1,11,37.0
633,1,10,110.2
633,1,1,764.0
633,1,2,29.0
633,1,9,31.0
633,1,6,9.0
633,1,14,174.0
633,3,8,85.0
633,3,11,25.0
633,3,10,102.26
633,3,1,606.0
633,3,2,47.0
633,3,9,70.0
633,3,6,14.0
633,3,14,153.0
633,6,8,286.0
633,6,11,168.0
633,6,10,292.0
633,6,1,3651.0
633,6,2,92.0
633,6,9,155.0
633,6,6,66.0
633,6,14,517.0
633,2,8,57.0
633,2,11,106.0
633,2,10,76.67
633,2,1,1552.0
633,2,2,15.0
633,2,9,54.0
633,2,6,18.0
633,2,14,185.0
634,4,8,15.0
634,4,10,1.17
634,4,1,699.0
634,4,2,0.0
634,4,9,0.0
634,4,6,0.0
634,4,14,4.0
634,5,8,13.0
634,5,10,0.91
634,5,1,10.0
634,5,2,0.0
634,5,9,0.0
634,5,6,25.0
634,5,14,1.0
634,1,8,104.0
634,1,11,38.0
634,1,10,120.69
634,1,1,746.0
634,1,2,28.0
634,1,9,31.0
634,1,6,9.0
634,1,14,185.0
634,3,8,84.0
634,3,11,20.0
634,3,10,84.76
634,3,1,604.0
634,3,2,49.0
634,3,9,70.0
634,3,6,7.0
634,3,14,132.0
634,6,8,273.0
634,6,11,183.0
634,6,10,282.0
634,6,1,3607.0
634,6,2,89.0
634,6,9,155.0
634,6,6,59.0
634,6,14,525.0
634,2,8,57.0
634,2,11,125.0
634,2,10,74.26
634,2,1,1548.0
634,2,2,12.0
634,2,9,54.0
634,2,6,18.0
634,2,14,203.0
635,4,8,14.0
635,4,10,2.29
635,4,1,702.0
635,4,2,0.0
635,4,9,0.0
635,4,6,0.0
635,4,14,5.0
635,5,8,13.0
635,5,10,1.04
635,5,1,10.0
635,5,2,0.0
635,5,9,0.0
635,5,6,25.0
635,5,14,1.0
635,1,8,104.0
635,1,11,35.0
635,1,10,94.45
635,1,1,770.0
635,1,2,28.0
635,1,9,31.0
635,1,6,8.0
635,1,14,155.0
635,3,8,93.0
635,3,11,32.0
635,3,10,68.32
635,3,1,632.0
635,3,2,51.0
635,3,9,70.0
635,3,6,5.0
635,3,14,127.0
635,6,8,279.0
635,6,11,180.0
635,6,10,227.0
635,6,1,3673.0
635,6,2,93.0
635,6,9,155.0
635,6,6,55.0
635,6,14,466.0
635,2,8,55.0
635,2,11,113.0
635,2,10,60.58
635,2,1,1559.0
635,2,2,13.0
635,2,9,54.0
635,2,6,17.0
635,2,14,177.0
636,4,8,14.0
636,4,10,3.05
636,4,1,695.0
636,4,2,0.0
636,4,9,0.0
636,4,6,0.0
636,4,14,5.0
636,5,8,12.0
636,5,10,1.07
636,5,1,9.0
636,5,2,0.0
636,5,9,0.0
636,5,6,24.0
636,5,14,1.0
636,1,8,104.0
636,1,11,34.0
636,1,10,79.08
636,1,1,704.0
636,1,2,29.0
636,1,9,31.0
636,1,6,5.0
636,1,14,139.0
636,3,8,74.0
636,3,11,75.0
636,3,10,76.81
636,3,1,599.0
636,3,2,46.0
636,3,9,70.0
636,3,6,6.0
636,3,14,180.0
636,6,8,244.0
636,6,11,237.0
636,6,10,222.0
636,6,1,3516.0
636,6,2,88.0
636,6,9,155.0
636,6,6,51.0
636,6,14,520.0
636,2,8,39.0
636,2,11,128.0
636,2,10,62.39
636,2,1,1508.0
636,2,2,14.0
636,2,9,54.0
636,2,6,15.0
636,2,14,195.0
637,4,8,15.0
637,4,10,2.98
637,4,1,648.0
637,4,2,0.0
637,4,9,0.0
637,4,6,0.0
637,4,14,5.0
637,5,8,12.0
637,5,10,1.11
637,5,1,9.0
637,5,2,0.0
637,5,9,0.0
637,5,6,25.0
637,5,14,1.0
637,1,8,101.0
637,1,11,8.0
637,1,10,127.83
637,1,1,645.0
637,1,2,27.0
637,1,9,31.0
637,1,6,2.0
637,1,14,162.0
637,3,8,68.0
637,3,11,76.0
637,3,10,116.83
637,3,1,571.0
637,3,2,46.0
637,3,9,70.0
637,3,6,6.0
637,3,14,225.0
637,6,8,230.0
637,6,11,197.0
637,6,10,322.0
637,6,1,3294.0
637,6,2,90.0
637,6,9,155.0
637,6,6,40.0
637,6,14,582.0
637,2,8,34.0
637,2,11,113.0
637,2,10,73.53
637,2,1,1421.0
637,2,2,17.0
637,2,9,54.0
637,2,6,8.0
637,2,14,189.0
638,4,8,14.0
638,4,10,3.0
638,4,1,622.0
638,4,2,0.0
638,4,9,0.0
638,4,6,0.0
638,4,14,6.0
638,5,8,12.0
638,5,10,0.92
638,5,1,9.0
638,5,2,0.0
638,5,9,0.0
638,5,6,25.0
638,5,14,1.0
638,1,8,99.0
638,1,11,19.0
638,1,10,122.98
638,1,1,640.0
638,1,2,29.0
638,1,9,31.0
638,1,6,3.0
638,1,14,169.0
638,3,8,73.0
638,3,11,71.0
638,3,10,130.89
638,3,1,538.0
638,3,2,43.0
638,3,9,70.0
638,3,6,6.0
638,3,14,229.0
638,6,8,229.0
638,6,11,197.0
638,6,10,339.0
638,6,1,3237.0
638,6,2,90.0
638,6,9,155.0
638,6,6,46.0
638,6,14,597.0
638,2,8,32.0
638,2,11,107.0
638,2,10,81.35
638,2,1,1429.0
638,2,2,18.0
638,2,9,54.0
638,2,6,13.0
638,2,14,192.0
639,4,8,13.0
639,4,10,2.91
639,4,1,651.0
639,4,2,0.0
639,4,9,0.0
639,4,6,0.0
639,4,14,7.0
639,5,8,12.0
639,5,10,0.94
639,5,1,9.0
639,5,2,0.0
639,5,9,0.0
639,5,6,25.0
639,5,14,1.0
639,1,8,97.0
639,1,11,13.0
639,1,10,145.24
639,1,1,704.0
639,1,2,24.0
639,1,9,28.0
639,1,6,3.0
639,1,14,185.0
639,3,8,73.0
639,3,11,114.0
639,3,10,126.36
639,3,1,579.0
639,3,2,47.0
639,3,9,70.0
639,3,6,5.0
639,3,14,266.0
639,6,8,222.0
639,6,11,190.0
639,6,10,371.0
639,6,1,3430.0
639,6,2,89.0
639,6,9,152.0
639,6,6,44.0
639,6,14,621.0
639,2,8,27.0
639,2,11,62.0
639,2,10,95.59
639,2,1,1488.0
639,2,2,18.0
639,2,9,54.0
639,2,6,11.0
639,2,14,162.0
640,4,8,17.0
640,4,10,3.13
640,4,1,668.0
640,4,2,0.0
640,4,9,0.0
640,4,6,0.0
640,4,14,6.0
640,5,8,13.0
640,5,10,0.93
640,5,1,9.0
640,5,2,0.0
640,5,9,0.0
640,5,6,24.0
640,5,14,1.0
640,1,8,100.0
640,1,11,10.0
640,1,10,130.54
640,1,1,714.0
640,1,2,22.0
640,1,9,32.0
640,1,6,5.0
640,1,14,167.0
640,3,8,85.0
640,3,11,81.0
640,3,10,124.05
640,3,1,604.0
640,3,2,51.0
640,3,9,70.0
640,3,6,5.0
640,3,14,233.0
640,6,8,245.0
640,6,11,144.0
640,6,10,361.0
640,6,1,3539.0
640,6,2,91.0
640,6,9,155.0
640,6,6,49.0
640,6,14,567.0
640,2,8,30.0
640,2,11,53.0
640,2,10,102.67
640,2,1,1544.0
640,2,2,18.0
640,2,9,54.0
640,2,6,15.0
640,2,14,159.0
641,4,8,18.0
641,4,10,3.22
641,4,1,680.0
641,4,2,0.0
641,4,9,0.0
641,4,6,0.0
641,4,14,6.0
641,5,8,13.0
641,5,10,0.98
641,5,1,9.0
641,5,2,0.0
641,5,9,0.0
641,5,6,25.0
641,5,14,1.0
641,1,8,100.0
641,1,11,8.0
641,1,10,145.3
641,1,1,738.0
641,1,2,23.0
641,1,9,32.0
641,1,6,6.0
641,1,14,179.0
641,3,8,86.0
641,3,11,102.0
641,3,10,136.41
641,3,1,609.0
641,3,2,50.0
641,3,9,65.0
641,3,6,4.0
641,3,14,268.0
641,6,8,247.0
641,6,11,156.0
641,6,10,389.0
641,6,1,3661.0
641,6,2,92.0
641,6,9,151.0
641,6,6,48.0
641,6,14,606.0
641,2,8,31.0
641,2,11,46.0
641,2,10,103.17
641,2,1,1625.0
641,2,2,18.0
641,2,9,54.0
641,2,6,14.0
641,2,14,152.0
642,4,8,18.0
642,4,10,3.07
642,4,1,672.0
642,4,2,0.0
642,4,9,0.0
642,4,6,0.0
642,4,14,6.0
642,5,8,12.0
642,5,10,1.11
642,5,1,10.0
642,5,2,0.0
642,5,9,0.0
642,5,6,25.0
642,5,14,1.0
642,1,8,96.0
642,1,11,9.0
642,1,10,143.75
642,1,1,749.0
642,1,2,23.0
642,1,9,32.0
642,1,6,3.0
642,1,14,179.0
642,3,8,95.0
642,3,11,58.0
642,3,10,143.47
642,3,1,628.0
642,3,2,52.0
642,3,9,66.0
642,3,6,5.0
642,3,14,237.0
642,6,8,257.0
642,6,11,119.0
642,6,10,394.0
642,6,1,3617.0
642,6,2,91.0
642,6,9,151.0
642,6,6,45.0
642,6,14,582.0
642,2,8,36.0
642,2,11,52.0
642,2,10,102.69
642,2,1,1559.0
642,2,2,16.0
642,2,9,54.0
642,2,6,13.0
642,2,14,159.0
643,4,8,18.0
643,4,10,2.63
643,4,1,631.0
643,4,2,0.0
643,4,9,0.0
643,4,6,0.0
643,4,14,6.0
643,5,8,12.0
643,5,10,1.08
643,5,1,9.0
643,5,2,0.0
643,5,9,0.0
643,5,6,25.0
643,5,14,1.0
643,1,8,93.0
643,1,11,15.0
643,1,10,120.4
643,1,1,725.0
643,1,2,26.0
643,1,9,32.0
643,1,6,3.0
643,1,14,162.0
643,3,8,82.0
643,3,11,55.0
643,3,10,141.99
643,3,1,606.0
643,3,2,54.0
643,3,9,70.0
643,3,6,5.0
643,3,14,232.0
643,6,8,230.0
643,6,11,139.0
643,6,10,358.0
643,6,1,3523.0
643,6,2,96.0
643,6,9,156.0
643,6,6,44.0
643,6,14,566.0
643,2,8,26.0
643,2,11,69.0
643,2,10,91.91
643,2,1,1551.0
643,2,2,16.0
643,2,9,54.0
643,2,6,11.0
643,2,14,165.0
644,4,8,19.0
644,4,10,2.71
644,4,1,624.0
644,4,2,0.0
644,4,9,0.0
644,4,6,0.0
644,4,14,6.0
644,5,8,13.0
644,5,10,1.04
644,5,1,9.0
644,5,2,0.0
644,5,9,0.0
644,5,6,25.0
644,5,14,1.0
644,1,8,92.0
644,1,11,22.0
644,1,10,147.12
644,1,1,733.0
644,1,2,27.0
644,1,9,32.0
644,1,6,12.0
644,1,14,195.0
644,3,8,97.0
644,3,11,46.0
644,3,10,138.0
644,3,1,623.0
644,3,2,55.0
644,3,9,71.0
644,3,6,6.0
644,3,14,223.0
644,6,8,253.0
644,6,11,211.0
644,6,10,385.0
644,6,1,3543.0
644,6,2,98.0
644,6,9,157.0
644,6,6,58.0
644,6,14,668.0
644,2,8,33.0
644,2,11,143.0
644,2,10,95.96
644,2,1,1554.0
644,2,2,16.0
644,2,9,54.0
644,2,6,15.0
644,2,14,243.0
645,4,8,18.0
645,4,10,2.52
645,4,1,636.0
645,4,2,0.0
645,4,9,0.0
645,4,6,0.0
645,4,14,6.0
645,5,8,12.0
645,5,10,0.8
645,5,1,9.0
645,5,2,0.0
645,5,9,0.0
645,5,6,24.0
645,5,14,1.0
645,1,8,92.0
645,1,11,18.0
645,1,10,151.99
645,1,1,760.0
645,1,2,26.0
645,1,9,32.0
645,1,6,13.0
645,1,14,196.0
645,3,8,102.0
645,3,11,45.0
645,3,10,132.91
645,3,1,626.0
645,3,2,56.0
645,3,9,71.0
645,3,6,12.0
645,3,14,221.0
645,6,8,260.0
645,6,11,227.0
645,6,10,389.0
645,6,1,3608.0
645,6,2,99.0
645,6,9,157.0
645,6,6,63.0
645,6,14,690.0
645,2,8,37.0
645,2,11,163.0
645,2,10,100.96
645,2,1,1577.0
645,2,2,17.0
645,2,9,54.0
645,2,6,14.0
645,2,14,267.0
646,4,8,22.0
646,4,10,3.15
646,4,1,662.0
646,4,2,0.0
646,4,9,0.0
646,4,6,0.0
646,4,14,6.0
646,5,8,11.0
646,5,10,0.47
646,5,1,13.0
646,5,2,0.0
646,5,9,0.0
646,5,6,24.0
646,5,14,0.0
646,1,8,88.0
646,1,11,4.0
646,1,10,163.12
646,1,1,766.0
646,1,2,23.0
646,1,9,32.0
646,1,6,13.0
646,1,14,193.0
646,3,8,95.0
646,3,11,60.0
646,3,10,135.11
646,3,1,621.0
646,3,2,58.0
646,3,9,71.0
646,3,6,14.0
646,3,14,235.0
646,6,8,252.0
646,6,11,157.0
646,6,10,408.0
646,6,1,3655.0
646,6,2,99.0
646,6,9,157.0
646,6,6,65.0
646,6,14,638.0
646,2,8,36.0
646,2,11,93.0
646,2,10,106.4
646,2,1,1592.0
646,2,2,17.0
646,2,9,54.0
646,2,6,15.0
646,2,14,203.0
647,4,8,22.0
647,4,10,2.7
647,4,1,661.0
647,4,2,0.0
647,4,9,0.0
647,4,6,0.0
647,4,14,6.0
647,5,8,12.0
647,5,10,0.92
647,5,1,14.0
647,5,2,0.0
647,5,9,0.0
647,5,6,24.0
647,5,14,1.0
647,1,8,93.0
647,1,11,13.0
647,1,10,158.97
647,1,1,763.0
647,1,2,20.0
647,1,9,32.0
647,1,6,10.0
647,1,14,198.0
647,3,8,93.0
647,3,11,78.0
647,3,10,125.91
647,3,1,622.0
647,3,2,60.0
647,3,9,71.0
647,3,6,14.0
647,3,14,252.0
647,6,8,258.0
647,6,11,155.0
647,6,10,395.0
647,6,1,3677.0
647,6,2,96.0
647,6,9,157.0
647,6,6,63.0
647,6,14,631.0
647,2,8,39.0
647,2,11,64.0
647,2,10,106.39
647,2,1,1618.0
647,2,2,16.0
647,2,9,55.0
647,2,6,15.0
647,2,14,174.0
648,4,8,19.0
648,4,10,3.08
648,4,1,669.0
648,4,2,0.0
648,4,9,0.0
648,4,6,0.0
648,4,14,36.0
648,5,8,11.0
648,5,10,1.07
648,5,1,15.0
648,5,2,0.0
648,5,9,0.0
648,5,6,24.0
648,5,14,1.0
648,1,8,91.0
648,1,11,19.0
648,1,10,151.75
648,1,1,792.0
648,1,2,22.0
648,1,9,32.0
648,1,6,6.0
648,1,14,197.0
648,3,8,104.0
648,3,11,91.0
648,3,10,109.8
648,3,1,656.0
648,3,2,63.0
648,3,9,71.0
648,3,6,14.0
648,3,14,233.0
648,6,8,268.0
648,6,11,174.0
648,6,10,356.0
648,6,1,3757.0
648,6,2,100.0
648,6,9,157.0
648,6,6,71.0
648,6,14,625.0
648,2,8,42.0
648,2,11,64.0
648,2,10,90.07
648,2,1,1625.0
648,2,2,15.0
648,2,9,54.0
648,2,6,27.0
648,2,14,158.0
649,4,8,20.0
649,4,10,3.25
649,4,1,672.0
649,4,2,0.0
649,4,9,0.0
649,4,6,0.0
649,4,14,6.0
649,5,8,11.0
649,5,10,1.12
649,5,1,16.0
649,5,2,0.0
649,5,9,0.0
649,5,6,25.0
649,5,14,1.0
649,1,8,90.0
649,1,11,20.0
649,1,10,126.67
649,1,1,764.0
649,1,2,23.0
649,1,9,32.0
649,1,6,6.0
649,1,14,173.0
649,3,8,108.0
649,3,11,69.0
649,3,10,84.28
649,3,1,667.0
649,3,2,62.0
649,3,9,71.0
649,3,6,14.0
649,3,14,185.0
649,6,8,286.0
649,6,11,149.0
649,6,10,301.0
649,6,1,3729.0
649,6,2,103.0
649,6,9,157.0
649,6,6,64.0
649,6,14,515.0
649,2,8,57.0
649,2,11,60.0
649,2,10,85.81
649,2,1,1610.0
649,2,2,17.0
649,2,9,54.0
649,2,6,20.0
649,2,14,149.0
650,4,8,20.0
650,4,10,2.8
650,4,1,646.0
650,4,2,0.0
650,4,9,0.0
650,4,6,0.0
650,4,14,5.0
650,5,8,10.0
650,5,10,1.07
650,5,1,14.0
650,5,2,0.0
650,5,9,0.0
650,5,6,25.0
650,5,14,1.0
650,1,8,89.0
650,1,11,18.0
650,1,10,103.34
650,1,1,708.0
650,1,2,27.0
650,1,9,32.0
650,1,6,2.0
650,1,14,148.0
650,3,8,79.0
650,3,11,65.0
650,3,10,107.95
650,3,1,640.0
650,3,2,57.0
650,3,9,71.0
650,3,6,13.0
650,3,14,208.0
650,6,8,237.0
650,6,11,188.0
650,6,10,302.0
650,6,1,3530.0
650,6,2,101.0
650,6,9,158.0
650,6,6,52.0
650,6,14,558.0
650,2,8,39.0
650,2,11,105.0
650,2,10,87.08
650,2,1,1522.0
650,2,2,17.0
650,2,9,54.0
650,2,6,11.0
650,2,14,196.0
651,4,8,18.0
651,4,10,2.75
651,4,1,656.0
651,4,2,0.0
651,4,9,0.0
651,4,6,0.0
651,4,14,5.0
651,5,8,11.0
651,5,10,0.89
651,5,1,14.0
651,5,2,0.0
651,5,9,0.0
651,5,6,25.0
651,5,14,1.0
651,1,8,91.0
651,1,11,16.0
651,1,10,91.52
651,1,1,735.0
651,1,2,29.0
651,1,9,27.0
651,1,6,13.0
651,1,14,133.0
651,3,8,87.0
651,3,11,72.0
651,3,10,108.77
651,3,1,650.0
651,3,2,48.0
651,3,9,71.0
651,3,6,13.0
651,3,14,212.0
651,6,8,256.0
651,6,11,244.0
651,6,10,296.0
651,6,1,3555.0
651,6,2,93.0
651,6,9,150.0
651,6,6,66.0
651,6,14,604.0
651,2,8,49.0
651,2,11,156.0
651,2,10,92.07
651,2,1,1500.0
651,2,2,16.0
651,2,9,52.0
651,2,6,15.0
651,2,14,253.0
652,4,8,17.0
652,4,10,2.63
652,4,1,636.0
652,4,2,0.0
652,4,9,0.0
652,4,6,0.0
652,4,14,6.0
652,5,8,11.0
652,5,10,0.94
652,5,1,13.0
652,5,2,0.0
652,5,9,0.0
652,5,6,25.0
652,5,14,1.0
652,1,8,89.0
652,1,11,20.0
652,1,10,142.92
652,1,1,695.0
652,1,2,29.0
652,1,9,26.0
652,1,6,12.0
652,1,14,189.0
652,3,8,71.0
652,3,11,103.0
652,3,10,94.92
652,3,1,600.0
652,3,2,45.0
652,3,9,71.0
652,3,6,12.0
652,3,14,226.0
652,6,8,231.0
652,6,11,248.0
652,6,10,336.0
652,6,1,3370.0
652,6,2,90.0
652,6,9,151.0
652,6,6,62.0
652,6,14,645.0
652,2,8,43.0
652,2,11,126.0
652,2,10,94.94
652,2,1,1426.0
652,2,2,16.0
652,2,9,54.0
652,2,6,13.0
652,2,14,224.0
653,4,8,20.0
653,4,10,2.29
653,4,1,649.0
653,4,2,0.0
653,4,9,0.0
653,4,6,0.0
653,4,14,6.0
653,5,8,11.0
653,5,10,1.15
653,5,1,14.0
653,5,2,0.0
653,5,9,0.0
653,5,6,25.0
653,5,14,1.0
653,1,8,88.0
653,1,11,26.0
653,1,10,141.83
653,1,1,682.0
653,1,2,29.0
653,1,9,26.0
653,1,6,9.0
653,1,14,194.0
653,3,8,83.0
653,3,11,112.0
653,3,10,97.06
653,3,1,603.0
653,3,2,44.0
653,3,9,71.0
653,3,6,12.0
653,3,14,235.0
653,6,8,249.0
653,6,11,266.0
653,6,10,327.0
653,6,1,3383.0
653,6,2,91.0
653,6,9,151.0
653,6,6,57.0
653,6,14,650.0
653,2,8,47.0
653,2,11,128.0
653,2,10,84.32
653,2,1,1436.0
653,2,2,18.0
653,2,9,54.0
653,2,6,12.0
653,2,14,215.0
654,4,8,23.0
654,4,10,2.98
654,4,1,665.0
654,4,2,0.0
654,4,9,0.0
654,4,6,0.0
654,4,14,6.0
654,5,8,11.0
654,5,10,1.18
654,5,1,14.0
654,5,2,0.0
654,5,9,0.0
654,5,6,24.0
654,5,14,1.0
654,1,8,90.0
654,1,11,14.0
654,1,10,153.26
654,1,1,697.0
654,1,2,29.0
654,1,9,26.0
654,1,6,3.0
654,1,14,194.0
654,3,8,92.0
654,3,11,97.0
654,3,10,111.47
654,3,1,607.0
654,3,2,41.0
654,3,9,68.0
654,3,6,12.0
654,3,14,235.0
654,6,8,263.0
654,6,11,240.0
654,6,10,363.0
654,6,1,3496.0
654,6,2,89.0
654,6,9,149.0
654,6,6,52.0
654,6,14,662.0
654,2,8,47.0
654,2,11,129.0
654,2,10,94.5
654,2,1,1513.0
654,2,2,19.0
654,2,9,54.0
654,2,6,13.0
654,2,14,226.0
655,4,8,24.0
655,4,10,2.68
655,4,1,661.0
655,4,2,0.0
655,4,9,0.0
655,4,6,0.0
655,4,14,6.0
655,5,8,11.0
655,5,10,1.11
655,5,1,14.0
655,5,2,0.0
655,5,9,0.0
655,5,6,24.0
655,5,14,1.0
655,1,8,91.0
655,1,11,38.0
655,1,10,149.5
655,1,1,710.0
655,1,2,29.0
655,1,9,27.0
655,1,6,3.0
655,1,14,214.0
655,3,8,76.0
655,3,11,116.0
655,3,10,122.89
655,3,1,620.0
655,3,2,41.0
655,3,9,56.0
655,3,6,11.0
655,3,14,266.0
655,6,8,252.0
655,6,11,307.0
655,6,10,377.0
655,6,1,3539.0
655,6,2,90.0
655,6,9,137.0
655,6,6,49.0
655,6,14,743.0
655,2,8,50.0
655,2,11,153.0
655,2,10,100.38
655,2,1,1533.0
655,2,2,20.0
655,2,9,54.0
655,2,6,12.0
655,2,14,255.0
656,4,8,23.0
656,4,10,2.95
656,4,1,690.0
656,4,2,0.0
656,4,9,0.0
656,4,6,0.0
656,4,14,6.0
656,5,8,11.0
656,5,10,1.13
656,5,1,14.0
656,5,2,0.0
656,5,9,0.0
656,5,6,24.0
656,5,14,1.0
656,1,8,90.0
656,1,11,20.0
656,1,10,148.7
656,1,1,731.0
656,1,2,28.0
656,1,9,32.0
656,1,6,3.0
656,1,14,195.0
656,3,8,91.0
656,3,11,96.0
656,3,10,99.57
656,3,1,643.0
656,3,2,43.0
656,3,9,61.0
656,3,6,9.0
656,3,14,231.0
656,6,8,262.0
656,6,11,199.0
656,6,10,354.0
656,6,1,3651.0
656,6,2,91.0
656,6,9,147.0
656,6,6,48.0
656,6,14,619.0
656,2,8,47.0
656,2,11,83.0
656,2,10,101.39
656,2,1,1574.0
656,2,2,21.0
656,2,9,54.0
656,2,6,12.0
656,2,14,187.0
657,4,8,20.0
657,4,10,3.61
657,4,1,683.0
657,4,2,0.0
657,4,9,0.0
657,4,6,0.0
657,4,14,6.0
657,5,8,10.0
657,5,10,1.12
657,5,1,14.0
657,5,2,0.0
657,5,9,0.0
657,5,6,24.0
657,5,14,1.0
657,1,8,87.0
657,1,11,12.0
657,1,10,150.59
657,1,1,711.0
657,1,2,27.0
657,1,9,32.0
657,1,6,3.0
657,1,14,189.0
657,3,8,75.0
657,3,11,50.0
657,3,10,84.18
657,3,1,615.0
657,3,2,42.0
657,3,9,68.0
657,3,6,5.0
657,3,14,172.0
657,6,8,223.0
657,6,11,116.0
657,6,10,344.0
657,6,1,3607.0
657,6,2,90.0
657,6,9,155.0
657,6,6,41.0
657,6,14,530.0
657,2,8,31.0
657,2,11,55.0
657,2,10,104.7
657,2,1,1585.0
657,2,2,21.0
657,2,9,54.0
657,2,6,10.0
657,2,14,162.0
658,4,8,26.0
658,4,10,3.35
658,4,1,693.0
658,4,2,0.0
658,4,9,0.0
658,4,6,0.0
658,4,14,6.0
658,5,8,10.0
658,5,10,1.03
658,5,1,14.0
658,5,2,0.0
658,5,9,0.0
658,5,6,24.0
658,5,14,1.0
658,1,8,90.0
658,1,11,17.0
658,1,10,134.41
658,1,1,734.0
658,1,2,29.0
658,1,9,32.0
658,1,6,5.0
658,1,14,177.0
658,3,8,80.0
658,3,11,57.0
658,3,10,125.48
658,3,1,630.0
658,3,2,45.0
658,3,9,71.0
658,3,6,5.0
658,3,14,224.0
658,6,8,253.0
658,6,11,114.0
658,6,10,368.0
658,6,1,3677.0
658,6,2,95.0
658,6,9,157.0
658,6,6,53.0
658,6,14,556.0
658,2,8,46.0
658,2,11,41.0
658,2,10,103.99
658,2,1,1606.0
658,2,2,21.0
658,2,9,54.0
658,2,6,19.0
658,2,14,147.0
659,4,8,23.0
659,4,10,3.25
659,4,1,689.0
659,4,2,0.0
659,4,9,0.0
659,4,6,0.0
659,4,14,6.0
659,5,8,10.0
659,5,10,0.98
659,5,1,15.0
659,5,2,0.0
659,5,9,0.0
659,5,6,24.0
659,5,14,1.0
659,1,8,89.0
659,1,11,19.0
659,1,10,163.1
659,1,1,744.0
659,1,2,30.0
659,1,9,32.0
659,1,6,3.0
659,1,14,241.0
659,3,8,83.0
659,3,11,56.0
659,3,10,139.65
659,3,1,644.0
659,3,2,45.0
659,3,9,71.0
659,3,6,5.0
659,3,14,239.0
659,6,8,251.0
659,6,11,115.0
659,6,10,411.0
659,6,1,3724.0
659,6,2,95.0
659,6,9,158.0
659,6,6,46.0
659,6,14,636.0
659,2,8,47.0
659,2,11,40.0
659,2,10,104.42
659,2,1,1632.0
659,2,2,21.0
659,2,9,55.0
659,2,6,14.0
659,2,14,148.0
660,4,8,23.0
660,4,10,3.63
660,4,1,675.0
660,4,2,0.0
660,4,9,0.0
660,4,6,0.0
660,4,14,7.0
660,5,8,10.0
660,5,10,0.88
660,5,1,15.0
660,5,2,0.0
660,5,9,0.0
660,5,6,24.0
660,5,14,1.0
660,1,8,88.0
660,1,11,21.0
660,1,10,164.57
660,1,1,757.0
660,1,2,30.0
660,1,9,32.0
660,1,6,3.0
660,1,14,211.0
660,3,8,88.0
660,3,11,61.0
660,3,10,121.54
660,3,1,663.0
660,3,2,44.0
660,3,9,71.0
660,3,6,5.0
660,3,14,231.0
660,6,8,256.0
660,6,11,146.0
660,6,10,396.0
660,6,1,3725.0
660,6,2,95.0
660,6,9,159.0
660,6,6,44.0
660,6,14,622.0
660,2,8,48.0
660,2,11,65.0
660,2,10,105.2
660,2,1,1616.0
660,2,2,21.0
660,2,9,55.0
660,2,6,12.0
660,2,14,173.0
661,4,8,17.0
661,4,10,3.22
661,4,1,651.0
661,4,2,0.0
661,4,9,0.0
661,4,6,0.0
661,4,14,7.0
661,5,8,10.0
661,5,10,0.75
661,5,1,13.0
661,5,2,0.0
661,5,9,0.0
661,5,6,24.0
661,5,14,1.0
661,1,8,87.0
661,1,11,27.0
661,1,10,169.52
661,1,1,724.0
661,1,2,29.0
661,1,9,32.0
661,1,6,3.0
661,1,14,222.0
661,3,8,92.0
661,3,11,70.0
661,3,10,128.25
661,3,1,647.0
661,3,2,50.0
661,3,9,71.0
661,3,6,5.0
661,3,14,247.0
661,6,8,251.0
661,6,11,231.0
661,6,10,409.0
661,6,1,3607.0
661,6,2,96.0
661,6,9,159.0
661,6,6,43.0
661,6,14,723.0
661,2,8,45.0
661,2,11,134.0
661,2,10,107.68
661,2,1,1572.0
661,2,2,17.0
661,2,9,55.0
661,2,6,12.0
661,2,14,246.0
662,4,8,23.0
662,4,10,2.98
662,4,1,666.0
662,4,2,0.0
662,4,9,0.0
662,4,6,0.0
662,4,14,6.0
662,5,8,10.0
662,5,10,0.54
662,5,1,13.0
662,5,2,0.0
662,5,9,0.0
662,5,6,22.0
662,5,14,1.0
662,1,8,90.0
662,1,11,22.0
662,1,10,183.82
662,1,1,727.0
662,1,2,27.0
662,1,9,32.0
662,1,6,3.0
662,1,14,232.0
662,3,8,84.0
662,3,11,80.0
662,3,10,142.33
662,3,1,639.0
662,3,2,51.0
662,3,9,71.0
662,3,6,5.0
662,3,14,271.0
662,6,8,249.0
662,6,11,265.0
662,6,10,439.0
662,6,1,3619.0
662,6,2,92.0
662,6,9,154.0
662,6,6,42.0
662,6,14,787.0
662,2,8,42.0
662,2,11,163.0
662,2,10,109.63
662,2,1,1573.0
662,2,2,13.0
662,2,9,51.0
662,2,6,12.0
662,2,14,277.0
663,4,8,23.0
663,4,10,3.42
663,4,1,696.0
663,4,2,0.0
663,4,9,0.0
663,4,6,0.0
663,4,14,7.0
663,5,8,11.0
663,5,10,0.76
663,5,1,13.0
663,5,2,0.0
663,5,9,0.0
663,5,6,22.0
663,5,14,1.0
663,1,8,92.0
663,1,11,5.0
663,1,10,188.28
663,1,1,743.0
663,1,2,27.0
663,1,9,32.0
663,1,6,3.0
663,1,14,219.0
663,3,8,86.0
663,3,11,65.0
663,3,10,141.05
663,3,1,654.0
663,3,2,58.0
663,3,9,71.0
663,3,6,5.0
663,3,14,255.0
663,6,8,255.0
663,6,11,168.0
663,6,10,447.0
663,6,1,3700.0
663,6,2,101.0
663,6,9,153.0
663,6,6,42.0
663,6,14,697.0
663,2,8,43.0
663,2,11,99.0
663,2,10,113.48
663,2,1,1594.0
663,2,2,16.0
663,2,9,50.0
663,2,6,12.0
663,2,14,215.0
664,4,8,21.0
664,4,10,3.45
664,4,1,654.0
664,4,2,0.0
664,4,9,0.0
664,4,6,0.0
664,4,14,6.0
664,5,8,10.0
664,5,10,0.87
664,5,1,8.0
664,5,2,0.0
664,5,9,0.0
664,5,6,23.0
664,5,14,1.0
664,1,8,93.0
664,1,11,4.0
664,1,10,188.07
664,1,1,717.0
664,1,2,26.0
664,1,9,32.0
664,1,6,3.0
664,1,14,218.0
664,3,8,65.0
664,3,11,83.0
664,3,10,149.33
664,3,1,604.0
664,3,2,55.0
664,3,9,71.0
664,3,6,4.0
664,3,14,273.0
664,6,8,227.0
664,6,11,144.0
664,6,10,461.0
664,6,1,3491.0
664,6,2,97.0
664,6,9,148.0
664,6,6,40.0
664,6,14,678.0
664,2,8,38.0
664,2,11,57.0
664,2,10,119.43
664,2,1,1508.0
664,2,2,16.0
664,2,9,45.0
664,2,6,11.0
664,2,14,181.0
665,4,8,21.0
665,4,10,3.52
665,4,1,704.0
665,4,2,0.0
665,4,9,0.0
665,4,6,0.0
665,4,14,6.0
665,5,8,10.0
665,5,10,0.93
665,5,1,13.0
665,5,2,0.0
665,5,9,0.0
665,5,6,22.0
665,5,14,1.0
665,1,8,94.0
665,1,11,4.0
665,1,10,183.61
665,1,1,766.0
665,1,2,25.0
665,1,9,32.0
665,1,6,3.0
665,1,14,211.0
665,3,8,88.0
665,3,11,57.0
665,3,10,145.0
665,3,1,664.0
665,3,2,54.0
665,3,9,71.0
665,3,6,9.0
665,3,14,251.0
665,6,8,256.0
665,6,11,93.0
665,6,10,447.0
665,6,1,3738.0
665,6,2,96.0
665,6,9,157.0
665,6,6,46.0
665,6,14,617.0
665,2,8,43.0
665,2,11,31.0
665,2,10,113.9
665,2,1,1592.0
665,2,2,17.0
665,2,9,54.0
665,2,6,12.0
665,2,14,148.0
666,4,8,25.0
666,4,10,3.39
666,4,1,722.0
666,4,2,0.0
666,4,9,0.0
666,4,6,0.0
666,4,14,7.0
666,5,8,10.0
666,5,10,0.77
666,5,1,15.0
666,5,2,0.0
666,5,9,0.0
666,5,6,22.0
666,5,14,1.0
666,1,8,99.0
666,1,11,7.0
666,1,10,181.75
666,1,1,796.0
666,1,2,25.0
666,1,9,32.0
666,1,6,7.0
666,1,14,215.0
666,3,8,96.0
666,3,11,49.0
666,3,10,139.8
666,3,1,696.0
666,3,2,57.0
666,3,9,71.0
666,3,6,10.0
666,3,14,239.0
666,6,8,282.0
666,6,11,79.0
666,6,10,438.0
666,6,1,3854.0
666,6,2,98.0
666,6,9,158.0
666,6,6,52.0
666,6,14,600.0
666,2,8,54.0
666,2,11,24.0
666,2,10,112.18
666,2,1,1625.0
666,2,2,17.0
666,2,9,55.0
666,2,6,12.0
666,2,14,138.0
667,4,8,24.0
667,4,10,3.3
667,4,1,728.0
667,4,2,0.0
667,4,9,0.0
667,4,6,0.0
667,4,14,4.0
667,5,8,10.0
667,5,10,0.68
667,5,1,15.0
667,5,2,0.0
667,5,9,0.0
667,5,6,23.0
667,5,14,1.0
667,1,8,94.0
667,1,11,13.0
667,1,10,177.88
667,1,1,779.0
667,1,2,28.0
667,1,9,32.0
667,1,6,9.0
667,1,14,217.0
667,3,8,90.0
667,3,11,69.0
667,3,10,134.74
667,3,1,696.0
667,3,2,60.0
667,3,9,71.0
667,3,6,10.0
667,3,14,254.0
667,6,8,271.0
667,6,11,117.0
667,6,10,432.0
667,6,1,3840.0
667,6,2,104.0
667,6,9,158.0
667,6,6,56.0
667,6,14,631.0
667,2,8,53.0
667,2,11,36.0
667,2,10,114.99
667,2,1,1623.0
667,2,2,15.0
667,2,9,55.0
667,2,6,14.0
667,2,14,155.0
668,4,8,23.0
668,4,10,3.23
668,4,1,741.0
668,4,2,0.0
668,4,9,0.0
668,4,6,0.0
668,4,14,7.0
668,5,8,10.0
668,5,10,0.61
668,5,1,16.0
668,5,2,0.0
668,5,9,0.0
668,5,6,14.0
668,5,14,1.0
668,1,8,95.0
668,1,11,21.0
668,1,10,154.87
668,1,1,791.0
668,1,2,29.0
668,1,9,32.0
668,1,6,10.0
668,1,14,202.0
668,3,8,94.0
668,3,11,49.0
668,3,10,124.97
668,3,1,727.0
668,3,2,58.0
668,3,9,71.0
668,3,6,10.0
668,3,14,225.0
668,6,8,275.0
668,6,11,120.0
668,6,10,399.0
668,6,1,3888.0
668,6,2,101.0
668,6,9,158.0
668,6,6,54.0
668,6,14,603.0
668,2,8,52.0
668,2,11,50.0
668,2,10,115.6
668,2,1,1613.0
668,2,2,13.0
668,2,9,55.0
668,2,6,19.0
668,2,14,168.0
669,4,8,24.0
669,4,10,2.92
669,4,1,732.0
669,4,2,0.0
669,4,9,0.0
669,4,6,0.0
669,4,14,6.0
669,5,8,11.0
669,5,10,0.61
669,5,1,16.0
669,5,2,0.0
669,5,9,0.0
669,5,6,21.0
669,5,14,1.0
669,1,8,93.0
669,1,11,10.0
669,1,10,141.64
669,1,1,810.0
669,1,2,27.0
669,1,9,32.0
669,1,6,14.0
669,1,14,178.0
669,3,8,102.0
669,3,11,41.0
669,3,10,134.9
669,3,1,724.0
669,3,2,58.0
669,3,9,71.0
669,3,6,11.0
669,3,14,227.0
669,6,8,293.0
669,6,11,116.0
669,6,10,388.0
669,6,1,3904.0
669,6,2,98.0
669,6,9,158.0
669,6,6,64.0
669,6,14,586.0
669,2,8,62.0
669,2,11,65.0
669,2,10,107.5
669,2,1,1621.0
669,2,2,13.0
669,2,9,55.0
669,2,6,19.0
669,2,14,176.0
670,4,8,23.0
670,4,10,3.18
670,4,1,722.0
670,4,2,0.0
670,4,9,0.0
670,4,6,0.0
670,4,14,6.0
670,5,8,10.0
670,5,10,0.74
670,5,1,15.0
670,5,2,0.0
670,5,9,0.0
670,5,6,21.0
670,5,14,1.0
670,1,8,92.0
670,1,11,21.0
670,1,10,147.87
670,1,1,769.0
670,1,2,26.0
670,1,9,32.0
670,1,6,12.0
670,1,14,194.0
670,3,8,86.0
670,3,11,39.0
670,3,10,140.3
670,3,1,710.0
670,3,2,54.0
670,3,9,66.0
670,3,6,11.0
670,3,14,229.0
670,6,8,263.0
670,6,11,114.0
670,6,10,409.0
670,6,1,3851.0
670,6,2,95.0
670,6,9,153.0
670,6,6,59.0
670,6,14,606.0
670,2,8,53.0
670,2,11,54.0
670,2,10,117.21
670,2,1,1635.0
670,2,2,14.0
670,2,9,55.0
670,2,6,14.0
670,2,14,176.0
671,4,8,21.0
671,4,10,3.28
671,4,1,677.0
671,4,2,0.0
671,4,9,0.0
671,4,6,0.0
671,4,14,6.0
671,5,8,10.0
671,5,10,0.82
671,5,1,14.0
671,5,2,0.0
671,5,9,0.0
671,5,6,22.0
671,5,14,1.0
671,1,8,93.0
671,1,11,31.0
671,1,10,179.2
671,1,1,717.0
671,1,2,27.0
671,1,9,33.0
671,1,6,9.0
671,1,14,236.0
671,3,8,70.0
671,3,11,57.0
671,3,10,148.4
671,3,1,661.0
671,3,2,49.0
671,3,9,71.0
671,3,6,10.0
671,3,14,237.0
671,6,8,238.0
671,6,11,138.0
671,6,10,449.0
671,6,1,3654.0
671,6,2,92.0
671,6,9,158.0
671,6,6,51.0
671,6,14,650.0
671,2,8,45.0
671,2,11,50.0
671,2,10,117.23
671,2,1,1584.0
671,2,2,16.0
671,2,9,54.0
671,2,6,10.0
671,2,14,171.0
672,4,8,22.0
672,4,10,3.15
672,4,1,692.0
672,4,2,0.0
672,4,9,0.0
672,4,6,0.0
672,4,14,6.0
672,5,8,11.0
672,5,10,0.67
672,5,1,15.0
672,5,2,0.0
672,5,9,0.0
672,5,6,22.0
672,5,14,1.0
672,1,8,94.0
672,1,11,34.0
672,1,10,164.67
672,1,1,776.0
672,1,2,28.0
672,1,9,32.0
672,1,6,11.0
672,1,14,225.0
672,3,8,88.0
672,3,11,54.0
672,3,10,149.82
672,3,1,692.0
672,3,2,53.0
672,3,9,71.0
672,3,6,11.0
672,3,14,236.0
672,6,8,270.0
672,6,11,126.0
672,6,10,423.0
672,6,1,3815.0
672,6,2,95.0
672,6,9,158.0
672,6,6,64.0
672,6,14,613.0
672,2,8,56.0
672,2,11,39.0
672,2,10,104.92
672,2,1,1641.0
672,2,2,14.0
672,2,9,55.0
672,2,6,19.0
672,2,14,146.0
673,4,8,23.0
673,4,10,3.14
673,4,1,683.0
673,4,2,0.0
673,4,9,0.0
673,4,6,0.0
673,4,14,6.0
673,5,8,10.0
673,5,10,0.97
673,5,1,15.0
673,5,2,0.0
673,5,9,0.0
673,5,6,23.0
673,5,14,1.0
673,1,8,97.0
673,1,11,4.0
673,1,10,178.51
673,1,1,808.0
673,1,2,26.0
673,1,9,32.0
673,1,6,9.0
673,1,14,209.0
673,3,8,87.0
673,3,11,58.0
673,3,10,152.96
673,3,1,705.0
673,3,2,56.0
673,3,9,71.0
673,3,6,10.0
673,3,14,245.0
673,6,8,277.0
673,6,11,148.0
673,6,10,448.0
673,6,1,3819.0
673,6,2,93.0
673,6,9,158.0
673,6,6,55.0
673,6,14,662.0
673,2,8,60.0
673,2,11,87.0
673,2,10,112.38
673,2,1,1609.0
673,2,2,10.0
673,2,9,55.0
673,2,6,13.0
673,2,14,202.0
674,4,8,22.0
674,4,10,3.24
674,4,1,696.0
674,4,2,0.0
674,4,9,0.0
674,4,6,0.0
674,4,14,6.0
674,5,8,10.0
674,5,10,0.93
674,5,1,16.0
674,5,2,0.0
674,5,9,0.0
674,5,6,23.0
674,5,14,1.0
674,1,8,95.0
674,1,11,4.0
674,1,10,183.22
674,1,1,813.0
674,1,2,27.0
674,1,9,32.0
674,1,6,10.0
674,1,14,213.0
674,3,8,96.0
674,3,11,60.0
674,3,10,144.1
674,3,1,710.0
674,3,2,57.0
674,3,9,71.0
674,3,6,10.0
674,3,14,242.0
674,6,8,288.0
674,6,11,150.0
674,6,10,451.0
674,6,1,3799.0
674,6,2,96.0
674,6,9,158.0
674,6,6,56.0
674,6,14,673.0
674,2,8,64.0
674,2,11,86.0
674,2,10,119.7
674,2,1,1564.0
674,2,2,13.0
674,2,9,55.0
674,2,6,13.0
674,2,14,210.0
675,4,8,22.0
675,4,10,3.07
675,4,1,704.0
675,4,2,0.0
675,4,9,0.0
675,4,6,0.0
675,4,14,6.0
675,5,8,10.0
675,5,10,0.7
675,5,1,14.0
675,5,2,0.0
675,5,9,0.0
675,5,6,23.0
675,5,14,1.0
675,1,8,91.0
675,1,11,17.0
675,1,10,192.79
675,1,1,768.0
675,1,2,27.0
675,1,9,32.0
675,1,6,9.0
675,1,14,236.0
675,3,8,77.0
675,3,11,83.0
675,3,10,142.61
675,3,1,675.0
675,3,2,52.0
675,3,9,71.0
675,3,6,10.0
675,3,14,264.0
675,6,8,243.0
675,6,11,273.0
675,6,10,460.0
675,6,1,3739.0
675,6,2,92.0
675,6,9,158.0
675,6,6,57.0
675,6,14,804.0
675,2,8,43.0
675,2,11,173.0
675,2,10,120.45
675,2,1,1578.0
675,2,2,13.0
675,2,9,55.0
675,2,6,14.0
675,2,14,297.0
676,4,8,23.0
676,4,10,3.4
676,4,1,706.0
676,4,2,0.0
676,4,9,0.0
676,4,6,0.0
676,4,14,7.0
676,5,8,10.0
676,5,10,0.87
676,5,1,15.0
676,5,2,0.0
676,5,9,0.0
676,5,6,23.0
676,5,14,1.0
676,1,8,95.0
676,1,11,20.0
676,1,10,181.76
676,1,1,758.0
676,1,2,29.0
676,1,9,32.0
676,1,6,9.0
676,1,14,229.0
676,3,8,79.0
676,3,11,80.0
676,3,10,149.14
676,3,1,685.0
676,3,2,43.0
676,3,9,71.0
676,3,6,12.0
676,3,14,275.0
676,6,8,256.0
676,6,11,252.0
676,6,10,455.0
676,6,1,3772.0
676,6,2,87.0
676,6,9,158.0
676,6,6,58.0
676,6,14,786.0
676,2,8,49.0
676,2,11,152.0
676,2,10,120.1
676,2,1,1609.0
676,2,2,15.0
676,2,9,55.0
676,2,6,14.0
676,2,14,275.0
677,4,8,22.0
677,4,10,3.4
677,4,1,703.0
677,4,2,0.0
677,4,9,0.0
677,4,6,0.0
677,4,14,7.0
677,5,8,11.0
677,5,10,1.03
677,5,1,15.0
677,5,2,0.0
677,5,9,0.0
677,5,6,22.0
677,5,14,1.0
677,1,8,96.0
677,1,11,14.0
677,1,10,180.9
677,1,1,779.0
677,1,2,32.0
677,1,9,32.0
677,1,6,9.0
677,1,14,221.0
677,3,8,84.0
677,3,11,84.0
677,3,10,143.76
677,3,1,696.0
677,3,2,38.0
677,3,9,71.0
677,3,6,10.0
677,3,14,277.0
677,6,8,269.0
677,6,11,159.0
677,6,10,447.0
677,6,1,3849.0
677,6,2,85.0
677,6,9,158.0
677,6,6,58.0
677,6,14,689.0
677,2,8,56.0
677,2,11,61.0
677,2,10,117.83
677,2,1,1656.0
677,2,2,15.0
677,2,9,55.0
677,2,6,17.0
677,2,14,183.0
678,4,8,19.0
678,4,10,3.83
678,4,1,695.0
678,4,2,0.0
678,4,9,0.0
678,4,6,0.0
678,4,14,7.0
678,5,8,9.0
678,5,10,1.08
678,5,1,15.0
678,5,2,0.0
678,5,9,0.0
678,5,6,23.0
678,5,14,1.0
678,1,8,96.0
678,1,11,6.0
678,1,10,183.73
678,1,1,746.0
678,1,2,30.0
678,1,9,32.0
678,1,6,9.0
678,1,14,216.0
678,3,8,72.0
678,3,11,90.0
678,3,10,139.3
678,3,1,661.0
678,3,2,40.0
678,3,9,66.0
678,3,6,9.0
678,3,14,277.0
678,6,8,241.0
678,6,11,118.0
678,6,10,449.0
678,6,1,3760.0
678,6,2,83.0
678,6,9,153.0
678,6,6,57.0
678,6,14,650.0
678,2,8,44.0
678,2,11,23.0
678,2,10,120.64
678,2,1,1643.0
678,2,2,13.0
678,2,9,55.0
678,2,6,15.0
678,2,14,148.0
679,4,8,24.0
679,4,10,3.51
679,4,1,714.0
679,4,2,0.0
679,4,9,0.0
679,4,6,0.0
679,4,14,7.0
679,5,8,10.0
679,5,10,0.92
679,5,1,16.0
679,5,2,0.0
679,5,9,0.0
679,5,6,24.0
679,5,14,1.0
679,1,8,95.0
679,1,11,5.0
679,1,10,163.19
679,1,1,789.0
679,1,2,29.0
679,1,9,32.0
679,1,6,12.0
679,1,14,195.0
679,3,8,84.0
679,3,11,63.0
679,3,10,138.46
679,3,1,729.0
679,3,2,42.0
679,3,9,66.0
679,3,6,12.0
679,3,14,247.0
679,6,8,280.0
679,6,11,99.0
679,6,10,428.0
679,6,1,3917.0
679,6,2,85.0
679,6,9,151.0
679,6,6,70.0
679,6,14,606.0
679,2,8,66.0
679,2,11,31.0
679,2,10,122.2
679,2,1,1670.0
679,2,2,13.0
679,2,9,53.0
679,2,6,21.0
679,2,14,156.0
680,4,8,26.0
680,4,10,2.48
680,4,1,727.0
680,4,2,0.0
680,4,9,0.0
680,4,6,0.0
680,4,14,5.0
680,5,8,10.0
680,5,10,0.67
680,5,1,17.0
680,5,2,0.0
680,5,9,0.0
680,5,6,24.0
680,5,14,1.0
680,1,8,95.0
680,1,11,12.0
680,1,10,183.85
680,1,1,799.0
680,1,2,28.0
680,1,9,32.0
680,1,6,11.0
680,1,14,222.0
680,3,8,85.0
680,3,11,51.0
680,3,10,145.89
680,3,1,726.0
680,3,2,45.0
680,3,9,66.0
680,3,6,10.0
680,3,14,232.0
680,6,8,280.0
680,6,11,134.0
680,6,10,450.0
680,6,1,3916.0
680,6,2,86.0
680,6,9,152.0
680,6,6,64.0
680,6,14,651.0
680,2,8,64.0
680,2,11,71.0
680,2,10,117.46
680,2,1,1647.0
680,2,2,13.0
680,2,9,55.0
680,2,6,18.0
680,2,14,192.0
681,4,8,26.0
681,4,10,3.27
681,4,1,750.0
681,4,2,0.0
681,4,9,0.0
681,4,6,0.0
681,4,14,7.0
681,5,8,10.0
681,5,10,0.75
681,5,1,16.0
681,5,2,0.0
681,5,9,0.0
681,5,6,23.0
681,5,14,1.0
681,1,8,95.0
681,1,11,7.0
681,1,10,181.75
681,1,1,787.0
681,1,2,28.0
681,1,9,32.0
681,1,6,9.0
681,1,14,215.0
681,3,8,91.0
681,3,11,40.0
681,3,10,145.38
681,3,1,722.0
681,3,2,54.0
681,3,9,66.0
681,3,6,10.0
681,3,14,217.0
681,6,8,277.0
681,6,11,111.0
681,6,10,451.0
681,6,1,3949.0
681,6,2,94.0
681,6,9,153.0
681,6,6,59.0
681,6,14,628.0
681,2,8,56.0
681,2,11,65.0
681,2,10,119.79
681,2,1,1674.0
681,2,2,12.0
681,2,9,55.0
681,2,6,16.0
681,2,14,188.0
682,4,8,28.0
682,4,10,3.71
682,4,1,739.0
682,4,2,0.0
682,4,9,0.0
682,4,6,0.0
682,4,14,7.0
682,5,8,10.0
682,5,10,1.65
682,5,1,17.0
682,5,2,0.0
682,5,9,0.0
682,5,6,24.0
682,5,14,2.0
682,1,8,99.0
682,1,11,3.0
682,1,10,187.46
682,1,1,765.0
682,1,2,28.0
682,1,9,32.0
682,1,6,9.0
682,1,14,217.0
682,3,8,92.0
682,3,11,36.0
682,3,10,151.37
682,3,1,727.0
682,3,2,57.0
682,3,9,66.0
682,3,6,11.0
682,3,14,225.0
682,6,8,280.0
682,6,11,89.0
682,6,10,468.0
682,6,1,3911.0
682,6,2,97.0
682,6,9,153.0
682,6,6,64.0
682,6,14,627.0
682,2,8,52.0
682,2,11,50.0
682,2,10,124.0
682,2,1,1664.0
682,2,2,12.0
682,2,9,55.0
682,2,6,20.0
682,2,14,177.0
683,4,8,27.0
683,4,10,3.63
683,4,1,746.0
683,4,2,0.0
683,4,9,0.0
683,4,6,0.0
683,4,14,7.0
683,5,8,10.0
683,5,10,0.84
683,5,1,17.0
683,5,2,0.0
683,5,9,0.0
683,5,6,24.0
683,5,14,1.0
683,1,8,104.0
683,1,11,7.0
683,1,10,180.74
683,1,1,756.0
683,1,2,25.0
683,1,9,32.0
683,1,6,9.0
683,1,14,214.0
683,3,8,89.0
683,3,11,25.0
683,3,10,152.83
683,3,1,737.0
683,3,2,56.0
683,3,9,66.0
683,3,6,10.0
683,3,14,214.0
683,6,8,284.0
683,6,11,81.0
683,6,10,463.0
683,6,1,3934.0
683,6,2,94.0
683,6,9,152.0
683,6,6,60.0
683,6,14,614.0
683,2,8,55.0
683,2,11,50.0
683,2,10,125.34
683,2,1,1678.0
683,2,2,13.0
683,2,9,55.0
683,2,6,16.0
683,2,14,178.0
684,4,8,23.0
684,4,10,3.84
684,4,1,746.0
684,4,2,0.0
684,4,9,0.0
684,4,6,0.0
684,4,14,7.0
684,5,8,10.0
684,5,10,1.12
684,5,1,14.0
684,5,2,0.0
684,5,9,0.0
684,5,6,25.0
684,5,14,1.0
684,1,8,102.0
684,1,11,27.0
684,1,10,189.1
684,1,1,728.0
684,1,2,25.0
684,1,9,31.0
684,1,6,9.0
684,1,14,242.0
684,3,8,77.0
684,3,11,37.0
684,3,10,152.5
684,3,1,720.0
684,3,2,60.0
684,3,9,58.0
684,3,6,9.0
684,3,14,225.0
684,6,8,253.0
684,6,11,176.0
684,6,10,475.0
684,6,1,3835.0
684,6,2,97.0
684,6,9,144.0
684,6,6,61.0
684,6,14,720.0
684,2,8,42.0
684,2,11,113.0
684,2,10,128.64
684,2,1,1627.0
684,2,2,12.0
684,2,9,54.0
684,2,6,17.0
684,2,14,244.0
685,4,8,22.0
685,4,10,3.79
685,4,1,734.0
685,4,2,0.0
685,4,9,0.0
685,4,6,0.0
685,4,14,7.0
685,5,8,8.0
685,5,10,0.92
685,5,1,12.0
685,5,2,0.0
685,5,9,0.0
685,5,6,25.0
685,5,14,1.0
685,1,8,99.0
685,1,11,17.0
685,1,10,166.13
685,1,1,722.0
685,1,2,24.0
685,1,9,26.0
685,1,6,13.0
685,1,14,210.0
685,3,8,70.0
685,3,11,51.0
685,3,10,154.76
685,3,1,676.0
685,3,2,58.0
685,3,9,56.0
685,3,6,9.0
685,3,14,240.0
685,6,8,240.0
685,6,11,158.0
685,6,10,452.0
685,6,1,3744.0
685,6,2,94.0
685,6,9,136.0
685,6,6,56.0
685,6,14,678.0
685,2,8,41.0
685,2,11,90.0
685,2,10,126.29
685,2,1,1598.0
685,2,2,12.0
685,2,9,54.0
685,2,6,9.0
685,2,14,220.0
686,4,8,27.0
686,4,10,3.15
686,4,1,748.0
686,4,2,0.0
686,4,9,0.0
686,4,6,0.0
686,4,14,6.0
686,5,8,9.0
686,5,10,1.06
686,5,1,15.0
686,5,2,0.0
686,5,9,0.0
686,5,6,24.0
686,5,14,1.0
686,1,8,98.0
686,1,11,11.0
686,1,10,183.93
686,1,1,758.0
686,1,2,27.0
686,1,9,21.0
686,1,6,13.0
686,1,14,221.0
686,3,8,94.0
686,3,11,51.0
686,3,10,154.06
686,3,1,710.0
686,3,2,53.0
686,3,9,56.0
686,3,6,11.0
686,3,14,242.0
686,6,8,282.0
686,6,11,121.0
686,6,10,467.0
686,6,1,3912.0
686,6,2,91.0
686,6,9,131.0
686,6,6,63.0
686,6,14,657.0
686,2,8,54.0
686,2,11,59.0
686,2,10,124.41
686,2,1,1681.0
686,2,2,10.0
686,2,9,54.0
686,2,6,15.0
686,2,14,186.0
687,4,8,25.0
687,4,10,3.28
687,4,1,742.0
687,4,2,0.0
687,4,9,0.0
687,4,6,0.0
687,4,14,6.0
687,5,8,9.0
687,5,10,0.9
687,5,1,15.0
687,5,2,0.0
687,5,9,0.0
687,5,6,24.0
687,5,14,1.0
687,1,8,97.0
687,1,11,17.0
687,1,10,173.87
687,1,1,767.0
687,1,2,26.0
687,1,9,21.0
687,1,6,16.0
687,1,14,217.0
687,3,8,97.0
687,3,11,34.0
687,3,10,148.02
687,3,1,757.0
687,3,2,46.0
687,3,9,61.0
687,3,6,11.0
687,3,14,222.0
687,6,8,288.0
687,6,11,118.0
687,6,10,447.0
687,6,1,3996.0
687,6,2,82.0
687,6,9,134.0
687,6,6,68.0
687,6,14,637.0
687,2,8,59.0
687,2,11,67.0
687,2,10,121.1
687,2,1,1715.0
687,2,2,10.0
687,2,9,52.0
687,2,6,18.0
687,2,14,191.0
688,4,8,28.0
688,4,10,3.36
688,4,1,733.0
688,4,2,0.0
688,4,9,0.0
688,4,6,0.0
688,4,14,6.0
688,5,8,10.0
688,5,10,1.01
688,5,1,16.0
688,5,2,0.0
688,5,9,0.0
688,5,6,24.0
688,5,14,1.0
688,1,8,96.0
688,1,11,22.0
688,1,10,137.92
688,1,1,778.0
688,1,2,23.0
688,1,9,21.0
688,1,6,17.0
688,1,14,186.0
688,3,8,101.0
688,3,11,29.0
688,3,10,144.49
688,3,1,773.0
688,3,2,46.0
688,3,9,66.0
688,3,6,7.0
688,3,14,204.0
688,6,8,293.0
688,6,11,126.0
688,6,10,407.0
688,6,1,4032.0
688,6,2,79.0
688,6,9,136.0
688,6,6,68.0
688,6,14,597.0
688,2,8,58.0
688,2,11,75.0
688,2,10,119.97
688,2,1,1732.0
688,2,2,10.0
688,2,9,49.0
688,2,6,20.0
688,2,14,199.0
689,4,8,24.0
689,4,10,3.0
689,4,1,698.0
689,4,2,0.0
689,4,9,0.0
689,4,6,0.0
689,4,14,6.0
689,5,8,8.0
689,5,10,1.16
689,5,1,15.0
689,5,2,0.0
689,5,9,0.0
689,5,6,24.0
689,5,14,1.0
689,1,8,97.0
689,1,11,12.0
689,1,10,190.88
689,1,1,743.0
689,1,2,26.0
689,1,9,21.0
689,1,6,14.0
689,1,14,229.0
689,3,8,99.0
689,3,11,36.0
689,3,10,140.59
689,3,1,739.0
689,3,2,46.0
689,3,9,66.0
689,3,6,4.0
689,3,14,208.0
689,6,8,268.0
689,6,11,116.0
689,6,10,461.0
689,6,1,3901.0
689,6,2,86.0
689,6,9,136.0
689,6,6,61.0
689,6,14,643.0
689,2,8,40.0
689,2,11,69.0
689,2,10,125.82
689,2,1,1708.0
689,2,2,14.0
689,2,9,49.0
689,2,6,18.0
689,2,14,199.0
690,4,8,26.0
690,4,10,3.64
690,4,1,719.0
690,4,2,0.0
690,4,9,0.0
690,4,6,0.0
690,4,14,7.0
690,5,8,9.0
690,5,10,1.04
690,5,1,15.0
690,5,2,0.0
690,5,9,0.0
690,5,6,24.0
690,5,14,1.0
690,1,8,91.0
690,1,11,32.0
690,1,10,184.52
690,1,1,779.0
690,1,2,26.0
690,1,9,21.0
690,1,6,13.0
690,1,14,243.0
690,3,8,96.0
690,3,11,44.0
690,3,10,141.87
690,3,1,748.0
690,3,2,57.0
690,3,9,69.0
690,3,6,4.0
690,3,14,220.0
690,6,8,269.0
690,6,11,123.0
690,6,10,455.0
690,6,1,3968.0
690,6,2,99.0
690,6,9,139.0
690,6,6,58.0
690,6,14,644.0
690,2,8,47.0
690,2,11,47.0
690,2,10,123.44
690,2,1,1707.0
690,2,2,15.0
690,2,9,49.0
690,2,6,16.0
690,2,14,173.0
691,4,8,26.0
691,4,10,3.58
691,4,1,721.0
691,4,2,0.0
691,4,9,0.0
691,4,6,0.0
691,4,14,6.0
691,5,8,9.0
691,5,10,0.99
691,5,1,15.0
691,5,2,0.0
691,5,9,0.0
691,5,6,24.0
691,5,14,1.0
691,1,8,96.0
691,1,11,22.0
691,1,10,194.76
691,1,1,787.0
691,1,2,26.0
691,1,9,20.0
691,1,6,12.0
691,1,14,242.0
691,3,8,96.0
691,3,11,31.0
691,3,10,142.44
691,3,1,753.0
691,3,2,59.0
691,3,9,71.0
691,3,6,4.0
691,3,14,209.0
691,6,8,275.0
691,6,11,95.0
691,6,10,473.0
691,6,1,3976.0
691,6,2,101.0
691,6,9,140.0
691,6,6,54.0
691,6,14,637.0
691,2,8,49.0
691,2,11,42.0
691,2,10,131.67
691,2,1,1699.0
691,2,2,16.0
691,2,9,49.0
691,2,6,14.0
691,2,14,178.0
692,4,8,21.0
692,4,10,3.45
692,4,1,695.0
692,4,2,0.0
692,4,9,0.0
692,4,6,0.0
692,4,14,7.0
692,5,8,8.0
692,5,10,0.92
692,5,1,14.0
692,5,2,0.0
692,5,9,0.0
692,5,6,23.0
692,5,14,1.0
692,1,8,94.0
692,1,11,11.0
692,1,10,201.72
692,1,1,765.0
692,1,2,27.0
692,1,9,21.0
692,1,6,9.0
692,1,14,239.0
692,3,8,66.0
692,3,11,51.0
692,3,10,144.47
692,3,1,715.0
692,3,2,56.0
692,3,9,71.0
692,3,6,4.0
692,3,14,231.0
692,6,8,228.0
692,6,11,103.0
692,6,10,485.0
692,6,1,3817.0
692,6,2,98.0
692,6,9,143.0
692,6,6,47.0
692,6,14,657.0
692,2,8,40.0
692,2,11,41.0
692,2,10,134.04
692,2,1,1628.0
692,2,2,16.0
692,2,9,51.0
692,2,6,11.0
692,2,14,180.0
693,4,8,23.0
693,4,10,4.09
693,4,1,710.0
693,4,2,0.0
693,4,9,0.0
693,4,6,0.0
693,4,14,7.0
693,5,8,9.0
693,5,10,1.27
693,5,1,14.0
693,5,2,0.0
693,5,9,0.0
693,5,6,24.0
693,5,14,1.0
693,1,8,93.0
693,1,11,16.0
693,1,10,189.34
693,1,1,762.0
693,1,2,30.0
693,1,9,21.0
693,1,6,8.0
693,1,14,231.0
693,3,8,68.0
693,3,11,91.0
693,3,10,147.69
693,3,1,734.0
693,3,2,59.0
693,3,9,71.0
693,3,6,4.0
693,3,14,280.0
693,6,8,231.0
693,6,11,161.0
693,6,10,473.0
693,6,1,3870.0
693,6,2,104.0
693,6,9,148.0
693,6,6,61.0
693,6,14,709.0
693,2,8,39.0
693,2,11,54.0
693,2,10,130.29
693,2,1,1650.0
693,2,2,16.0
693,2,9,56.0
693,2,6,24.0
693,2,14,189.0
694,4,8,23.0
694,4,10,4.01
694,4,1,729.0
694,4,2,0.0
694,4,9,0.0
694,4,6,0.0
694,4,14,7.0
694,5,8,9.0
694,5,10,1.21
694,5,1,10.0
694,5,2,0.0
694,5,9,0.0
694,5,6,24.0
694,5,14,1.0
694,1,8,93.0
694,1,11,15.0
694,1,10,126.29
694,1,1,768.0
694,1,2,30.0
694,1,9,21.0
694,1,6,12.0
694,1,14,167.0
694,3,8,75.0
694,3,11,102.0
694,3,10,135.52
694,3,1,779.0
694,3,2,56.0
694,3,9,71.0
694,3,6,4.0
694,3,14,277.0
694,6,8,241.0
694,6,11,174.0
694,6,10,383.0
694,6,1,3999.0
694,6,2,102.0
694,6,9,155.0
694,6,6,63.0
694,6,14,629.0
694,2,8,41.0
694,2,11,58.0
694,2,10,116.12
694,2,1,1713.0
694,2,2,16.0
694,2,9,63.0
694,2,6,23.0
694,2,14,177.0
695,4,8,21.0
695,4,10,3.79
695,4,1,745.0
695,4,2,0.0
695,4,9,0.0
695,4,6,0.0
695,4,14,7.0
695,5,8,8.0
695,5,10,1.33
695,5,1,9.0
695,5,2,0.0
695,5,9,0.0
695,5,6,24.0
695,5,14,1.0
695,1,8,98.0
695,1,11,20.0
695,1,10,141.54
695,1,1,743.0
695,1,2,32.0
695,1,9,18.0
695,1,6,10.0
695,1,14,188.0
695,3,8,69.0
695,3,11,117.0
695,3,10,139.7
695,3,1,752.0
695,3,2,53.0
695,3,9,70.0
695,3,6,4.0
695,3,14,287.0
695,6,8,235.0
695,6,11,188.0
695,6,10,411.0
695,6,1,3936.0
695,6,2,102.0
695,6,9,152.0
695,6,6,49.0
695,6,14,662.0
695,2,8,39.0
695,2,11,52.0
695,2,10,124.81
695,2,1,1687.0
695,2,2,16.0
695,2,9,63.0
695,2,6,10.0
695,2,14,179.0
696,4,8,23.0
696,4,10,3.68
696,4,1,735.0
696,4,2,0.0
696,4,9,0.0
696,4,6,0.0
696,4,14,6.0
696,5,8,9.0
696,5,10,1.16
696,5,1,9.0
696,5,2,0.0
696,5,9,0.0
696,5,6,25.0
696,5,14,1.0
696,1,8,106.0
696,1,11,14.0
696,1,10,92.68
696,1,1,744.0
696,1,2,30.0
696,1,9,19.0
696,1,6,10.0
696,1,14,132.0
696,3,8,83.0
696,3,11,109.0
696,3,10,145.86
696,3,1,750.0
696,3,2,50.0
696,3,9,71.0
696,3,6,4.0
696,3,14,284.0
696,6,8,259.0
696,6,11,180.0
696,6,10,365.0
696,6,1,3950.0
696,6,2,95.0
696,6,9,154.0
696,6,6,57.0
696,6,14,606.0
696,2,8,38.0
696,2,11,57.0
696,2,10,121.95
696,2,1,1712.0
696,2,2,16.0
696,2,9,64.0
696,2,6,19.0
696,2,14,182.0
697,4,8,22.0
697,4,10,3.54
697,4,1,722.0
697,4,2,0.0
697,4,9,0.0
697,4,6,0.0
697,4,14,6.0
697,5,8,10.0
697,5,10,1.0
697,5,1,9.0
697,5,2,0.0
697,5,9,0.0
697,5,6,24.0
697,5,14,1.0
697,1,8,138.0
697,1,11,32.0
697,1,10,145.28
697,1,1,712.0
697,1,2,29.0
697,1,9,21.0
697,1,6,8.0
697,1,14,203.0
697,3,8,92.0
697,3,11,90.0
697,3,10,133.42
697,3,1,756.0
697,3,2,49.0
697,3,9,71.0
697,3,6,4.0
697,3,14,256.0
697,6,8,313.0
697,6,11,202.0
697,6,10,402.0
697,6,1,3870.0
697,6,2,93.0
697,6,9,156.0
697,6,6,55.0
697,6,14,669.0
697,2,8,51.0
697,2,11,80.0
697,2,10,118.74
697,2,1,1672.0
697,2,2,15.0
697,2,9,64.0
697,2,6,19.0
697,2,14,203.0
698,4,8,24.0
698,4,10,4.05
698,4,1,705.0
698,4,2,0.0
698,4,9,0.0
698,4,6,0.0
698,4,14,6.0
698,5,8,8.0
698,5,10,0.68
698,5,1,9.0
698,5,2,0.0
698,5,9,0.0
698,5,6,24.0
698,5,14,1.0
698,1,8,147.0
698,1,11,18.0
698,1,10,179.91
698,1,1,719.0
698,1,2,32.0
698,1,9,21.0
698,1,6,8.0
698,1,14,219.0
698,3,8,96.0
698,3,11,81.0
698,3,10,136.39
698,3,1,704.0
698,3,2,52.0
698,3,9,71.0
698,3,6,5.0
698,3,14,248.0
698,6,8,329.0
698,6,11,180.0
698,6,10,452.0
698,6,1,3769.0
698,6,2,96.0
698,6,9,156.0
698,6,6,54.0
698,6,14,691.0
698,2,8,54.0
698,2,11,81.0
698,2,10,130.87
698,2,1,1632.0
698,2,2,13.0
698,2,9,65.0
698,2,6,18.0
698,2,14,216.0
699,4,8,21.0
699,4,10,3.75
699,4,1,706.0
699,4,2,0.0
699,4,9,0.0
699,4,6,0.0
699,4,14,6.0
699,5,8,7.0
699,5,10,0.93
699,5,1,9.0
699,5,2,0.0
699,5,9,0.0
699,5,6,24.0
699,5,14,1.0
699,1,8,125.0
699,1,11,23.0
699,1,10,204.07
699,1,1,726.0
699,1,2,27.0
699,1,9,21.0
699,1,6,7.0
699,1,14,249.0
699,3,8,76.0
699,3,11,46.0
699,3,10,137.55
699,3,1,698.0
699,3,2,51.0
699,3,9,71.0
699,3,6,5.0
699,3,14,213.0
699,6,8,274.0
699,6,11,135.0
699,6,10,479.0
699,6,1,3694.0
699,6,2,91.0
699,6,9,156.0
699,6,6,48.0
699,6,14,670.0
699,2,8,45.0
699,2,11,66.0
699,2,10,132.59
699,2,1,1555.0
699,2,2,13.0
699,2,9,65.0
699,2,6,12.0
699,2,14,201.0
700,4,8,22.0
700,4,10,3.57
700,4,1,751.0
700,4,2,0.0
700,4,9,0.0
700,4,6,0.0
700,4,14,6.0
700,5,8,9.0
700,5,10,1.14
700,5,1,11.0
700,5,2,0.0
700,5,9,0.0
700,5,6,24.0
700,5,14,1.0
700,1,8,121.0
700,1,11,44.0
700,1,10,198.02
700,1,1,782.0
700,1,2,23.0
700,1,9,21.0
700,1,6,8.0
700,1,14,265.0
700,3,8,99.0
700,3,11,31.0
700,3,10,134.41
700,3,1,739.0
700,3,2,53.0
700,3,9,76.0
700,3,6,4.0
700,3,14,199.0
700,6,8,325.0
700,6,11,151.0
700,6,10,470.0
700,6,1,3843.0
700,6,2,91.0
700,6,9,161.0
700,6,6,45.0
700,6,14,682.0
700,2,8,74.0
700,2,11,76.0
700,2,10,133.16
700,2,1,1560.0
700,2,2,15.0
700,2,9,65.0
700,2,6,8.0
700,2,14,211.0
701,4,8,25.0
701,4,10,4.12
701,4,1,743.0
701,4,2,0.0
701,4,9,0.0
701,4,6,0.0
701,4,14,7.0
701,5,8,10.0
701,5,10,1.26
701,5,1,10.0
701,5,2,0.0
701,5,9,0.0
701,5,6,24.0
701,5,14,1.0
701,1,8,124.0
701,1,11,42.0
701,1,10,213.67
701,1,1,741.0
701,1,2,24.0
701,1,9,21.0
701,1,6,8.0
701,1,14,278.0
701,3,8,95.0
701,3,11,35.0
701,3,10,132.72
701,3,1,723.0
701,3,2,55.0
701,3,9,76.0
701,3,6,5.0
701,3,14,203.0
701,6,8,312.0
701,6,11,258.0
701,6,10,491.0
701,6,1,3783.0
701,6,2,90.0
701,6,9,159.0
701,6,6,45.0
701,6,14,813.0
701,2,8,59.0
701,2,11,182.0
701,2,10,139.62
701,2,1,1566.0
701,2,2,12.0
701,2,9,62.0
701,2,6,8.0
701,2,14,324.0
702,4,8,22.0
702,4,10,4.51
702,4,1,723.0
702,4,2,0.0
702,4,9,0.0
702,4,6,0.0
702,4,14,7.0
702,5,8,9.0
702,5,10,1.18
702,5,1,9.0
702,5,2,0.0
702,5,9,0.0
702,5,6,24.0
702,5,14,1.0
702,1,8,119.0
702,1,11,18.0
702,1,10,221.29
702,1,1,723.0
702,1,2,28.0
702,1,9,21.0
702,1,6,9.0
702,1,14,262.0
702,3,8,94.0
702,3,11,31.0
702,3,10,146.68
702,3,1,732.0
702,3,2,57.0
702,3,9,76.0
702,3,6,5.0
702,3,14,207.0
702,6,8,300.0
702,6,11,221.0
702,6,10,518.0
702,6,1,3735.0
702,6,2,97.0
702,6,9,157.0
702,6,6,48.0
702,6,14,797.0
702,2,8,56.0
702,2,11,172.0
702,2,10,144.14
702,2,1,1548.0
702,2,2,12.0
702,2,9,60.0
702,2,6,10.0
702,2,14,321.0
703,4,8,19.0
703,4,10,4.25
703,4,1,743.0
703,4,2,0.0
703,4,9,0.0
703,4,6,0.0
703,4,14,7.0
703,5,8,10.0
703,5,10,1.19
703,5,1,10.0
703,5,2,0.0
703,5,9,0.0
703,5,6,24.0
703,5,14,1.0
703,1,8,119.0
703,1,11,6.0
703,1,10,215.51
703,1,1,803.0
703,1,2,32.0
703,1,9,21.0
703,1,6,8.0
703,1,14,244.0
703,3,8,90.0
703,3,11,30.0
703,3,10,155.51
703,3,1,754.0
703,3,2,59.0
703,3,9,76.0
703,3,6,4.0
703,3,14,216.0
703,6,8,285.0
703,6,11,88.0
703,6,10,527.0
703,6,1,3885.0
703,6,2,104.0
703,6,9,157.0
703,6,6,48.0
703,6,14,673.0
703,2,8,47.0
703,2,11,52.0
703,2,10,150.57
703,2,1,1575.0
703,2,2,13.0
703,2,9,60.0
703,2,6,11.0
703,2,14,206.0
704,4,8,21.0
704,4,10,4.33
704,4,1,745.0
704,4,2,0.0
704,4,9,0.0
704,4,6,0.0
704,4,14,6.0
704,5,8,8.0
704,5,10,1.13
704,5,1,10.0
704,5,2,0.0
704,5,9,0.0
704,5,6,24.0
704,5,14,1.0
704,1,8,122.0
704,1,11,9.0
704,1,10,209.08
704,1,1,830.0
704,1,2,33.0
704,1,9,21.0
704,1,6,8.0
704,1,14,239.0
704,3,8,93.0
704,3,11,28.0
704,3,10,152.91
704,3,1,758.0
704,3,2,61.0
704,3,9,76.0
704,3,6,4.0
704,3,14,212.0
704,6,8,297.0
704,6,11,87.0
704,6,10,514.0
704,6,1,3989.0
704,6,2,106.0
704,6,9,157.0
704,6,6,51.0
704,6,14,659.0
704,2,8,54.0
704,2,11,50.0
704,2,10,146.05
704,2,1,1646.0
704,2,2,13.0
704,2,9,60.0
704,2,6,15.0
704,2,14,200.0
705,4,8,24.0
705,4,10,4.3
705,4,1,746.0
705,4,2,0.0
705,4,9,0.0
705,4,6,0.0
705,4,14,6.0
705,5,8,8.0
705,5,10,1.02
705,5,1,11.0
705,5,2,0.0
705,5,9,0.0
705,5,6,24.0
705,5,14,1.0
705,1,8,122.0
705,1,11,8.0
705,1,10,205.96
705,1,1,837.0
705,1,2,29.0
705,1,9,21.0
705,1,6,8.0
705,1,14,236.0
705,3,8,89.0
705,3,11,22.0
705,3,10,144.6
705,3,1,763.0
705,3,2,62.0
705,3,9,76.0
705,3,6,5.0
705,3,14,196.0
705,6,8,297.0
705,6,11,88.0
705,6,10,498.0
705,6,1,4041.0
705,6,2,102.0
705,6,9,157.0
705,6,6,53.0
705,6,14,641.0
705,2,8,53.0
705,2,11,59.0
705,2,10,141.99
705,2,1,1684.0
705,2,2,12.0
705,2,9,60.0
705,2,6,16.0
705,2,14,203.0
706,4,8,22.0
706,4,10,3.98
706,4,1,734.0
706,4,2,0.0
706,4,9,0.0
706,4,6,0.0
706,4,14,6.0
706,5,8,7.0
706,5,10,1.13
706,5,1,10.0
706,5,2,0.0
706,5,9,0.0
706,5,6,24.0
706,5,14,1.0
706,1,8,123.0
706,1,11,6.0
706,1,10,202.64
706,1,1,822.0
706,1,2,26.0
706,1,9,20.0
706,1,6,8.0
706,1,14,231.0
706,3,8,75.0
706,3,11,57.0
706,3,10,146.91
706,3,1,743.0
706,3,2,58.0
706,3,9,76.0
706,3,6,3.0
706,3,14,233.0
706,6,8,274.0
706,6,11,114.0
706,6,10,496.0
706,6,1,3935.0
706,6,2,94.0
706,6,9,157.0
706,6,6,44.0
706,6,14,666.0
706,2,8,47.0
706,2,11,51.0
706,2,10,141.66
706,2,1,1625.0
706,2,2,10.0
706,2,9,60.0
706,2,6,9.0
706,2,14,195.0
707,4,8,22.0
707,4,10,3.88
707,4,1,770.0
707,4,2,0.0
707,4,9,0.0
707,4,6,0.0
707,4,14,6.0
707,5,8,8.0
707,5,10,1.05
707,5,1,10.0
707,5,2,0.0
707,5,9,0.0
707,5,6,24.0
707,5,14,1.0
707,1,8,127.0
707,1,11,6.0
707,1,10,194.37
707,1,1,807.0
707,1,2,24.0
707,1,9,21.0
707,1,6,8.0
707,1,14,222.0
707,3,8,71.0
707,3,11,110.0
707,3,10,148.19
707,3,1,750.0
707,3,2,60.0
707,3,9,76.0
707,3,6,7.0
707,3,14,291.0
707,6,8,278.0
707,6,11,171.0
707,6,10,484.0
707,6,1,4010.0
707,6,2,95.0
707,6,9,161.0
707,6,6,50.0
707,6,14,714.0
707,2,8,50.0
707,2,11,55.0
707,2,10,136.19
707,2,1,1673.0
707,2,2,12.0
707,2,9,64.0
707,2,6,10.0
707,2,14,193.0
708,4,8,22.0
708,4,10,3.72
708,4,1,759.0
708,4,2,0.0
708,4,9,0.0
708,4,6,0.0
708,4,14,6.0
708,5,8,9.0
708,5,10,0.98
708,5,1,11.0
708,5,2,0.0
708,5,9,0.0
708,5,6,25.0
708,5,14,1.0
708,1,8,130.0
708,1,11,15.0
708,1,10,179.78
708,1,1,843.0
708,1,2,26.0
708,1,9,20.0
708,1,6,8.0
708,1,14,217.0
708,3,8,78.0
708,3,11,109.0
708,3,10,114.01
708,3,1,755.0
708,3,2,61.0
708,3,9,76.0
708,3,6,7.0
708,3,14,254.0
708,6,8,288.0
708,6,11,180.0
708,6,10,436.0
708,6,1,4088.0
708,6,2,99.0
708,6,9,157.0
708,6,6,51.0
708,6,14,676.0
708,2,8,49.0
708,2,11,56.0
708,2,10,137.85
708,2,1,1721.0
708,2,2,13.0
708,2,9,60.0
708,2,6,10.0
708,2,14,198.0
709,4,8,20.0
709,4,10,4.02
709,4,1,763.0
709,4,2,0.0
709,4,9,0.0
709,4,6,0.0
709,4,14,6.0
709,5,8,10.0
709,5,10,0.53
709,5,1,11.0
709,5,2,0.0
709,5,9,0.0
709,5,6,24.0
709,5,14,1.0
709,1,8,130.0
709,1,11,6.0
709,1,10,189.19
709,1,1,857.0
709,1,2,27.0
709,1,9,20.0
709,1,6,11.0
709,1,14,217.0
709,3,8,81.0
709,3,11,47.0
709,3,10,126.68
709,3,1,748.0
709,3,2,58.0
709,3,9,76.0
709,3,6,5.0
709,3,14,211.0
709,6,8,307.0
709,6,11,127.0
709,6,10,457.0
709,6,1,4057.0
709,6,2,98.0
709,6,9,142.0
709,6,6,52.0
709,6,14,649.0
709,2,8,66.0
709,2,11,73.0
709,2,10,136.18
709,2,1,1678.0
709,2,2,13.0
709,2,9,45.0
709,2,6,12.0
709,2,14,214.0
710,4,8,22.0
710,4,10,4.09
710,4,1,763.0
710,4,2,0.0
710,4,9,0.0
710,4,6,0.0
710,4,14,6.0
710,5,8,8.0
710,5,10,0.58
710,5,1,10.0
710,5,2,0.0
710,5,9,0.0
710,5,6,22.0
710,5,14,1.0
710,1,8,138.0
710,1,11,7.0
710,1,10,192.61
710,1,1,803.0
710,1,2,26.0
710,1,9,21.0
710,1,6,8.0
710,1,14,222.0
710,3,8,78.0
710,3,11,36.0
710,3,10,149.82
710,3,1,733.0
710,3,2,58.0
710,3,9,73.0
710,3,6,8.0
710,3,14,228.0
710,6,8,300.0
710,6,11,174.0
710,6,10,492.0
710,6,1,3974.0
710,6,2,100.0
710,6,9,119.0
710,6,6,62.0
710,6,14,737.0
710,2,8,53.0
710,2,11,131.0
710,2,10,144.7
710,2,1,1665.0
710,2,2,15.0
710,2,9,26.0
710,2,6,24.0
710,2,14,279.0
711,4,8,17.0
711,4,10,3.58
711,4,1,695.0
711,4,2,0.0
711,4,9,0.0
711,4,6,0.0
711,4,14,6.0
711,5,8,11.0
711,5,10,0.77
711,5,1,8.0
711,5,2,0.0
711,5,9,0.0
711,5,6,24.0
711,5,14,1.0
711,1,8,130.0
711,1,11,15.0
711,1,10,177.44
711,1,1,683.0
711,1,2,26.0
711,1,9,15.0
711,1,6,1.0
711,1,14,215.0
711,3,8,65.0
711,3,11,36.0
711,3,10,150.01
711,3,1,680.0
711,3,2,54.0
711,3,9,66.0
711,3,6,8.0
711,3,14,222.0
711,6,8,260.0
711,6,11,182.0
711,6,10,471.0
711,6,1,3546.0
711,6,2,93.0
711,6,9,110.0
711,6,6,42.0
711,6,14,717.0
711,2,8,38.0
711,2,11,131.0
711,2,10,139.33
711,2,1,1481.0
711,2,2,14.0
711,2,9,29.0
711,2,6,9.0
711,2,14,274.0
712,4,8,21.0
712,4,10,3.86
712,4,1,719.0
712,4,2,0.0
712,4,9,0.0
712,4,6,0.0
712,4,14,5.0
712,5,8,11.0
712,5,10,0.94
712,5,1,8.0
712,5,2,0.0
712,5,9,0.0
712,5,6,24.0
712,5,14,1.0
712,1,8,133.0
712,1,11,29.0
712,1,10,202.0
712,1,1,669.0
712,1,2,25.0
712,1,9,20.0
712,1,6,0.0
712,1,14,253.0
712,3,8,76.0
712,3,11,46.0
712,3,10,148.05
712,3,1,703.0
712,3,2,50.0
712,3,9,67.0
712,3,6,8.0
712,3,14,236.0
712,6,8,287.0
712,6,11,153.0
712,6,10,489.0
712,6,1,3630.0
712,6,2,90.0
712,6,9,119.0
712,6,6,52.0
712,6,14,708.0
712,2,8,47.0
712,2,11,78.0
712,2,10,133.88
712,2,1,1530.0
712,2,2,15.0
712,2,9,32.0
712,2,6,19.0
712,2,14,213.0
713,4,8,24.0
713,4,10,3.28
713,4,1,733.0
713,4,2,0.0
713,4,9,0.0
713,4,6,0.0
713,4,14,5.0
713,5,8,11.0
713,5,10,0.8
713,5,1,10.0
713,5,2,0.0
713,5,9,0.0
713,5,6,24.0
713,5,14,1.0
713,1,8,135.0
713,1,11,23.0
713,1,10,189.69
713,1,1,741.0
713,1,2,21.0
713,1,9,21.0
713,1,6,1.0
713,1,14,235.0
713,3,8,80.0
713,3,11,36.0
713,3,10,141.24
713,3,1,721.0
713,3,2,49.0
713,3,9,75.0
713,3,6,8.0
713,3,14,218.0
713,6,8,290.0
713,6,11,146.0
713,6,10,474.0
713,6,1,3778.0
713,6,2,83.0
713,6,9,130.0
713,6,6,45.0
713,6,14,685.0
713,2,8,40.0
713,2,11,87.0
713,2,10,138.49
713,2,1,1574.0
713,2,2,14.0
713,2,9,35.0
713,2,6,12.0
713,2,14,227.0
714,4,8,26.0
714,4,10,3.6
714,4,1,750.0
714,4,2,0.0
714,4,9,0.0
714,4,6,0.0
714,4,14,6.0
714,5,8,13.0
714,5,10,1.08
714,5,1,10.0
714,5,2,0.0
714,5,9,0.0
714,5,6,24.0
714,5,14,1.0
714,1,8,137.0
714,1,11,4.0
714,1,10,214.83
714,1,1,807.0
714,1,2,25.0
714,1,9,21.0
714,1,6,6.0
714,1,14,241.0
714,3,8,86.0
714,3,11,29.0
714,3,10,140.84
714,3,1,758.0
714,3,2,53.0
714,3,9,75.0
714,3,6,8.0
714,3,14,206.0
714,6,8,314.0
714,6,11,119.0
714,6,10,504.0
714,6,1,3977.0
714,6,2,92.0
714,6,9,129.0
714,6,6,61.0
714,6,14,686.0
714,2,8,52.0
714,2,11,86.0
714,2,10,143.33
714,2,1,1653.0
714,2,2,14.0
714,2,9,34.0
714,2,6,23.0
714,2,14,232.0
715,4,8,25.0
715,4,10,5.76
715,4,1,751.0
715,4,2,0.0
715,4,9,0.0
715,4,6,0.0
715,4,14,7.0
715,5,8,11.0
715,5,10,1.07
715,5,1,10.0
715,5,2,0.0
715,5,9,0.0
715,5,6,24.0
715,5,14,1.0
715,1,8,128.0
715,1,11,8.0
715,1,10,218.16
715,1,1,828.0
715,1,2,24.0
715,1,9,18.0
715,1,6,8.0
715,1,14,248.0
715,3,8,101.0
715,3,11,36.0
715,3,10,144.85
715,3,1,753.0
715,3,2,54.0
715,3,9,71.0
715,3,6,9.0
715,3,14,226.0
715,6,8,317.0
715,6,11,144.0
715,6,10,517.0
715,6,1,3984.0
715,6,2,92.0
715,6,9,138.0
715,6,6,57.0
715,6,14,732.0
715,2,8,53.0
715,2,11,100.0
715,2,10,147.4
715,2,1,1642.0
715,2,2,14.0
715,2,9,50.0
715,2,6,17.0
715,2,14,250.0
716,4,8,28.0
716,4,10,3.72
716,4,1,743.0
716,4,2,0.0
716,4,9,0.0
716,4,6,0.0
716,4,14,6.0
716,5,8,11.0
716,5,10,1.1
716,5,1,10.0
716,5,2,0.0
716,5,9,0.0
716,5,6,24.0
716,5,14,1.0
716,1,8,126.0
716,1,11,10.0
716,1,10,215.85
716,1,1,859.0
716,1,2,25.0
716,1,9,16.0
716,1,6,7.0
716,1,14,248.0
716,3,8,104.0
716,3,11,44.0
716,3,10,143.95
716,3,1,764.0
716,3,2,56.0
716,3,9,71.0
716,3,6,7.0
716,3,14,231.0
716,6,8,328.0
716,6,11,155.0
716,6,10,509.0
716,6,1,4011.0
716,6,2,94.0
716,6,9,147.0
716,6,6,56.0
716,6,14,735.0
716,2,8,59.0
716,2,11,101.0
716,2,10,144.11
716,2,1,1636.0
716,2,2,12.0
716,2,9,60.0
716,2,6,17.0
716,2,14,249.0
717,4,8,25.0
717,4,10,3.15
717,4,1,745.0
717,4,2,0.0
717,4,9,0.0
717,4,6,0.0
717,4,14,5.0
717,5,8,10.0
717,5,10,0.83
717,5,1,11.0
717,5,2,0.0
717,5,9,0.0
717,5,6,23.0
717,5,14,1.0
717,1,8,126.0
717,1,11,15.0
717,1,10,184.73
717,1,1,854.0
717,1,2,29.0
717,1,9,15.0
717,1,6,8.0
717,1,14,222.0
717,3,8,96.0
717,3,11,50.0
717,3,10,151.07
717,3,1,770.0
717,3,2,57.0
717,3,9,75.0
717,3,6,8.0
717,3,14,240.0
717,6,8,308.0
717,6,11,158.0
717,6,10,474.0
717,6,1,3992.0
717,6,2,97.0
717,6,9,155.0
717,6,6,58.0
717,6,14,698.0
717,2,8,52.0
717,2,11,93.0
717,2,10,134.62
717,2,1,1612.0
717,2,2,11.0
717,2,9,64.0
717,2,6,20.0
717,2,14,230.0
718,4,8,21.0
718,4,10,2.44
718,4,1,761.0
718,4,2,0.0
718,4,9,0.0
718,4,6,0.0
718,4,14,5.0
718,5,8,9.0
718,5,10,0.68
718,5,1,10.0
718,5,2,0.0
718,5,9,0.0
718,5,6,24.0
718,5,14,1.0
718,1,8,122.0
718,1,11,18.0
718,1,10,207.33
718,1,1,824.0
718,1,2,31.0
718,1,9,16.0
718,1,6,8.0
718,1,14,248.0
718,3,8,102.0
718,3,11,36.0
718,3,10,138.46
718,3,1,754.0
718,3,2,55.0
718,3,9,76.0
718,3,6,8.0
718,3,14,214.0
718,6,8,308.0
718,6,11,140.0
718,6,10,490.0
718,6,1,3952.0
718,6,2,97.0
718,6,9,156.0
718,6,6,66.0
718,6,14,697.0
718,2,8,54.0
718,2,11,86.0
718,2,10,141.23
718,2,1,1603.0
718,2,2,12.0
718,2,9,65.0
718,2,6,27.0
718,2,14,230.0
719,4,8,24.0
719,4,10,3.34
719,4,1,751.0
719,4,2,0.0
719,4,9,0.0
719,4,6,0.0
719,4,14,5.0
719,5,8,10.0
719,5,10,0.65
719,5,1,10.0
719,5,2,0.0
719,5,9,0.0
719,5,6,24.0
719,5,14,1.0
719,1,8,117.0
719,1,11,3.0
719,1,10,214.21
719,1,1,773.0
719,1,2,28.0
719,1,9,16.0
719,1,6,8.0
719,1,14,239.0
719,3,8,89.0
719,3,11,40.0
719,3,10,123.74
719,3,1,709.0
719,3,2,52.0
719,3,9,76.0
719,3,6,8.0
719,3,14,203.0
719,6,8,291.0
719,6,11,125.0
719,6,10,490.0
719,6,1,3830.0
719,6,2,93.0
719,6,9,156.0
719,6,6,64.0
719,6,14,679.0
719,2,8,51.0
719,2,11,81.0
719,2,10,147.57
719,2,1,1587.0
719,2,2,14.0
719,2,9,65.0
719,2,6,25.0
719,2,14,231.0
720,4,8,23.0
720,4,10,3.46
720,4,1,717.0
720,4,2,0.0
720,4,9,0.0
720,4,6,0.0
720,4,14,5.0
720,5,8,11.0
720,5,10,1.15
720,5,1,9.0
720,5,2,0.0
720,5,9,0.0
720,5,6,24.0
720,5,14,1.0
720,1,8,120.0
720,1,11,5.0
720,1,10,208.45
720,1,1,736.0
720,1,2,28.0
720,1,9,19.0
720,1,6,8.0
720,1,14,235.0
720,3,8,72.0
720,3,11,36.0
720,3,10,131.3
720,3,1,675.0
720,3,2,52.0
720,3,9,76.0
720,3,6,7.0
720,3,14,196.0
720,6,8,263.0
720,6,11,109.0
720,6,10,492.0
720,6,1,3691.0
720,6,2,93.0
720,6,9,159.0
720,6,6,66.0
720,6,14,657.0
720,2,8,37.0
720,2,11,68.0
720,2,10,147.94
720,2,1,1555.0
720,2,2,14.0
720,2,9,65.0
720,2,6,27.0
720,2,14,220.0
721,4,8,23.0
721,4,10,4.14
721,4,1,751.0
721,4,2,0.0
721,4,9,0.0
721,4,6,0.0
721,4,14,5.0
721,5,8,12.0
721,5,10,1.43
721,5,1,9.0
721,5,2,0.0
721,5,9,0.0
721,5,6,24.0
721,5,14,1.0
721,1,8,123.0
721,1,11,18.0
721,1,10,214.09
721,1,1,777.0
721,1,2,29.0
721,1,9,25.0
721,1,6,8.0
721,1,14,254.0
721,3,8,89.0
721,3,11,36.0
721,3,10,142.85
721,3,1,725.0
721,3,2,45.0
721,3,9,76.0
721,3,6,7.0
721,3,14,209.0
721,6,8,300.0
721,6,11,133.0
721,6,10,508.0
721,6,1,3888.0
721,6,2,88.0
721,6,9,149.0
721,6,6,64.0
721,6,14,699.0
721,2,8,53.0
721,2,11,80.0
721,2,10,145.47
721,2,1,1626.0
721,2,2,14.0
721,2,9,48.0
721,2,6,25.0
721,2,14,229.0
722,4,8,23.0
722,4,10,4.25
722,4,1,748.0
722,4,2,0.0
722,4,9,0.0
722,4,6,0.0
722,4,14,6.0
722,5,8,11.0
722,5,10,1.41
722,5,1,10.0
722,5,2,0.0
722,5,9,0.0
722,5,6,23.0
722,5,14,1.0
722,1,8,135.0
722,1,11,29.0
722,1,10,212.28
722,1,1,805.0
722,1,2,31.0
722,1,9,26.0
722,1,6,10.0
722,1,14,262.0
722,3,8,90.0
722,3,11,34.0
722,3,10,141.35
722,3,1,754.0
722,3,2,42.0
722,3,9,76.0
722,3,6,7.0
722,3,14,214.0
722,6,8,313.0
722,6,11,148.0
722,6,10,505.0
722,6,1,3951.0
722,6,2,87.0
722,6,9,151.0
722,6,6,61.0
722,6,14,716.0
722,2,8,54.0
722,2,11,85.0
722,2,10,145.26
722,2,1,1634.0
722,2,2,14.0
722,2,9,50.0
722,2,6,21.0
722,2,14,232.0
723,4,8,24.0
723,4,10,4.24
723,4,1,736.0
723,4,2,0.0
723,4,9,0.0
723,4,6,0.0
723,4,14,6.0
723,5,8,11.0
723,5,10,1.27
723,5,1,10.0
723,5,2,0.0
723,5,9,0.0
723,5,6,24.0
723,5,14,1.0
723,1,8,144.0
723,1,11,61.0
723,1,10,206.52
723,1,1,816.0
723,1,2,28.0
723,1,9,26.0
723,1,6,8.0
723,1,14,284.0
723,3,8,88.0
723,3,11,33.0
723,3,10,145.49
723,3,1,760.0
723,3,2,44.0
723,3,9,76.0
723,3,6,9.0
723,3,14,222.0
723,6,8,324.0
723,6,11,181.0
723,6,10,504.0
723,6,1,3953.0
723,6,2,87.0
723,6,9,152.0
723,6,6,68.0
723,6,14,748.0
723,2,8,57.0
723,2,11,87.0
723,2,10,146.53
723,2,1,1632.0
723,2,2,14.0
723,2,9,50.0
723,2,6,28.0
723,2,14,235.0
724,4,8,28.0
724,4,10,4.21
724,4,1,732.0
724,4,2,0.0
724,4,9,0.0
724,4,6,0.0
724,4,14,6.0
724,5,8,11.0
724,5,10,1.02
724,5,1,10.0
724,5,2,0.0
724,5,9,0.0
724,5,6,25.0
724,5,14,1.0
724,1,8,135.0
724,1,11,46.0
724,1,10,216.11
724,1,1,821.0
724,1,2,28.0
724,1,9,30.0
724,1,6,10.0
724,1,14,278.0
724,3,8,99.0
724,3,11,29.0
724,3,10,139.08
724,3,1,780.0
724,3,2,48.0
724,3,9,76.0
724,3,6,9.0
724,3,14,213.0
724,6,8,323.0
724,6,11,167.0
724,6,10,510.0
724,6,1,3988.0
724,6,2,90.0
724,6,9,162.0
724,6,6,75.0
724,6,14,743.0
724,2,8,50.0
724,2,11,92.0
724,2,10,149.37
724,2,1,1646.0
724,2,2,14.0
724,2,9,57.0
724,2,6,31.0
724,2,14,245.0
725,4,8,26.0
725,4,10,4.14
725,4,1,738.0
725,4,2,0.0
725,4,9,0.0
725,4,6,0.0
725,4,14,6.0
725,5,8,11.0
725,5,10,0.76
725,5,1,10.0
725,5,2,0.0
725,5,9,0.0
725,5,6,25.0
725,5,14,1.0
725,1,8,140.0
725,1,11,23.0
725,1,10,226.43
725,1,1,805.0
725,1,2,27.0
725,1,9,32.0
725,1,6,9.0
725,1,14,266.0
725,3,8,88.0
725,3,11,33.0
725,3,10,135.77
725,3,1,791.0
725,3,2,47.0
725,3,9,76.0
725,3,6,7.0
725,3,14,212.0
725,6,8,324.0
725,6,11,161.0
725,6,10,516.0
725,6,1,3967.0
725,6,2,86.0
725,6,9,172.0
725,6,6,78.0
725,6,14,741.0
725,2,8,58.0
725,2,11,105.0
725,2,10,148.57
725,2,1,1624.0
725,2,2,12.0
725,2,9,64.0
725,2,6,36.0
725,2,14,257.0
726,4,8,25.0
726,4,10,4.06
726,4,1,746.0
726,4,2,0.0
726,4,9,0.0
726,4,6,0.0
726,4,14,6.0
726,5,8,11.0
726,5,10,0.81
726,5,1,10.0
726,5,2,0.0
726,5,9,0.0
726,5,6,23.0
726,5,14,1.0
726,1,8,137.0
726,1,11,23.0
726,1,10,206.86
726,1,1,739.0
726,1,2,25.0
726,1,9,32.0
726,1,6,9.0
726,1,14,247.0
726,3,8,80.0
726,3,11,38.0
726,3,10,140.55
726,3,1,780.0
726,3,2,51.0
726,3,9,76.0
726,3,6,7.0
726,3,14,214.0
726,6,8,320.0
726,6,11,185.0
726,6,10,497.0
726,6,1,3849.0
726,6,2,86.0
726,6,9,173.0
726,6,6,78.0
726,6,14,738.0
726,2,8,68.0
726,2,11,124.0
726,2,10,144.24
726,2,1,1575.0
726,2,2,10.0
726,2,9,65.0
726,2,6,38.0
726,2,14,271.0
727,4,8,24.0
727,4,10,4.15
727,4,1,723.0
727,4,2,0.0
727,4,9,0.0
727,4,6,0.0
727,4,14,6.0
727,5,8,13.0
727,5,10,1.06
727,5,1,9.0
727,5,2,0.0
727,5,9,0.0
727,5,6,21.0
727,5,14,1.0
727,1,8,137.0
727,1,11,3.0
727,1,10,223.54
727,1,1,730.0
727,1,2,28.0
727,1,9,32.0
727,1,6,9.0
727,1,14,243.0
727,3,8,72.0
727,3,11,35.0
727,3,10,140.55
727,3,1,756.0
727,3,2,50.0
727,3,9,76.0
727,3,6,9.0
727,3,14,202.0
727,6,8,286.0
727,6,11,126.0
727,6,10,522.0
727,6,1,3760.0
727,6,2,89.0
727,6,9,172.0
727,6,6,74.0
727,6,14,696.0
727,2,8,41.0
727,2,11,88.0
727,2,10,152.57
727,2,1,1542.0
727,2,2,11.0
727,2,9,64.0
727,2,6,34.0
727,2,14,244.0
728,4,8,31.0
728,4,10,3.84
728,4,1,720.0
728,4,2,0.0
728,4,9,0.0
728,4,6,0.0
728,4,14,6.0
728,5,8,15.0
728,5,10,1.06
728,5,1,10.0
728,5,2,0.0
728,5,9,0.0
728,5,6,21.0
728,5,14,1.0
728,1,8,134.0
728,1,11,6.0
728,1,10,221.2
728,1,1,766.0
728,1,2,29.0
728,1,9,32.0
728,1,6,9.0
728,1,14,244.0
728,3,8,75.0
728,3,11,36.0
728,3,10,128.84
728,3,1,761.0
728,3,2,47.0
728,3,9,76.0
728,3,6,9.0
728,3,14,191.0
728,6,8,306.0
728,6,11,140.0
728,6,10,498.0
728,6,1,3824.0
728,6,2,86.0
728,6,9,171.0
728,6,6,76.0
728,6,14,684.0
728,2,8,52.0
728,2,11,98.0
728,2,10,142.68
728,2,1,1567.0
728,2,2,10.0
728,2,9,63.0
728,2,6,37.0
728,2,14,242.0
729,4,8,24.0
729,4,10,3.68
729,4,1,723.0
729,4,2,0.0
729,4,9,0.0
729,4,6,0.0
729,4,14,5.0
729,5,8,11.0
729,5,10,1.04
729,5,1,10.0
729,5,2,0.0
729,5,9,0.0
729,5,6,21.0
729,5,14,1.0
729,1,8,132.0
729,1,11,7.0
729,1,10,223.16
729,1,1,770.0
729,1,2,29.0
729,1,9,31.0
729,1,6,10.0
729,1,14,246.0
729,3,8,73.0
729,3,11,43.0
729,3,10,137.04
729,3,1,772.0
729,3,2,39.0
729,3,9,71.0
729,3,6,9.0
729,3,14,212.0
729,6,8,287.0
729,6,11,141.0
729,6,10,499.0
729,6,1,3855.0
729,6,2,78.0
729,6,9,166.0
729,6,6,79.0
729,6,14,692.0
729,2,8,46.0
729,2,11,92.0
729,2,10,134.2
729,2,1,1580.0
729,2,2,10.0
729,2,9,64.0
729,2,6,38.0
729,2,14,228.0
730,4,8,24.0
730,4,10,3.44
730,4,1,747.0
730,4,2,0.0
730,4,9,0.0
730,4,6,0.0
730,4,14,5.0
730,5,8,11.0
730,5,10,0.99
730,5,1,10.0
730,5,2,0.0
730,5,9,0.0
730,5,6,23.0
730,5,14,1.0
730,1,8,134.0
730,1,11,10.0
730,1,10,215.64
730,1,1,794.0
730,1,2,28.0
730,1,9,31.0
730,1,6,14.0
730,1,14,242.0
730,3,8,88.0
730,3,11,35.0
730,3,10,127.19
730,3,1,781.0
730,3,2,41.0
730,3,9,71.0
730,3,6,10.0
730,3,14,192.0
730,6,8,291.0
730,6,11,133.0
730,6,10,483.0
730,6,1,3900.0
730,6,2,79.0
730,6,9,167.0
730,6,6,71.0
730,6,14,665.0
730,2,8,34.0
730,2,11,87.0
730,2,10,136.17
730,2,1,1568.0
730,2,2,10.0
730,2,9,64.0
730,2,6,25.0
730,2,14,226.0
731,4,8,26.0
731,4,10,3.25
731,4,1,764.0
731,4,2,0.0
731,4,9,0.0
731,4,6,0.0
731,4,14,5.0
731,5,8,11.0
731,5,10,1.06
731,5,1,10.0
731,5,2,0.0
731,5,9,0.0
731,5,6,23.0
731,5,14,1.0
731,1,8,131.0
731,1,11,11.0
731,1,10,211.75
731,1,1,784.0
731,1,2,27.0
731,1,9,31.0
731,1,6,18.0
731,1,14,240.0
731,3,8,73.0
731,3,11,36.0
731,3,10,106.31
731,3,1,735.0
731,3,2,48.0
731,3,9,71.0
731,3,6,10.0
731,3,14,177.0
731,6,8,275.0
731,6,11,122.0
731,6,10,460.0
731,6,1,3869.0
731,6,2,87.0
731,6,9,167.0
731,6,6,77.0
731,6,14,637.0
731,2,8,34.0
731,2,11,75.0
731,2,10,137.45
731,2,1,1577.0
731,2,2,11.0
731,2,9,64.0
731,2,6,26.0
731,2,14,214.0
732,4,8,24.0
732,4,10,2.96
732,4,1,731.0
732,4,2,0.0
732,4,9,0.0
732,4,6,0.0
732,4,14,5.0
732,5,8,10.0
732,5,10,0.79
732,5,1,9.0
732,5,2,0.0
732,5,9,0.0
732,5,6,24.0
732,5,14,1.0
732,1,8,128.0
732,1,11,20.0
732,1,10,212.42
732,1,1,795.0
732,1,2,26.0
732,1,9,31.0
732,1,6,9.0
732,1,14,250.0
732,3,8,67.0
732,3,11,24.0
732,3,10,133.22
732,3,1,683.0
732,3,2,53.0
732,3,9,71.0
732,3,6,10.0
732,3,14,199.0
732,6,8,266.0
732,6,11,111.0
732,6,10,498.0
732,6,1,3798.0
732,6,2,91.0
732,6,9,166.0
732,6,6,72.0
732,6,14,672.0
732,2,8,36.0
732,2,11,67.0
732,2,10,149.09
732,2,1,1580.0
732,2,2,12.0
732,2,9,64.0
732,2,6,29.0
732,2,14,218.0
733,4,8,28.0
733,4,10,4.23
733,4,1,715.0
733,4,2,0.0
733,4,9,0.0
733,4,6,0.0
733,4,14,6.0
733,5,8,10.0
733,5,10,1.02
733,5,1,10.0
733,5,2,0.0
733,5,9,0.0
733,5,6,24.0
733,5,14,1.0
733,1,8,131.0
733,1,11,13.0
733,1,10,209.77
733,1,1,802.0
733,1,2,24.0
733,1,9,31.0
733,1,6,12.0
733,1,14,239.0
733,3,8,63.0
733,3,11,24.0
733,3,10,137.92
733,3,1,697.0
733,3,2,52.0
733,3,9,71.0
733,3,6,10.0
733,3,14,200.0
733,6,8,275.0
733,6,11,127.0
733,6,10,495.0
733,6,1,3836.0
733,6,2,88.0
733,6,9,166.0
733,6,6,72.0
733,6,14,680.0
733,2,8,44.0
733,2,11,90.0
733,2,10,142.37
733,2,1,1612.0
733,2,2,12.0
733,2,9,64.0
733,2,6,27.0
733,2,14,234.0
734,4,8,22.0
734,4,10,3.64
734,4,1,685.0
734,4,2,0.0
734,4,9,0.0
734,4,6,0.0
734,4,14,5.0
734,5,8,10.0
734,5,10,0.92
734,5,1,9.0
734,5,2,0.0
734,5,9,0.0
734,5,6,24.0
734,5,14,1.0
734,1,8,139.0
734,1,11,24.0
734,1,10,209.17
734,1,1,754.0
734,1,2,22.0
734,1,9,31.0
734,1,6,11.0
734,1,14,249.0
734,3,8,58.0
734,3,11,36.0
734,3,10,138.14
734,3,1,661.0
734,3,2,51.0
734,3,9,71.0
734,3,6,9.0
734,3,14,214.0
734,6,8,257.0
734,6,11,209.0
734,6,10,508.0
734,6,1,3633.0
734,6,2,85.0
734,6,9,167.0
734,6,6,68.0
734,6,14,778.0
734,2,8,29.0
734,2,11,150.0
734,2,10,155.81
734,2,1,1524.0
734,2,2,11.0
734,2,9,64.0
734,2,6,23.0
734,2,14,308.0
735,4,8,22.0
735,4,10,3.79
735,4,1,711.0
735,4,2,0.0
735,4,9,0.0
735,4,6,0.0
735,4,14,5.0
735,5,8,10.0
735,5,10,0.98
735,5,1,9.0
735,5,2,0.0
735,5,9,0.0
735,5,6,24.0
735,5,14,1.0
735,1,8,156.0
735,1,11,27.0
735,1,10,201.31
735,1,1,812.0
735,1,2,23.0
735,1,9,31.0
735,1,6,13.0
735,1,14,245.0
735,3,8,77.0
735,3,11,40.0
735,3,10,147.09
735,3,1,680.0
735,3,2,54.0
735,3,9,71.0
735,3,6,11.0
735,3,14,226.0
735,6,8,312.0
735,6,11,218.0
735,6,10,506.0
735,6,1,3813.0
735,6,2,88.0
735,6,9,166.0
735,6,6,90.0
735,6,14,784.0
735,2,8,48.0
735,2,11,151.0
735,2,10,152.92
735,2,1,1602.0
735,2,2,12.0
735,2,9,64.0
735,2,6,42.0
735,2,14,306.0
736,4,8,26.0
736,4,10,4.06
736,4,1,719.0
736,4,2,0.0
736,4,9,0.0
736,4,6,0.0
736,4,14,5.0
736,5,8,10.0
736,5,10,1.08
736,5,1,10.0
736,5,2,0.0
736,5,9,0.0
736,5,6,24.0
736,5,14,1.0
736,1,8,176.0
736,1,11,43.0
736,1,10,199.39
736,1,1,835.0
736,1,2,28.0
736,1,9,31.0
736,1,6,20.0
736,1,14,260.0
736,3,8,74.0
736,3,11,38.0
736,3,10,140.11
736,3,1,728.0
736,3,2,54.0
736,3,9,71.0
736,3,6,14.0
736,3,14,221.0
736,6,8,340.0
736,6,11,175.0
736,6,10,489.0
736,6,1,3964.0
736,6,2,95.0
736,6,9,165.0
736,6,6,110.0
736,6,14,730.0
736,2,8,55.0
736,2,11,94.0
736,2,10,144.34
736,2,1,1672.0
736,2,2,12.0
736,2,9,64.0
736,2,6,52.0
736,2,14,242.0
737,4,8,27.0
737,4,10,4.17
737,4,1,714.0
737,4,2,0.0
737,4,9,0.0
737,4,6,0.0
737,4,14,5.0
737,5,8,9.0
737,5,10,0.75
737,5,1,10.0
737,5,2,0.0
737,5,9,0.0
737,5,6,24.0
737,5,14,1.0
737,1,8,182.0
737,1,11,31.0
737,1,10,198.58
737,1,1,865.0
737,1,2,29.0
737,1,9,30.0
737,1,6,21.0
737,1,14,245.0
737,3,8,82.0
737,3,11,33.0
737,3,10,140.66
737,3,1,734.0
737,3,2,50.0
737,3,9,71.0
737,3,6,14.0
737,3,14,213.0
737,6,8,361.0
737,6,11,168.0
737,6,10,496.0
737,6,1,4011.0
737,6,2,91.0
737,6,9,164.0
737,6,6,116.0
737,6,14,723.0
737,2,8,61.0
737,2,11,104.0
737,2,10,152.25
737,2,1,1688.0
737,2,2,13.0
737,2,9,64.0
737,2,6,57.0
737,2,14,259.0
738,4,8,18.0
738,4,10,3.78
738,4,1,694.0
738,4,2,0.0
738,4,9,0.0
738,4,6,0.0
738,4,14,5.0
738,5,8,9.0
738,5,10,0.84
738,5,1,9.0
738,5,2,0.0
738,5,9,0.0
738,5,6,23.0
738,5,14,1.0
738,1,8,181.0
738,1,11,31.0
738,1,10,207.59
738,1,1,743.0
738,1,2,27.0
738,1,9,26.0
738,1,6,14.0
738,1,14,253.0
738,3,8,58.0
738,3,11,113.0
738,3,10,129.91
738,3,1,679.0
738,3,2,47.0
738,3,9,71.0
738,3,6,10.0
738,3,14,284.0
738,6,8,302.0
738,6,11,299.0
738,6,10,484.0
738,6,1,3740.0
738,6,2,87.0
738,6,9,161.0
738,6,6,90.0
738,6,14,843.0
738,2,8,35.0
738,2,11,156.0
738,2,10,142.3
738,2,1,1615.0
738,2,2,12.0
738,2,9,65.0
738,2,6,42.0
738,2,14,300.0
739,4,8,29.0
739,4,10,2.99
739,4,1,686.0
739,4,2,0.0
739,4,9,0.0
739,4,6,0.0
739,4,14,4.0
739,5,8,10.0
739,5,10,0.61
739,5,1,8.0
739,5,2,0.0
739,5,9,0.0
739,5,6,23.0
739,5,14,1.0
739,1,8,173.0
739,1,11,34.0
739,1,10,196.62
739,1,1,704.0
739,1,2,23.0
739,1,9,26.0
739,1,6,12.0
739,1,14,245.0
739,3,8,68.0
739,3,11,108.0
739,3,10,138.35
739,3,1,618.0
739,3,2,44.0
739,3,9,71.0
739,3,6,10.0
739,3,14,277.0
739,6,8,322.0
739,6,11,339.0
739,6,10,479.0
739,6,1,3544.0
739,6,2,78.0
739,6,9,162.0
739,6,6,78.0
739,6,14,868.0
739,2,8,42.0
739,2,11,197.0
739,2,10,140.59
739,2,1,1528.0
739,2,2,11.0
739,2,9,65.0
739,2,6,33.0
739,2,14,342.0
740,4,8,25.0
740,4,10,3.91
740,4,1,712.0
740,4,2,0.0
740,4,9,0.0
740,4,6,0.0
740,4,14,6.0
740,5,8,11.0
740,5,10,0.97
740,5,1,8.0
740,5,2,0.0
740,5,9,0.0
740,5,6,24.0
740,5,14,1.0
740,1,8,165.0
740,1,11,21.0
740,1,10,198.7
740,1,1,713.0
740,1,2,22.0
740,1,9,30.0
740,1,6,10.0
740,1,14,233.0
740,3,8,67.0
740,3,11,91.0
740,3,10,145.9
740,3,1,642.0
740,3,2,44.0
740,3,9,71.0
740,3,6,10.0
740,3,14,266.0
740,6,8,299.0
740,6,11,249.0
740,6,10,493.0
740,6,1,3633.0
740,6,2,79.0
740,6,9,166.0
740,6,6,78.0
740,6,14,791.0
740,2,8,32.0
740,2,11,137.0
740,2,10,144.0
740,2,1,1558.0
740,2,2,13.0
740,2,9,65.0
740,2,6,35.0
740,2,14,285.0
741,4,8,32.0
741,4,10,3.42
741,4,1,712.0
741,4,2,0.0
741,4,9,0.0
741,4,6,0.0
741,4,14,5.0
741,5,8,9.0
741,5,10,0.91
741,5,1,8.0
741,5,2,0.0
741,5,9,0.0
741,5,6,24.0
741,5,14,1.0
741,1,8,146.0
741,1,11,14.0
741,1,10,206.11
741,1,1,687.0
741,1,2,25.0
741,1,9,31.0
741,1,6,9.0
741,1,14,233.0
741,3,8,63.0
741,3,11,45.0
741,3,10,144.78
741,3,1,654.0
741,3,2,43.0
741,3,9,71.0
741,3,6,10.0
741,3,14,218.0
741,6,8,274.0
741,6,11,210.0
741,6,10,495.0
741,6,1,3544.0
741,6,2,82.0
741,6,9,167.0
741,6,6,80.0
741,6,14,749.0
741,2,8,24.0
741,2,11,150.0
741,2,10,139.49
741,2,1,1481.0
741,2,2,14.0
741,2,9,65.0
741,2,6,37.0
741,2,14,292.0
742,4,8,28.0
742,4,10,3.88
742,4,1,734.0
742,4,2,0.0
742,4,9,0.0
742,4,6,0.0
742,4,14,6.0
742,5,8,10.0
742,5,10,0.92
742,5,1,13.0
742,5,2,0.0
742,5,9,0.0
742,5,6,24.0
742,5,14,1.0
742,1,8,153.0
742,1,11,16.0
742,1,10,205.65
742,1,1,739.0
742,1,2,25.0
742,1,9,27.0
742,1,6,9.0
742,1,14,233.0
742,3,8,63.0
742,3,11,47.0
742,3,10,141.5
742,3,1,664.0
742,3,2,45.0
742,3,9,71.0
742,3,6,10.0
742,3,14,219.0
742,6,8,292.0
742,6,11,255.0
742,6,10,502.0
742,6,1,3674.0
742,6,2,85.0
742,6,9,163.0
742,6,6,82.0
742,6,14,802.0
742,2,8,38.0
742,2,11,192.0
742,2,10,149.76
742,2,1,1524.0
742,2,2,15.0
742,2,9,65.0
742,2,6,39.0
742,2,14,344.0
743,4,8,26.0
743,4,10,3.97
743,4,1,739.0
743,4,2,0.0
743,4,9,0.0
743,4,6,0.0
743,4,14,6.0
743,5,8,10.0
743,5,10,0.74
743,5,1,10.0
743,5,2,0.0
743,5,9,0.0
743,5,6,24.0
743,5,14,1.0
743,1,8,178.0
743,1,11,10.0
743,1,10,207.37
743,1,1,806.0
743,1,2,24.0
743,1,9,26.0
743,1,6,12.0
743,1,14,230.0
743,3,8,68.0
743,3,11,51.0
743,3,10,147.01
743,3,1,696.0
743,3,2,45.0
743,3,9,70.0
743,3,6,10.0
743,3,14,239.0
743,6,8,338.0
743,6,11,220.0
743,6,10,508.0
743,6,1,3803.0
743,6,2,85.0
743,6,9,160.0
743,6,6,86.0
743,6,14,784.0
743,2,8,56.0
743,2,11,158.0
743,2,10,148.83
743,2,1,1551.0
743,2,2,16.0
743,2,9,65.0
743,2,6,40.0
743,2,14,309.0
744,4,8,26.0
744,4,10,4.43
744,4,1,766.0
744,4,2,0.0
744,4,9,0.0
744,4,6,0.0
744,4,14,5.0
744,5,8,10.0
744,5,10,0.84
744,5,1,12.0
744,5,2,0.0
744,5,9,0.0
744,5,6,24.0
744,5,14,1.0
744,1,8,206.0
744,1,11,16.0
744,1,10,200.6
744,1,1,821.0
744,1,2,21.0
744,1,9,26.0
744,1,6,17.0
744,1,14,229.0
744,3,8,76.0
744,3,11,54.0
744,3,10,142.93
744,3,1,701.0
744,3,2,47.0
744,3,9,61.0
744,3,6,10.0
744,3,14,233.0
744,6,8,383.0
744,6,11,204.0
744,6,10,493.0
744,6,1,3893.0
744,6,2,84.0
744,6,9,152.0
744,6,6,82.0
744,6,14,751.0
744,2,8,66.0
744,2,11,134.0
744,2,10,144.34
744,2,1,1594.0
744,2,2,16.0
744,2,9,65.0
744,2,6,31.0
744,2,14,282.0
745,4,8,27.0
745,4,10,4.07
745,4,1,735.0
745,4,2,0.0
745,4,9,0.0
745,4,6,0.0
745,4,14,5.0
745,5,8,10.0
745,5,10,0.84
745,5,1,15.0
745,5,2,0.0
745,5,9,0.0
745,5,6,23.0
745,5,14,1.0
745,1,8,222.0
745,1,11,30.0
745,1,10,201.19
745,1,1,822.0
745,1,2,19.0
745,1,9,26.0
745,1,6,21.0
745,1,14,243.0
745,3,8,78.0
745,3,11,47.0
745,3,10,139.41
745,3,1,702.0
745,3,2,48.0
745,3,9,61.0
745,3,6,8.0
745,3,14,215.0
745,6,8,384.0
745,6,11,215.0
745,6,10,488.0
745,6,1,3897.0
745,6,2,83.0
745,6,9,152.0
745,6,6,84.0
745,6,14,745.0
745,2,8,46.0
745,2,11,137.0
745,2,10,142.0
745,2,1,1623.0
745,2,2,16.0
745,2,9,65.0
745,2,6,32.0
745,2,14,281.0
746,4,8,22.0
746,4,10,3.03
746,4,1,695.0
746,4,2,0.0
746,4,9,0.0
746,4,6,0.0
746,4,14,5.0
746,5,8,12.0
746,5,10,1.17
746,5,1,14.0
746,5,2,0.0
746,5,9,0.0
746,5,6,24.0
746,5,14,1.0
746,1,8,237.0
746,1,11,58.0
746,1,10,195.65
746,1,1,793.0
746,1,2,20.0
746,1,9,30.0
746,1,6,14.0
746,1,14,265.0
746,3,8,66.0
746,3,11,68.0
746,3,10,135.66
746,3,1,687.0
746,3,2,46.0
746,3,9,69.0
746,3,6,8.0
746,3,14,231.0
746,6,8,385.0
746,6,11,291.0
746,6,10,481.0
746,6,1,3789.0
746,6,2,82.0
746,6,9,164.0
746,6,6,77.0
746,6,14,816.0
746,2,8,48.0
746,2,11,165.0
746,2,10,145.79
746,2,1,1599.0
746,2,2,16.0
746,2,9,65.0
746,2,6,30.0
746,2,14,315.0
747,4,8,30.0
747,4,10,3.43
747,4,1,698.0
747,4,2,0.0
747,4,9,0.0
747,4,6,0.0
747,4,14,5.0
747,5,8,12.0
747,5,10,1.14
747,5,1,13.0
747,5,2,0.0
747,5,9,0.0
747,5,6,24.0
747,5,14,1.0
747,1,8,228.0
747,1,11,47.0
747,1,10,207.32
747,1,1,783.0
747,1,2,19.0
747,1,9,33.0
747,1,6,12.0
747,1,14,266.0
747,3,8,73.0
747,3,11,69.0
747,3,10,142.89
747,3,1,670.0
747,3,2,45.0
747,3,9,71.0
747,3,6,9.0
747,3,14,240.0
747,6,8,380.0
747,6,11,327.0
747,6,10,499.0
747,6,1,3689.0
747,6,2,81.0
747,6,9,169.0
747,6,6,75.0
747,6,14,871.0
747,2,8,38.0
747,2,11,210.0
747,2,10,143.75
747,2,1,1524.0
747,2,2,16.0
747,2,9,65.0
747,2,6,30.0
747,2,14,358.0
748,4,8,36.0
748,4,10,3.4
748,4,1,711.0
748,4,2,0.0
748,4,9,0.0
748,4,6,0.0
748,4,14,5.0
748,5,8,12.0
748,5,10,0.95
748,5,1,14.0
748,5,2,0.0
748,5,9,0.0
748,5,6,24.0
748,5,14,1.0
748,1,8,211.0
748,1,11,33.0
748,1,10,214.44
748,1,1,826.0
748,1,2,21.0
748,1,9,34.0
748,1,6,15.0
748,1,14,259.0
748,3,8,68.0
748,3,11,71.0
748,3,10,138.14
748,3,1,703.0
748,3,2,45.0
748,3,9,71.0
748,3,6,8.0
748,3,14,237.0
748,6,8,363.0
748,6,11,237.0
748,6,10,507.0
748,6,1,3785.0
748,6,2,83.0
748,6,9,170.0
748,6,6,64.0
748,6,14,789.0
748,2,8,35.0
748,2,11,133.0
748,2,10,150.04
748,2,1,1531.0
748,2,2,17.0
748,2,9,65.0
748,2,6,18.0
748,2,14,287.0
749,4,8,33.0
749,4,10,4.1
749,4,1,731.0
749,4,2,0.0
749,4,9,0.0
749,4,6,0.0
749,4,14,6.0
749,5,8,12.0
749,5,10,0.98
749,5,1,15.0
749,5,2,0.0
749,5,9,0.0
749,5,6,24.0
749,5,14,1.0
749,1,8,201.0
749,1,11,16.0
749,1,10,222.34
749,1,1,885.0
749,1,2,21.0
749,1,9,33.0
749,1,6,26.0
749,1,14,250.0
749,3,8,85.0
749,3,11,44.0
749,3,10,131.61
749,3,1,759.0
749,3,2,46.0
749,3,9,71.0
749,3,6,8.0
749,3,14,205.0
749,6,8,386.0
749,6,11,134.0
749,6,10,510.0
749,6,1,4029.0
749,6,2,82.0
749,6,9,170.0
749,6,6,114.0
749,6,14,691.0
749,2,8,54.0
749,2,11,74.0
749,2,10,151.45
749,2,1,1638.0
749,2,2,15.0
749,2,9,65.0
749,2,6,56.0
749,2,14,229.0
750,4,8,32.0
750,4,10,4.11
750,4,1,715.0
750,4,2,0.0
750,4,9,0.0
750,4,6,0.0
750,4,14,6.0
750,5,8,12.0
750,5,10,0.42
750,5,1,15.0
750,5,2,0.0
750,5,9,0.0
750,5,6,24.0
750,5,14,0.0
750,1,8,196.0
750,1,11,15.0
750,1,10,227.5
750,1,1,907.0
750,1,2,24.0
750,1,9,34.0
750,1,6,53.0
750,1,14,252.0
750,3,8,90.0
750,3,11,32.0
750,3,10,136.42
750,3,1,790.0
750,3,2,43.0
750,3,9,71.0
750,3,6,12.0
750,3,14,199.0
750,6,8,397.0
750,6,11,132.0
750,6,10,522.0
750,6,1,4083.0
750,6,2,80.0
750,6,9,170.0
750,6,6,184.0
750,6,14,698.0
750,2,8,65.0
750,2,11,85.0
750,2,10,153.53
750,2,1,1655.0
750,2,2,14.0
750,2,9,65.0
750,2,6,95.0
750,2,14,240.0
751,4,8,42.0
751,4,10,4.23
751,4,1,715.0
751,4,2,0.0
751,4,9,0.0
751,4,6,0.0
751,4,14,6.0
751,5,8,16.0
751,5,10,0.84
751,5,1,15.0
751,5,2,0.0
751,5,9,0.0
751,5,6,24.0
751,5,14,1.0
751,1,8,196.0
751,1,11,9.0
751,1,10,225.84
751,1,1,891.0
751,1,2,24.0
751,1,9,34.0
751,1,6,55.0
751,1,14,245.0
751,3,8,86.0
751,3,11,46.0
751,3,10,145.14
751,3,1,774.0
751,3,2,37.0
751,3,9,71.0
751,3,6,16.0
751,3,14,229.0
751,6,8,407.0
751,6,11,152.0
751,6,10,534.0
751,6,1,4051.0
751,6,2,75.0
751,6,9,160.0
751,6,6,186.0
751,6,14,739.0
751,2,8,66.0
751,2,11,96.0
751,2,10,157.76
751,2,1,1656.0
751,2,2,14.0
751,2,9,55.0
751,2,6,91.0
751,2,14,258.0
752,4,8,36.0
752,4,10,3.91
752,4,1,736.0
752,4,2,0.0
752,4,9,0.0
752,4,6,0.0
752,4,14,5.0
752,5,8,19.0
752,5,10,1.1
752,5,1,14.0
752,5,2,0.0
752,5,9,0.0
752,5,6,24.0
752,5,14,1.0
752,1,8,202.0
752,1,11,26.0
752,1,10,222.47
752,1,1,883.0
752,1,2,24.0
752,1,9,34.0
752,1,6,59.0
752,1,14,255.0
752,3,8,83.0
752,3,11,62.0
752,3,10,142.42
752,3,1,762.0
752,3,2,37.0
752,3,9,71.0
752,3,6,17.0
752,3,14,245.0
752,6,8,386.0
752,6,11,201.0
752,6,10,530.0
752,6,1,4064.0
752,6,2,75.0
752,6,9,154.0
752,6,6,192.0
752,6,14,781.0
752,2,8,46.0
752,2,11,114.0
752,2,10,160.2
752,2,1,1668.0
752,2,2,14.0
752,2,9,50.0
752,2,6,93.0
752,2,14,276.0
753,4,8,32.0
753,4,10,3.83
753,4,1,743.0
753,4,2,0.0
753,4,9,0.0
753,4,6,0.0
753,4,14,5.0
753,5,8,15.0
753,5,10,1.18
753,5,1,10.0
753,5,2,0.0
753,5,9,0.0
753,5,6,24.0
753,5,14,1.0
753,1,8,200.0
753,1,11,35.0
753,1,10,216.75
753,1,1,908.0
753,1,2,15.0
753,1,9,33.0
753,1,6,50.0
753,1,14,261.0
753,3,8,83.0
753,3,11,54.0
753,3,10,135.28
753,3,1,780.0
753,3,2,45.0
753,3,9,71.0
753,3,6,17.0
753,3,14,230.0
753,6,8,386.0
753,6,11,213.0
753,6,10,512.0
753,6,1,4137.0
753,6,2,73.0
753,6,9,154.0
753,6,6,183.0
753,6,14,778.0
753,2,8,56.0
753,2,11,124.0
753,2,10,154.96
753,2,1,1695.0
753,2,2,14.0
753,2,9,50.0
753,2,6,92.0
753,2,14,281.0
754,4,8,28.0
754,4,10,3.63
754,4,1,732.0
754,4,2,0.0
754,4,9,0.0
754,4,6,0.0
754,4,14,5.0
754,5,8,13.0
754,5,10,1.25
754,5,1,10.0
754,5,2,0.0
754,5,9,0.0
754,5,6,24.0
754,5,14,1.0
754,1,8,199.0
754,1,11,16.0
754,1,10,207.11
754,1,1,899.0
754,1,2,26.0
754,1,9,33.0
754,1,6,52.0
754,1,14,233.0
754,3,8,86.0
754,3,11,29.0
754,3,10,130.91
754,3,1,759.0
754,3,2,49.0
754,3,9,71.0
754,3,6,16.0
754,3,14,197.0
754,6,8,377.0
754,6,11,173.0
754,6,10,483.0
754,6,1,4089.0
754,6,2,89.0
754,6,9,164.0
754,6,6,178.0
754,6,14,709.0
754,2,8,51.0
754,2,11,129.0
754,2,10,139.9
754,2,1,1689.0
754,2,2,14.0
754,2,9,59.0
754,2,6,87.0
754,2,14,272.0
755,4,8,30.0
755,4,10,1.9
755,4,1,709.0
755,4,2,0.0
755,4,9,0.0
755,4,6,0.0
755,4,14,3.0
755,5,8,11.0
755,5,10,1.09
755,5,1,10.0
755,5,2,0.0
755,5,9,0.0
755,5,6,23.0
755,5,14,1.0
755,1,8,200.0
755,1,11,6.0
755,1,10,211.3
755,1,1,856.0
755,1,2,33.0
755,1,9,33.0
755,1,6,26.0
755,1,14,228.0
755,3,8,72.0
755,3,11,49.0
755,3,10,128.88
755,3,1,703.0
755,3,2,46.0
755,3,9,71.0
755,3,6,10.0
755,3,14,214.0
755,6,8,345.0
755,6,11,164.0
755,6,10,487.0
755,6,1,3886.0
755,6,2,95.0
755,6,9,169.0
755,6,6,97.0
755,6,14,703.0
755,2,8,32.0
755,2,11,110.0
755,2,10,143.87
755,2,1,1607.0
755,2,2,16.0
755,2,9,65.0
755,2,6,37.0
755,2,14,257.0
756,4,8,25.0
756,4,10,3.8
756,4,1,713.0
756,4,2,0.0
756,4,9,0.0
756,4,6,0.0
756,4,14,5.0
756,5,8,10.0
756,5,10,0.44
756,5,1,14.0
756,5,2,0.0
756,5,9,0.0
756,5,6,23.0
756,5,14,0.0
756,1,8,217.0
756,1,11,12.0
756,1,10,211.04
756,1,1,870.0
756,1,2,24.0
756,1,9,33.0
756,1,6,34.0
756,1,14,234.0
756,3,8,78.0
756,3,11,21.0
756,3,10,142.48
756,3,1,724.0
756,3,2,44.0
756,3,9,71.0
756,3,6,10.0
756,3,14,192.0
756,6,8,380.0
756,6,11,175.0
756,6,10,504.0
756,6,1,3965.0
756,6,2,83.0
756,6,9,170.0
756,6,6,118.0
756,6,14,723.0
756,2,8,49.0
756,2,11,141.0
756,2,10,146.72
756,2,1,1644.0
756,2,2,15.0
756,2,9,65.0
756,2,6,51.0
756,2,14,292.0
757,4,8,24.0
757,4,10,3.81
757,4,1,703.0
757,4,2,0.0
757,4,9,0.0
757,4,6,0.0
757,4,14,5.0
757,5,8,13.0
757,5,10,0.53
757,5,1,14.0
757,5,2,0.0
757,5,9,0.0
757,5,6,23.0
757,5,14,1.0
757,1,8,237.0
757,1,11,12.0
757,1,10,206.8
757,1,1,843.0
757,1,2,25.0
757,1,9,33.0
757,1,6,44.0
757,1,14,229.0
757,3,8,76.0
757,3,11,36.0
757,3,10,133.94
757,3,1,723.0
757,3,2,44.0
757,3,9,71.0
757,3,6,13.0
757,3,14,198.0
757,6,8,396.0
757,6,11,225.0
757,6,10,492.0
757,6,1,3895.0
757,6,2,84.0
757,6,9,170.0
757,6,6,152.0
757,6,14,758.0
757,2,8,47.0
757,2,11,177.0
757,2,10,146.83
757,2,1,1611.0
757,2,2,15.0
757,2,9,65.0
757,2,6,72.0
757,2,14,325.0
758,4,8,27.0
758,4,10,2.72
758,4,1,708.0
758,4,2,0.0
758,4,9,0.0
758,4,6,0.0
758,4,14,5.0
758,5,8,13.0
758,5,10,1.13
758,5,1,13.0
758,5,2,0.0
758,5,9,0.0
758,5,6,23.0
758,5,14,1.0
758,1,8,249.0
758,1,11,21.0
758,1,10,207.89
758,1,1,827.0
758,1,2,23.0
758,1,9,33.0
758,1,6,47.0
758,1,14,239.0
758,3,8,69.0
758,3,11,66.0
758,3,10,136.36
758,3,1,703.0
758,3,2,47.0
758,3,9,71.0
758,3,6,14.0
758,3,14,230.0
758,6,8,403.0
758,6,11,261.0
758,6,10,501.0
758,6,1,3860.0
758,6,2,86.0
758,6,9,169.0
758,6,6,161.0
758,6,14,804.0
758,2,8,45.0
758,2,11,175.0
758,2,10,152.95
758,2,1,1608.0
758,2,2,16.0
758,2,9,65.0
758,2,6,77.0
758,2,14,329.0
759,4,8,31.0
759,4,10,3.82
759,4,1,671.0
759,4,2,0.0
759,4,9,0.0
759,4,6,0.0
759,4,14,5.0
759,5,8,14.0
759,5,10,0.45
759,5,1,12.0
759,5,2,0.0
759,5,9,0.0
759,5,6,23.0
759,5,14,0.0
759,1,8,258.0
759,1,11,24.0
759,1,10,191.77
759,1,1,791.0
759,1,2,23.0
759,1,9,33.0
759,1,6,19.0
759,1,14,227.0
759,3,8,69.0
759,3,11,68.0
759,3,10,140.42
759,3,1,653.0
759,3,2,44.0
759,3,9,71.0
759,3,6,9.0
759,3,14,235.0
759,6,8,393.0
759,6,11,281.0
759,6,10,491.0
759,6,1,3687.0
759,6,2,83.0
759,6,9,169.0
759,6,6,87.0
759,6,14,817.0
759,2,8,21.0
759,2,11,189.0
759,2,10,154.88
759,2,1,1560.0
759,2,2,15.0
759,2,9,65.0
759,2,6,36.0
759,2,14,349.0
760,4,8,30.0
760,4,10,4.76
760,4,1,661.0
760,4,2,0.0
760,4,9,0.0
760,4,6,0.0
760,4,14,6.0
760,5,8,16.0
760,5,10,1.09
760,5,1,13.0
760,5,2,0.0
760,5,9,0.0
760,5,6,24.0
760,5,14,1.0
760,1,8,237.0
760,1,11,17.0
760,1,10,180.41
760,1,1,730.0
760,1,2,22.0
760,1,9,33.0
760,1,6,15.0
760,1,14,207.0
760,3,8,73.0
760,3,11,63.0
760,3,10,134.58
760,3,1,649.0
760,3,2,36.0
760,3,9,71.0
760,3,6,9.0
760,3,14,226.0
760,6,8,395.0
760,6,11,246.0
760,6,10,473.0
760,6,1,3610.0
760,6,2,71.0
760,6,9,169.0
760,6,6,102.0
760,6,14,762.0
760,2,8,39.0
760,2,11,165.0
760,2,10,152.6
760,2,1,1556.0
760,2,2,13.0
760,2,9,65.0
760,2,6,54.0
760,2,14,322.0
761,4,8,28.0
761,4,10,3.77
761,4,1,710.0
761,4,2,0.0
761,4,9,0.0
761,4,6,0.0
761,4,14,5.0
761,5,8,16.0
761,5,10,1.24
761,5,1,12.0
761,5,2,0.0
761,5,9,0.0
761,5,6,23.0
761,5,14,1.0
761,1,8,230.0
761,1,11,19.0
761,1,10,192.68
761,1,1,774.0
761,1,2,24.0
761,1,9,31.0
761,1,6,13.0
761,1,14,222.0
761,3,8,76.0
761,3,11,94.0
761,3,10,140.44
761,3,1,646.0
761,3,2,36.0
761,3,9,71.0
761,3,6,6.0
761,3,14,265.0
761,6,8,377.0
761,6,11,295.0
761,6,10,487.0
761,6,1,3681.0
761,6,2,74.0
761,6,9,167.0
761,6,6,94.0
761,6,14,826.0
761,2,8,27.0
761,2,11,182.0
761,2,10,149.16
761,2,1,1539.0
761,2,2,13.0
761,2,9,65.0
761,2,6,53.0
761,2,14,332.0
762,4,8,28.0
762,4,10,4.25
762,4,1,677.0
762,4,2,0.0
762,4,9,0.0
762,4,6,0.0
762,4,14,6.0
762,5,8,14.0
762,5,10,1.13
762,5,1,11.0
762,5,2,0.0
762,5,9,0.0
762,5,6,23.0
762,5,14,1.0
762,1,8,218.0
762,1,11,20.0
762,1,10,186.22
762,1,1,697.0
762,1,2,24.0
762,1,9,24.0
762,1,6,9.0
762,1,14,216.0
762,3,8,72.0
762,3,11,88.0
762,3,10,139.59
762,3,1,601.0
762,3,2,33.0
762,3,9,71.0
762,3,6,4.0
762,3,14,266.0
762,6,8,348.0
762,6,11,282.0
762,6,10,464.0
762,6,1,3488.0
762,6,2,72.0
762,6,9,160.0
762,6,6,55.0
762,6,14,798.0
762,2,8,18.0
762,2,11,174.0
762,2,10,133.22
762,2,1,1502.0
762,2,2,15.0
762,2,9,65.0
762,2,6,19.0
762,2,14,309.0
763,4,8,34.0
763,4,10,4.23
763,4,1,701.0
763,4,2,0.0
763,4,9,0.0
763,4,6,0.0
763,4,14,6.0
763,5,8,15.0
763,5,10,0.93
763,5,1,12.0
763,5,2,0.0
763,5,9,0.0
763,5,6,23.0
763,5,14,1.0
763,1,8,229.0
763,1,11,22.0
763,1,10,164.66
763,1,1,700.0
763,1,2,25.0
763,1,9,27.0
763,1,6,13.0
763,1,14,197.0
763,3,8,81.0
763,3,11,58.0
763,3,10,140.12
763,3,1,623.0
763,3,2,33.0
763,3,9,71.0
763,3,6,4.0
763,3,14,233.0
763,6,8,388.0
763,6,11,223.0
763,6,10,437.0
763,6,1,3549.0
763,6,2,74.0
763,6,9,163.0
763,6,6,93.0
763,6,14,712.0
763,2,8,29.0
763,2,11,143.0
763,2,10,127.45
763,2,1,1514.0
763,2,2,16.0
763,2,9,65.0
763,2,6,54.0
763,2,14,275.0
764,4,8,30.0
764,4,10,3.78
764,4,1,677.0
764,4,2,0.0
764,4,9,0.0
764,4,6,0.0
764,4,14,6.0
764,5,8,16.0
764,5,10,0.85
764,5,1,11.0
764,5,2,0.0
764,5,9,0.0
764,5,6,23.0
764,5,14,1.0
764,1,8,234.0
764,1,11,12.0
764,1,10,191.06
764,1,1,714.0
764,1,2,23.0
764,1,9,28.0
764,1,6,16.0
764,1,14,212.0
764,3,8,86.0
764,3,11,67.0
764,3,10,143.46
764,3,1,642.0
764,3,2,37.0
764,3,9,71.0
764,3,6,4.0
764,3,14,239.0
764,6,8,395.0
764,6,11,187.0
764,6,10,453.0
764,6,1,3499.0
764,6,2,74.0
764,6,9,163.0
764,6,6,97.0
764,6,14,682.0
764,2,8,28.0
764,2,11,108.0
764,2,10,113.93
764,2,1,1455.0
764,2,2,14.0
764,2,9,64.0
764,2,6,55.0
764,2,14,224.0
765,4,8,31.0
765,4,10,4.04
765,4,1,674.0
765,4,2,0.0
765,4,9,0.0
765,4,6,0.0
765,4,14,6.0
765,5,8,15.0
765,5,10,1.06
765,5,1,12.0
765,5,2,0.0
765,5,9,0.0
765,5,6,23.0
765,5,14,1.0
765,1,8,238.0
765,1,11,8.0
765,1,10,207.24
765,1,1,752.0
765,1,2,26.0
765,1,9,28.0
765,1,6,15.0
765,1,14,226.0
765,3,8,82.0
765,3,11,71.0
765,3,10,140.29
765,3,1,677.0
765,3,2,37.0
765,3,9,71.0
765,3,6,4.0
765,3,14,242.0
765,6,8,390.0
765,6,11,185.0
765,6,10,469.0
765,6,1,3554.0
765,6,2,79.0
765,6,9,165.0
765,6,6,89.0
765,6,14,699.0
765,2,8,24.0
765,2,11,106.0
765,2,10,115.94
765,2,1,1439.0
765,2,2,15.0
765,2,9,65.0
765,2,6,47.0
765,2,14,224.0
766,4,8,28.0
766,4,10,4.02
766,4,1,688.0
766,4,2,0.0
766,4,9,0.0
766,4,6,0.0
766,4,14,6.0
766,5,8,15.0
766,5,10,0.78
766,5,1,12.0
766,5,2,0.0
766,5,9,0.0
766,5,6,22.0
766,5,14,1.0
766,1,8,244.0
766,1,11,20.0
766,1,10,198.49
766,1,1,751.0
766,1,2,27.0
766,1,9,28.0
766,1,6,17.0
766,1,14,229.0
766,3,8,81.0
766,3,11,77.0
766,3,10,142.87
766,3,1,686.0
766,3,2,40.0
766,3,9,71.0
766,3,6,4.0
766,3,14,248.0
766,6,8,385.0
766,6,11,176.0
766,6,10,478.0
766,6,1,3647.0
766,6,2,82.0
766,6,9,165.0
766,6,6,96.0
766,6,14,698.0
766,2,8,17.0
766,2,11,80.0
766,2,10,132.31
766,2,1,1510.0
766,2,2,15.0
766,2,9,65.0
766,2,6,53.0
766,2,14,214.0
767,4,8,33.0
767,4,10,3.91
767,4,1,722.0
767,4,2,0.0
767,4,9,0.0
767,4,6,0.0
767,4,14,6.0
767,5,8,13.0
767,5,10,1.05
767,5,1,13.0
767,5,2,0.0
767,5,9,0.0
767,5,6,23.0
767,5,14,1.0
767,1,8,257.0
767,1,11,20.0
767,1,10,194.15
767,1,1,784.0
767,1,2,27.0
767,1,9,28.0
767,1,6,20.0
767,1,14,225.0
767,3,8,86.0
767,3,11,54.0
767,3,10,150.58
767,3,1,714.0
767,3,2,42.0
767,3,9,71.0
767,3,6,4.0
767,3,14,235.0
767,6,8,419.0
767,6,11,139.0
767,6,10,485.0
767,6,1,3782.0
767,6,2,84.0
767,6,9,164.0
767,6,6,98.0
767,6,14,671.0
767,2,8,30.0
767,2,11,65.0
767,2,10,134.97
767,2,1,1549.0
767,2,2,16.0
767,2,9,65.0
767,2,6,53.0
767,2,14,204.0
768,4,8,29.0
768,4,10,4.12
768,4,1,729.0
768,4,2,0.0
768,4,9,0.0
768,4,6,0.0
768,4,14,5.0
768,5,8,14.0
768,5,10,1.08
768,5,1,13.0
768,5,2,0.0
768,5,9,0.0
768,5,6,22.0
768,5,14,1.0
768,1,8,264.0
768,1,11,6.0
768,1,10,206.29
768,1,1,806.0
768,1,2,27.0
768,1,9,32.0
768,1,6,18.0
768,1,14,223.0
768,3,8,84.0
768,3,11,66.0
768,3,10,139.08
768,3,1,710.0
768,3,2,52.0
768,3,9,71.0
768,3,6,4.0
768,3,14,236.0
768,6,8,421.0
768,6,11,144.0
768,6,10,482.0
768,6,1,3847.0
768,6,2,93.0
768,6,9,167.0
768,6,6,98.0
768,6,14,671.0
768,2,8,30.0
768,2,11,72.0
768,2,10,131.63
768,2,1,1588.0
768,2,2,15.0
768,2,9,65.0
768,2,6,53.0
768,2,14,206.0
769,4,8,35.0
769,4,10,3.94
769,4,1,691.0
769,4,2,0.0
769,4,9,0.0
769,4,6,0.0
769,4,14,5.0
769,5,8,16.0
769,5,10,0.68
769,5,1,13.0
769,5,2,0.0
769,5,9,0.0
769,5,6,23.0
769,5,14,1.0
769,1,8,269.0
769,1,11,16.0
769,1,10,203.83
769,1,1,755.0
769,1,2,24.0
769,1,9,33.0
769,1,6,13.0
769,1,14,232.0
769,3,8,76.0
769,3,11,92.0
769,3,10,136.58
769,3,1,683.0
769,3,2,47.0
769,3,9,71.0
769,3,6,4.0
769,3,14,257.0
769,6,8,418.0
769,6,11,185.0
769,6,10,476.0
769,6,1,3612.0
769,6,2,89.0
769,6,9,162.0
769,6,6,72.0
769,6,14,707.0
769,2,8,22.0
769,2,11,77.0
769,2,10,130.62
769,2,1,1470.0
769,2,2,17.0
769,2,9,58.0
769,2,6,32.0
769,2,14,212.0
770,4,8,32.0
770,4,10,4.02
770,4,1,707.0
770,4,2,0.0
770,4,9,0.0
770,4,6,0.0
770,4,14,6.0
770,5,8,14.0
770,5,10,0.78
770,5,1,12.0
770,5,2,0.0
770,5,9,0.0
770,5,6,23.0
770,5,14,1.0
770,1,8,265.0
770,1,11,44.0
770,1,10,210.17
770,1,1,793.0
770,1,2,22.0
770,1,9,33.0
770,1,6,17.0
770,1,14,265.0
770,3,8,80.0
770,3,11,120.0
770,3,10,139.45
770,3,1,690.0
770,3,2,49.0
770,3,9,71.0
770,3,6,10.0
770,3,14,287.0
770,6,8,433.0
770,6,11,238.0
770,6,10,486.0
770,6,1,3767.0
770,6,2,90.0
770,6,9,168.0
770,6,6,98.0
770,6,14,771.0
770,2,8,41.0
770,2,11,74.0
770,2,10,131.68
770,2,1,1565.0
770,2,2,19.0
770,2,9,64.0
770,2,6,47.0
770,2,14,212.0
771,4,8,43.0
771,4,10,3.72
771,4,1,710.0
771,4,2,0.0
771,4,9,0.0
771,4,6,0.0
771,4,14,5.0
771,5,8,15.0
771,5,10,0.62
771,5,1,12.0
771,5,2,0.0
771,5,9,0.0
771,5,6,23.0
771,5,14,1.0
771,1,8,249.0
771,1,11,40.0
771,1,10,214.41
771,1,1,819.0
771,1,2,22.0
771,1,9,33.0
771,1,6,34.0
771,1,14,265.0
771,3,8,78.0
771,3,11,106.0
771,3,10,136.17
771,3,1,687.0
771,3,2,46.0
771,3,9,71.0
771,3,6,11.0
771,3,14,272.0
771,6,8,417.0
771,6,11,243.0
771,6,10,495.0
771,6,1,3816.0
771,6,2,88.0
771,6,9,168.0
771,6,6,142.0
771,6,14,782.0
771,2,8,31.0
771,2,11,97.0
771,2,10,139.71
771,2,1,1587.0
771,2,2,19.0
771,2,9,64.0
771,2,6,74.0
771,2,14,238.0
772,4,8,45.0
772,4,10,3.1
772,4,1,681.0
772,4,2,0.0
772,4,9,0.0
772,4,6,0.0
772,4,14,10.0
772,5,8,14.0
772,5,10,0.71
772,5,1,13.0
772,5,2,0.0
772,5,9,0.0
772,5,6,23.0
772,5,14,1.0
772,1,8,243.0
772,1,11,28.0
772,1,10,219.02
772,1,1,858.0
772,1,2,21.0
772,1,9,33.0
772,1,6,39.0
772,1,14,258.0
772,3,8,82.0
772,3,11,64.0
772,3,10,136.65
772,3,1,715.0
772,3,2,44.0
772,3,9,71.0
772,3,6,13.0
772,3,14,234.0
772,6,8,421.0
772,6,11,180.0
772,6,10,504.0
772,6,1,3885.0
772,6,2,85.0
772,6,9,167.0
772,6,6,161.0
772,6,14,737.0
772,2,8,37.0
772,2,11,88.0
772,2,10,144.31
772,2,1,1619.0
772,2,2,19.0
772,2,9,64.0
772,2,6,87.0
772,2,14,235.0
773,4,8,46.0
773,4,10,3.74
773,4,1,720.0
773,4,2,0.0
773,4,9,0.0
773,4,6,0.0
773,4,14,5.0
773,5,8,19.0
773,5,10,0.63
773,5,1,13.0
773,5,2,0.0
773,5,9,0.0
773,5,6,23.0
773,5,14,1.0
773,1,8,254.0
773,1,11,29.0
773,1,10,220.1
773,1,1,889.0
773,1,2,20.0
773,1,9,33.0
773,1,6,42.0
773,1,14,260.0
773,3,8,88.0
773,3,11,60.0
773,3,10,128.88
773,3,1,717.0
773,3,2,42.0
773,3,9,71.0
773,3,6,12.0
773,3,14,226.0
773,6,8,461.0
773,6,11,162.0
773,6,10,490.0
773,6,1,3977.0
773,6,2,81.0
773,6,9,167.0
773,6,6,156.0
773,6,14,703.0
773,2,8,54.0
773,2,11,73.0
773,2,10,136.56
773,2,1,1638.0
773,2,2,19.0
773,2,9,63.0
773,2,6,79.0
773,2,14,211.0
774,4,8,50.0
774,4,10,3.76
774,4,1,714.0
774,4,2,0.0
774,4,9,0.0
774,4,6,0.0
774,4,14,6.0
774,5,8,25.0
774,5,10,0.73
774,5,1,12.0
774,5,2,0.0
774,5,9,0.0
774,5,6,23.0
774,5,14,1.0
774,1,8,286.0
774,1,11,49.0
774,1,10,217.89
774,1,1,841.0
774,1,2,20.0
774,1,9,33.0
774,1,6,41.0
774,1,14,277.0
774,3,8,82.0
774,3,11,86.0
774,3,10,125.97
774,3,1,669.0
774,3,2,43.0
774,3,9,71.0
774,3,6,13.0
774,3,14,242.0
774,6,8,487.0
774,6,11,242.0
774,6,10,492.0
774,6,1,3834.0
774,6,2,81.0
774,6,9,167.0
774,6,6,159.0
774,6,14,779.0
774,2,8,44.0
774,2,11,107.0
774,2,10,143.69
774,2,1,1598.0
774,2,2,18.0
774,2,9,63.0
774,2,6,82.0
774,2,14,253.0
775,4,8,43.0
775,4,10,3.97
775,4,1,706.0
775,4,2,0.0
775,4,9,0.0
775,4,6,0.0
775,4,14,6.0
775,5,8,26.0
775,5,10,0.7
775,5,1,11.0
775,5,2,0.0
775,5,9,0.0
775,5,6,23.0
775,5,14,1.0
775,1,8,291.0
775,1,11,47.0
775,1,10,217.15
775,1,1,811.0
775,1,2,21.0
775,1,9,33.0
775,1,6,26.0
775,1,14,274.0
775,3,8,75.0
775,3,11,85.0
775,3,10,107.97
775,3,1,655.0
775,3,2,47.0
775,3,9,71.0
775,3,6,12.0
775,3,14,223.0
775,6,8,464.0
775,6,11,247.0
775,6,10,477.0
775,6,1,3743.0
775,6,2,88.0
775,6,9,167.0
775,6,6,134.0
775,6,14,769.0
775,2,8,29.0
775,2,11,115.0
775,2,10,147.49
775,2,1,1561.0
775,2,2,20.0
775,2,9,64.0
775,2,6,72.0
775,2,14,265.0
776,4,8,39.0
776,4,10,3.77
776,4,1,691.0
776,4,2,0.0
776,4,9,0.0
776,4,6,0.0
776,4,14,5.0
776,5,8,20.0
776,5,10,0.52
776,5,1,12.0
776,5,2,0.0
776,5,9,0.0
776,5,6,23.0
776,5,14,1.0
776,1,8,306.0
776,1,11,54.0
776,1,10,216.45
776,1,1,799.0
776,1,2,22.0
776,1,9,33.0
776,1,6,19.0
776,1,14,280.0
776,3,8,61.0
776,3,11,66.0
776,3,10,121.49
776,3,1,628.0
776,3,2,45.0
776,3,9,71.0
776,3,6,4.0
776,3,14,224.0
776,6,8,458.0
776,6,11,202.0
776,6,10,486.0
776,6,1,3668.0
776,6,2,84.0
776,6,9,167.0
776,6,6,65.0
776,6,14,740.0
776,2,8,32.0
776,2,11,83.0
776,2,10,144.15
776,2,1,1539.0
776,2,2,18.0
776,2,9,64.0
776,2,6,19.0
776,2,14,231.0
777,4,8,41.0
777,4,10,3.25
777,4,1,729.0
777,4,2,0.0
777,4,9,0.0
777,4,6,0.0
777,4,14,4.0
777,5,8,22.0
777,5,10,0.77
777,5,1,12.0
777,5,2,0.0
777,5,9,0.0
777,5,6,24.0
777,5,14,1.0
777,1,8,336.0
777,1,11,61.0
777,1,10,215.8
777,1,1,843.0
777,1,2,25.0
777,1,9,31.0
777,1,6,25.0
777,1,14,287.0
777,3,8,77.0
777,3,11,45.0
777,3,10,96.22
777,3,1,619.0
777,3,2,43.0
777,3,9,71.0
777,3,6,4.0
777,3,14,182.0
777,6,8,517.0
777,6,11,190.0
777,6,10,462.0
777,6,1,3821.0
777,6,2,86.0
777,6,9,166.0
777,6,6,91.0
777,6,14,705.0
777,2,8,41.0
777,2,11,84.0
777,2,10,145.8
777,2,1,1617.0
777,2,2,18.0
777,2,9,64.0
777,2,6,39.0
777,2,14,231.0
778,4,8,47.0
778,4,10,4.13
778,4,1,721.0
778,4,2,0.0
778,4,9,0.0
778,4,6,0.0
778,4,14,6.0
778,5,8,25.0
778,5,10,0.46
778,5,1,12.0
778,5,2,0.0
778,5,9,0.0
778,5,6,22.0
778,5,14,0.0
778,1,8,313.0
778,1,11,37.0
778,1,10,214.81
778,1,1,866.0
778,1,2,26.0
778,1,9,32.0
778,1,6,28.0
778,1,14,262.0
778,3,8,68.0
778,3,11,115.0
778,3,10,106.62
778,3,1,622.0
778,3,2,43.0
778,3,9,71.0
778,3,6,8.0
778,3,14,263.0
778,6,8,503.0
778,6,11,234.0
778,6,10,462.0
778,6,1,3833.0
778,6,2,88.0
778,6,9,167.0
778,6,6,108.0
778,6,14,750.0
778,2,8,49.0
778,2,11,82.0
778,2,10,135.99
778,2,1,1611.0
778,2,2,19.0
778,2,9,64.0
778,2,6,50.0
778,2,14,219.0
779,4,8,50.0
779,4,10,3.6
779,4,1,685.0
779,4,2,0.0
779,4,9,0.0
779,4,6,0.0
779,4,14,5.0
779,5,8,25.0
779,5,10,0.45
779,5,1,11.0
779,5,2,0.0
779,5,9,0.0
779,5,6,21.0
779,5,14,0.0
779,1,8,325.0
779,1,11,44.0
779,1,10,219.71
779,1,1,791.0
779,1,2,24.0
779,1,9,30.0
779,1,6,23.0
779,1,14,274.0
779,3,8,69.0
779,3,11,156.0
779,3,10,105.13
779,3,1,573.0
779,3,2,40.0
779,3,9,71.0
779,3,6,4.0
779,3,14,296.0
779,6,8,510.0
779,6,11,283.0
779,6,10,462.0
779,6,1,3595.0
779,6,2,82.0
779,6,9,165.0
779,6,6,80.0
779,6,14,794.0
779,2,8,40.0
779,2,11,82.0
779,2,10,133.21
779,2,1,1535.0
779,2,2,18.0
779,2,9,64.0
779,2,6,31.0
779,2,14,219.0
780,4,8,49.0
780,4,10,3.13
780,4,1,626.0
780,4,2,0.0
780,4,9,0.0
780,4,6,0.0
780,4,14,5.0
780,5,8,28.0
780,5,10,0.69
780,5,1,11.0
780,5,2,0.0
780,5,9,0.0
780,5,6,23.0
780,5,14,1.0
780,1,8,332.0
780,1,11,44.0
780,1,10,213.53
780,1,1,658.0
780,1,2,26.0
780,1,9,28.0
780,1,6,16.0
780,1,14,267.0
780,3,8,66.0
780,3,11,156.0
780,3,10,120.11
780,3,1,536.0
780,3,2,43.0
780,3,9,71.0
780,3,6,4.0
780,3,14,315.0
780,6,8,522.0
780,6,11,290.0
780,6,10,474.0
780,6,1,3294.0
780,6,2,85.0
780,6,9,159.0
780,6,6,69.0
780,6,14,816.0
780,2,8,46.0
780,2,11,90.0
780,2,10,136.64
780,2,1,1463.0
780,2,2,17.0
780,2,9,59.0
780,2,6,27.0
780,2,14,229.0
781,4,8,44.0
781,4,10,2.62
781,4,1,683.0
781,4,2,0.0
781,4,9,0.0
781,4,6,0.0
781,4,14,4.0
781,5,8,24.0
781,5,10,1.04
781,5,1,12.0
781,5,2,0.0
781,5,9,0.0
781,5,6,23.0
781,5,14,1.0
781,1,8,364.0
781,1,11,46.0
781,1,10,220.49
781,1,1,771.0
781,1,2,27.0
781,1,9,29.0
781,1,6,14.0
781,1,14,276.0
781,3,8,74.0
781,3,11,165.0
781,3,10,129.23
781,3,1,543.0
781,3,2,42.0
781,3,9,69.0
781,3,6,4.0
781,3,14,334.0
781,6,8,554.0
781,6,11,305.0
781,6,10,491.0
781,6,1,3523.0
781,6,2,84.0
781,6,9,157.0
781,6,6,65.0
781,6,14,850.0
781,2,8,48.0
781,2,11,94.0
781,2,10,138.05
781,2,1,1513.0
781,2,2,15.0
781,2,9,58.0
781,2,6,23.0
781,2,14,235.0
782,4,8,42.0
782,4,10,3.11
782,4,1,646.0
782,4,2,0.0
782,4,9,0.0
782,4,6,0.0
782,4,14,5.0
782,5,8,25.0
782,5,10,0.87
782,5,1,11.0
782,5,2,0.0
782,5,9,0.0
782,5,6,22.0
782,5,14,1.0
782,1,8,354.0
782,1,11,25.0
782,1,10,213.08
782,1,1,787.0
782,1,2,26.0
782,1,9,30.0
782,1,6,12.0
782,1,14,247.0
782,3,8,70.0
782,3,11,209.0
782,3,10,102.21
782,3,1,514.0
782,3,2,36.0
782,3,9,71.0
782,3,6,4.0
782,3,14,353.0
782,6,8,537.0
782,6,11,390.0
782,6,10,448.0
782,6,1,3416.0
782,6,2,77.0
782,6,9,159.0
782,6,6,59.0
782,6,14,891.0
782,2,8,46.0
782,2,11,156.0
782,2,10,128.83
782,2,1,1458.0
782,2,2,15.0
782,2,9,58.0
782,2,6,20.0
782,2,14,286.0
783,4,8,45.0
783,4,10,2.86
783,4,1,583.0
783,4,2,0.0
783,4,9,0.0
783,4,6,0.0
783,4,14,5.0
783,5,8,22.0
783,5,10,0.87
783,5,1,10.0
783,5,2,0.0
783,5,9,0.0
783,5,6,19.0
783,5,14,1.0
783,1,8,355.0
783,1,11,14.0
783,1,10,139.84
783,1,1,649.0
783,1,2,24.0
783,1,9,40.0
783,1,6,12.0
783,1,14,163.0
783,3,8,75.0
783,3,11,210.0
783,3,10,88.84
783,3,1,457.0
783,3,2,34.0
783,3,9,71.0
783,3,6,4.0
783,3,14,340.0
783,6,8,532.0
783,6,11,369.0
783,6,10,350.0
783,6,1,3038.0
783,6,2,74.0
783,6,9,170.0
783,6,6,50.0
783,6,14,772.0
783,2,8,36.0
783,2,11,145.0
783,2,10,117.91
783,2,1,1338.0
783,2,2,17.0
783,2,9,59.0
783,2,6,15.0
783,2,14,264.0
784,4,8,43.0
784,4,10,3.28
784,4,1,637.0
784,4,2,0.0
784,4,9,0.0
784,4,6,0.0
784,4,14,4.0
784,5,8,21.0
784,5,10,0.65
784,5,1,8.0
784,5,2,0.0
784,5,9,0.0
784,5,6,21.0
784,5,14,1.0
784,1,8,350.0
784,1,11,23.0
784,1,10,187.86
784,1,1,740.0
784,1,2,22.0
784,1,9,36.0
784,1,6,15.0
784,1,14,220.0
784,3,8,78.0
784,3,11,263.0
784,3,10,77.72
784,3,1,461.0
784,3,2,38.0
784,3,9,71.0
784,3,6,4.0
784,3,14,341.0
784,6,8,531.0
784,6,11,440.0
784,6,10,395.0
784,6,1,3254.0
784,6,2,77.0
784,6,9,167.0
784,6,6,61.0
784,6,14,850.0
784,2,8,39.0
784,2,11,154.0
784,2,10,125.85
784,2,1,1409.0
784,2,2,17.0
784,2,9,59.0
784,2,6,21.0
784,2,14,284.0
785,4,8,57.0
785,4,10,2.86
785,4,1,652.0
785,4,2,0.0
785,4,9,0.0
785,4,6,0.0
785,4,14,4.0
785,5,8,23.0
785,5,10,1.08
785,5,1,8.0
785,5,2,0.0
785,5,9,0.0
785,5,6,22.0
785,5,14,1.0
785,1,8,361.0
785,1,11,18.0
785,1,10,189.8
785,1,1,748.0
785,1,2,21.0
785,1,9,36.0
785,1,6,18.0
785,1,14,218.0
785,3,8,90.0
785,3,11,282.0
785,3,10,89.78
785,3,1,469.0
785,3,2,39.0
785,3,9,71.0
785,3,6,4.0
785,3,14,412.0
785,6,8,570.0
785,6,11,502.0
785,6,10,394.0
785,6,1,3296.0
785,6,2,77.0
785,6,9,167.0
785,6,6,69.0
785,6,14,949.0
785,2,8,39.0
785,2,11,202.0
785,2,10,110.82
785,2,1,1420.0
785,2,2,17.0
785,2,9,59.0
785,2,6,25.0
785,2,14,314.0
786,4,8,56.0
786,4,10,2.97
786,4,1,667.0
786,4,2,0.0
786,4,9,0.0
786,4,6,0.0
786,4,14,4.0
786,5,8,28.0
786,5,10,1.11
786,5,1,12.0
786,5,2,0.0
786,5,9,0.0
786,5,6,23.0
786,5,14,1.0
786,1,8,358.0
786,1,11,19.0
786,1,10,169.67
786,1,1,776.0
786,1,2,19.0
786,1,9,36.0
786,1,6,18.0
786,1,14,198.0
786,3,8,91.0
786,3,11,259.0
786,3,10,103.17
786,3,1,475.0
786,3,2,43.0
786,3,9,71.0
786,3,6,4.0
786,3,14,400.0
786,6,8,568.0
786,6,11,477.0
786,6,10,397.0
786,6,1,3374.0
786,6,2,80.0
786,6,9,167.0
786,6,6,68.0
786,6,14,926.0
786,2,8,36.0
786,2,11,199.0
786,2,10,119.62
786,2,1,1445.0
786,2,2,19.0
786,2,9,59.0
786,2,6,23.0
786,2,14,322.0
787,4,8,56.0
787,4,10,3.0
787,4,1,716.0
787,4,2,0.0
787,4,9,0.0
787,4,6,0.0
787,4,14,5.0
787,5,8,30.0
787,5,10,0.43
787,5,1,11.0
787,5,2,0.0
787,5,9,0.0
787,5,6,22.0
787,5,14,0.0
787,1,8,326.0
787,1,11,31.0
787,1,10,183.77
787,1,1,763.0
787,1,2,18.0
787,1,9,37.0
787,1,6,18.0
787,1,14,224.0
787,3,8,93.0
787,3,11,236.0
787,3,10,98.62
787,3,1,483.0
787,3,2,45.0
787,3,9,71.0
787,3,6,4.0
787,3,14,365.0
787,6,8,548.0
787,6,11,451.0
787,6,10,415.0
787,6,1,3392.0
787,6,2,82.0
787,6,9,168.0
787,6,6,61.0
787,6,14,909.0
787,2,8,44.0
787,2,11,184.0
787,2,10,128.96
787,2,1,1419.0
787,2,2,19.0
787,2,9,59.0
787,2,6,18.0
787,2,14,315.0
788,4,8,76.0
788,4,10,3.08
788,4,1,643.0
788,4,2,0.0
788,4,9,0.0
788,4,6,0.0
788,4,14,5.0
788,5,8,36.0
788,5,10,0.22
788,5,1,10.0
788,5,2,0.0
788,5,9,0.0
788,5,6,22.0
788,5,14,0.0
788,1,8,301.0
788,1,11,33.0
788,1,10,172.29
788,1,1,721.0
788,1,2,19.0
788,1,9,35.0
788,1,6,18.0
788,1,14,214.0
788,3,8,83.0
788,3,11,269.0
788,3,10,97.19
788,3,1,456.0
788,3,2,41.0
788,3,9,71.0
788,3,6,4.0
788,3,14,398.0
788,6,8,535.0
788,6,11,589.0
788,6,10,405.0
788,6,1,3191.0
788,6,2,78.0
788,6,9,166.0
788,6,6,55.0
788,6,14,1039.0
788,2,8,39.0
788,2,11,287.0
788,2,10,132.39
788,2,1,1362.0
788,2,2,18.0
788,2,9,59.0
788,2,6,12.0
788,2,14,421.0
789,4,8,78.0
789,4,10,3.14
789,4,1,612.0
789,4,2,0.0
789,4,9,0.0
789,4,6,0.0
789,4,14,5.0
789,5,8,39.0
789,5,10,0.51
789,5,1,12.0
789,5,2,0.0
789,5,9,0.0
789,5,6,19.0
789,5,14,1.0
789,1,8,314.0
789,1,11,63.0
789,1,10,170.72
789,1,1,699.0
789,1,2,23.0
789,1,9,32.0
789,1,6,18.0
789,1,14,243.0
789,3,8,94.0
789,3,11,262.0
789,3,10,124.61
789,3,1,450.0
789,3,2,42.0
789,3,9,71.0
789,3,6,4.0
789,3,14,416.0
789,6,8,567.0
789,6,11,640.0
789,6,10,433.0
789,6,1,3124.0
789,6,2,83.0
789,6,9,163.0
789,6,6,48.0
789,6,14,1118.0
789,2,8,42.0
789,2,11,315.0
789,2,10,134.21
789,2,1,1352.0
789,2,2,19.0
789,2,9,59.0
789,2,6,8.0
789,2,14,453.0
790,4,8,64.0
790,4,10,3.65
790,4,1,621.0
790,4,2,0.0
790,4,9,0.0
790,4,6,0.0
790,4,14,5.0
790,5,8,40.0
790,5,10,0.48
790,5,1,12.0
790,5,2,0.0
790,5,9,0.0
790,5,6,18.0
790,5,14,0.0
790,1,8,297.0
790,1,11,45.0
790,1,10,148.68
790,1,1,672.0
790,1,2,25.0
790,1,9,32.0
790,1,6,14.0
790,1,14,203.0
790,3,8,101.0
790,3,11,211.0
790,3,10,133.12
790,3,1,462.0
790,3,2,38.0
790,3,9,66.0
790,3,6,4.0
790,3,14,371.0
790,6,8,517.0
790,6,11,543.0
790,6,10,408.0
790,6,1,3095.0
790,6,2,81.0
790,6,9,157.0
790,6,6,44.0
790,6,14,992.0
790,2,8,17.0
790,2,11,287.0
790,2,10,121.72
790,2,1,1328.0
790,2,2,18.0
790,2,9,59.0
790,2,6,9.0
790,2,14,412.0
791,4,8,58.0
791,4,10,4.33
791,4,1,675.0
791,4,2,0.0
791,4,9,0.0
791,4,6,0.0
791,4,14,6.0
791,5,8,40.0
791,5,10,0.54
791,5,1,13.0
791,5,2,0.0
791,5,9,0.0
791,5,6,20.0
791,5,14,1.0
791,1,8,278.0
791,1,11,49.0
791,1,10,201.58
791,1,1,703.0
791,1,2,26.0
791,1,9,32.0
791,1,6,20.0
791,1,14,259.0
791,3,8,103.0
791,3,11,195.0
791,3,10,135.94
791,3,1,548.0
791,3,2,49.0
791,3,9,71.0
791,3,6,4.0
791,3,14,361.0
791,6,8,508.0
791,6,11,493.0
791,6,10,484.0
791,6,1,3325.0
791,6,2,94.0
791,6,9,163.0
791,6,6,62.0
791,6,14,1018.0
791,2,8,28.0
791,2,11,249.0
791,2,10,141.21
791,2,1,1387.0
791,2,2,19.0
791,2,9,59.0
791,2,6,18.0
791,2,14,391.0
792,4,8,55.0
792,4,10,4.06
792,4,1,662.0
792,4,2,0.0
792,4,9,0.0
792,4,6,0.0
792,4,14,5.0
792,5,8,38.0
792,5,10,0.59
792,5,1,14.0
792,5,2,0.0
792,5,9,0.0
792,5,6,22.0
792,5,14,1.0
792,1,8,256.0
792,1,11,57.0
792,1,10,190.04
792,1,1,709.0
792,1,2,25.0
792,1,9,37.0
792,1,6,23.0
792,1,14,256.0
792,3,8,110.0
792,3,11,207.0
792,3,10,129.97
792,3,1,552.0
792,3,2,50.0
792,3,9,71.0
792,3,6,3.0
792,3,14,368.0
792,6,8,492.0
792,6,11,501.0
792,6,10,460.0
792,6,1,3320.0
792,6,2,93.0
792,6,9,168.0
792,6,6,71.0
792,6,14,1003.0
792,2,8,33.0
792,2,11,238.0
792,2,10,135.08
792,2,1,1383.0
792,2,2,19.0
792,2,9,59.0
792,2,6,23.0
792,2,14,374.0
793,4,8,53.0
793,4,10,3.7
793,4,1,603.0
793,4,2,0.0
793,4,9,0.0
793,4,6,0.0
793,4,14,5.0
793,5,8,34.0
793,5,10,0.64
793,5,1,13.0
793,5,2,0.0
793,5,9,0.0
793,5,6,24.0
793,5,14,1.0
793,1,8,246.0
793,1,11,40.0
793,1,10,208.78
793,1,1,653.0
793,1,2,20.0
793,1,9,33.0
793,1,6,21.0
793,1,14,257.0
793,3,8,107.0
793,3,11,193.0
793,3,10,139.05
793,3,1,536.0
793,3,2,40.0
793,3,9,71.0
793,3,6,4.0
793,3,14,361.0
793,6,8,472.0
793,6,11,382.0
793,6,10,499.0
793,6,1,3140.0
793,6,2,79.0
793,6,9,158.0
793,6,6,70.0
793,6,14,922.0
793,2,8,32.0
793,2,11,149.0
793,2,10,146.91
793,2,1,1335.0
793,2,2,19.0
793,2,9,53.0
793,2,6,22.0
793,2,14,298.0
794,4,8,53.0
794,4,10,3.94
794,4,1,686.0
794,4,2,0.0
794,4,9,0.0
794,4,6,0.0
794,4,14,5.0
794,5,8,38.0
794,5,10,0.79
794,5,1,15.0
794,5,2,0.0
794,5,9,0.0
794,5,6,22.0
794,5,14,1.0
794,1,8,247.0
794,1,11,30.0
794,1,10,212.3
794,1,1,750.0
794,1,2,24.0
794,1,9,38.0
794,1,6,25.0
794,1,14,249.0
794,3,8,121.0
794,3,11,104.0
794,3,10,140.7
794,3,1,615.0
794,3,2,49.0
794,3,9,71.0
794,3,6,6.0
794,3,14,274.0
794,6,8,502.0
794,6,11,226.0
794,6,10,510.0
794,6,1,3612.0
794,6,2,94.0
794,6,9,164.0
794,6,6,92.0
794,6,14,775.0
794,2,8,43.0
794,2,11,92.0
794,2,10,151.78
794,2,1,1545.0
794,2,2,21.0
794,2,9,55.0
794,2,6,39.0
794,2,14,245.0
795,4,8,56.0
795,4,10,3.86
795,4,1,714.0
795,4,2,0.0
795,4,9,0.0
795,4,6,0.0
795,4,14,6.0
795,5,8,36.0
795,5,10,0.96
795,5,1,15.0
795,5,2,0.0
795,5,9,0.0
795,5,6,22.0
795,5,14,1.0
795,1,8,240.0
795,1,11,37.0
795,1,10,216.91
795,1,1,813.0
795,1,2,21.0
795,1,9,37.0
795,1,6,28.0
795,1,14,263.0
795,3,8,109.0
795,3,11,98.0
795,3,10,136.81
795,3,1,658.0
795,3,2,55.0
795,3,9,71.0
795,3,6,7.0
795,3,14,265.0
795,6,8,483.0
795,6,11,257.0
795,6,10,516.0
795,6,1,3790.0
795,6,2,96.0
795,6,9,153.0
795,6,6,110.0
795,6,14,817.0
795,2,8,42.0
795,2,11,122.0
795,2,10,157.48
795,2,1,1590.0
795,2,2,20.0
795,2,9,44.0
795,2,6,53.0
795,2,14,282.0
796,4,8,49.0
796,4,10,4.17
796,4,1,680.0
796,4,2,0.0
796,4,9,0.0
796,4,6,0.0
796,4,14,5.0
796,5,8,35.0
796,5,10,1.02
796,5,1,13.0
796,5,2,0.0
796,5,9,0.0
796,5,6,22.0
796,5,14,1.0
796,1,8,262.0
796,1,11,42.0
796,1,10,220.35
796,1,1,868.0
796,1,2,20.0
796,1,9,37.0
796,1,6,46.0
796,1,14,271.0
796,3,8,98.0
796,3,11,155.0
796,3,10,135.99
796,3,1,634.0
796,3,2,55.0
796,3,9,66.0
796,3,6,9.0
796,3,14,321.0
796,6,8,479.0
796,6,11,370.0
796,6,10,513.0
796,6,1,3756.0
796,6,2,95.0
796,6,9,148.0
796,6,6,142.0
796,6,14,925.0
796,2,8,35.0
796,2,11,173.0
796,2,10,151.25
796,2,1,1560.0
796,2,2,20.0
796,2,9,44.0
796,2,6,65.0
796,2,14,326.0
797,4,8,46.0
797,4,10,4.01
797,4,1,680.0
797,4,2,0.0
797,4,9,0.0
797,4,6,0.0
797,4,14,6.0
797,5,8,31.0
797,5,10,1.17
797,5,1,14.0
797,5,2,0.0
797,5,9,0.0
797,5,6,22.0
797,5,14,1.0
797,1,8,325.0
797,1,11,47.0
797,1,10,223.31
797,1,1,826.0
797,1,2,21.0
797,1,9,37.0
797,1,6,23.0
797,1,14,279.0
797,3,8,95.0
797,3,11,168.0
797,3,10,131.01
797,3,1,618.0
797,3,2,50.0
797,3,9,66.0
797,3,6,4.0
797,3,14,326.0
797,6,8,533.0
797,6,11,407.0
797,6,10,512.0
797,6,1,3645.0
797,6,2,90.0
797,6,9,147.0
797,6,6,68.0
797,6,14,957.0
797,2,8,36.0
797,2,11,192.0
797,2,10,152.47
797,2,1,1507.0
797,2,2,19.0
797,2,9,44.0
797,2,6,18.0
797,2,14,345.0
798,4,8,41.0
798,4,10,3.87
798,4,1,732.0
798,4,2,0.0
798,4,9,0.0
798,4,6,0.0
798,4,14,6.0
798,5,8,29.0
798,5,10,1.03
798,5,1,13.0
798,5,2,0.0
798,5,9,0.0
798,5,6,22.0
798,5,14,1.0
798,1,8,371.0
798,1,11,51.0
798,1,10,224.04
798,1,1,862.0
798,1,2,22.0
798,1,9,37.0
798,1,6,34.0
798,1,14,284.0
798,3,8,93.0
798,3,11,197.0
798,3,10,115.81
798,3,1,647.0
798,3,2,47.0
798,3,9,66.0
798,3,6,7.0
798,3,14,341.0
798,6,8,568.0
798,6,11,442.0
798,6,10,498.0
798,6,1,3853.0
798,6,2,86.0
798,6,9,142.0
798,6,6,116.0
798,6,14,980.0
798,2,8,35.0
798,2,11,194.0
798,2,10,153.3
798,2,1,1599.0
798,2,2,17.0
798,2,9,39.0
798,2,6,52.0
798,2,14,348.0
799,4,8,41.0
799,4,10,4.0
799,4,1,713.0
799,4,2,0.0
799,4,9,0.0
799,4,6,0.0
799,4,14,6.0
799,5,8,28.0
799,5,10,1.01
799,5,1,12.0
799,5,2,0.0
799,5,9,0.0
799,5,6,24.0
799,5,14,1.0
799,1,8,386.0
799,1,11,48.0
799,1,10,223.36
799,1,1,1103.0
799,1,2,22.0
799,1,9,37.0
799,1,6,49.0
799,1,14,280.0
799,3,8,96.0
799,3,11,212.0
799,3,10,120.01
799,3,1,669.0
799,3,2,48.0
799,3,9,66.0
799,3,6,9.0
799,3,14,360.0
799,6,8,590.0
799,6,11,451.0
799,6,10,500.0
799,6,1,4081.0
799,6,2,87.0
799,6,9,142.0
799,6,6,162.0
799,6,14,991.0
799,2,8,39.0
799,2,11,191.0
799,2,10,151.5
799,2,1,1583.0
799,2,2,17.0
799,2,9,39.0
799,2,6,83.0
799,2,14,344.0
800,4,8,45.0
800,4,10,3.69
800,4,1,719.0
800,4,2,0.0
800,4,9,0.0
800,4,6,0.0
800,4,14,5.0
800,5,8,28.0
800,5,10,1.03
800,5,1,14.0
800,5,2,0.0
800,5,9,0.0
800,5,6,22.0
800,5,14,1.0
800,1,8,398.0
800,1,11,38.0
800,1,10,227.35
800,1,1,906.0
800,1,2,22.0
800,1,9,37.0
800,1,6,50.0
800,1,14,275.0
800,3,8,111.0
800,3,11,214.0
800,3,10,86.64
800,3,1,652.0
800,3,2,49.0
800,3,9,66.0
800,3,6,10.0
800,3,14,328.0
800,6,8,624.0
800,6,11,428.0
800,6,10,461.0
800,6,1,3907.0
800,6,2,88.0
800,6,9,141.0
800,6,6,162.0
800,6,14,929.0
800,2,8,42.0
800,2,11,176.0
800,2,10,142.22
800,2,1,1616.0
800,2,2,17.0
800,2,9,39.0
800,2,6,81.0
800,2,14,319.0
801,4,8,50.0
801,4,10,3.83
801,4,1,718.0
801,4,2,0.0
801,4,9,0.0
801,4,6,0.0
801,4,14,5.0
801,5,8,27.0
801,5,10,1.12
801,5,1,14.0
801,5,2,0.0
801,5,9,0.0
801,5,6,22.0
801,5,14,1.0
801,1,8,398.0
801,1,11,22.0
801,1,10,224.46
801,1,1,928.0
801,1,2,22.0
801,1,9,36.0
801,1,6,56.0
801,1,14,256.0
801,3,8,110.0
801,3,11,179.0
801,3,10,98.42
801,3,1,668.0
801,3,2,53.0
801,3,9,66.0
801,3,6,8.0
801,3,14,306.0
801,6,8,627.0
801,6,11,380.0
801,6,10,482.0
801,6,1,3930.0
801,6,2,93.0
801,6,9,142.0
801,6,6,169.0
801,6,14,904.0
801,2,8,42.0
801,2,11,180.0
801,2,10,154.04
801,2,1,1601.0
801,2,2,18.0
801,2,9,40.0
801,2,6,84.0
801,2,14,336.0
802,4,8,46.0
802,4,10,3.86
802,4,1,732.0
802,4,2,0.0
802,4,9,0.0
802,4,6,0.0
802,4,14,6.0
802,5,8,27.0
802,5,10,1.13
802,5,1,14.0
802,5,2,0.0
802,5,9,0.0
802,5,6,22.0
802,5,14,1.0
802,1,8,399.0
802,1,11,17.0
802,1,10,209.57
802,1,1,935.0
802,1,2,22.0
802,1,9,34.0
802,1,6,59.0
802,1,14,236.0
802,3,8,115.0
802,3,11,169.0
802,3,10,104.44
802,3,1,678.0
802,3,2,56.0
802,3,9,66.0
802,3,6,4.0
802,3,14,304.0
802,6,8,627.0
802,6,11,326.0
802,6,10,453.0
802,6,1,4078.0
802,6,2,98.0
802,6,9,144.0
802,6,6,165.0
802,6,14,822.0
802,2,8,40.0
802,2,11,141.0
802,2,10,133.91
802,2,1,1720.0
802,2,2,19.0
802,2,9,44.0
802,2,6,79.0
802,2,14,275.0
803,4,8,48.0
803,4,10,4.02
803,4,1,725.0
803,4,2,0.0
803,4,9,0.0
803,4,6,0.0
803,4,14,5.0
803,5,8,25.0
803,5,10,0.83
803,5,1,14.0
803,5,2,0.0
803,5,9,0.0
803,5,6,22.0
803,5,14,1.0
803,1,8,398.0
803,1,11,12.0
803,1,10,123.97
803,1,1,941.0
803,1,2,22.0
803,1,9,36.0
803,1,6,61.0
803,1,14,144.0
803,3,8,103.0
803,3,11,244.0
803,3,10,107.9
803,3,1,656.0
803,3,2,55.0
803,3,9,66.0
803,3,6,8.0
803,3,14,384.0
803,6,8,616.0
803,6,11,339.0
803,6,10,368.0
803,6,1,3994.0
803,6,2,96.0
803,6,9,147.0
803,6,6,184.0
803,6,14,750.0
803,2,8,42.0
803,2,11,82.0
803,2,10,131.48
803,2,1,1657.0
803,2,2,19.0
803,2,9,44.0
803,2,6,92.0
803,2,14,217.0
804,4,8,58.0
804,4,10,3.84
804,4,1,670.0
804,4,2,0.0
804,4,9,0.0
804,4,6,0.0
804,4,14,5.0
804,5,8,28.0
804,5,10,1.0
804,5,1,13.0
804,5,2,0.0
804,5,9,0.0
804,5,6,22.0
804,5,14,1.0
804,1,8,401.0
804,1,11,17.0
804,1,10,103.64
804,1,1,821.0
804,1,2,21.0
804,1,9,37.0
804,1,6,28.0
804,1,14,130.0
804,3,8,97.0
804,3,11,283.0
804,3,10,103.51
804,3,1,589.0
804,3,2,50.0
804,3,9,69.0
804,3,6,5.0
804,3,14,416.0
804,6,8,617.0
804,6,11,367.0
804,6,10,320.0
804,6,1,3638.0
804,6,2,87.0
804,6,9,145.0
804,6,6,80.0
804,6,14,727.0
804,2,8,34.0
804,2,11,67.0
804,2,10,107.55
804,2,1,1546.0
804,2,2,17.0
804,2,9,39.0
804,2,6,26.0
804,2,14,175.0
805,4,8,62.0
805,4,10,2.85
805,4,1,635.0
805,4,2,0.0
805,4,9,0.0
805,4,6,0.0
805,4,14,4.0
805,5,8,30.0
805,5,10,0.41
805,5,1,12.0
805,5,2,0.0
805,5,9,0.0
805,5,6,22.0
805,5,14,0.0
805,1,8,398.0
805,1,11,12.0
805,1,10,129.37
805,1,1,819.0
805,1,2,21.0
805,1,9,37.0
805,1,6,27.0
805,1,14,151.0
805,3,8,118.0
805,3,11,296.0
805,3,10,105.57
805,3,1,559.0
805,3,2,43.0
805,3,9,71.0
805,3,6,7.0
805,3,14,433.0
805,6,8,652.0
805,6,11,452.0
805,6,10,335.0
805,6,1,3532.0
805,6,2,79.0
805,6,9,151.0
805,6,6,89.0
805,6,14,830.0
805,2,8,44.0
805,2,11,143.0
805,2,10,96.71
805,2,1,1506.0
805,2,2,14.0
805,2,9,43.0
805,2,6,33.0
805,2,14,241.0
806,4,8,69.0
806,4,10,2.11
806,4,1,621.0
806,4,2,0.0
806,4,9,0.0
806,4,6,0.0
806,4,14,3.0
806,5,8,32.0
806,5,10,0.72
806,5,1,0.0
806,5,2,0.0
806,5,9,0.0
806,5,6,21.0
806,5,14,1.0
806,1,8,404.0
806,1,11,12.0
806,1,10,166.78
806,1,1,766.0
806,1,2,22.0
806,1,9,37.0
806,1,6,19.0
806,1,14,188.0
806,3,8,133.0
806,3,11,251.0
806,3,10,120.01
806,3,1,570.0
806,3,2,38.0
806,3,9,66.0
806,3,6,4.0
806,3,14,403.0
806,6,8,678.0
806,6,11,432.0
806,6,10,372.0
806,6,1,3386.0
806,6,2,73.0
806,6,9,146.0
806,6,6,64.0
806,6,14,849.0
806,2,8,40.0
806,2,11,169.0
806,2,10,82.46
806,2,1,1429.0
806,2,2,13.0
806,2,9,44.0
806,2,6,21.0
806,2,14,255.0
807,4,8,79.0
807,4,10,2.0
807,4,1,609.0
807,4,2,0.0
807,4,9,0.0
807,4,6,0.0
807,4,14,3.0
807,5,8,32.0
807,5,10,0.87
807,5,1,12.0
807,5,2,0.0
807,5,9,0.0
807,5,6,21.0
807,5,14,1.0
807,1,8,411.0
807,1,11,10.0
807,1,10,188.39
807,1,1,730.0
807,1,2,23.0
807,1,9,37.0
807,1,6,17.0
807,1,14,207.0
807,3,8,123.0
807,3,11,263.0
807,3,10,128.08
807,3,1,537.0
807,3,2,41.0
807,3,9,62.0
807,3,6,4.0
807,3,14,424.0
807,6,8,679.0
807,6,11,528.0
807,6,10,413.0
807,6,1,3260.0
807,6,2,76.0
807,6,9,143.0
807,6,6,61.0
807,6,14,987.0
807,2,8,35.0
807,2,11,256.0
807,2,10,93.88
807,2,1,1373.0
807,2,2,12.0
807,2,9,44.0
807,2,6,19.0
807,2,14,353.0
808,4,8,90.0
808,4,10,1.21
808,4,1,604.0
808,4,2,0.0
808,4,9,0.0
808,4,6,0.0
808,4,14,2.0
808,5,8,32.0
808,5,10,0.66
808,5,1,11.0
808,5,2,0.0
808,5,9,0.0
808,5,6,21.0
808,5,14,1.0
808,1,8,406.0
808,1,11,31.0
808,1,10,182.9
808,1,1,710.0
808,1,2,25.0
808,1,9,37.0
808,1,6,17.0
808,1,14,222.0
808,3,8,126.0
808,3,11,281.0
808,3,10,124.3
808,3,1,542.0
808,3,2,41.0
808,3,9,63.0
808,3,6,4.0
808,3,14,439.0
808,6,8,688.0
808,6,11,613.0
808,6,10,396.0
808,6,1,3221.0
808,6,2,78.0
808,6,9,144.0
808,6,6,60.0
808,6,14,1053.0
808,2,8,34.0
808,2,11,301.0
808,2,10,87.41
808,2,1,1354.0
808,2,2,12.0
808,2,9,44.0
808,2,6,19.0
808,2,14,389.0
809,4,8,93.0
809,4,10,2.4
809,4,1,625.0
809,4,2,0.0
809,4,9,0.0
809,4,6,0.0
809,4,14,3.0
809,5,8,33.0
809,5,10,0.9
809,5,1,11.0
809,5,2,0.0
809,5,9,0.0
809,5,6,21.0
809,5,14,1.0
809,1,8,395.0
809,1,11,55.0
809,1,10,170.61
809,1,1,693.0
809,1,2,24.0
809,1,9,37.0
809,1,6,17.0
809,1,14,235.0
809,3,8,128.0
809,3,11,263.0
809,3,10,128.03
809,3,1,550.0
809,3,2,43.0
809,3,9,66.0
809,3,6,4.0
809,3,14,423.0
809,6,8,693.0
809,6,11,610.0
809,6,10,397.0
809,6,1,3222.0
809,6,2,79.0
809,6,9,146.0
809,6,6,62.0
809,6,14,1052.0
809,2,8,45.0
809,2,11,292.0
809,2,10,95.45
809,2,1,1343.0
809,2,2,12.0
809,2,9,44.0
809,2,6,20.0
809,2,14,390.0
810,4,8,95.0
810,4,10,3.72
810,4,1,643.0
810,4,2,0.0
810,4,9,0.0
810,4,6,0.0
810,4,14,5.0
810,5,8,32.0
810,5,10,0.94
810,5,1,12.0
810,5,2,0.0
810,5,9,0.0
810,5,6,17.0
810,5,14,0.0
810,1,8,404.0
810,1,11,52.0
810,1,10,129.38
810,1,1,745.0
810,1,2,24.0
810,1,9,37.0
810,1,6,17.0
810,1,14,190.0
810,3,8,129.0
810,3,11,275.0
810,3,10,133.8
810,3,1,531.0
810,3,2,42.0
810,3,9,66.0
810,3,6,5.0
810,3,14,443.0
810,6,8,700.0
810,6,11,584.0
810,6,10,353.0
810,6,1,3355.0
810,6,2,78.0
810,6,9,147.0
810,6,6,59.0
810,6,14,981.0
810,2,8,40.0
810,2,11,257.0
810,2,10,85.49
810,2,1,1424.0
810,2,2,11.0
810,2,9,44.0
810,2,6,21.0
810,2,14,343.0
811,4,8,98.0
811,4,10,2.87
811,4,1,634.0
811,4,2,0.0
811,4,9,0.0
811,4,6,0.0
811,4,14,4.0
811,5,8,35.0
811,5,10,0.95
811,5,1,12.0
811,5,2,0.0
811,5,9,0.0
811,5,6,21.0
811,5,14,1.0
811,1,8,405.0
811,1,11,23.0
811,1,10,169.46
811,1,1,713.0
811,1,2,25.0
811,1,9,37.0
811,1,6,17.0
811,1,14,202.0
811,3,8,125.0
811,3,11,275.0
811,3,10,120.04
811,3,1,522.0
811,3,2,46.0
811,3,9,63.0
811,3,6,5.0
811,3,14,427.0
811,6,8,703.0
811,6,11,500.0
811,6,10,371.0
811,6,1,3253.0
811,6,2,80.0
811,6,9,144.0
811,6,6,59.0
811,6,14,915.0
811,2,8,40.0
811,2,11,201.0
811,2,10,77.52
811,2,1,1371.0
811,2,2,9.0
811,2,9,44.0
811,2,6,17.0
811,2,14,281.0
812,4,8,91.0
812,4,10,1.65
812,4,1,666.0
812,4,2,0.0
812,4,9,0.0
812,4,6,0.0
812,4,14,3.0
812,5,8,33.0
812,5,10,0.46
812,5,1,11.0
812,5,2,0.0
812,5,9,0.0
812,5,6,22.0
812,5,14,0.0
812,1,8,406.0
812,1,11,28.0
812,1,10,164.32
812,1,1,734.0
812,1,2,26.0
812,1,9,37.0
812,1,6,20.0
812,1,14,200.0
812,3,8,121.0
812,3,11,285.0
812,3,10,95.93
812,3,1,523.0
812,3,2,45.0
812,3,9,60.0
812,3,6,5.0
812,3,14,414.0
812,6,8,696.0
812,6,11,528.0
812,6,10,332.0
812,6,1,3374.0
812,6,2,82.0
812,6,9,137.0
812,6,6,73.0
812,6,14,905.0
812,2,8,44.0
812,2,11,215.0
812,2,10,69.65
812,2,1,1439.0
812,2,2,11.0
812,2,9,40.0
812,2,6,27.0
812,2,14,287.0
813,4,8,98.0
813,4,10,2.06
813,4,1,649.0
813,4,2,0.0
813,4,9,0.0
813,4,6,0.0
813,4,14,4.0
813,5,8,36.0
813,5,10,0.65
813,5,1,12.0
813,5,2,0.0
813,5,9,0.0
813,5,6,21.0
813,5,14,1.0
813,1,8,405.0
813,1,11,25.0
813,1,10,195.25
813,1,1,719.0
813,1,2,25.0
813,1,9,37.0
813,1,6,22.0
813,1,14,228.0
813,3,8,121.0
813,3,11,291.0
813,3,10,107.26
813,3,1,523.0
813,3,2,44.0
813,3,9,60.0
813,3,6,5.0
813,3,14,434.0
813,6,8,701.0
813,6,11,557.0
813,6,10,391.0
813,6,1,3318.0
813,6,2,82.0
813,6,9,141.0
813,6,6,73.0
813,6,14,996.0
813,2,8,42.0
813,2,11,241.0
813,2,10,86.06
813,2,1,1416.0
813,2,2,13.0
813,2,9,44.0
813,2,6,26.0
813,2,14,329.0
814,4,8,102.0
814,4,10,1.86
814,4,1,695.0
814,4,2,0.0
814,4,9,0.0
814,4,6,0.0
814,4,14,4.0
814,5,8,34.0
814,5,10,0.9
814,5,1,12.0
814,5,2,0.0
814,5,9,0.0
814,5,6,22.0
814,5,14,1.0
814,1,8,389.0
814,1,11,26.0
814,1,10,163.71
814,1,1,753.0
814,1,2,25.0
814,1,9,37.0
814,1,6,25.0
814,1,14,198.0
814,3,8,132.0
814,3,11,283.0
814,3,10,94.36
814,3,1,535.0
814,3,2,50.0
814,3,9,60.0
814,3,6,7.0
814,3,14,409.0
814,6,8,712.0
814,6,11,431.0
814,6,10,336.0
814,6,1,3456.0
814,6,2,88.0
814,6,9,142.0
814,6,6,95.0
814,6,14,811.0
814,2,8,56.0
814,2,11,122.0
814,2,10,74.69
814,2,1,1460.0
814,2,2,12.0
814,2,9,44.0
814,2,6,41.0
814,2,14,199.0
815,4,8,97.0
815,4,10,1.96
815,4,1,683.0
815,4,2,0.0
815,4,9,0.0
815,4,6,0.0
815,4,14,4.0
815,5,8,35.0
815,5,10,0.98
815,5,1,14.0
815,5,2,0.0
815,5,9,0.0
815,5,6,21.0
815,5,14,1.0
815,1,8,369.0
815,1,11,12.0
815,1,10,144.47
815,1,1,763.0
815,1,2,27.0
815,1,9,37.0
815,1,6,26.0
815,1,14,166.0
815,3,8,136.0
815,3,11,266.0
815,3,10,98.01
815,3,1,550.0
815,3,2,51.0
815,3,9,60.0
815,3,6,10.0
815,3,14,397.0
815,6,8,690.0
815,6,11,364.0
815,6,10,335.0
815,6,1,3487.0
815,6,2,90.0
815,6,9,152.0
815,6,6,101.0
815,6,14,744.0
815,2,8,54.0
815,2,11,86.0
815,2,10,89.45
815,2,1,1477.0
815,2,2,13.0
815,2,9,55.0
815,2,6,44.0
815,2,14,176.0
816,4,8,92.0
816,4,10,2.35
816,4,1,704.0
816,4,2,0.0
816,4,9,0.0
816,4,6,0.0
816,4,14,4.0
816,5,8,36.0
816,5,10,0.87
816,5,1,13.0
816,5,2,0.0
816,5,9,0.0
816,5,6,21.0
816,5,14,1.0
816,1,8,384.0
816,1,11,11.0
816,1,10,169.71
816,1,1,785.0
816,1,2,24.0
816,1,9,37.0
816,1,6,25.0
816,1,14,189.0
816,3,8,136.0
816,3,11,253.0
816,3,10,126.4
816,3,1,546.0
816,3,2,50.0
816,3,9,59.0
816,3,6,9.0
816,3,14,416.0
816,6,8,703.0
816,6,11,392.0
816,6,10,393.0
816,6,1,3490.0
816,6,2,86.0
816,6,9,152.0
816,6,6,101.0
816,6,14,834.0
816,2,8,55.0
816,2,11,129.0
816,2,10,93.95
816,2,1,1442.0
816,2,2,12.0
816,2,9,56.0
816,2,6,45.0
816,2,14,224.0
817,4,8,98.0
817,4,10,1.71
817,4,1,690.0
817,4,2,0.0
817,4,9,0.0
817,4,6,0.0
817,4,14,4.0
817,5,8,35.0
817,5,10,1.08
817,5,1,14.0
817,5,2,0.0
817,5,9,0.0
817,5,6,22.0
817,5,14,1.0
817,1,8,366.0
817,1,11,9.0
817,1,10,186.44
817,1,1,802.0
817,1,2,24.0
817,1,9,37.0
817,1,6,22.0
817,1,14,204.0
817,3,8,141.0
817,3,11,241.0
817,3,10,127.18
817,3,1,555.0
817,3,2,44.0
817,3,9,60.0
817,3,6,7.0
817,3,14,404.0
817,6,8,688.0
817,6,11,432.0
817,6,10,418.0
817,6,1,3466.0
817,6,2,79.0
817,6,9,153.0
817,6,6,88.0
817,6,14,899.0
817,2,8,48.0
817,2,11,183.0
817,2,10,101.36
817,2,1,1405.0
817,2,2,12.0
817,2,9,56.0
817,2,6,37.0
817,2,14,287.0
818,4,8,94.0
818,4,10,1.94
818,4,1,637.0
818,4,2,0.0
818,4,9,0.0
818,4,6,0.0
818,4,14,4.0
818,5,8,33.0
818,5,10,0.96
818,5,1,11.0
818,5,2,0.0
818,5,9,0.0
818,5,6,22.0
818,5,14,1.0
818,1,8,334.0
818,1,11,32.0
818,1,10,170.78
818,1,1,697.0
818,1,2,24.0
818,1,9,37.0
818,1,6,13.0
818,1,14,212.0
818,3,8,130.0
818,3,11,264.0
818,3,10,114.51
818,3,1,503.0
818,3,2,37.0
818,3,9,60.0
818,3,6,4.0
818,3,14,417.0
818,6,8,623.0
818,6,11,566.0
818,6,10,352.0
818,6,1,3123.0
818,6,2,73.0
818,6,9,153.0
818,6,6,57.0
818,6,14,971.0
818,2,8,33.0
818,2,11,270.0
818,2,10,63.77
818,2,1,1275.0
818,2,2,11.0
818,2,9,56.0
818,2,6,19.0
818,2,14,337.0
819,4,8,97.0
819,4,10,1.6
819,4,1,626.0
819,4,2,0.0
819,4,9,0.0
819,4,6,0.0
819,4,14,4.0
819,5,8,34.0
819,5,10,0.91
819,5,1,10.0
819,5,2,0.0
819,5,9,0.0
819,5,6,22.0
819,5,14,1.0
819,1,8,351.0
819,1,11,31.0
819,1,10,182.11
819,1,1,659.0
819,1,2,25.0
819,1,9,37.0
819,1,6,13.0
819,1,14,222.0
819,3,8,135.0
819,3,11,268.0
819,3,10,112.67
819,3,1,528.0
819,3,2,40.0
819,3,9,60.0
819,3,6,4.0
819,3,14,428.0
819,6,8,658.0
819,6,11,569.0
819,6,10,388.0
819,6,1,3105.0
819,6,2,76.0
819,6,9,153.0
819,6,6,63.0
819,6,14,1019.0
819,2,8,42.0
819,2,11,270.0
819,2,10,91.01
819,2,1,1283.0
819,2,2,11.0
819,2,9,56.0
819,2,6,24.0
819,2,14,363.0
820,4,8,89.0
820,4,10,2.22
820,4,1,631.0
820,4,2,0.0
820,4,9,0.0
820,4,6,0.0
820,4,14,4.0
820,5,8,35.0
820,5,10,0.79
820,5,1,12.0
820,5,2,0.0
820,5,9,0.0
820,5,6,21.0
820,5,14,1.0
820,1,8,354.0
820,1,11,48.0
820,1,10,184.21
820,1,1,677.0
820,1,2,22.0
820,1,9,37.0
820,1,6,13.0
820,1,14,241.0
820,3,8,159.0
820,3,11,256.0
820,3,10,93.41
820,3,1,542.0
820,3,2,38.0
820,3,9,60.0
820,3,6,4.0
820,3,14,393.0
820,6,8,680.0
820,6,11,535.0
820,6,10,371.0
820,6,1,3164.0
820,6,2,71.0
820,6,9,153.0
820,6,6,64.0
820,6,14,962.0
820,2,8,42.0
820,2,11,232.0
820,2,10,90.63
820,2,1,1303.0
820,2,2,11.0
820,2,9,56.0
820,2,6,26.0
820,2,14,323.0
821,4,8,102.0
821,4,10,1.8
821,4,1,658.0
821,4,2,0.0
821,4,9,0.0
821,4,6,0.0
821,4,14,3.0
821,5,8,31.0
821,5,10,0.85
821,5,1,16.0
821,5,2,0.0
821,5,9,0.0
821,5,6,21.0
821,5,14,1.0
821,1,8,378.0
821,1,11,26.0
821,1,10,171.52
821,1,1,726.0
821,1,2,21.0
821,1,9,33.0
821,1,6,21.0
821,1,14,206.0
821,3,8,165.0
821,3,11,265.0
821,3,10,85.35
821,3,1,557.0
821,3,2,39.0
821,3,9,60.0
821,3,6,4.0
821,3,14,394.0
821,6,8,732.0
821,6,11,484.0
821,6,10,338.0
821,6,1,3323.0
821,6,2,73.0
821,6,9,149.0
821,6,6,76.0
821,6,14,877.0
821,2,8,56.0
821,2,11,193.0
821,2,10,78.8
821,2,1,1367.0
821,2,2,13.0
821,2,9,56.0
821,2,6,30.0
821,2,14,272.0
822,4,8,99.0
822,4,10,2.45
822,4,1,684.0
822,4,2,0.0
822,4,9,0.0
822,4,6,0.0
822,4,14,5.0
822,5,8,33.0
822,5,10,1.59
822,5,1,15.0
822,5,2,0.0
822,5,9,0.0
822,5,6,22.0
822,5,14,2.0
822,1,8,371.0
822,1,11,13.0
822,1,10,152.31
822,1,1,780.0
822,1,2,22.0
822,1,9,32.0
822,1,6,26.0
822,1,14,174.0
822,3,8,170.0
822,3,11,256.0
822,3,10,105.48
822,3,1,568.0
822,3,2,43.0
822,3,9,60.0
822,3,6,4.0
822,3,14,405.0
822,6,8,737.0
822,6,11,423.0
822,6,10,339.0
822,6,1,3445.0
822,6,2,77.0
822,6,9,147.0
822,6,6,93.0
822,6,14,816.0
822,2,8,63.0
822,2,11,153.0
822,2,10,77.45
822,2,1,1400.0
822,2,2,13.0
822,2,9,56.0
822,2,6,42.0
822,2,14,231.0
823,4,8,89.0
823,4,10,2.18
823,4,1,683.0
823,4,2,0.0
823,4,9,0.0
823,4,6,0.0
823,4,14,5.0
823,5,8,33.0
823,5,10,0.9
823,5,1,13.0
823,5,2,0.0
823,5,9,0.0
823,5,6,22.0
823,5,14,1.0
823,1,8,380.0
823,1,11,14.0
823,1,10,188.02
823,1,1,798.0
823,1,2,22.0
823,1,9,35.0
823,1,6,44.0
823,1,14,211.0
823,3,8,175.0
823,3,11,268.0
823,3,10,116.56
823,3,1,537.0
823,3,2,35.0
823,3,9,60.0
823,3,6,6.0
823,3,14,424.0
823,6,8,725.0
823,6,11,420.0
823,6,10,387.0
823,6,1,3432.0
823,6,2,70.0
823,6,9,150.0
823,6,6,127.0
823,6,14,860.0
823,2,8,48.0
823,2,11,138.0
823,2,10,79.01
823,2,1,1400.0
823,2,2,13.0
823,2,9,56.0
823,2,6,55.0
823,2,14,220.0
824,4,8,99.0
824,4,10,1.75
824,4,1,665.0
824,4,2,0.0
824,4,9,0.0
824,4,6,0.0
824,4,14,3.0
824,5,8,35.0
824,5,10,0.8
824,5,1,13.0
824,5,2,0.0
824,5,9,0.0
824,5,6,21.0
824,5,14,1.0
824,1,8,390.0
824,1,11,28.0
824,1,10,202.81
824,1,1,800.0
824,1,2,19.0
824,1,9,37.0
824,1,6,26.0
824,1,14,239.0
824,3,8,166.0
824,3,11,301.0
824,3,10,132.17
824,3,1,559.0
824,3,2,29.0
824,3,9,60.0
824,3,6,9.0
824,3,14,461.0
824,6,8,738.0
824,6,11,491.0
824,6,10,422.0
824,6,1,3372.0
824,6,2,59.0
824,6,9,153.0
824,6,6,111.0
824,6,14,953.0
824,2,8,48.0
824,2,11,162.0
824,2,10,84.18
824,2,1,1335.0
824,2,2,11.0
824,2,9,56.0
824,2,6,55.0
824,2,14,249.0
825,4,8,103.0
825,4,10,1.83
825,4,1,624.0
825,4,2,0.0
825,4,9,0.0
825,4,6,0.0
825,4,14,2.0
825,5,8,37.0
825,5,10,0.69
825,5,1,12.0
825,5,2,0.0
825,5,9,0.0
825,5,6,21.0
825,5,14,1.0
825,1,8,394.0
825,1,11,24.0
825,1,10,183.53
825,1,1,736.0
825,1,2,17.0
825,1,9,37.0
825,1,6,19.0
825,1,14,216.0
825,3,8,157.0
825,3,11,317.0
825,3,10,123.42
825,3,1,542.0
825,3,2,32.0
825,3,9,63.0
825,3,6,4.0
825,3,14,472.0
825,6,8,729.0
825,6,11,553.0
825,6,10,382.0
825,6,1,3132.0
825,6,2,59.0
825,6,9,156.0
825,6,6,61.0
825,6,14,978.0
825,2,8,38.0
825,2,11,212.0
825,2,10,72.05
825,2,1,1219.0
825,2,2,10.0
825,2,9,56.0
825,2,6,16.0
825,2,14,287.0
826,4,8,93.0
826,4,10,1.83
826,4,1,665.0
826,4,2,0.0
826,4,9,0.0
826,4,6,0.0
826,4,14,4.0
826,5,8,39.0
826,5,10,0.98
826,5,1,13.0
826,5,2,0.0
826,5,9,0.0
826,5,6,21.0
826,5,14,1.0
826,1,8,390.0
826,1,11,22.0
826,1,10,172.86
826,1,1,750.0
826,1,2,21.0
826,1,9,37.0
826,1,6,21.0
826,1,14,202.0
826,3,8,181.0
826,3,11,313.0
826,3,10,116.07
826,3,1,517.0
826,3,2,34.0
826,3,9,65.0
826,3,6,4.0
826,3,14,462.0
826,6,8,748.0
826,6,11,552.0
826,6,10,368.0
826,6,1,3226.0
826,6,2,65.0
826,6,9,157.0
826,6,6,72.0
826,6,14,966.0
826,2,8,45.0
826,2,11,218.0
826,2,10,76.05
826,2,1,1282.0
826,2,2,10.0
826,2,9,56.0
826,2,6,25.0
826,2,14,296.0
827,4,8,85.0
827,4,10,1.75
827,4,1,668.0
827,4,2,0.0
827,4,9,0.0
827,4,6,0.0
827,4,14,4.0
827,5,8,38.0
827,5,10,0.78
827,5,1,15.0
827,5,2,0.0
827,5,9,0.0
827,5,6,22.0
827,5,14,1.0
827,1,8,387.0
827,1,11,24.0
827,1,10,189.5
827,1,1,798.0
827,1,2,18.0
827,1,9,37.0
827,1,6,26.0
827,1,14,221.0
827,3,8,190.0
827,3,11,286.0
827,3,10,121.74
827,3,1,550.0
827,3,2,35.0
827,3,9,65.0
827,3,6,4.0
827,3,14,452.0
827,6,8,761.0
827,6,11,481.0
827,6,10,412.0
827,6,1,3376.0
827,6,2,65.0
827,6,9,158.0
827,6,6,81.0
827,6,14,948.0
827,2,8,62.0
827,2,11,171.0
827,2,10,97.86
827,2,1,1346.0
827,2,2,11.0
827,2,9,56.0
827,2,6,29.0
827,2,14,270.0
828,4,8,95.0
828,4,10,1.38
828,4,1,652.0
828,4,2,0.0
828,4,9,0.0
828,4,6,0.0
828,4,14,3.0
828,5,8,36.0
828,5,10,0.84
828,5,1,14.0
828,5,2,0.0
828,5,9,0.0
828,5,6,19.0
828,5,14,1.0
828,1,8,376.0
828,1,11,36.0
828,1,10,175.23
828,1,1,750.0
828,1,2,18.0
828,1,9,37.0
828,1,6,23.0
828,1,14,218.0
828,3,8,178.0
828,3,11,276.0
828,3,10,125.23
828,3,1,583.0
828,3,2,34.0
828,3,9,65.0
828,3,6,7.0
828,3,14,451.0
828,6,8,744.0
828,6,11,491.0
828,6,10,408.0
828,6,1,3314.0
828,6,2,62.0
828,6,9,159.0
828,6,6,89.0
828,6,14,958.0
828,2,8,59.0
828,2,11,180.0
828,2,10,105.03
828,2,1,1315.0
828,2,2,10.0
828,2,9,56.0
828,2,6,40.0
828,2,14,285.0
829,4,8,94.0
829,4,10,1.78
829,4,1,639.0
829,4,2,0.0
829,4,9,0.0
829,4,6,0.0
829,4,14,4.0
829,5,8,36.0
829,5,10,1.0
829,5,1,12.0
829,5,2,0.0
829,5,9,0.0
829,5,6,21.0
829,5,14,1.0
829,1,8,379.0
829,1,11,22.0
829,1,10,183.29
829,1,1,747.0
829,1,2,18.0
829,1,9,34.0
829,1,6,23.0
829,1,14,212.0
829,3,8,184.0
829,3,11,209.0
829,3,10,128.08
829,3,1,588.0
829,3,2,34.0
829,3,9,65.0
829,3,6,9.0
829,3,14,389.0
829,6,8,757.0
829,6,11,368.0
829,6,10,423.0
829,6,1,3294.0
829,6,2,65.0
829,6,9,155.0
829,6,6,109.0
829,6,14,853.0
829,2,8,65.0
829,2,11,137.0
829,2,10,108.76
829,2,1,1308.0
829,2,2,12.0
829,2,9,56.0
829,2,6,57.0
829,2,14,247.0
